Config,Z,P_ff,I_ff,MaxR_P,MaxR_I,beyond_P,beyond_I,RadiusEstimator
config_01_det1_b15_s5_h4_w50,1,1143.99309910078,724.976931135836,5.2932166690808975,8.980525893695487,False,False,p95
config_01_det1_b15_s5_h4_w50,2,226.084029078955,415.578696008349,11.130655664463832,18.26453736063072,False,False,p95
config_01_det1_b15_s5_h4_w50,3,95.9537592016972,309.044693901097,16.95711313862343,23.90361679577681,False,False,p95
config_01_det1_b15_s5_h4_w50,4,55.3066653883184,243.601640148777,23.4473282185829,26.645712600360298,False,False,p95
config_01_det1_b15_s5_h4_w50,5,36.993922117345,199.162959091226,28.141272064347973,32.91126175414142,False,False,p95
config_01_det1_b15_s5_h4_w50,6,27.0813487792226,167.515272305283,34.77542660397782,36.02813842808427,False,False,p95
config_01_det1_b15_s5_h4_w50,7,21.0130117246902,144.270449058323,35.80440329708925,41.54204423496205,True,False,p95
config_01_det1_b15_s5_h4_w50,8,16.9791838231912,126.567457936793,38.95020803370973,46.21322028186347,True,False,p95
config_01_det1_b15_s5_h4_w50,9,14.1386261548201,112.67074195811,46.37014530110072,50.50977599474924,True,False,p95
config_01_det1_b15_s5_h4_w50,10,12.0436968582402,101.492859164877,47.85912255113885,54.96031061610335,True,True,p95
config_01_det1_b15_s5_h4_w50,11,10.4441745847862,92.3147739934436,53.395612823373085,62.599530723243404,True,True,p95
config_01_det1_b15_s5_h4_w50,12,9.18858802088564,84.6488737667435,62.512486264383156,65.76457262169498,True,True,p95
config_01_det1_b15_s5_h4_w50,13,8.17952811343337,78.1526248923616,63.78021630068665,75.30185381036223,True,True,p95
config_01_det1_b15_s5_h4_w50,14,7.35329010871709,72.5789333035372,64.97694167447966,80.77833776557023,True,True,p95
config_01_det1_b15_s5_h4_w50,15,6.66553395622582,67.7448225492957,67.79604131621767,83.31403626946337,True,True,p95
config_01_det1_b15_s5_h4_w50,16,6.08550710316677,63.5135734450523,73.61172777190481,87.61463919377397,True,True,p95
config_01_det1_b15_s5_h4_w50,17,5.59016165342281,59.7788117000728,82.43881748191671,92.98474266013287,True,True,p95
config_01_det1_b15_s5_h4_w50,18,5.1628769216908,56.4585920266622,82.53918609394908,101.52013730188287,True,True,p95
config_01_det1_b15_s5_h4_w50,19,4.7910922066594,53.4876153308822,88.05815666250348,104.48852178282041,True,True,p95
config_01_det1_b15_s5_h4_w50,20,4.46481413819361,50.8136682209736,89.69088393711016,107.18716459317054,True,True,p95
config_02_det1_b15_s5_h4_w500,1,1371.96964499226,1562.09876717853,13.09260287337854,21.435273035678147,False,False,p95
config_02_det1_b15_s5_h4_w500,2,259.641330065364,879.048720659531,26.330191517730675,28.80865502571587,False,False,p95
config_02_det1_b15_s5_h4_w500,3,105.27554977829,661.976402363107,36.40661558045524,42.38090633545461,False,False,p95
config_02_det1_b15_s5_h4_w500,4,59.8243642194367,522.325202955406,48.73028403469138,49.09481620083052,False,False,p95
config_02_det1_b15_s5_h4_w500,5,40.4077641479295,425.720697172114,59.96599888752863,62.62395366295,False,False,p95
config_02_det1_b15_s5_h4_w500,6,30.0937750463872,358.05135977561,63.53655230527725,74.5389087931904,False,False,p95
config_02_det1_b15_s5_h4_w500,7,23.5282591644182,308.420236242715,73.61172777190481,85.72696417390392,True,False,p95
config_02_det1_b15_s5_h4_w500,8,19.0428108742971,270.599644012954,84.48160700723311,92.62064124898944,True,False,p95
config_02_det1_b15_s5_h4_w500,9,15.852309192731,240.900973795346,94.822013561584,105.93060252035576,True,False,p95
config_02_det1_b15_s5_h4_w500,10,13.4989773933766,217.007292249313,105.39787100161777,117.73948145876781,True,False,p95
config_02_det1_b15_s5_h4_w500,11,11.7063849801001,197.385914003329,110.54532355397694,131.4044804438421,True,True,p95
config_02_det1_b15_s5_h4_w500,12,10.3024927250127,174.798447942669,118.77617949655611,149.08092849998266,True,True,p95
config_02_det1_b15_s5_h4_w500,13,8.2343773807999,165.736766297224,133.8883250191113,155.68398640326626,True,True,p95
config_02_det1_b15_s5_h4_w500,14,7.1387354334877,155.114313416779,148.9491350172825,167.20576039333145,True,True,p95
config_02_det1_b15_s5_h4_w500,15,6.30992163133089,144.57194507965,163.84851205368693,177.55215261612847,True,True,p95
config_02_det1_b15_s5_h4_w500,16,5.64079151507659,135.933108110648,178.48155448630644,192.7800821264487,True,True,p95
config_02_det1_b15_s5_h4_w500,17,5.12956312475836,128.020670362398,197.9311914188915,208.2515036892894,True,True,p95
config_02_det1_b15_s5_h4_w500,18,4.70918677317163,120.936071767983,207.63014380918514,219.7060604874576,True,True,p95
config_02_det1_b15_s5_h4_w500,19,4.34538602141658,114.666952954547,218.75593304976587,236.27916776927822,True,True,p95
config_02_det1_b15_s5_h4_w500,20,4.03167079521766,108.995763264335,234.85937510279248,246.7499264364123,True,True,p95
config_03_det1_b15_s5_h4_w1500,1,1482.77218730659,2195.12941567296,19.431631802077312,27.859898687465478,False,False,p95
config_03_det1_b15_s5_h4_w1500,2,276.168535055985,1274.88781758312,35.268984218595435,42.38090633545461,False,False,p95
config_03_det1_b15_s5_h4_w1500,3,110.489999377789,954.913490984421,53.473443052591904,51.144137348087256,False,False,p95
config_03_det1_b15_s5_h4_w1500,4,62.265165672113,754.396736282332,63.630674762206965,66.45713524533821,False,False,p95
config_03_det1_b15_s5_h4_w1500,5,41.3983921590561,615.089943611065,86.89383526870745,84.93312698770555,False,False,p95
config_03_det1_b15_s5_h4_w1500,6,30.5947542861908,517.737731419071,98.08545522531263,94.20174360539447,False,False,p95
config_03_det1_b15_s5_h4_w1500,7,24.0675826659041,446.310779861523,110.10668305356145,111.0246515345241,True,False,p95
config_03_det1_b15_s5_h4_w1500,8,19.5984247045618,391.790936353185,119.44594222497558,130.53100891718924,True,False,p95
config_03_det1_b15_s5_h4_w1500,9,14.813237392189,347.069530043393,146.86569074351496,149.19825506480822,True,False,p95
config_03_det1_b15_s5_h4_w1500,10,12.2749345250106,314.281592480616,170.46979653599988,167.7254866851846,True,False,p95
config_03_det1_b15_s5_h4_w1500,11,10.3785968167878,286.18006793008,191.44282702556336,186.28001552165205,True,False,p95
config_03_det1_b15_s5_h4_w1500,12,9.08425019280687,262.551262568411,208.57457006387546,205.63778039188188,True,True,p95
config_03_det1_b15_s5_h4_w1500,13,8.07100869684366,242.465429921281,234.33532996954756,220.99562279307168,True,True,p95
config_03_det1_b15_s5_h4_w1500,14,7.24897508045351,225.256267238797,259.58746474594835,236.78330982047194,True,True,p95
config_03_det1_b15_s5_h4_w1500,15,6.56841598047092,210.321763462317,271.69449958221026,253.93084434285873,True,True,p95
config_03_det1_b15_s5_h4_w1500,16,5.99684734319579,197.206183278909,287.383552510189,272.0172170370537,True,True,p95
config_03_det1_b15_s5_h4_w1500,17,5.50925993039002,185.62250063012,301.70246030405406,287.72227689307744,True,True,p95
config_03_det1_b15_s5_h4_w1500,18,5.08897006822918,175.317193184827,318.64415673915744,306.45951779566485,True,True,p95
config_03_det1_b15_s5_h4_w1500,19,4.72308712345199,166.110522527026,331.4186646820555,323.1285138329805,True,True,p95
config_03_det1_b15_s5_h4_w1500,20,4.4019262322732,157.810856039111,348.90808773351637,341.86468727144256,True,True,p95
config_04_det1_b15_s5_h12_w50,1,1143.99309910078,724.976931135836,,9.398873612013963,True,False,p95
config_04_det1_b15_s5_h12_w50,2,226.084029078955,415.578696008349,11.335374253968766,22.73550336261164,False,False,p95
config_04_det1_b15_s5_h12_w50,3,95.9537592016972,309.044693901097,16.844930076152718,26.950689253196586,False,False,p95
config_04_det1_b15_s5_h12_w50,4,55.3066653883184,243.601640148777,23.63949950991135,27.784468387361542,False,False,p95
config_04_det1_b15_s5_h12_w50,5,36.993922117345,199.162959091226,30.079330325869332,32.65436874333722,False,False,p95
config_04_det1_b15_s5_h12_w50,6,27.0813487792226,167.515272305283,33.12519023832817,44.82799411219252,False,False,p95
config_04_det1_b15_s5_h12_w50,7,21.0130117246902,144.270449058323,34.670943521499865,54.1153849918705,True,False,p95
config_04_det1_b15_s5_h12_w50,8,16.9791838231912,126.567457936793,43.11595525313213,63.52840423073028,True,False,p95
config_04_det1_b15_s5_h12_w50,9,14.1386261548201,112.67074195811,48.19263047369679,69.72834336271234,True,True,p95
config_04_det1_b15_s5_h12_w50,10,12.0436968582402,101.492859164877,57.65973959037446,75.38323512817419,True,True,p95
config_04_det1_b15_s5_h12_w50,11,10.4441745847862,92.3147739934436,64.01529300253102,79.94411170911738,True,True,p95
config_04_det1_b15_s5_h12_w50,12,9.18858802088564,84.6488737667435,67.92819890365766,84.53501828196067,True,True,p95
config_04_det1_b15_s5_h12_w50,13,8.17952811343337,78.1526248923616,70.19919940229094,90.78423628577048,True,True,p95
config_04_det1_b15_s5_h12_w50,14,7.35329010871709,72.5789333035372,71.80883579065151,93.53854649598259,True,True,p95
config_04_det1_b15_s5_h12_w50,15,6.66553395622582,67.7448225492957,76.74475318439349,100.25370940140206,True,True,p95
config_04_det1_b15_s5_h12_w50,16,6.08550710316677,63.5135734450523,78.86439144809893,186.26473885998718,True,True,p95
config_04_det1_b15_s5_h12_w50,17,5.59016165342281,59.7788117000728,82.1441378709484,187.95512282351206,True,True,p95
config_04_det1_b15_s5_h12_w50,18,5.1628769216908,56.4585920266622,83.20762424461364,188.71223393057136,True,True,p95
config_04_det1_b15_s5_h12_w50,19,4.7910922066594,53.4876153308822,83.74584560223943,189.9924212603883,True,True,p95
config_04_det1_b15_s5_h12_w50,20,4.46481413819361,50.8136682209736,84.72333726826477,190.37298874672757,True,True,p95
config_05_det1_b15_s5_h12_w500,1,1371.96964499226,1562.09876717853,14.62341151502106,26.847550002752797,False,False,p95
config_05_det1_b15_s5_h12_w500,2,259.641330065364,879.048720659531,26.79333308886744,38.23047155733772,False,False,p95
config_05_det1_b15_s5_h12_w500,3,105.27554977829,661.976402363107,36.60113867426107,46.894550222014246,False,False,p95
config_05_det1_b15_s5_h12_w500,4,59.8243642194367,522.325202955406,53.01998709414916,63.1101649999481,False,False,p95
config_05_det1_b15_s5_h12_w500,5,40.4077641479295,425.720697172114,72.17102094406421,77.92775350933866,False,False,p95
config_05_det1_b15_s5_h12_w500,6,30.0937750463872,358.05135977561,78.84571070667596,93.53179701899685,False,False,p95
config_05_det1_b15_s5_h12_w500,7,23.5282591644182,308.420236242715,87.03542619723866,107.72693452815108,False,False,p95
config_05_det1_b15_s5_h12_w500,8,19.0428108742971,270.599644012954,93.88677215570085,121.28811571297786,True,True,p95
config_05_det1_b15_s5_h12_w500,9,15.852309192731,240.900973795346,103.05363056098778,133.27027976010254,True,True,p95
config_05_det1_b15_s5_h12_w500,10,13.4989773933766,217.007292249313,106.50716444533258,146.89868991300239,True,True,p95
config_05_det1_b15_s5_h12_w500,11,11.7063849801001,197.385914003329,112.43145367617535,174.52741526058037,True,True,p95
config_05_det1_b15_s5_h12_w500,12,10.3024927250127,174.798447942669,118.6453908978932,182.0704426337778,True,True,p95
config_05_det1_b15_s5_h12_w500,13,8.2343773807999,165.736766297224,126.95554169817244,182.86434821588085,True,True,p95
config_05_det1_b15_s5_h12_w500,14,7.1387354334877,155.114313416779,137.07773471203922,186.343904264748,True,True,p95
config_05_det1_b15_s5_h12_w500,15,6.30992163133089,144.57194507965,188.72893126244415,196.004134989178,True,True,p95
config_05_det1_b15_s5_h12_w500,16,5.64079151507659,135.933108110648,233.32780804797113,205.82516451146932,True,True,p95
config_05_det1_b15_s5_h12_w500,17,5.12956312475836,128.020670362398,247.09131997035388,217.98795048265083,True,True,p95
config_05_det1_b15_s5_h12_w500,18,4.70918677317163,120.936071767983,257.57321024570285,230.70507711602784,True,True,p95
config_05_det1_b15_s5_h12_w500,19,4.34538602141658,114.666952954547,269.60577975387724,241.21231364649162,True,True,p95
config_05_det1_b15_s5_h12_w500,20,4.03167079521766,108.995763264335,273.68918636620015,249.05115586509726,True,True,p95
config_06_det1_b15_s5_h12_w1500,1,1482.77218730659,2195.12941567296,19.172934607631138,37.052872530745674,False,False,p95
config_06_det1_b15_s5_h12_w1500,2,276.168535055985,1274.88781758312,36.644466624316586,51.20220815026225,False,False,p95
config_06_det1_b15_s5_h12_w1500,3,110.489999377789,954.913490984421,63.48923697903945,64.88507924200418,False,False,p95
config_06_det1_b15_s5_h12_w1500,4,62.265165672113,754.396736282332,80.93296310337249,89.07568819510058,False,False,p95
config_06_det1_b15_s5_h12_w1500,5,41.3983921590561,615.089943611065,94.39267593513941,105.33293275375446,False,False,p95
config_06_det1_b15_s5_h12_w1500,6,30.5947542861908,517.737731419071,104.54563758344113,127.1445219779254,False,False,p95
config_06_det1_b15_s5_h12_w1500,7,24.0675826659041,446.310779861523,112.43145367617535,148.18358543912964,False,False,p95
config_06_det1_b15_s5_h12_w1500,8,19.5984247045618,391.790936353185,120.25658169794445,162.4733865087029,True,False,p95
config_06_det1_b15_s5_h12_w1500,9,14.813237392189,347.069530043393,137.52130803962288,181.21528348174428,True,True,p95
config_06_det1_b15_s5_h12_w1500,10,12.2749345250106,314.281592480616,149.35134011183226,199.76580035184065,True,True,p95
config_06_det1_b15_s5_h12_w1500,11,10.3785968167878,286.18006793008,166.33582874386843,216.68079355272306,True,True,p95
config_06_det1_b15_s5_h12_w1500,12,9.08425019280687,262.551262568411,181.79743428715557,232.4834606992868,True,True,p95
config_06_det1_b15_s5_h12_w1500,13,8.07100869684366,242.465429921281,231.09328446295567,248.50929007105714,True,True,p95
config_06_det1_b15_s5_h12_w1500,14,7.24897508045351,225.256267238797,247.09131997035388,267.5560099025374,True,True,p95
config_06_det1_b15_s5_h12_w1500,15,6.56841598047092,210.321763462317,251.12344699451947,282.65377759084924,True,True,p95
config_06_det1_b15_s5_h12_w1500,16,5.99684734319579,197.206183278909,268.5739232796402,301.065380369432,True,True,p95
config_06_det1_b15_s5_h12_w1500,17,5.50925993039002,185.62250063012,274.1397612529674,315.867335904642,True,True,p95
config_06_det1_b15_s5_h12_w1500,18,5.08897006822918,175.317193184827,276.2563144885652,332.23434702794793,True,True,p95
config_06_det1_b15_s5_h12_w1500,19,4.72308712345199,166.110522527026,277.15627115071163,347.35708123867335,True,True,p95
config_06_det1_b15_s5_h12_w1500,20,4.4019262322732,157.810856039111,287.3309412719792,365.72041221302027,True,True,p95
config_07_det1_b15_s5_h24_w50,1,1143.99309910078,724.976931135836,,9.398873612013963,True,False,p95
config_07_det1_b15_s5_h24_w50,2,226.084029078955,415.578696008349,11.335374253968766,22.73550336261164,False,False,p95
config_07_det1_b15_s5_h24_w50,3,95.9537592016972,309.044693901097,16.844930076152718,26.961878673947023,False,False,p95
config_07_det1_b15_s5_h24_w50,4,55.3066653883184,243.601640148777,23.63949950991135,27.784468387361542,False,False,p95
config_07_det1_b15_s5_h24_w50,5,36.993922117345,199.162959091226,30.079330325869332,41.638064740447206,False,False,p95
config_07_det1_b15_s5_h24_w50,6,27.0813487792226,167.515272305283,33.12519023832817,44.75133870101017,False,False,p95
config_07_det1_b15_s5_h24_w50,7,21.0130117246902,144.270449058323,34.670943521499865,46.556045140576316,True,False,p95
config_07_det1_b15_s5_h24_w50,8,16.9791838231912,126.567457936793,37.54797169487789,47.58499410869997,True,False,p95
config_07_det1_b15_s5_h24_w50,9,14.1386261548201,112.67074195811,38.201922707207444,50.177511237729334,True,False,p95
config_07_det1_b15_s5_h24_w50,10,12.0436968582402,101.492859164877,51.161437582527284,53.40326205842156,True,True,p95
config_07_det1_b15_s5_h24_w50,11,10.4441745847862,92.3147739934436,52.69559119093958,96.9962457569157,True,True,p95
config_07_det1_b15_s5_h24_w50,12,9.18858802088564,84.6488737667435,52.81307413371408,108.48074299665821,True,True,p95
config_07_det1_b15_s5_h24_w50,13,8.17952811343337,78.1526248923616,53.78864672851856,120.73268055459876,True,True,p95
config_07_det1_b15_s5_h24_w50,14,7.35329010871709,72.5789333035372,57.817101837273896,181.40953139912943,True,True,p95
config_07_det1_b15_s5_h24_w50,15,6.66553395622582,67.7448225492957,58.32718398141215,181.7480285539417,True,True,p95
config_07_det1_b15_s5_h24_w50,16,6.08550710316677,63.5135734450523,60.80352229210595,183.30937213274444,True,True,p95
config_07_det1_b15_s5_h24_w50,17,5.59016165342281,59.7788117000728,72.14864629977097,185.1947178924556,True,True,p95
config_07_det1_b15_s5_h24_w50,18,5.1628769216908,56.4585920266622,100.38299798840676,185.1947178924556,True,True,p95
config_07_det1_b15_s5_h24_w50,19,4.7910922066594,53.4876153308822,105.03293121021159,187.53098487035913,True,True,p95
config_07_det1_b15_s5_h24_w50,20,4.46481413819361,50.8136682209736,110.73928287975602,188.37095966713997,True,True,p95
config_08_det1_b15_s5_h24_w500,1,1371.96964499226,1562.09876717853,14.62341151502106,26.85358000984941,False,False,p95
config_08_det1_b15_s5_h24_w500,2,259.641330065364,879.048720659531,26.79333308886744,38.23047155733772,False,False,p95
config_08_det1_b15_s5_h24_w500,3,105.27554977829,661.976402363107,36.60113867426107,38.02779958171848,False,False,p95
config_08_det1_b15_s5_h24_w500,4,59.8243642194367,522.325202955406,50.48655231381598,49.920519687704854,False,False,p95
config_08_det1_b15_s5_h24_w500,5,40.4077641479295,425.720697172114,52.88717574843288,76.94161128931027,False,False,p95
config_08_det1_b15_s5_h24_w500,6,30.0937750463872,358.05135977561,67.36859679357262,105.82634640246891,False,False,p95
config_08_det1_b15_s5_h24_w500,7,23.5282591644182,308.420236242715,111.94883260779852,119.72973303072229,False,False,p95
config_08_det1_b15_s5_h24_w500,8,19.0428108742971,270.599644012954,116.73300455502746,135.5690078526378,False,False,p95
config_08_det1_b15_s5_h24_w500,9,15.852309192731,240.900973795346,120.43641576461724,152.54712034543343,True,True,p95
config_08_det1_b15_s5_h24_w500,10,13.4989773933766,217.007292249313,127.06829677321886,167.27749825064586,True,True,p95
config_08_det1_b15_s5_h24_w500,11,11.7063849801001,197.385914003329,132.1706035304218,176.28559052170255,True,True,p95
config_08_det1_b15_s5_h24_w500,12,10.3024927250127,174.798447942669,135.4153873794237,191.06484105724832,True,True,p95
config_08_det1_b15_s5_h24_w500,13,8.2343773807999,165.736766297224,145.8809288795308,201.40599254937672,True,True,p95
config_08_det1_b15_s5_h24_w500,14,7.1387354334877,155.114313416779,152.55562387591243,210.56528464302937,True,True,p95
config_08_det1_b15_s5_h24_w500,15,6.30992163133089,144.57194507965,169.65911267616718,220.65010860648482,True,True,p95
config_08_det1_b15_s5_h24_w500,16,5.64079151507659,135.933108110648,192.6108919761181,231.11383673016053,True,True,p95
config_08_det1_b15_s5_h24_w500,17,5.12956312475836,128.020670362398,219.68168806515348,235.74476133993284,True,True,p95
config_08_det1_b15_s5_h24_w500,18,4.70918677317163,120.936071767983,228.57843939074465,245.6371645531508,True,True,p95
config_08_det1_b15_s5_h24_w500,19,4.34538602141658,114.666952954547,234.0539884206923,249.90862971473672,True,True,p95
config_08_det1_b15_s5_h24_w500,20,4.03167079521766,108.995763264335,241.78252054990395,256.81949006981984,True,True,p95
config_09_det1_b15_s5_h24_w1500,1,1482.77218730659,2195.12941567296,19.172934607631138,37.052872530745674,False,False,p95
config_09_det1_b15_s5_h24_w1500,2,276.168535055985,1274.88781758312,36.644466624316586,47.475539396891136,False,False,p95
config_09_det1_b15_s5_h24_w1500,3,110.489999377789,954.913490984421,52.87717990038753,65.63549862279231,False,False,p95
config_09_det1_b15_s5_h24_w1500,4,62.265165672113,754.396736282332,66.4264314529585,91.29647338568893,False,False,p95
config_09_det1_b15_s5_h24_w1500,5,41.3983921590561,615.089943611065,116.94988069739429,117.43919227807785,False,False,p95
config_09_det1_b15_s5_h24_w1500,6,30.5947542861908,517.737731419071,125.9709167328374,138.5690846287747,False,False,p95
config_09_det1_b15_s5_h24_w1500,7,24.0675826659041,446.310779861523,131.41572175183524,159.83698833760957,False,False,p95
config_09_det1_b15_s5_h24_w1500,8,19.5984247045618,391.790936353185,135.97929140606652,177.24852073426808,False,True,p95
config_09_det1_b15_s5_h24_w1500,9,14.813237392189,347.069530043393,150.04700592871268,201.90208306208996,True,True,p95
config_09_det1_b15_s5_h24_w1500,10,12.2749345250106,314.281592480616,160.30594605974377,219.85647388405096,True,True,p95
config_09_det1_b15_s5_h24_w1500,11,10.3785968167878,286.18006793008,169.99698646669825,233.9818844603663,True,True,p95
config_09_det1_b15_s5_h24_w1500,12,9.08425019280687,262.551262568411,181.2894698563265,248.2989680876655,True,True,p95
config_09_det1_b15_s5_h24_w1500,13,8.07100869684366,242.465429921281,189.98836983679797,261.1180225492658,True,True,p95
config_09_det1_b15_s5_h24_w1500,14,7.24897508045351,225.256267238797,199.58730983762814,272.3680617996566,True,True,p95
config_09_det1_b15_s5_h24_w1500,15,6.56841598047092,210.321763462317,207.2368760296349,283.83555934491847,True,True,p95
config_09_det1_b15_s5_h24_w1500,16,5.99684734319579,197.206183278909,222.14345613606247,316.22564532148124,True,True,p95
config_09_det1_b15_s5_h24_w1500,17,5.50925993039002,185.62250063012,238.0413486015811,368.0789447150471,True,True,p95
config_09_det1_b15_s5_h24_w1500,18,5.08897006822918,175.317193184827,241.75203024318876,402.6629236041678,True,True,p95
config_09_det1_b15_s5_h24_w1500,19,4.72308712345199,166.110522527026,250.3605540903226,432.26591994084794,True,True,p95
config_09_det1_b15_s5_h24_w1500,20,4.4019262322732,157.810856039111,309.25706818697995,459.2367658019747,True,True,p95
config_10_det1_b15_s20_h4_w50,1,1143.99309910078,724.976931135836,4.486228928621454,11.372305997636316,False,False,p95
config_10_det1_b15_s20_h4_w50,2,226.084029078955,415.578696008349,11.176761248901869,12.120110175245896,False,False,p95
config_10_det1_b15_s20_h4_w50,3,95.9537592016972,309.044693901097,12.258921216904586,13.332674971458895,False,False,p95
config_10_det1_b15_s20_h4_w50,4,55.3066653883184,243.601640148777,15.19460388321244,15.881238157381777,False,False,p95
config_10_det1_b15_s20_h4_w50,5,36.993922117345,199.162959091226,19.026064667195175,32.60030361919094,False,False,p95
config_10_det1_b15_s20_h4_w50,6,27.0813487792226,167.515272305283,33.35247926120476,34.68671537063909,False,False,p95
config_10_det1_b15_s20_h4_w50,7,21.0130117246902,144.270449058323,35.152217828586814,44.92005351287415,True,False,p95
config_10_det1_b15_s20_h4_w50,8,16.9791838231912,126.567457936793,37.05136609163877,44.98286782953769,True,False,p95
config_10_det1_b15_s20_h4_w50,9,14.1386261548201,112.67074195811,45.09551195207258,45.03235287874335,True,False,p95
config_10_det1_b15_s20_h4_w50,10,12.0436968582402,101.492859164877,54.14844488539447,50.35280269539231,True,False,p95
config_10_det1_b15_s20_h4_w50,11,10.4441745847862,92.3147739934436,60.08572148349892,64.97694167447966,True,True,p95
config_10_det1_b15_s20_h4_w50,12,9.18858802088564,84.6488737667435,65.79195673379843,66.45713524533821,True,True,p95
config_10_det1_b15_s20_h4_w50,13,8.17952811343337,78.1526248923616,66.1310341271613,66.87442480469778,True,True,p95
config_10_det1_b15_s20_h4_w50,14,7.35329010871709,72.5789333035372,81.70445599923715,73.57995845409663,True,True,p95
config_10_det1_b15_s20_h4_w50,15,6.66553395622582,67.7448225492957,83.92599491975449,73.63592608281209,True,True,p95
config_10_det1_b15_s20_h4_w50,16,6.08550710316677,63.5135734450523,88.78929535907972,82.72809831581097,True,True,p95
config_10_det1_b15_s20_h4_w50,17,5.59016165342281,59.7788117000728,89.95566513054871,89.21929518577988,True,True,p95
config_10_det1_b15_s20_h4_w50,18,5.1628769216908,56.4585920266622,110.3208061027911,99.58813437235422,True,True,p95
config_10_det1_b15_s20_h4_w50,19,4.7910922066594,53.4876153308822,111.35699444707595,105.62008387506796,True,True,p95
config_10_det1_b15_s20_h4_w50,20,4.46481413819361,50.8136682209736,112.46484777422712,112.46484777422712,True,True,p95
config_11_det1_b15_s20_h4_w500,1,1371.96964499226,1562.09876717853,11.838801704477158,12.3436417883287,False,False,p95
config_11_det1_b15_s20_h4_w500,2,259.641330065364,879.048720659531,16.88182437436579,31.925498085659136,False,False,p95
config_11_det1_b15_s20_h4_w500,3,105.27554977829,661.976402363107,33.78643151210302,40.543183328517664,False,False,p95
config_11_det1_b15_s20_h4_w500,4,59.8243642194367,522.325202955406,45.09551195207258,45.03235287874335,False,False,p95
config_11_det1_b15_s20_h4_w500,5,40.4077641479295,425.720697172114,57.76003197852084,45.876051045993336,False,False,p95
config_11_det1_b15_s20_h4_w500,6,30.0937750463872,358.05135977561,66.90175790232965,66.03285945659854,False,False,p95
config_11_det1_b15_s20_h4_w500,7,23.5282591644182,308.420236242715,83.92599491975449,73.57995845409663,False,False,p95
config_11_det1_b15_s20_h4_w500,8,19.0428108742971,270.599644012954,108.38079721272294,79.88925847630398,True,False,p95
config_11_det1_b15_s20_h4_w500,9,15.852309192731,240.900973795346,113.37134079630795,98.63942092588007,True,False,p95
config_11_det1_b15_s20_h4_w500,10,13.4989773933766,217.007292249313,114.56590166521089,99.9763997023107,True,False,p95
config_11_det1_b15_s20_h4_w500,11,11.7063849801001,197.385914003329,129.08434487971323,113.60624692917631,True,False,p95
config_11_det1_b15_s20_h4_w500,12,10.3024927250127,174.798447942669,134.4935286270407,133.54341995771597,True,True,p95
config_11_det1_b15_s20_h4_w500,13,8.2343773807999,165.736766297224,157.62204505706538,134.19611119646135,True,True,p95
config_11_det1_b15_s20_h4_w500,14,7.1387354334877,155.114313416779,174.42164878213617,143.1638018837249,True,True,p95
config_11_det1_b15_s20_h4_w500,15,6.30992163133089,144.57194507965,186.40306552587208,144.61541866821855,True,True,p95
config_11_det1_b15_s20_h4_w500,16,5.64079151507659,135.933108110648,207.914298154556,167.08472569268042,True,True,p95
config_11_det1_b15_s20_h4_w500,17,5.12956312475836,128.020670362398,221.27690108381415,172.14650301296348,True,True,p95
config_11_det1_b15_s20_h4_w500,18,4.70918677317163,120.936071767983,235.21503763184194,176.78274528825432,True,True,p95
config_11_det1_b15_s20_h4_w500,19,4.34538602141658,114.666952954547,248.88070408045655,184.78264039885323,True,True,p95
config_11_det1_b15_s20_h4_w500,20,4.03167079521766,108.995763264335,265.52263813558307,205.8817518526581,True,True,p95
config_12_det1_b15_s20_h4_w1500,1,1482.77218730659,2195.12941567296,12.93526207406224,30.691657764855908,False,False,p95
config_12_det1_b15_s20_h4_w1500,2,276.168535055985,1274.88781758312,32.97109790215787,44.951597228722875,False,False,p95
config_12_det1_b15_s20_h4_w1500,3,110.489999377789,954.913490984421,45.24990880991703,45.215856019080675,False,False,p95
config_12_det1_b15_s20_h4_w1500,4,62.265165672113,754.396736282332,66.90175790232965,64.97694167447966,False,False,p95
config_12_det1_b15_s20_h4_w1500,5,41.3983921590561,615.089943611065,89.1885107610205,73.5245674941588,False,False,p95
config_12_det1_b15_s20_h4_w1500,6,30.5947542861908,517.737731419071,109.89719246361966,81.26948227008613,False,False,p95
config_12_det1_b15_s20_h4_w1500,7,24.0675826659041,446.310779861523,114.81560840432306,99.9763997023107,False,False,p95
config_12_det1_b15_s20_h4_w1500,8,19.5984247045618,391.790936353185,134.96815402492692,113.06787936258766,True,False,p95
config_12_det1_b15_s20_h4_w1500,9,14.813237392189,347.069530043393,157.62204505706538,120.72000155153908,True,False,p95
config_12_det1_b15_s20_h4_w1500,10,12.2749345250106,314.281592480616,182.31935000341565,141.19117214571267,True,False,p95
config_12_det1_b15_s20_h4_w1500,11,10.3785968167878,286.18006793008,209.26991535712517,144.61541866821855,True,False,p95
config_12_det1_b15_s20_h4_w1500,12,9.08425019280687,262.551262568411,228.54752772131457,158.58783866412665,True,False,p95
config_12_det1_b15_s20_h4_w1500,13,8.07100869684366,242.465429921281,239.8876964882713,174.78611303992315,True,False,p95
config_12_det1_b15_s20_h4_w1500,14,7.24897508045351,225.256267238797,269.7138794016934,187.5494827268783,True,False,p95
config_12_det1_b15_s20_h4_w1500,15,6.56841598047092,210.321763462317,287.9900947385156,191.98402090468772,True,False,p95
config_12_det1_b15_s20_h4_w1500,16,5.99684734319579,197.206183278909,309.71893404652553,215.3241157431213,True,True,p95
config_12_det1_b15_s20_h4_w1500,17,5.50925993039002,185.62250063012,318.7298239918497,221.75235780280534,True,True,p95
config_12_det1_b15_s20_h4_w1500,18,5.08897006822918,175.317193184827,318.7298239918497,237.8142264955792,True,True,p95
config_12_det1_b15_s20_h4_w1500,19,4.72308712345199,166.110522527026,321.8663434837372,254.5083495380099,True,True,p95
config_12_det1_b15_s20_h4_w1500,20,4.4019262322732,157.810856039111,329.17095443324047,263.3390444339972,True,True,p95
config_13_det1_b15_s20_h12_w50,1,1143.99309910078,724.976931135836,3.74849969987994,11.2759164625353,False,False,p95
config_13_det1_b15_s20_h12_w50,2,226.084029078955,415.578696008349,11.073265236896598,12.0713077719621,False,False,p95
config_13_det1_b15_s20_h12_w50,3,95.9537592016972,309.044693901097,12.258921216904586,13.25910062108634,False,False,p95
config_13_det1_b15_s20_h12_w50,4,55.3066653883184,243.601640148777,15.124293641248961,15.721754518943758,False,False,p95
config_13_det1_b15_s20_h12_w50,5,36.993922117345,199.162959091226,18.879437309133483,32.97109790215787,False,False,p95
config_13_det1_b15_s20_h12_w50,6,27.0813487792226,167.515272305283,33.35247926120476,34.68671537063909,False,False,p95
config_13_det1_b15_s20_h12_w50,7,21.0130117246902,144.270449058323,35.152217828586814,35.46484539862658,True,False,p95
config_13_det1_b15_s20_h12_w50,8,16.9791838231912,126.567457936793,37.17002462022198,39.438094655686456,True,False,p95
config_13_det1_b15_s20_h12_w50,9,14.1386261548201,112.67074195811,43.07837912814465,44.92005351287415,True,False,p95
config_13_det1_b15_s20_h12_w50,10,12.0436968582402,101.492859164877,44.93282442514173,45.50911121004796,True,False,p95
config_13_det1_b15_s20_h12_w50,11,10.4441745847862,92.3147739934436,54.14844488539447,47.90729055108545,True,False,p95
config_13_det1_b15_s20_h12_w50,12,9.18858802088564,84.6488737667435,56.23714087523555,60.98793241444832,True,True,p95
config_13_det1_b15_s20_h12_w50,13,8.17952811343337,78.1526248923616,60.38733580540359,65.512818646198,True,True,p95
config_13_det1_b15_s20_h12_w50,14,7.35329010871709,72.5789333035372,62.496372133506696,66.45713524533821,True,True,p95
config_13_det1_b15_s20_h12_w50,15,6.66553395622582,67.7448225492957,63.856318969607244,79.9849501714119,True,True,p95
config_13_det1_b15_s20_h12_w50,16,6.08550710316677,63.5135734450523,65.4356821402242,82.4023852934701,True,True,p95
config_13_det1_b15_s20_h12_w50,17,5.59016165342281,59.7788117000728,71.25209388379517,87.96935941529,True,True,p95
config_13_det1_b15_s20_h12_w50,18,5.1628769216908,56.4585920266622,79.88925847630398,88.58663073455142,True,True,p95
config_13_det1_b15_s20_h12_w50,19,4.7910922066594,53.4876153308822,83.35717505392392,99.73910965918904,True,True,p95
config_13_det1_b15_s20_h12_w50,20,4.46481413819361,50.8136682209736,89.26002731326784,100.32617741193536,True,True,p95
config_14_det1_b15_s20_h12_w500,1,1371.96964499226,1562.09876717853,11.838801704477158,12.3436417883287,False,False,p95
config_14_det1_b15_s20_h12_w500,2,259.641330065364,879.048720659531,16.88182437436579,32.97109790215787,False,False,p95
config_14_det1_b15_s20_h12_w500,3,105.27554977829,661.976402363107,34.23131709011904,39.93356238025207,False,False,p95
config_14_det1_b15_s20_h12_w500,4,59.8243642194367,522.325202955406,37.354065456104976,45.64625860059847,False,False,p95
config_14_det1_b15_s20_h12_w500,5,40.4077641479295,425.720697172114,47.62137429889673,66.03285945659854,False,False,p95
config_14_det1_b15_s20_h12_w500,6,30.0937750463872,358.05135977561,58.617794092903644,73.57995845409663,False,False,p95
config_14_det1_b15_s20_h12_w500,7,23.5282591644182,308.420236242715,65.43087383109119,79.88925847630398,True,False,p95
config_14_det1_b15_s20_h12_w500,8,19.0428108742971,270.599644012954,89.25372487496419,98.14509006295782,True,False,p95
config_14_det1_b15_s20_h12_w500,9,15.852309192731,240.900973795346,99.41800802250462,99.97809098709578,True,False,p95
config_14_det1_b15_s20_h12_w500,10,13.4989773933766,217.007292249313,109.31691090299579,114.76769914698394,True,False,p95
config_14_det1_b15_s20_h12_w500,11,11.7063849801001,197.385914003329,113.28455773873932,115.82597848784324,True,False,p95
config_14_det1_b15_s20_h12_w500,12,10.3024927250127,174.798447942669,124.03997571510118,141.76764104990883,True,True,p95
config_14_det1_b15_s20_h12_w500,13,8.2343773807999,165.736766297224,137.49212169240485,143.44521170714341,True,True,p95
config_14_det1_b15_s20_h12_w500,14,7.1387354334877,155.114313416779,144.61541866821855,144.47530535795636,True,True,p95
config_14_det1_b15_s20_h12_w500,15,6.30992163133089,144.57194507965,160.5309862347424,162.04259477356055,True,True,p95
config_14_det1_b15_s20_h12_w500,16,5.64079151507659,135.933108110648,178.82777619686908,174.41684431863865,True,True,p95
config_14_det1_b15_s20_h12_w500,17,5.12956312475836,128.020670362398,187.616620810658,177.43547312658671,True,True,p95
config_14_det1_b15_s20_h12_w500,18,4.70918677317163,120.936071767983,195.1674436488729,191.30541884234754,True,True,p95
config_14_det1_b15_s20_h12_w500,19,4.34538602141658,114.666952954547,214.3105468106996,199.12156190861276,True,True,p95
config_14_det1_b15_s20_h12_w500,20,4.03167079521766,108.995763264335,217.135315951292,209.86274119892272,True,True,p95
config_15_det1_b15_s20_h12_w1500,1,1482.77218730659,2195.12941567296,12.93526207406224,31.252444854736066,False,False,p95
config_15_det1_b15_s20_h12_w1500,2,276.168535055985,1274.88781758312,33.35247926120476,43.651613429130826,False,False,p95
config_15_det1_b15_s20_h12_w1500,3,110.489999377789,954.913490984421,41.34543005742211,65.29552701530446,False,False,p95
config_15_det1_b15_s20_h12_w1500,4,62.265165672113,754.396736282332,58.37580453033351,73.49708915849936,False,False,p95
config_15_det1_b15_s20_h12_w1500,5,41.3983921590561,615.089943611065,81.83755669647181,83.906110121116,False,False,p95
config_15_det1_b15_s20_h12_w1500,6,30.5947542861908,517.737731419071,91.69428003563627,99.666504308545,False,False,p95
config_15_det1_b15_s20_h12_w1500,7,24.0675826659041,446.310779861523,114.17497381278932,114.81560840432306,True,False,p95
config_15_det1_b15_s20_h12_w1500,8,19.5984247045618,391.790936353185,125.20974291618779,118.40021115724153,True,False,p95
config_15_det1_b15_s20_h12_w1500,9,14.813237392189,347.069530043393,147.23371567471128,143.1638018837249,True,False,p95
config_15_det1_b15_s20_h12_w1500,10,12.2749345250106,314.281592480616,160.9649697301076,154.2580147239044,True,False,p95
config_15_det1_b15_s20_h12_w1500,11,10.3785968167878,286.18006793008,190.88677809726101,172.81091090463497,True,False,p95
config_15_det1_b15_s20_h12_w1500,12,9.08425019280687,262.551262568411,210.41184652821727,184.77114145330356,True,False,p95
config_15_det1_b15_s20_h12_w1500,13,8.07100869684366,242.465429921281,222.50494655293602,189.90189241815176,True,True,p95
config_15_det1_b15_s20_h12_w1500,14,7.24897508045351,225.256267238797,244.92777093079553,212.27449603665121,True,True,p95
config_15_det1_b15_s20_h12_w1500,15,6.56841598047092,210.321763462317,256.59571055444326,227.03614718419163,True,True,p95
config_15_det1_b15_s20_h12_w1500,16,5.99684734319579,197.206183278909,269.15577975875397,235.43061127011606,True,True,p95
config_15_det1_b15_s20_h12_w1500,17,5.50925993039002,185.62250063012,275.220742508454,261.0980071338444,True,True,p95
config_15_det1_b15_s20_h12_w1500,18,5.08897006822918,175.317193184827,286.34382764588975,269.52844744652066,True,True,p95
config_15_det1_b15_s20_h12_w1500,19,4.72308712345199,166.110522527026,295.4241114407338,295.26811284960354,True,True,p95
config_15_det1_b15_s20_h12_w1500,20,4.4019262322732,157.810856039111,304.1023236611247,302.37952133806573,True,True,p95
config_16_det1_b15_s20_h24_w50,1,1143.99309910078,724.976931135836,3.74849969987994,11.2759164625353,False,False,p95
config_16_det1_b15_s20_h24_w50,2,226.084029078955,415.578696008349,11.073265236896598,12.0713077719621,False,False,p95
config_16_det1_b15_s20_h24_w50,3,95.9537592016972,309.044693901097,12.258921216904586,13.25910062108634,False,False,p95
config_16_det1_b15_s20_h24_w50,4,55.3066653883184,243.601640148777,15.124293641248961,15.721754518943758,False,False,p95
config_16_det1_b15_s20_h24_w50,5,36.993922117345,199.162959091226,18.879437309133483,32.97109790215787,False,False,p95
config_16_det1_b15_s20_h24_w50,6,27.0813487792226,167.515272305283,33.35247926120476,34.68671537063909,False,False,p95
config_16_det1_b15_s20_h24_w50,7,21.0130117246902,144.270449058323,35.152217828586814,35.46484539862658,True,False,p95
config_16_det1_b15_s20_h24_w50,8,16.9791838231912,126.567457936793,37.05136609163877,39.438094655686456,True,False,p95
config_16_det1_b15_s20_h24_w50,9,14.1386261548201,112.67074195811,43.07837912814465,42.726704175757455,True,False,p95
config_16_det1_b15_s20_h24_w50,10,12.0436968582402,101.492859164877,44.92956978396033,45.50911121004796,True,False,p95
config_16_det1_b15_s20_h24_w50,11,10.4441745847862,92.3147739934436,54.14844488539447,47.90729055108545,True,False,p95
config_16_det1_b15_s20_h24_w50,12,9.18858802088564,84.6488737667435,56.23714087523555,56.23714087523555,True,True,p95
config_16_det1_b15_s20_h24_w50,13,8.17952811343337,78.1526248923616,60.38733580540359,58.15483974175771,True,True,p95
config_16_det1_b15_s20_h24_w50,14,7.35329010871709,72.5789333035372,62.496372133506696,60.43873035905535,True,True,p95
config_16_det1_b15_s20_h24_w50,15,6.66553395622582,67.7448225492957,63.856318969607244,64.67756316647197,True,True,p95
config_16_det1_b15_s20_h24_w50,16,6.08550710316677,63.5135734450523,64.93493513926785,66.35339324557393,True,True,p95
config_16_det1_b15_s20_h24_w50,17,5.59016165342281,59.7788117000728,70.28924300047179,74.65356209493402,True,True,p95
config_16_det1_b15_s20_h24_w50,18,5.1628769216908,56.4585920266622,75.6031634559906,76.55663782703505,True,True,p95
config_16_det1_b15_s20_h24_w50,19,4.7910922066594,53.4876153308822,79.00637567979066,78.33260584469386,True,True,p95
config_16_det1_b15_s20_h24_w50,20,4.46481413819361,50.8136682209736,83.07983609178822,79.96779530976798,True,True,p95
config_17_det1_b15_s20_h24_w500,1,1371.96964499226,1562.09876717853,11.838801704477158,12.3436417883287,False,False,p95
config_17_det1_b15_s20_h24_w500,2,259.641330065364,879.048720659531,16.88182437436579,32.97109790215787,False,False,p95
config_17_det1_b15_s20_h24_w500,3,105.27554977829,661.976402363107,34.23131709011904,40.30750787616209,False,False,p95
config_17_det1_b15_s20_h24_w500,4,59.8243642194367,522.325202955406,37.354065456104976,46.09507220883782,False,False,p95
config_17_det1_b15_s20_h24_w500,5,40.4077641479295,425.720697172114,47.62137429889673,52.36038005141783,False,False,p95
config_17_det1_b15_s20_h24_w500,6,30.0937750463872,358.05135977561,58.617794092903644,66.03285945659854,False,False,p95
config_17_det1_b15_s20_h24_w500,7,23.5282591644182,308.420236242715,64.59868753751235,75.87421944139643,True,False,p95
config_17_det1_b15_s20_h24_w500,8,19.0428108742971,270.599644012954,72.57524327227122,82.71990693011779,True,False,p95
config_17_det1_b15_s20_h24_w500,9,15.852309192731,240.900973795346,80.25410381375578,90.56609406885572,True,False,p95
config_17_det1_b15_s20_h24_w500,10,13.4989773933766,217.007292249313,89.97427007278948,113.11514825846339,True,True,p95
config_17_det1_b15_s20_h24_w500,11,11.7063849801001,197.385914003329,97.2775803418708,117.57479330432702,True,True,p95
config_17_det1_b15_s20_h24_w500,12,10.3024927250127,174.798447942669,99.53654144032622,131.74451459324285,True,True,p95
config_17_det1_b15_s20_h24_w500,13,8.2343773807999,165.736766297224,110.3208061027911,139.42236556045614,True,True,p95
config_17_det1_b15_s20_h24_w500,14,7.1387354334877,155.114313416779,113.41569832714146,145.44885989745637,True,True,p95
config_17_det1_b15_s20_h24_w500,15,6.30992163133089,144.57194507965,117.20865831923658,155.66247140106333,True,True,p95
config_17_det1_b15_s20_h24_w500,16,5.64079151507659,135.933108110648,133.50695230560058,162.60132074055514,True,True,p95
config_17_det1_b15_s20_h24_w500,17,5.12956312475836,128.020670362398,153.74905223317174,176.19198045083738,True,True,p95
config_17_det1_b15_s20_h24_w500,18,4.70918677317163,120.936071767983,178.38997576844923,190.18014306786733,True,True,p95
config_17_det1_b15_s20_h24_w500,19,4.34538602141658,114.666952954547,186.70210063138654,194.8367499922063,True,True,p95
config_17_det1_b15_s20_h24_w500,20,4.03167079521766,108.995763264335,207.88220174688328,202.92331379365223,True,True,p95
config_18_det1_b15_s20_h24_w1500,1,1482.77218730659,2195.12941567296,12.93526207406224,31.252444854736066,False,False,p95
config_18_det1_b15_s20_h24_w1500,2,276.168535055985,1274.88781758312,33.35247926120476,44.40158380804429,False,False,p95
config_18_det1_b15_s20_h24_w1500,3,110.489999377789,954.913490984421,41.41943170100059,49.17869788770332,False,False,p95
config_18_det1_b15_s20_h24_w1500,4,62.265165672113,754.396736282332,58.37580453033351,66.14986990505642,False,False,p95
config_18_det1_b15_s20_h24_w1500,5,41.3983921590561,615.089943611065,68.35190020074094,80.69986284269154,False,False,p95
config_18_det1_b15_s20_h24_w1500,6,30.5947542861908,517.737731419071,84.55229006769909,95.3291221287731,False,False,p95
config_18_det1_b15_s20_h24_w1500,7,24.0675826659041,446.310779861523,95.23890646487678,112.65008113616516,True,False,p95
config_18_det1_b15_s20_h24_w1500,8,19.5984247045618,391.790936353185,99.92703297563023,118.45410254996811,True,False,p95
config_18_det1_b15_s20_h24_w1500,9,14.813237392189,347.069530043393,112.41385564343423,136.54547260378206,True,False,p95
config_18_det1_b15_s20_h24_w1500,10,12.2749345250106,314.281592480616,120.89922103823565,153.65719769083023,True,False,p95
config_18_det1_b15_s20_h24_w1500,11,10.3785968167878,286.18006793008,157.83654964126941,170.05453633450276,True,True,p95
config_18_det1_b15_s20_h24_w1500,12,9.08425019280687,262.551262568411,187.616620810658,187.945087847734,True,True,p95
config_18_det1_b15_s20_h24_w1500,13,8.07100869684366,242.465429921281,216.71253037395348,208.24377073296205,True,True,p95
config_18_det1_b15_s20_h24_w1500,14,7.24897508045351,225.256267238797,224.98475705799717,223.13179489155505,True,True,p95
config_18_det1_b15_s20_h24_w1500,15,6.56841598047092,210.321763462317,234.03923530934264,242.63496919425612,True,True,p95
config_18_det1_b15_s20_h24_w1500,16,5.99684734319579,197.206183278909,259.2840361306719,255.32896867923793,True,True,p95
config_18_det1_b15_s20_h24_w1500,17,5.50925993039002,185.62250063012,267.817866776285,276.2197205486551,True,True,p95
config_18_det1_b15_s20_h24_w1500,18,5.08897006822918,175.317193184827,268.4059764659041,290.71876086858947,True,True,p95
config_18_det1_b15_s20_h24_w1500,19,4.72308712345199,166.110522527026,270.81825972494994,304.02766987672055,True,True,p95
config_18_det1_b15_s20_h24_w1500,20,4.4019262322732,157.810856039111,279.4208190246119,323.94568664078383,True,True,p95
config_19_det1_b30_s5_h4_w50,1,1143.99309910078,724.976931135836,5.2932166690808975,13.32729646097413,False,False,p95
config_19_det1_b30_s5_h4_w50,2,226.084029078955,415.578696008349,11.776671826773764,17.629754611304378,False,False,p95
config_19_det1_b30_s5_h4_w50,3,95.9537592016972,309.044693901097,20.123483931019877,22.249177897067153,False,False,p95
config_19_det1_b30_s5_h4_w50,4,55.3066653883184,243.601640148777,25.08207629900074,27.703242484004143,False,False,p95
config_19_det1_b30_s5_h4_w50,5,36.993922117345,199.162959091226,30.62582784562641,33.13696378361843,False,False,p95
config_19_det1_b30_s5_h4_w50,6,27.0813487792226,167.515272305283,35.744282988573886,36.26255132910487,False,False,p95
config_19_det1_b30_s5_h4_w50,7,21.0130117246902,144.270449058323,39.687966710090954,45.997895333991345,True,False,p95
config_19_det1_b30_s5_h4_w50,8,16.9791838231912,126.567457936793,43.09565498697075,51.332902227916996,True,False,p95
config_19_det1_b30_s5_h4_w50,9,14.1386261548201,112.67074195811,48.43310528433543,54.47798358779551,True,False,p95
config_19_det1_b30_s5_h4_w50,10,12.0436968582402,101.492859164877,53.99723891780256,56.94230036388323,True,True,p95
config_19_det1_b30_s5_h4_w50,11,10.4441745847862,92.3147739934436,55.999453399394696,58.533498590361,True,True,p95
config_19_det1_b30_s5_h4_w50,12,9.18858802088564,84.6488737667435,58.99161805532441,72.7656609235847,True,True,p95
config_19_det1_b30_s5_h4_w50,13,8.17952811343337,78.1526248923616,66.40667475226789,78.39294020281693,True,True,p95
config_19_det1_b30_s5_h4_w50,14,7.35329010871709,72.5789333035372,75.08601454055838,81.43479607134799,True,True,p95
config_19_det1_b30_s5_h4_w50,15,6.66553395622582,67.7448225492957,76.06650466941649,84.48717598576772,True,True,p95
config_19_det1_b30_s5_h4_w50,16,6.08550710316677,63.5135734450523,76.99094612524,85.73343082332224,True,True,p95
config_19_det1_b30_s5_h4_w50,17,5.59016165342281,59.7788117000728,78.13820491864507,96.87897926455932,True,True,p95
config_19_det1_b30_s5_h4_w50,18,5.1628769216908,56.4585920266622,82.23162407022555,101.70955042584674,True,True,p95
config_19_det1_b30_s5_h4_w50,19,4.7910922066594,53.4876153308822,86.72523412972399,107.26893648139227,True,True,p95
config_19_det1_b30_s5_h4_w50,20,4.46481413819361,50.8136682209736,91.84685221699172,108.58505413446143,True,True,p95
config_20_det1_b30_s5_h4_w500,1,1371.96964499226,1562.09876717853,13.276906642738737,20.490147724619973,False,False,p95
config_20_det1_b30_s5_h4_w500,2,259.641330065364,879.048720659531,26.38260664734866,32.502020065911175,False,False,p95
config_20_det1_b30_s5_h4_w500,3,105.27554977829,661.976402363107,38.49459716465712,38.73261262578603,False,False,p95
config_20_det1_b30_s5_h4_w500,4,59.8243642194367,522.325202955406,47.603717619430356,52.36556704877139,False,False,p95
config_20_det1_b30_s5_h4_w500,5,40.4077641479295,425.720697172114,56.19239346439683,60.80069824603018,False,False,p95
config_20_det1_b30_s5_h4_w500,6,30.0937750463872,358.05135977561,67.58778832140308,72.7656609235847,False,False,p95
config_20_det1_b30_s5_h4_w500,7,23.5282591644182,308.420236242715,77.12525245192703,83.53168039612319,True,False,p95
config_20_det1_b30_s5_h4_w500,8,19.0428108742971,270.599644012954,85.68435939201672,87.85319824884559,True,False,p95
config_20_det1_b30_s5_h4_w500,9,15.852309192731,240.900973795346,96.70754357992487,107.6527640936179,True,False,p95
config_20_det1_b30_s5_h4_w500,10,13.4989773933766,217.007292249313,106.4903318674418,114.03950867872436,True,False,p95
config_20_det1_b30_s5_h4_w500,11,11.7063849801001,197.385914003329,111.1804965165989,133.95528899193468,True,True,p95
config_20_det1_b30_s5_h4_w500,12,10.3024927250127,174.798447942669,121.2380978653345,146.55969719458147,True,True,p95
config_20_det1_b30_s5_h4_w500,13,8.2343773807999,165.736766297224,131.6865134592435,155.4647765777221,True,True,p95
config_20_det1_b30_s5_h4_w500,14,7.1387354334877,155.114313416779,148.16612215648902,170.9112013137152,True,True,p95
config_20_det1_b30_s5_h4_w500,15,6.30992163133089,144.57194507965,157.3342749981341,179.6078014964153,True,True,p95
config_20_det1_b30_s5_h4_w500,16,5.64079151507659,135.933108110648,171.6791522335196,188.90765221146216,True,True,p95
config_20_det1_b30_s5_h4_w500,17,5.12956312475836,128.020670362398,184.83927474332205,212.28606682382343,True,True,p95
config_20_det1_b30_s5_h4_w500,18,4.70918677317163,120.936071767983,201.65373705732645,216.18051448581195,True,True,p95
config_20_det1_b30_s5_h4_w500,19,4.34538602141658,114.666952954547,208.278958450431,216.92499803761433,True,True,p95
config_20_det1_b30_s5_h4_w500,20,4.03167079521766,108.995763264335,226.8843473065573,244.3199622896883,True,True,p95
config_21_det1_b30_s5_h4_w1500,1,1482.77218730659,2195.12941567296,20.58658601565109,29.193213490547667,False,False,p95
config_21_det1_b30_s5_h4_w1500,2,276.168535055985,1274.88781758312,35.464780655752385,39.49369883538489,False,False,p95
config_21_det1_b30_s5_h4_w1500,3,110.489999377789,954.913490984421,54.081492691084335,53.83809827964668,False,False,p95
config_21_det1_b30_s5_h4_w1500,4,62.265165672113,754.396736282332,61.685794223500054,72.64467362810868,False,False,p95
config_21_det1_b30_s5_h4_w1500,5,41.3983921590561,615.089943611065,81.98571890245682,82.68356710729233,False,False,p95
config_21_det1_b30_s5_h4_w1500,6,30.5947542861908,517.737731419071,96.72326359263266,99.11506321655611,False,False,p95
config_21_det1_b30_s5_h4_w1500,7,24.0675826659041,446.310779861523,107.94846817147653,113.54448865992667,True,False,p95
config_21_det1_b30_s5_h4_w1500,8,19.5984247045618,391.790936353185,116.8574920489977,142.32664345803346,True,False,p95
config_21_det1_b30_s5_h4_w1500,9,14.813237392189,347.069530043393,138.73734102551197,146.90430469740676,True,False,p95
config_21_det1_b30_s5_h4_w1500,10,12.2749345250106,314.281592480616,155.27824548176693,177.27767614274825,True,False,p95
config_21_det1_b30_s5_h4_w1500,11,10.3785968167878,286.18006793008,178.02458047347258,181.8798011174788,True,False,p95
config_21_det1_b30_s5_h4_w1500,12,9.08425019280687,262.551262568411,192.53470147684385,203.62107478138466,True,True,p95
config_21_det1_b30_s5_h4_w1500,13,8.07100869684366,242.465429921281,214.94275940297672,216.18051448581195,True,True,p95
config_21_det1_b30_s5_h4_w1500,14,7.24897508045351,225.256267238797,233.44648698435296,226.3472522756416,True,True,p95
config_21_det1_b30_s5_h4_w1500,15,6.56841598047092,210.321763462317,253.6633252394679,250.3168034923975,True,True,p95
config_21_det1_b30_s5_h4_w1500,16,5.99684734319579,197.206183278909,272.6913787359355,260.17680341496293,True,True,p95
config_21_det1_b30_s5_h4_w1500,17,5.50925993039002,185.62250063012,284.09170271868993,284.69189962875697,True,True,p95
config_21_det1_b30_s5_h4_w1500,18,5.08897006822918,175.317193184827,305.64976864035094,291.839822748199,True,True,p95
config_21_det1_b30_s5_h4_w1500,19,4.72308712345199,166.110522527026,311.51701698650356,319.83959978936485,True,True,p95
config_21_det1_b30_s5_h4_w1500,20,4.4019262322732,157.810856039111,330.9291340673819,327.4345296794713,True,True,p95
config_22_det1_b30_s5_h12_w50,1,1143.99309910078,724.976931135836,,14.32582456293501,True,False,p95
config_22_det1_b30_s5_h12_w50,2,226.084029078955,415.578696008349,11.98771031883108,20.43949582543005,False,False,p95
config_22_det1_b30_s5_h12_w50,3,95.9537592016972,309.044693901097,20.33116944852132,37.70401125774121,False,False,p95
config_22_det1_b30_s5_h12_w50,4,55.3066653883184,243.601640148777,24.883601349199303,39.645937182125415,False,False,p95
config_22_det1_b30_s5_h12_w50,5,36.993922117345,199.162959091226,31.794998747629016,39.643975360983084,False,False,p95
config_22_det1_b30_s5_h12_w50,6,27.0813487792226,167.515272305283,37.358261118944384,39.7956551600275,False,False,p95
config_22_det1_b30_s5_h12_w50,7,21.0130117246902,144.270449058323,39.27044672318452,63.75165417371078,False,False,p95
config_22_det1_b30_s5_h12_w50,8,16.9791838231912,126.567457936793,45.920232285715784,71.60820247331557,True,True,p95
config_22_det1_b30_s5_h12_w50,9,14.1386261548201,112.67074195811,58.763331273290675,79.68814938617427,True,True,p95
config_22_det1_b30_s5_h12_w50,10,12.0436968582402,101.492859164877,62.779709360672385,85.4442448763117,True,True,p95
config_22_det1_b30_s5_h12_w50,11,10.4441745847862,92.3147739934436,66.42692100363027,86.581221548519,True,True,p95
config_22_det1_b30_s5_h12_w50,12,9.18858802088564,84.6488737667435,71.70524826265688,91.72015215663961,True,True,p95
config_22_det1_b30_s5_h12_w50,13,8.17952811343337,78.1526248923616,72.38622909811495,95.91633470171455,True,True,p95
config_22_det1_b30_s5_h12_w50,14,7.35329010871709,72.5789333035372,81.66208066340361,99.69070371793555,True,True,p95
config_22_det1_b30_s5_h12_w50,15,6.66553395622582,67.7448225492957,84.45382326403634,102.35109006653548,True,True,p95
config_22_det1_b30_s5_h12_w50,16,6.08550710316677,63.5135734450523,88.62342251069501,106.10475662669774,True,True,p95
config_22_det1_b30_s5_h12_w50,17,5.59016165342281,59.7788117000728,90.02142426056443,110.76985132601138,True,True,p95
config_22_det1_b30_s5_h12_w50,18,5.1628769216908,56.4585920266622,94.90727784378055,182.78436618349843,True,True,p95
config_22_det1_b30_s5_h12_w50,19,4.7910922066594,53.4876153308822,108.62120618667328,184.63165474597952,True,True,p95
config_22_det1_b30_s5_h12_w50,20,4.46481413819361,50.8136682209736,110.10544786487536,185.68755308201503,True,True,p95
config_23_det1_b30_s5_h12_w500,1,1371.96964499226,1562.09876717853,13.505149304469624,41.0474717980849,False,False,p95
config_23_det1_b30_s5_h12_w500,2,259.641330065364,879.048720659531,28.06936233388433,39.57923209563135,False,False,p95
config_23_det1_b30_s5_h12_w500,3,105.27554977829,661.976402363107,37.63166902903722,60.318125274298446,False,False,p95
config_23_det1_b30_s5_h12_w500,4,59.8243642194367,522.325202955406,61.13513375827127,67.07545712237194,False,False,p95
config_23_det1_b30_s5_h12_w500,5,40.4077641479295,425.720697172114,69.37763649670659,86.53258102070936,False,False,p95
config_23_det1_b30_s5_h12_w500,6,30.0937750463872,358.05135977561,80.5545146101766,91.41370559021527,False,False,p95
config_23_det1_b30_s5_h12_w500,7,23.5282591644182,308.420236242715,90.05115102664809,110.65348094100133,False,False,p95
config_23_det1_b30_s5_h12_w500,8,19.0428108742971,270.599644012954,93.48084208151687,120.07198885065681,True,True,p95
config_23_det1_b30_s5_h12_w500,9,15.852309192731,240.900973795346,96.03696237381803,131.49473530567673,True,True,p95
config_23_det1_b30_s5_h12_w500,10,13.4989773933766,217.007292249313,104.7388894493685,139.87464004672236,True,True,p95
config_23_det1_b30_s5_h12_w500,11,11.7063849801001,197.385914003329,108.19078755007183,149.19825506480822,True,True,p95
config_23_det1_b30_s5_h12_w500,12,10.3024927250127,174.798447942669,111.76470890049625,174.5102266840972,True,True,p95
config_23_det1_b30_s5_h12_w500,13,8.2343773807999,165.736766297224,128.45408400679526,177.31433901575176,True,True,p95
config_23_det1_b30_s5_h12_w500,14,7.1387354334877,155.114313416779,142.26954941664457,183.57774431254185,True,True,p95
config_23_det1_b30_s5_h12_w500,15,6.30992163133089,144.57194507965,177.54657739982127,192.57541709060501,True,True,p95
config_23_det1_b30_s5_h12_w500,16,5.64079151507659,135.933108110648,181.65313933167891,211.97711325384518,True,True,p95
config_23_det1_b30_s5_h12_w500,17,5.12956312475836,128.020670362398,186.44164763120108,216.18051448581195,True,True,p95
config_23_det1_b30_s5_h12_w500,18,4.70918677317163,120.936071767983,205.9623859494517,228.0876308962634,True,True,p95
config_23_det1_b30_s5_h12_w500,19,4.34538602141658,114.666952954547,209.91977122204787,236.21659781885432,True,True,p95
config_23_det1_b30_s5_h12_w500,20,4.03167079521766,108.995763264335,216.40319289109203,249.08653336269867,True,True,p95
config_24_det1_b30_s5_h12_w1500,1,1482.77218730659,2195.12941567296,21.860563919067108,49.39610582304553,False,False,p95
config_24_det1_b30_s5_h12_w1500,2,276.168535055985,1274.88781758312,44.9449698166707,61.63963690133514,False,False,p95
config_24_det1_b30_s5_h12_w1500,3,110.489999377789,954.913490984421,62.92960391956146,72.4822052574673,False,False,p95
config_24_det1_b30_s5_h12_w1500,4,62.265165672113,754.396736282332,86.0266570306348,87.51980647626618,False,False,p95
config_24_det1_b30_s5_h12_w1500,5,41.3983921590561,615.089943611065,94.80163596772968,110.5967925138543,False,False,p95
config_24_det1_b30_s5_h12_w1500,6,30.5947542861908,517.737731419071,106.71009360171612,132.24677907724268,False,False,p95
config_24_det1_b30_s5_h12_w1500,7,24.0675826659041,446.310779861523,110.55523804187351,144.16245075253136,True,False,p95
config_24_det1_b30_s5_h12_w1500,8,19.5984247045618,391.790936353185,117.90605029341256,161.02810681250787,True,False,p95
config_24_det1_b30_s5_h12_w1500,9,14.813237392189,347.069530043393,135.46321164947312,181.8798011174788,True,True,p95
config_24_det1_b30_s5_h12_w1500,10,12.2749345250106,314.281592480616,147.39095792488203,193.1343435221004,True,True,p95
config_24_det1_b30_s5_h12_w1500,11,10.3785968167878,286.18006793008,177.25934383166725,212.93649819282,True,True,p95
config_24_det1_b30_s5_h12_w1500,12,9.08425019280687,262.551262568411,191.60697918057537,233.33617220968904,True,True,p95
config_24_det1_b30_s5_h12_w1500,13,8.07100869684366,242.465429921281,212.25956985363726,242.49209017401571,True,True,p95
config_24_det1_b30_s5_h12_w1500,14,7.24897508045351,225.256267238797,219.94759630803895,260.1430191377193,True,True,p95
config_24_det1_b30_s5_h12_w1500,15,6.56841598047092,210.321763462317,247.2582152243092,283.1856104615507,True,True,p95
config_24_det1_b30_s5_h12_w1500,16,5.99684734319579,197.206183278909,250.25694894008748,303.57957601291093,True,True,p95
config_24_det1_b30_s5_h12_w1500,17,5.50925993039002,185.62250063012,259.33733290767555,315.60487924282825,True,True,p95
config_24_det1_b30_s5_h12_w1500,18,5.08897006822918,175.317193184827,266.66530810566536,335.2105138885677,True,True,p95
config_24_det1_b30_s5_h12_w1500,19,4.72308712345199,166.110522527026,284.1126482167373,350.32431417361784,True,True,p95
config_24_det1_b30_s5_h12_w1500,20,4.4019262322732,157.810856039111,291.32985734143574,377.5376110225934,True,True,p95
config_25_det1_b30_s5_h24_w50,1,1143.99309910078,724.976931135836,,,True,True,p95
config_25_det1_b30_s5_h24_w50,2,226.084029078955,415.578696008349,,20.123483931019877,True,False,p95
config_25_det1_b30_s5_h24_w50,3,95.9537592016972,309.044693901097,20.34079069278783,35.99668947670641,False,False,p95
config_25_det1_b30_s5_h24_w50,4,55.3066653883184,243.601640148777,25.676977632789356,37.7866354697896,False,False,p95
config_25_det1_b30_s5_h24_w50,5,36.993922117345,199.162959091226,32.42640825593929,39.12883568587757,False,False,p95
config_25_det1_b30_s5_h24_w50,6,27.0813487792226,167.515272305283,41.39908388364216,39.37068145960481,False,False,p95
config_25_det1_b30_s5_h24_w50,7,21.0130117246902,144.270449058323,41.893573810794834,39.57336818596155,False,False,p95
config_25_det1_b30_s5_h24_w50,8,16.9791838231912,126.567457936793,47.98677918433377,85.21708474670834,True,True,p95
config_25_det1_b30_s5_h24_w50,9,14.1386261548201,112.67074195811,55.250736420276645,88.48299903054217,True,True,p95
config_25_det1_b30_s5_h24_w50,10,12.0436968582402,101.492859164877,55.380554423020925,102.66868243547916,True,True,p95
config_25_det1_b30_s5_h24_w50,11,10.4441745847862,92.3147739934436,55.62521155741301,112.22396697904597,True,True,p95
config_25_det1_b30_s5_h24_w50,12,9.18858802088564,84.6488737667435,62.348362234616644,121.92150050739656,True,True,p95
config_25_det1_b30_s5_h24_w50,13,8.17952811343337,78.1526248923616,67.29709255701246,156.719757617413,True,True,p95
config_25_det1_b30_s5_h24_w50,14,7.35329010871709,72.5789333035372,68.95347773757607,158.623349701603,True,True,p95
config_25_det1_b30_s5_h24_w50,15,6.66553395622582,67.7448225492957,78.59778260395797,163.03332548154603,True,True,p95
config_25_det1_b30_s5_h24_w50,16,6.08550710316677,63.5135734450523,99.91085888816221,165.10161968016365,True,True,p95
config_25_det1_b30_s5_h24_w50,17,5.59016165342281,59.7788117000728,101.98141341219045,165.84441774005762,True,True,p95
config_25_det1_b30_s5_h24_w50,18,5.1628769216908,56.4585920266622,109.63346557726982,167.63434499107564,True,True,p95
config_25_det1_b30_s5_h24_w50,19,4.7910922066594,53.4876153308822,111.96165328025762,169.35125617289424,True,True,p95
config_25_det1_b30_s5_h24_w50,20,4.46481413819361,50.8136682209736,116.7864409546228,169.8538996718941,True,True,p95
config_26_det1_b30_s5_h24_w500,1,1371.96964499226,1562.09876717853,14.722390826472559,45.844941238074775,False,False,p95
config_26_det1_b30_s5_h24_w500,2,259.641330065364,879.048720659531,27.617719203226372,44.540260254840355,False,False,p95
config_26_det1_b30_s5_h24_w500,3,105.27554977829,661.976402363107,43.08859455702704,55.746299338716334,False,False,p95
config_26_det1_b30_s5_h24_w500,4,59.8243642194367,522.325202955406,55.49055060391369,82.88127796761546,False,False,p95
config_26_det1_b30_s5_h24_w500,5,40.4077641479295,425.720697172114,56.59122003522633,102.17674467182944,False,False,p95
config_26_det1_b30_s5_h24_w500,6,30.0937750463872,358.05135977561,87.37697683057614,122.3569367521496,False,False,p95
config_26_det1_b30_s5_h24_w500,7,23.5282591644182,308.420236242715,112.0422132502022,144.5054072662607,False,True,p95
config_26_det1_b30_s5_h24_w500,8,19.0428108742971,270.599644012954,118.49013740823962,154.02628152134577,False,True,p95
config_26_det1_b30_s5_h24_w500,9,15.852309192731,240.900973795346,123.21931051510288,159.01530720428303,True,True,p95
config_26_det1_b30_s5_h24_w500,10,13.4989773933766,217.007292249313,128.30267521802693,166.6129014334342,True,True,p95
config_26_det1_b30_s5_h24_w500,11,11.7063849801001,197.385914003329,133.4600149370934,176.95444328838144,True,True,p95
config_26_det1_b30_s5_h24_w500,12,10.3024927250127,174.798447942669,139.74707069030035,195.99010823303132,True,True,p95
config_26_det1_b30_s5_h24_w500,13,8.2343773807999,165.736766297224,147.2022177390262,201.54779704094312,True,True,p95
config_26_det1_b30_s5_h24_w500,14,7.1387354334877,155.114313416779,154.73811155524413,209.62846721365878,True,True,p95
config_26_det1_b30_s5_h24_w500,15,6.30992163133089,144.57194507965,160.41787768775225,214.97819102049175,True,True,p95
config_26_det1_b30_s5_h24_w500,16,5.64079151507659,135.933108110648,176.70760029442027,226.81228509934596,True,True,p95
config_26_det1_b30_s5_h24_w500,17,5.12956312475836,128.020670362398,180.84839371947143,228.5488254436204,True,True,p95
config_26_det1_b30_s5_h24_w500,18,4.70918677317163,120.936071767983,187.898389763505,236.60270793669378,True,True,p95
config_26_det1_b30_s5_h24_w500,19,4.34538602141658,114.666952954547,271.4354994275483,241.71613030044313,True,True,p95
config_26_det1_b30_s5_h24_w500,20,4.03167079521766,108.995763264335,284.3402347213514,247.11646792866037,True,True,p95
config_27_det1_b30_s5_h24_w1500,1,1482.77218730659,2195.12941567296,21.950011432568267,49.68713263618433,False,False,p95
config_27_det1_b30_s5_h24_w1500,2,276.168535055985,1274.88781758312,39.94258732948978,55.34532233569121,False,False,p95
config_27_det1_b30_s5_h24_w1500,3,110.489999377789,954.913490984421,55.927166838197984,89.75121876286596,False,False,p95
config_27_det1_b30_s5_h24_w1500,4,62.265165672113,754.396736282332,90.02005921472029,108.12521880755918,False,False,p95
config_27_det1_b30_s5_h24_w1500,5,41.3983921590561,615.089943611065,120.12177453474973,133.1534266065924,False,False,p95
config_27_det1_b30_s5_h24_w1500,6,30.5947542861908,517.737731419071,129.42478804956983,146.98366717512832,False,False,p95
config_27_det1_b30_s5_h24_w1500,7,24.0675826659041,446.310779861523,133.96825936523544,170.26255019249032,False,False,p95
config_27_det1_b30_s5_h24_w1500,8,19.5984247045618,391.790936353185,142.85824087171682,189.58010634219517,False,True,p95
config_27_det1_b30_s5_h24_w1500,9,14.813237392189,347.069530043393,159.18581831732246,208.25854900755667,True,True,p95
config_27_det1_b30_s5_h24_w1500,10,12.2749345250106,314.281592480616,164.99581518518198,221.75914505758323,True,True,p95
config_27_det1_b30_s5_h24_w1500,11,10.3785968167878,286.18006793008,183.1651875956636,234.1419978277518,True,True,p95
config_27_det1_b30_s5_h24_w1500,12,9.08425019280687,262.551262568411,193.96511452645836,245.07546906866668,True,True,p95
config_27_det1_b30_s5_h24_w1500,13,8.07100869684366,242.465429921281,212.65901325730312,255.0049232556866,True,True,p95
config_27_det1_b30_s5_h24_w1500,14,7.24897508045351,225.256267238797,227.27761393719206,265.15362396107895,True,True,p95
config_27_det1_b30_s5_h24_w1500,15,6.56841598047092,210.321763462317,258.5967463616497,282.5597582301983,True,True,p95
config_27_det1_b30_s5_h24_w1500,16,5.99684734319579,197.206183278909,332.62709139704623,296.1220844451009,True,True,p95
config_27_det1_b30_s5_h24_w1500,17,5.50925993039002,185.62250063012,354.69861956405543,383.1115205912954,True,True,p95
config_27_det1_b30_s5_h24_w1500,18,5.08897006822918,175.317193184827,359.7476936327221,442.19300954368197,True,True,p95
config_27_det1_b30_s5_h24_w1500,19,4.72308712345199,166.110522527026,383.4644673744418,483.40590207539344,True,True,p95
config_27_det1_b30_s5_h24_w1500,20,4.4019262322732,157.810856039111,403.1163127194511,523.5754109324979,True,True,p95
config_28_det1_b30_s20_h4_w50,1,1143.99309910078,724.976931135836,3.74849969987994,11.07976929417688,False,False,p95
config_28_det1_b30_s20_h4_w50,2,226.084029078955,415.578696008349,11.073265236896598,14.879255763935905,False,False,p95
config_28_det1_b30_s20_h4_w50,3,95.9537592016972,309.044693901097,16.188957616214655,17.24966991532135,False,False,p95
config_28_det1_b30_s20_h4_w50,4,55.3066653883184,243.601640148777,18.20242525292144,18.77607325558823,False,False,p95
config_28_det1_b30_s20_h4_w50,5,36.993922117345,199.162959091226,20.33693805394622,21.56479803050275,False,False,p95
config_28_det1_b30_s20_h4_w50,6,27.0813487792226,167.515272305283,24.15252396022343,24.786106763429366,False,False,p95
config_28_det1_b30_s20_h4_w50,7,21.0130117246902,144.270449058323,38.145585339392724,38.77733721314678,False,False,p95
config_28_det1_b30_s20_h4_w50,8,16.9791838231912,126.567457936793,42.55046766341958,42.04141545363092,True,False,p95
config_28_det1_b30_s20_h4_w50,9,14.1386261548201,112.67074195811,49.2700106487422,46.20078677931271,True,False,p95
config_28_det1_b30_s20_h4_w50,10,12.0436968582402,101.492859164877,50.178134439222816,50.144546313635644,True,False,p95
config_28_det1_b30_s20_h4_w50,11,10.4441745847862,92.3147739934436,52.31948118561591,51.22303448224368,True,False,p95
config_28_det1_b30_s20_h4_w50,12,9.18858802088564,84.6488737667435,70.65437656529906,52.65520480036669,True,True,p95
config_28_det1_b30_s20_h4_w50,13,8.17952811343337,78.1526248923616,73.13746586411735,56.69170480227807,True,True,p95
config_28_det1_b30_s20_h4_w50,14,7.35329010871709,72.5789333035372,79.3276025949022,68.04146928109573,True,True,p95
config_28_det1_b30_s20_h4_w50,15,6.66553395622582,67.7448225492957,83.1414054469845,76.0372830412654,True,True,p95
config_28_det1_b30_s20_h4_w50,16,6.08550710316677,63.5135734450523,87.60105625505045,86.8642735762124,True,True,p95
config_28_det1_b30_s20_h4_w50,17,5.59016165342281,59.7788117000728,88.46395848587827,89.34834247988269,True,True,p95
config_28_det1_b30_s20_h4_w50,18,5.1628769216908,56.4585920266622,88.85255029864183,89.87169550847901,True,True,p95
config_28_det1_b30_s20_h4_w50,19,4.7910922066594,53.4876153308822,89.67507224761528,90.42213095693572,True,True,p95
config_28_det1_b30_s20_h4_w50,20,4.46481413819361,50.8136682209736,96.59410863034702,90.99915750515234,True,True,p95
config_29_det1_b30_s20_h4_w500,1,1371.96964499226,1562.09876717853,12.80292583598839,16.65336687586164,False,False,p95
config_29_det1_b30_s20_h4_w500,2,259.641330065364,879.048720659531,19.44443892779551,24.891388090654857,False,False,p95
config_29_det1_b30_s20_h4_w500,3,105.27554977829,661.976402363107,31.983136769630313,37.34448793340276,False,False,p95
config_29_det1_b30_s20_h4_w500,4,59.8243642194367,522.325202955406,48.42900552280322,42.660043188016296,False,False,p95
config_29_det1_b30_s20_h4_w500,5,40.4077641479295,425.720697172114,51.10284103919357,50.45542687739145,False,False,p95
config_29_det1_b30_s20_h4_w500,6,30.0937750463872,358.05135977561,70.65437656529906,58.86681956220802,False,False,p95
config_29_det1_b30_s20_h4_w500,7,23.5282591644182,308.420236242715,83.2096022431808,64.44059582412169,False,False,p95
config_29_det1_b30_s20_h4_w500,8,19.0428108742971,270.599644012954,88.85255029864183,89.34834247988269,True,False,p95
config_29_det1_b30_s20_h4_w500,9,15.852309192731,240.900973795346,107.82989208150482,90.91182861228775,True,False,p95
config_29_det1_b30_s20_h4_w500,10,13.4989773933766,217.007292249313,116.16573227189909,91.98528923426747,True,False,p95
config_29_det1_b30_s20_h4_w500,11,11.7063849801001,197.385914003329,121.98948502380338,102.68597240018683,True,False,p95
config_29_det1_b30_s20_h4_w500,12,10.3024927250127,174.798447942669,123.47497462308141,137.2409156232104,True,True,p95
config_29_det1_b30_s20_h4_w500,13,8.2343773807999,165.736766297224,155.42814802740932,137.73637174727122,True,True,p95
config_29_det1_b30_s20_h4_w500,14,7.1387354334877,155.114313416779,160.53569816395134,138.27525616171283,True,True,p95
config_29_det1_b30_s20_h4_w500,15,6.30992163133089,144.57194507965,189.10390299127238,157.682720344875,True,True,p95
config_29_det1_b30_s20_h4_w500,16,5.64079151507659,135.933108110648,199.2120646216808,159.7744492009047,True,True,p95
config_29_det1_b30_s20_h4_w500,17,5.12956312475836,128.020670362398,225.4824192714447,159.80886952586746,True,True,p95
config_29_det1_b30_s20_h4_w500,18,4.70918677317163,120.936071767983,225.4824192714447,170.55891744256513,True,True,p95
config_29_det1_b30_s20_h4_w500,19,4.34538602141658,114.666952954547,243.75790426197642,200.6464966880263,True,True,p95
config_29_det1_b30_s20_h4_w500,20,4.03167079521766,108.995763264335,264.46053529085486,202.78590027614936,True,True,p95
config_30_det1_b30_s20_h4_w1500,1,1482.77218730659,2195.12941567296,16.188957616214655,18.38004885880723,False,False,p95
config_30_det1_b30_s20_h4_w1500,2,276.168535055985,1274.88781758312,27.32722320326907,37.848051952600755,False,False,p95
config_30_det1_b30_s20_h4_w1500,3,110.489999377789,954.913490984421,49.2700106487422,46.4959819501194,False,False,p95
config_30_det1_b30_s20_h4_w1500,4,62.265165672113,754.396736282332,55.98608039209477,56.7300336997462,False,False,p95
config_30_det1_b30_s20_h4_w1500,5,41.3983921590561,615.089943611065,88.46395848587827,64.36584057312672,False,False,p95
config_30_det1_b30_s20_h4_w1500,6,30.5947542861908,517.737731419071,106.36949918375538,90.26321851814717,False,False,p95
config_30_det1_b30_s20_h4_w1500,7,24.0675826659041,446.310779861523,116.78383376617907,92.65040319281181,False,False,p95
config_30_det1_b30_s20_h4_w1500,8,19.5984247045618,391.790936353185,123.7615856816281,110.64593712487428,True,False,p95
config_30_det1_b30_s20_h4_w1500,9,14.813237392189,347.069530043393,157.98215784718604,122.76099858930223,True,False,p95
config_30_det1_b30_s20_h4_w1500,10,12.2749345250106,314.281592480616,181.11147212713485,137.73637174727122,True,False,p95
config_30_det1_b30_s20_h4_w1500,11,10.3785968167878,286.18006793008,220.17498990130218,158.52741562542158,True,False,p95
config_30_det1_b30_s20_h4_w1500,12,9.08425019280687,262.551262568411,225.4824192714447,159.7744492009047,True,False,p95
config_30_det1_b30_s20_h4_w1500,13,8.07100869684366,242.465429921281,263.5689840645104,172.24619450123424,True,False,p95
config_30_det1_b30_s20_h4_w1500,14,7.24897508045351,225.256267238797,280.46246368816435,200.6464966880263,True,False,p95
config_30_det1_b30_s20_h4_w1500,15,6.56841598047092,210.321763462317,294.7405995218634,203.9718274211893,True,False,p95
config_30_det1_b30_s20_h4_w1500,16,5.99684734319579,197.206183278909,299.38862853404123,210.00564192410732,True,False,p95
config_30_det1_b30_s20_h4_w1500,17,5.50925993039002,185.62250063012,323.16199024135244,227.34561986714863,True,True,p95
config_30_det1_b30_s20_h4_w1500,18,5.08897006822918,175.317193184827,323.16199024135244,246.98311413963614,True,True,p95
config_30_det1_b30_s20_h4_w1500,19,4.72308712345199,166.110522527026,335.1839012048986,259.6102832427855,True,True,p95
config_30_det1_b30_s20_h4_w1500,20,4.4019262322732,157.810856039111,338.82869930227605,268.1517221437525,True,True,p95
config_31_det1_b30_s20_h12_w50,1,1143.99309910078,724.976931135836,3.74849969987994,11.379522908280281,False,False,p95
config_31_det1_b30_s20_h12_w50,2,226.084029078955,415.578696008349,11.073265236896598,16.20667802828817,False,False,p95
config_31_det1_b30_s20_h12_w50,3,95.9537592016972,309.044693901097,16.188957616214655,17.58745805541689,False,False,p95
config_31_det1_b30_s20_h12_w50,4,55.3066653883184,243.601640148777,18.20242525292144,19.5923625015587,False,False,p95
config_31_det1_b30_s20_h12_w50,5,36.993922117345,199.162959091226,20.49312156912166,23.015339024304033,False,False,p95
config_31_det1_b30_s20_h12_w50,6,27.0813487792226,167.515272305283,24.30855229215038,37.848051952600755,False,False,p95
config_31_det1_b30_s20_h12_w50,7,21.0130117246902,144.270449058323,38.145585339392724,39.84904480491428,False,False,p95
config_31_det1_b30_s20_h12_w50,8,16.9791838231912,126.567457936793,41.06357668835565,42.04141545363092,False,False,p95
config_31_det1_b30_s20_h12_w50,9,14.1386261548201,112.67074195811,49.5115990859953,45.79136939785424,True,False,p95
config_31_det1_b30_s20_h12_w50,10,12.0436968582402,101.492859164877,51.450120654543525,52.58862016984777,True,False,p95
config_31_det1_b30_s20_h12_w50,11,10.4441745847862,92.3147739934436,55.748152387926936,61.810687898200285,True,True,p95
config_31_det1_b30_s20_h12_w50,12,9.18858802088564,84.6488737667435,59.948133512633795,65.7172091813722,True,True,p95
config_31_det1_b30_s20_h12_w50,13,8.17952811343337,78.1526248923616,60.865318275174694,67.22411720181678,True,True,p95
config_31_det1_b30_s20_h12_w50,14,7.35329010871709,72.5789333035372,65.80782400589165,75.75167208681277,True,True,p95
config_31_det1_b30_s20_h12_w50,15,6.66553395622582,67.7448225492957,68.08467245175952,89.34834247988269,True,True,p95
config_31_det1_b30_s20_h12_w50,16,6.08550710316677,63.5135734450523,74.43425880562172,90.42213095693572,True,True,p95
config_31_det1_b30_s20_h12_w50,17,5.59016165342281,59.7788117000728,76.6236351639528,90.99915750515234,True,True,p95
config_31_det1_b30_s20_h12_w50,18,5.1628769216908,56.4585920266622,85.81088443129332,91.6309059057275,True,True,p95
config_31_det1_b30_s20_h12_w50,19,4.7910922066594,53.4876153308822,91.32787444069231,92.54979730812343,True,True,p95
config_31_det1_b30_s20_h12_w50,20,4.46481413819361,50.8136682209736,92.80890344572623,93.0826473069801,True,True,p95
config_32_det1_b30_s20_h12_w500,1,1371.96964499226,1562.09876717853,12.80292583598839,17.110837217603688,False,False,p95
config_32_det1_b30_s20_h12_w500,2,259.641330065364,879.048720659531,19.44443892779551,28.508545628244207,False,False,p95
config_32_det1_b30_s20_h12_w500,3,105.27554977829,661.976402363107,36.85853807874351,43.10965040202095,False,False,p95
config_32_det1_b30_s20_h12_w500,4,59.8243642194367,522.325202955406,41.06357668835565,59.45909944728768,False,False,p95
config_32_det1_b30_s20_h12_w500,5,40.4077641479295,425.720697172114,49.97082805282551,65.05461877228927,False,False,p95
config_32_det1_b30_s20_h12_w500,6,30.0937750463872,358.05135977561,62.48883524713443,89.92828442928567,False,False,p95
config_32_det1_b30_s20_h12_w500,7,23.5282591644182,308.420236242715,74.13849459965502,91.48829760143471,True,False,p95
config_32_det1_b30_s20_h12_w500,8,19.0428108742971,270.599644012954,90.0727905056367,93.18264863516978,True,False,p95
config_32_det1_b30_s20_h12_w500,9,15.852309192731,240.900973795346,92.97635666301034,110.7768259242578,True,False,p95
config_32_det1_b30_s20_h12_w500,10,13.4989773933766,217.007292249313,101.38299922750656,124.58726137768264,True,True,p95
config_32_det1_b30_s20_h12_w500,11,11.7063849801001,197.385914003329,107.82989208150482,138.27525616171283,True,True,p95
config_32_det1_b30_s20_h12_w500,12,10.3024927250127,174.798447942669,113.97906278876874,156.91170478373965,True,True,p95
config_32_det1_b30_s20_h12_w500,13,8.2343773807999,165.736766297224,138.27525616171283,159.7744492009047,True,True,p95
config_32_det1_b30_s20_h12_w500,14,7.1387354334877,155.114313416779,139.7394749235986,160.27982187279736,True,True,p95
config_32_det1_b30_s20_h12_w500,15,6.30992163133089,144.57194507965,159.7376746532226,178.09407337904423,True,True,p95
config_32_det1_b30_s20_h12_w500,16,5.64079151507659,135.933108110648,161.9875603594549,192.71039061879972,True,True,p95
config_32_det1_b30_s20_h12_w500,17,5.12956312475836,128.020670362398,174.81380209688672,201.2973132387291,True,True,p95
config_32_det1_b30_s20_h12_w500,18,4.70918677317163,120.936071767983,187.02018972069885,207.57678179252497,True,True,p95
config_32_det1_b30_s20_h12_w500,19,4.34538602141658,114.666952954547,202.13639211750606,216.4823848989819,True,True,p95
config_32_det1_b30_s20_h12_w500,20,4.03167079521766,108.995763264335,202.13639211750606,227.6457591521787,True,True,p95
config_33_det1_b30_s20_h12_w1500,1,1482.77218730659,2195.12941567296,16.188957616214655,21.882344061684293,False,False,p95
config_33_det1_b30_s20_h12_w1500,2,276.168535055985,1274.88781758312,32.180998746518554,49.56475864723754,False,False,p95
config_33_det1_b30_s20_h12_w1500,3,110.489999377789,954.913490984421,44.482903570068906,64.06061628810471,False,False,p95
config_33_det1_b30_s20_h12_w1500,4,62.265165672113,754.396736282332,62.56057721884003,87.96420412825829,False,False,p95
config_33_det1_b30_s20_h12_w1500,5,41.3983921590561,615.089943611065,86.13807128873145,92.67224515158584,False,False,p95
config_33_det1_b30_s20_h12_w1500,6,30.5947542861908,517.737731419071,94.000522186435,110.14362417838123,False,False,p95
config_33_det1_b30_s20_h12_w1500,7,24.0675826659041,446.310779861523,113.04519582931819,121.84908611659858,False,False,p95
config_33_det1_b30_s20_h12_w1500,8,19.5984247045618,391.790936353185,119.29639013201233,139.3452194562438,True,False,p95
config_33_det1_b30_s20_h12_w1500,9,14.813237392189,347.069530043393,149.83015847998365,159.47035473550434,True,False,p95
config_33_det1_b30_s20_h12_w1500,10,12.2749345250106,314.281592480616,160.5724727116335,161.5774718053488,True,False,p95
config_33_det1_b30_s20_h12_w1500,11,10.3785968167878,286.18006793008,178.09407337904423,188.6851286764663,True,True,p95
config_33_det1_b30_s20_h12_w1500,12,9.08425019280687,262.551262568411,201.9680215474507,209.7864965806263,True,True,p95
config_33_det1_b30_s20_h12_w1500,13,8.07100869684366,242.465429921281,203.68828165052787,217.68867012250286,True,True,p95
config_33_det1_b30_s20_h12_w1500,14,7.24897508045351,225.256267238797,220.17498990130218,228.38063307819206,True,True,p95
config_33_det1_b30_s20_h12_w1500,15,6.56841598047092,210.321763462317,229.61352716222305,250.45082647477324,True,True,p95
config_33_det1_b30_s20_h12_w1500,16,5.99684734319579,197.206183278909,248.17804569409384,264.28446094018665,True,True,p95
config_33_det1_b30_s20_h12_w1500,17,5.50925993039002,185.62250063012,264.84752624907594,269.98201221971567,True,True,p95
config_33_det1_b30_s20_h12_w1500,18,5.08897006822918,175.317193184827,266.10463250150656,292.3394749373619,True,True,p95
config_33_det1_b30_s20_h12_w1500,19,4.72308712345199,166.110522527026,266.98665478237336,311.9347734082646,True,True,p95
config_33_det1_b30_s20_h12_w1500,20,4.4019262322732,157.810856039111,293.71169658434565,327.15721585631013,True,True,p95
config_34_det1_b30_s20_h24_w50,1,1143.99309910078,724.976931135836,3.74849969987994,11.379522908280281,False,False,p95
config_34_det1_b30_s20_h24_w50,2,226.084029078955,415.578696008349,11.073265236896598,16.20667802828817,False,False,p95
config_34_det1_b30_s20_h24_w50,3,95.9537592016972,309.044693901097,16.188957616214655,17.58745805541689,False,False,p95
config_34_det1_b30_s20_h24_w50,4,55.3066653883184,243.601640148777,18.20242525292144,19.5923625015587,False,False,p95
config_34_det1_b30_s20_h24_w50,5,36.993922117345,199.162959091226,20.49312156912166,23.015339024304033,False,False,p95
config_34_det1_b30_s20_h24_w50,6,27.0813487792226,167.515272305283,24.30855229215038,37.848051952600755,False,False,p95
config_34_det1_b30_s20_h24_w50,7,21.0130117246902,144.270449058323,38.145585339392724,40.253958661697425,False,False,p95
config_34_det1_b30_s20_h24_w50,8,16.9791838231912,126.567457936793,39.84904480491428,43.5610579166634,False,False,p95
config_34_det1_b30_s20_h24_w50,9,14.1386261548201,112.67074195811,42.732956613575546,54.358789411685535,True,False,p95
config_34_det1_b30_s20_h24_w50,10,12.0436968582402,101.492859164877,50.18964050368423,59.934056994732416,True,True,p95
config_34_det1_b30_s20_h24_w50,11,10.4441745847862,92.3147739934436,54.605597029363395,63.91117923460448,True,True,p95
config_34_det1_b30_s20_h24_w50,12,9.18858802088564,84.6488737667435,59.930866237495856,66.24092654043028,True,True,p95
config_34_det1_b30_s20_h24_w50,13,8.17952811343337,78.1526248923616,60.55278847714152,67.82257260479491,True,True,p95
config_34_det1_b30_s20_h24_w50,14,7.35329010871709,72.5789333035372,65.80782400589165,98.4134364398877,True,True,p95
config_34_det1_b30_s20_h24_w50,15,6.66553395622582,67.7448225492957,68.08467245175952,102.57154157735312,True,True,p95
config_34_det1_b30_s20_h24_w50,16,6.08550710316677,63.5135734450523,74.43425880562172,105.81090782496858,True,True,p95
config_34_det1_b30_s20_h24_w50,17,5.59016165342281,59.7788117000728,76.6236351639528,107.20131700572574,True,True,p95
config_34_det1_b30_s20_h24_w50,18,5.1628769216908,56.4585920266622,85.81088443129332,107.7688486359229,True,True,p95
config_34_det1_b30_s20_h24_w50,19,4.7910922066594,53.4876153308822,85.81088443129332,108.38183728642396,True,True,p95
config_34_det1_b30_s20_h24_w50,20,4.46481413819361,50.8136682209736,86.2519604775195,109.10702757420862,True,True,p95
config_35_det1_b30_s20_h24_w500,1,1371.96964499226,1562.09876717853,12.80292583598839,17.110837217603688,False,False,p95
config_35_det1_b30_s20_h24_w500,2,259.641330065364,879.048720659531,19.44443892779551,29.32778113532228,False,False,p95
config_35_det1_b30_s20_h24_w500,3,105.27554977829,661.976402363107,36.85853807874351,46.23467068252535,False,False,p95
config_35_det1_b30_s20_h24_w500,4,59.8243642194367,522.325202955406,41.06357668835565,62.807860781833796,False,False,p95
config_35_det1_b30_s20_h24_w500,5,40.4077641479295,425.720697172114,49.97082805282551,67.67286535920097,False,False,p95
config_35_det1_b30_s20_h24_w500,6,30.0937750463872,358.05135977561,62.4139024864924,72.26339118337927,False,False,p95
config_35_det1_b30_s20_h24_w500,7,23.5282591644182,308.420236242715,74.21334620359936,91.71117991608656,True,False,p95
config_35_det1_b30_s20_h24_w500,8,19.0428108742971,270.599644012954,85.81088443129332,102.13977855892202,True,False,p95
config_35_det1_b30_s20_h24_w500,9,15.852309192731,240.900973795346,93.81410274443516,121.17282634034504,True,True,p95
config_35_det1_b30_s20_h24_w500,10,13.4989773933766,217.007292249313,99.63189384303456,138.08432129259018,True,True,p95
config_35_det1_b30_s20_h24_w500,11,11.7063849801001,197.385914003329,101.49667904435708,141.61820195807883,True,True,p95
config_35_det1_b30_s20_h24_w500,12,10.3024927250127,174.798447942669,115.92829016340951,164.25503138287976,True,True,p95
config_35_det1_b30_s20_h24_w500,13,8.2343773807999,165.736766297224,131.253106099159,170.5934458382762,True,True,p95
config_35_det1_b30_s20_h24_w500,14,7.1387354334877,155.114313416779,152.91423568082422,172.5249977489933,True,True,p95
config_35_det1_b30_s20_h24_w500,15,6.30992163133089,144.57194507965,159.1486592223037,187.76349192587216,True,True,p95
config_35_det1_b30_s20_h24_w500,16,5.64079151507659,135.933108110648,166.59122890862426,200.98559665706776,True,True,p95
config_35_det1_b30_s20_h24_w500,17,5.12956312475836,128.020670362398,183.7153505015374,204.41039756900705,True,True,p95
config_35_det1_b30_s20_h24_w500,18,4.70918677317163,120.936071767983,190.2068224149171,216.42057697142667,True,True,p95
config_35_det1_b30_s20_h24_w500,19,4.34538602141658,114.666952954547,202.27133161223998,226.17226543823372,True,True,p95
config_35_det1_b30_s20_h24_w500,20,4.03167079521766,108.995763264335,207.66434647992958,242.05559687531348,True,True,p95
config_36_det1_b30_s20_h24_w1500,1,1482.77218730659,2195.12941567296,16.188957616214655,21.882344061684293,False,False,p95
config_36_det1_b30_s20_h24_w1500,2,276.168535055985,1274.88781758312,32.180998746518554,57.67680426009741,False,False,p95
config_36_det1_b30_s20_h24_w1500,3,110.489999377789,954.913490984421,44.482903570068906,66.54605378605154,False,False,p95
config_36_det1_b30_s20_h24_w1500,4,62.265165672113,754.396736282332,62.56057721884003,74.00119216560537,False,False,p95
config_36_det1_b30_s20_h24_w1500,5,41.3983921590561,615.089943611065,85.81088443129332,91.58289275356498,False,False,p95
config_36_det1_b30_s20_h24_w1500,6,30.5947542861908,517.737731419071,95.19706933808024,110.84150285411673,False,False,p95
config_36_det1_b30_s20_h24_w1500,7,24.0675826659041,446.310779861523,109.28987542210882,135.03641443422748,True,False,p95
config_36_det1_b30_s20_h24_w1500,8,19.5984247045618,391.790936353185,120.16082596397115,152.23442273714159,True,False,p95
config_36_det1_b30_s20_h24_w1500,9,14.813237392189,347.069530043393,153.36077725770798,166.16569657060666,True,False,p95
config_36_det1_b30_s20_h24_w1500,10,12.2749345250106,314.281592480616,177.9715447294088,188.72283903431787,True,True,p95
config_36_det1_b30_s20_h24_w1500,11,10.3785968167878,286.18006793008,187.8001865741475,195.67618881609275,True,True,p95
config_36_det1_b30_s20_h24_w1500,12,9.08425019280687,262.551262568411,195.49471103253677,219.8699930416186,True,True,p95
config_36_det1_b30_s20_h24_w1500,13,8.07100869684366,242.465429921281,207.09985886768783,228.58931654314821,True,True,p95
config_36_det1_b30_s20_h24_w1500,14,7.24897508045351,225.256267238797,222.79107143566935,253.72892971341219,True,True,p95
config_36_det1_b30_s20_h24_w1500,15,6.56841598047092,210.321763462317,228.65773808427974,261.67318928968086,True,True,p95
config_36_det1_b30_s20_h24_w1500,16,5.99684734319579,197.206183278909,242.12016888558378,270.0723404731202,True,True,p95
config_36_det1_b30_s20_h24_w1500,17,5.50925993039002,185.62250063012,247.98473927753997,293.7454021863017,True,True,p95
config_36_det1_b30_s20_h24_w1500,18,5.08897006822918,175.317193184827,250.86512747541886,366.3952608466585,True,True,p95
config_36_det1_b30_s20_h24_w1500,19,4.72308712345199,166.110522527026,254.794763666246,415.04869190070417,True,True,p95
config_36_det1_b30_s20_h24_w1500,20,4.4019262322732,157.810856039111,269.1860431175304,463.53569233164995,True,True,p95
config_37_det2_b15_s5_h4_w50,1,1143.99309910078,724.976931135836,5.131885618366801,6.735818435795311,False,False,p95
config_37_det2_b15_s5_h4_w50,2,226.084029078955,415.578696008349,10.731553941531487,17.787811838447134,False,False,p95
config_37_det2_b15_s5_h4_w50,3,95.9537592016972,309.044693901097,17.426165671196863,19.57686765108033,False,False,p95
config_37_det2_b15_s5_h4_w50,4,55.3066653883184,243.601640148777,22.80123351926382,27.49671521418641,False,False,p95
config_37_det2_b15_s5_h4_w50,5,36.993922117345,199.162959091226,28.431826288261316,33.89220043018747,False,False,p95
config_37_det2_b15_s5_h4_w50,6,27.0813487792226,167.515272305283,33.789143966664795,39.73174108946145,False,False,p95
config_37_det2_b15_s5_h4_w50,7,21.0130117246902,144.270449058323,40.583386379157666,41.815442721559215,True,False,p95
config_37_det2_b15_s5_h4_w50,8,16.9791838231912,126.567457936793,42.95097495983065,48.69874288750498,True,False,p95
config_37_det2_b15_s5_h4_w50,9,14.1386261548201,112.67074195811,43.94116805457042,55.08686115113634,True,False,p95
config_37_det2_b15_s5_h4_w50,10,12.0436968582402,101.492859164877,44.718997521236304,61.43823117571013,True,True,p95
config_37_det2_b15_s5_h4_w50,11,10.4441745847862,92.3147739934436,54.83467533520532,66.94043060811605,True,True,p95
config_37_det2_b15_s5_h4_w50,12,9.18858802088564,84.6488737667435,55.76932200018298,70.82041548875578,True,True,p95
config_37_det2_b15_s5_h4_w50,13,8.17952811343337,78.1526248923616,65.21749190209631,80.36330172809446,True,True,p95
config_37_det2_b15_s5_h4_w50,14,7.35329010871709,72.5789333035372,69.52989464971165,82.59123722671617,True,True,p95
config_37_det2_b15_s5_h4_w50,15,6.66553395622582,67.7448225492957,70.93816211342107,84.57693355976534,True,True,p95
config_37_det2_b15_s5_h4_w50,16,6.08550710316677,63.5135734450523,71.1617471854552,95.72356684745924,True,True,p95
config_37_det2_b15_s5_h4_w50,17,5.59016165342281,59.7788117000728,82.11831924361633,98.82740637090504,True,True,p95
config_37_det2_b15_s5_h4_w50,18,5.1628769216908,56.4585920266622,83.48564636495269,108.31646343008065,True,True,p95
config_37_det2_b15_s5_h4_w50,19,4.7910922066594,53.4876153308822,83.84426548100711,110.38119178211667,True,True,p95
config_37_det2_b15_s5_h4_w50,20,4.46481413819361,50.8136682209736,96.184134251458,112.34477712349978,True,True,p95
config_38_det2_b15_s5_h4_w500,1,1371.96964499226,1562.09876717853,12.22523005918498,22.614956334249246,False,False,p95
config_38_det2_b15_s5_h4_w500,2,259.641330065364,879.048720659531,28.08048906028074,32.57332113862509,False,False,p95
config_38_det2_b15_s5_h4_w500,3,105.27554977829,661.976402363107,40.583386379157666,41.57260215574676,False,False,p95
config_38_det2_b15_s5_h4_w500,4,59.8243642194367,522.325202955406,53.59297238544974,55.35193086063032,False,False,p95
config_38_det2_b15_s5_h4_w500,5,40.4077641479295,425.720697172114,66.59603028709745,67.72836370384272,False,False,p95
config_38_det2_b15_s5_h4_w500,6,30.0937750463872,358.05135977561,71.2221243750657,80.6577754754208,False,False,p95
config_38_det2_b15_s5_h4_w500,7,23.5282591644182,308.420236242715,82.23572359991566,92.47138070776276,True,False,p95
config_38_det2_b15_s5_h4_w500,8,19.0428108742971,270.599644012954,84.96036055878123,103.51700947187375,True,False,p95
config_38_det2_b15_s5_h4_w500,9,15.852309192731,240.900973795346,103.36077816762992,112.02420841129334,True,False,p95
config_38_det2_b15_s5_h4_w500,10,13.4989773933766,217.007292249313,108.46413609706758,124.88799481935804,True,True,p95
config_38_det2_b15_s5_h4_w500,11,11.7063849801001,197.385914003329,122.21590015214876,138.52074721759868,True,True,p95
config_38_det2_b15_s5_h4_w500,12,10.3024927250127,174.798447942669,124.85213754677972,154.02637761110918,True,True,p95
config_38_det2_b15_s5_h4_w500,13,8.2343773807999,165.736766297224,141.81369821001073,165.05626062137353,True,True,p95
config_38_det2_b15_s5_h4_w500,14,7.1387354334877,155.114313416779,154.86324241320284,170.5025102556403,True,True,p95
config_38_det2_b15_s5_h4_w500,15,6.30992163133089,144.57194507965,170.13413825567167,183.95821536425058,True,True,p95
config_38_det2_b15_s5_h4_w500,16,5.64079151507659,135.933108110648,190.45338499083806,196.2552009792821,True,True,p95
config_38_det2_b15_s5_h4_w500,17,5.12956312475836,128.020670362398,197.65278900131918,209.95386397968483,True,True,p95
config_38_det2_b15_s5_h4_w500,18,4.70918677317163,120.936071767983,218.54602495451581,223.64002800485918,True,True,p95
config_38_det2_b15_s5_h4_w500,19,4.34538602141658,114.666952954547,225.85531873303316,237.65547542608817,True,True,p95
config_38_det2_b15_s5_h4_w500,20,4.03167079521766,108.995763264335,240.7127437424118,248.21153006830673,True,True,p95
config_39_det2_b15_s5_h4_w1500,1,1482.77218730659,2195.12941567296,22.724133646852195,26.20482901666107,False,False,p95
config_39_det2_b15_s5_h4_w1500,2,276.168535055985,1274.88781758312,34.44337744763135,41.71524002088445,False,False,p95
config_39_det2_b15_s5_h4_w1500,3,110.489999377789,954.913490984421,55.916413540472405,56.1192210838664,False,False,p95
config_39_det2_b15_s5_h4_w1500,4,62.265165672113,754.396736282332,78.22166364483807,72.44433207642955,False,False,p95
config_39_det2_b15_s5_h4_w1500,5,41.3983921590561,615.089943611065,93.08614961421489,84.5612176299133,False,False,p95
config_39_det2_b15_s5_h4_w1500,6,30.5947542861908,517.737731419071,103.75845532906715,107.54572147153664,False,False,p95
config_39_det2_b15_s5_h4_w1500,7,24.0675826659041,446.310779861523,116.14107222200772,120.1902086278246,True,False,p95
config_39_det2_b15_s5_h4_w1500,8,19.5984247045618,391.790936353185,127.1285700577161,136.900614218315,True,False,p95
config_39_det2_b15_s5_h4_w1500,9,14.813237392189,347.069530043393,154.86324241320284,153.03635189065375,True,False,p95
config_39_det2_b15_s5_h4_w1500,10,12.2749345250106,314.281592480616,176.43848989064105,166.25802217062088,True,False,p95
config_39_det2_b15_s5_h4_w1500,11,10.3785968167878,286.18006793008,197.65278900131918,181.54372751488827,True,False,p95
config_39_det2_b15_s5_h4_w1500,12,9.08425019280687,262.551262568411,225.2734449507975,197.17983346704946,True,True,p95
config_39_det2_b15_s5_h4_w1500,13,8.07100869684366,242.465429921281,241.31591494874053,212.04392233685925,True,True,p95
config_39_det2_b15_s5_h4_w1500,14,7.24897508045351,225.256267238797,266.67981738406826,232.75657885439028,True,True,p95
config_39_det2_b15_s5_h4_w1500,15,6.56841598047092,210.321763462317,282.01174620926696,249.70163672976443,True,True,p95
config_39_det2_b15_s5_h4_w1500,16,5.99684734319579,197.206183278909,303.0794177665632,265.6597918391114,True,True,p95
config_39_det2_b15_s5_h4_w1500,17,5.50925993039002,185.62250063012,312.3981834134123,281.43893157578566,True,True,p95
config_39_det2_b15_s5_h4_w1500,18,5.08897006822918,175.317193184827,331.49772331755105,296.2737332265552,True,True,p95
config_39_det2_b15_s5_h4_w1500,19,4.72308712345199,166.110522527026,342.78168231216057,313.70752402066194,True,True,p95
config_39_det2_b15_s5_h4_w1500,20,4.4019262322732,157.810856039111,359.6033205650655,335.5446054706224,True,True,p95
config_40_det2_b15_s5_h12_w50,1,1143.99309910078,724.976931135836,5.131885618366801,6.735818435795311,False,False,p95
config_40_det2_b15_s5_h12_w50,2,226.084029078955,415.578696008349,10.731553941531487,18.22885761642786,False,False,p95
config_40_det2_b15_s5_h12_w50,3,95.9537592016972,309.044693901097,17.426165671196863,22.655711200489822,False,False,p95
config_40_det2_b15_s5_h12_w50,4,55.3066653883184,243.601640148777,22.80123351926382,29.13033212992945,False,False,p95
config_40_det2_b15_s5_h12_w50,5,36.993922117345,199.162959091226,27.570024483122967,42.49669709804651,False,False,p95
config_40_det2_b15_s5_h12_w50,6,27.0813487792226,167.515272305283,34.588744556575044,58.44431505062867,False,False,p95
config_40_det2_b15_s5_h12_w50,7,21.0130117246902,144.270449058323,39.24112957089793,67.9942736559484,False,True,p95
config_40_det2_b15_s5_h12_w50,8,16.9791838231912,126.567457936793,50.74915321912938,71.92597757416996,True,True,p95
config_40_det2_b15_s5_h12_w50,9,14.1386261548201,112.67074195811,54.19413818468415,76.7361795374255,True,True,p95
config_40_det2_b15_s5_h12_w50,10,12.0436968582402,101.492859164877,62.14934633606374,83.40357456368402,True,True,p95
config_40_det2_b15_s5_h12_w50,11,10.4441745847862,92.3147739934436,69.22244036437895,85.59158831672966,True,True,p95
config_40_det2_b15_s5_h12_w50,12,9.18858802088564,84.6488737667435,70.4652840056719,92.47138070776276,True,True,p95
config_40_det2_b15_s5_h12_w50,13,8.17952811343337,78.1526248923616,71.62284028157498,179.42024690652948,True,True,p95
config_40_det2_b15_s5_h12_w50,14,7.35329010871709,72.5789333035372,73.13703747076443,181.39494204635366,True,True,p95
config_40_det2_b15_s5_h12_w50,15,6.66553395622582,67.7448225492957,78.47166540048246,182.55033552420548,True,True,p95
config_40_det2_b15_s5_h12_w50,16,6.08550710316677,63.5135734450523,81.67816516184533,182.9361227314059,True,True,p95
config_40_det2_b15_s5_h12_w50,17,5.59016165342281,59.7788117000728,84.82344163024746,182.9361227314059,True,True,p95
config_40_det2_b15_s5_h12_w50,18,5.1628769216908,56.4585920266622,114.7628914327275,182.9361227314059,True,True,p95
config_40_det2_b15_s5_h12_w50,19,4.7910922066594,53.4876153308822,126.61603867599081,183.25972006963232,True,True,p95
config_40_det2_b15_s5_h12_w50,20,4.46481413819361,50.8136682209736,127.10062790931504,183.67668605459974,True,True,p95
config_41_det2_b15_s5_h12_w500,1,1371.96964499226,1562.09876717853,12.22523005918498,22.655711200489822,False,False,p95
config_41_det2_b15_s5_h12_w500,2,259.641330065364,879.048720659531,25.643639562277425,36.85866587384844,False,False,p95
config_41_det2_b15_s5_h12_w500,3,105.27554977829,661.976402363107,42.503367114757836,55.72217870383484,False,False,p95
config_41_det2_b15_s5_h12_w500,4,59.8243642194367,522.325202955406,69.9837213214616,71.7703368391148,False,False,p95
config_41_det2_b15_s5_h12_w500,5,40.4077641479295,425.720697172114,76.68866441658767,84.5612176299133,False,False,p95
config_41_det2_b15_s5_h12_w500,6,30.0937750463872,358.05135977561,84.1809090431704,103.94067323321946,False,False,p95
config_41_det2_b15_s5_h12_w500,7,23.5282591644182,308.420236242715,88.57091993799084,119.68200052639494,False,False,p95
config_41_det2_b15_s5_h12_w500,8,19.0428108742971,270.599644012954,99.95206976346212,128.7560678181809,True,True,p95
config_41_det2_b15_s5_h12_w500,9,15.852309192731,240.900973795346,102.84629071442285,139.57688304738528,True,True,p95
config_41_det2_b15_s5_h12_w500,10,13.4989773933766,217.007292249313,111.44111057187854,162.17255849491522,True,True,p95
config_41_det2_b15_s5_h12_w500,11,11.7063849801001,197.385914003329,119.03107262391615,166.51795333141183,True,True,p95
config_41_det2_b15_s5_h12_w500,12,10.3024927250127,174.798447942669,124.90636993364268,176.12956878389272,True,True,p95
config_41_det2_b15_s5_h12_w500,13,8.2343773807999,165.736766297224,189.28806901899327,181.51480655858353,True,True,p95
config_41_det2_b15_s5_h12_w500,14,7.1387354334877,155.114313416779,236.63289078232552,189.08496767326588,True,True,p95
config_41_det2_b15_s5_h12_w500,15,6.30992163133089,144.57194507965,248.30931439886461,199.21429650979752,True,True,p95
config_41_det2_b15_s5_h12_w500,16,5.64079151507659,135.933108110648,255.7330981147984,210.99200221809357,True,True,p95
config_41_det2_b15_s5_h12_w500,17,5.12956312475836,128.020670362398,264.90587951195045,221.6531418406948,True,True,p95
config_41_det2_b15_s5_h12_w500,18,4.70918677317163,120.936071767983,272.9205470462054,227.4028718733221,True,True,p95
config_41_det2_b15_s5_h12_w500,19,4.34538602141658,114.666952954547,280.24096293769117,239.92837472879276,True,True,p95
config_41_det2_b15_s5_h12_w500,20,4.03167079521766,108.995763264335,283.76237293834265,253.3369222798381,True,True,p95
config_42_det2_b15_s5_h12_w1500,1,1482.77218730659,2195.12941567296,22.80123351926382,36.40908197139829,False,False,p95
config_42_det2_b15_s5_h12_w1500,2,276.168535055985,1274.88781758312,42.4975440466858,55.39631844466682,False,False,p95
config_42_det2_b15_s5_h12_w1500,3,110.489999377789,954.913490984421,77.74219690144656,75.53545344624243,False,False,p95
config_42_det2_b15_s5_h12_w1500,4,62.265165672113,754.396736282332,90.5235397562424,97.75334393257347,False,False,p95
config_42_det2_b15_s5_h12_w1500,5,41.3983921590561,615.089943611065,98.8337809152316,120.61366527056542,False,False,p95
config_42_det2_b15_s5_h12_w1500,6,30.5947542861908,517.737731419071,108.33139810361325,139.57688304738528,False,False,p95
config_42_det2_b15_s5_h12_w1500,7,24.0675826659041,446.310779861523,114.74396923347093,157.08477010837174,True,False,p95
config_42_det2_b15_s5_h12_w1500,8,19.5984247045618,391.790936353185,126.81490941525763,171.90318499663437,True,False,p95
config_42_det2_b15_s5_h12_w1500,9,14.813237392189,347.069530043393,143.42282910701152,193.04234363870103,True,False,p95
config_42_det2_b15_s5_h12_w1500,10,12.2749345250106,314.281592480616,190.69069914268835,209.42809028399222,True,False,p95
config_42_det2_b15_s5_h12_w1500,11,10.3785968167878,286.18006793008,240.1365089975258,223.8069819195747,True,False,p95
config_42_det2_b15_s5_h12_w1500,12,9.08425019280687,262.551262568411,251.72653474970025,239.41099598807068,True,False,p95
config_42_det2_b15_s5_h12_w1500,13,8.07100869684366,242.465429921281,265.05306072558375,254.9696652742279,True,True,p95
config_42_det2_b15_s5_h12_w1500,14,7.24897508045351,225.256267238797,269.66020284795457,269.66020284795457,True,True,p95
config_42_det2_b15_s5_h12_w1500,15,6.56841598047092,210.321763462317,274.8601917339068,283.767662713842,True,True,p95
config_42_det2_b15_s5_h12_w1500,16,5.99684734319579,197.206183278909,277.93950737004695,301.17374553569573,True,True,p95
config_42_det2_b15_s5_h12_w1500,17,5.50925993039002,185.62250063012,284.05523872311704,315.2052615363385,True,True,p95
config_42_det2_b15_s5_h12_w1500,18,5.08897006822918,175.317193184827,295.083250964876,333.81772771335545,True,True,p95
config_42_det2_b15_s5_h12_w1500,19,4.72308712345199,166.110522527026,303.65133992038204,347.3305342177678,True,True,p95
config_42_det2_b15_s5_h12_w1500,20,4.4019262322732,157.810856039111,307.0671507250453,365.1014851708897,True,True,p95
config_43_det2_b15_s5_h24_w50,1,1143.99309910078,724.976931135836,5.131885618366801,6.735818435795311,False,False,p95
config_43_det2_b15_s5_h24_w50,2,226.084029078955,415.578696008349,10.731553941531487,18.22885761642786,False,False,p95
config_43_det2_b15_s5_h24_w50,3,95.9537592016972,309.044693901097,17.426165671196863,22.655711200489822,False,False,p95
config_43_det2_b15_s5_h24_w50,4,55.3066653883184,243.601640148777,22.80123351926382,29.13033212992945,False,False,p95
config_43_det2_b15_s5_h24_w50,5,36.993922117345,199.162959091226,27.570024483122967,36.242464734065756,False,False,p95
config_43_det2_b15_s5_h24_w50,6,27.0813487792226,167.515272305283,34.588744556575044,37.4419049996124,False,False,p95
config_43_det2_b15_s5_h24_w50,7,21.0130117246902,144.270449058323,39.24112957089793,43.443713584361085,True,False,p95
config_43_det2_b15_s5_h24_w50,8,16.9791838231912,126.567457936793,42.525066137514706,48.298253073998445,True,False,p95
config_43_det2_b15_s5_h24_w50,9,14.1386261548201,112.67074195811,44.02659707495005,96.76970182034839,True,True,p95
config_43_det2_b15_s5_h24_w50,10,12.0436968582402,101.492859164877,49.29149267368559,112.37966137910996,True,True,p95
config_43_det2_b15_s5_h24_w50,11,10.4441745847862,92.3147739934436,54.84761845331116,121.98518865009801,True,True,p95
config_43_det2_b15_s5_h24_w50,12,9.18858802088564,84.6488737667435,57.846445439629214,176.12956878389272,True,True,p95
config_43_det2_b15_s5_h24_w50,13,8.17952811343337,78.1526248923616,59.48749455396778,179.42024690652948,True,True,p95
config_43_det2_b15_s5_h24_w50,14,7.35329010871709,72.5789333035372,74.81977858724318,180.0531171626862,True,True,p95
config_43_det2_b15_s5_h24_w50,15,6.66553395622582,67.7448225492957,77.55309515349865,182.6187969514639,True,True,p95
config_43_det2_b15_s5_h24_w50,16,6.08550710316677,63.5135734450523,96.0011682600736,182.9361227314059,True,True,p95
config_43_det2_b15_s5_h24_w50,17,5.59016165342281,59.7788117000728,107.9017800464817,182.9361227314059,True,True,p95
config_43_det2_b15_s5_h24_w50,18,5.1628769216908,56.4585920266622,113.59797594802883,182.9361227314059,True,True,p95
config_43_det2_b15_s5_h24_w50,19,4.7910922066594,53.4876153308822,114.52908440448041,182.9361227314059,True,True,p95
config_43_det2_b15_s5_h24_w50,20,4.46481413819361,50.8136682209736,116.37806162446256,183.46832151627703,True,True,p95
config_44_det2_b15_s5_h24_w500,1,1371.96964499226,1562.09876717853,12.22523005918498,22.655711200489822,False,False,p95
config_44_det2_b15_s5_h24_w500,2,259.641330065364,879.048720659531,25.643639562277425,36.85866587384844,False,False,p95
config_44_det2_b15_s5_h24_w500,3,105.27554977829,661.976402363107,38.801175884243506,41.50814679072049,False,False,p95
config_44_det2_b15_s5_h24_w500,4,59.8243642194367,522.325202955406,48.35288470102965,54.28145401516065,False,False,p95
config_44_det2_b15_s5_h24_w500,5,40.4077641479295,425.720697172114,57.769528447272634,95.11969433298238,False,False,p95
config_44_det2_b15_s5_h24_w500,6,30.0937750463872,358.05135977561,93.79813608518288,121.78471271058613,False,False,p95
config_44_det2_b15_s5_h24_w500,7,23.5282591644182,308.420236242715,117.1968260498156,135.6374373635635,False,False,p95
config_44_det2_b15_s5_h24_w500,8,19.0428108742971,270.599644012954,126.18508727262504,151.10137325649956,False,True,p95
config_44_det2_b15_s5_h24_w500,9,15.852309192731,240.900973795346,128.15079008730302,162.67831051710039,True,True,p95
config_44_det2_b15_s5_h24_w500,10,13.4989773933766,217.007292249313,132.57306588810906,171.3099304010016,True,True,p95
config_44_det2_b15_s5_h24_w500,11,11.7063849801001,197.385914003329,138.95094021127213,183.80050326372884,True,True,p95
config_44_det2_b15_s5_h24_w500,12,10.3024927250127,174.798447942669,143.60608246153532,194.40685004570076,True,True,p95
config_44_det2_b15_s5_h24_w500,13,8.2343773807999,165.736766297224,153.74044685768283,204.05667104998062,True,True,p95
config_44_det2_b15_s5_h24_w500,14,7.1387354334877,155.114313416779,156.94146998164635,221.1305004327557,True,True,p95
config_44_det2_b15_s5_h24_w500,15,6.30992163133089,144.57194507965,162.5934346768036,230.44687164835318,True,True,p95
config_44_det2_b15_s5_h24_w500,16,5.64079151507659,135.933108110648,169.10093139897248,240.47894918266755,True,True,p95
config_44_det2_b15_s5_h24_w500,17,5.12956312475836,128.020670362398,178.52765892152397,245.2419723456815,True,True,p95
config_44_det2_b15_s5_h24_w500,18,4.70918677317163,120.936071767983,179.9725673540276,255.27754503676974,True,True,p95
config_44_det2_b15_s5_h24_w500,19,4.34538602141658,114.666952954547,194.8900330955896,259.2599087054274,True,True,p95
config_44_det2_b15_s5_h24_w500,20,4.03167079521766,108.995763264335,296.45888863182233,268.35447639269967,True,True,p95
config_45_det2_b15_s5_h24_w1500,1,1482.77218730659,2195.12941567296,22.724133646852195,36.40908197139829,False,False,p95
config_45_det2_b15_s5_h24_w1500,2,276.168535055985,1274.88781758312,42.4975440466858,54.69356680634387,False,False,p95
config_45_det2_b15_s5_h24_w1500,3,110.489999377789,954.913490984421,53.33530420693914,60.69061912684694,False,False,p95
config_45_det2_b15_s5_h24_w1500,4,62.265165672113,754.396736282332,72.86795890015932,110.1999379964291,False,False,p95
config_45_det2_b15_s5_h24_w1500,5,41.3983921590561,615.089943611065,125.73047065051493,126.95520863674716,False,False,p95
config_45_det2_b15_s5_h24_w1500,6,30.5947542861908,517.737731419071,128.7560678181809,153.42139681283052,False,False,p95
config_45_det2_b15_s5_h24_w1500,7,24.0675826659041,446.310779861523,141.07136500710038,166.9918232245457,False,False,p95
config_45_det2_b15_s5_h24_w1500,8,19.5984247045618,391.790936353185,149.007130701856,184.34376854127726,False,True,p95
config_45_det2_b15_s5_h24_w1500,9,14.813237392189,347.069530043393,160.5276455941468,212.04392233685925,True,True,p95
config_45_det2_b15_s5_h24_w1500,10,12.2749345250106,314.281592480616,170.36468237284393,227.30843293358902,True,True,p95
config_45_det2_b15_s5_h24_w1500,11,10.3785968167878,286.18006793008,176.4061365145782,244.4230451491839,True,True,p95
config_45_det2_b15_s5_h24_w1500,12,9.08425019280687,262.551262568411,186.89135536056276,256.8146458461855,True,True,p95
config_45_det2_b15_s5_h24_w1500,13,8.07100869684366,242.465429921281,209.41308563275243,271.15055780875684,True,True,p95
config_45_det2_b15_s5_h24_w1500,14,7.24897508045351,225.256267238797,223.87459249524431,283.56590939677193,True,True,p95
config_45_det2_b15_s5_h24_w1500,15,6.56841598047092,210.321763462317,241.7815609526561,298.13904039831027,True,True,p95
config_45_det2_b15_s5_h24_w1500,16,5.99684734319579,197.206183278909,249.28807729990893,353.0276193161096,True,True,p95
config_45_det2_b15_s5_h24_w1500,17,5.50925993039002,185.62250063012,350.12069347583554,388.70093299334224,True,True,p95
config_45_det2_b15_s5_h24_w1500,18,5.08897006822918,175.317193184827,353.8657345320962,421.986360108,True,True,p95
config_45_det2_b15_s5_h24_w1500,19,4.72308712345199,166.110522527026,366.68160447124285,449.6432773091984,True,True,p95
config_45_det2_b15_s5_h24_w1500,20,4.4019262322732,157.810856039111,379.8453632730035,473.73822436157195,True,True,p95
config_46_det2_b15_s20_h4_w50,1,1143.99309910078,724.976931135836,4.486228928621454,1.0182265312012087,False,False,p95
config_46_det2_b15_s20_h4_w50,2,226.084029078955,415.578696008349,8.446078971925374,7.077870442442416,False,False,p95
config_46_det2_b15_s20_h4_w50,3,95.9537592016972,309.044693901097,16.725168160589597,19.602710271796603,False,False,p95
config_46_det2_b15_s20_h4_w50,4,55.3066653883184,243.601640148777,22.237721331107647,23.950495819502358,False,False,p95
config_46_det2_b15_s20_h4_w50,5,36.993922117345,199.162959091226,27.15062153984693,26.24892854956179,False,False,p95
config_46_det2_b15_s20_h4_w50,6,27.0813487792226,167.515272305283,29.221332105159064,28.865745270129437,True,False,p95
config_46_det2_b15_s20_h4_w50,7,21.0130117246902,144.270449058323,32.14430353888539,34.28886481060579,True,False,p95
config_46_det2_b15_s20_h4_w50,8,16.9791838231912,126.567457936793,35.24856380052952,48.944726477936314,True,False,p95
config_46_det2_b15_s20_h4_w50,9,14.1386261548201,112.67074195811,47.33932033732634,50.14410483795677,True,False,p95
config_46_det2_b15_s20_h4_w50,10,12.0436968582402,101.492859164877,67.79643242826278,50.619277454345394,True,False,p95
config_46_det2_b15_s20_h4_w50,11,10.4441745847862,92.3147739934436,72.16426574143189,50.619277454345394,True,False,p95
config_46_det2_b15_s20_h4_w50,12,9.18858802088564,84.6488737667435,72.16426574143189,70.3607934150831,True,True,p95
config_46_det2_b15_s20_h4_w50,13,8.17952811343337,78.1526248923616,73.70031377138092,72.40736323054445,True,True,p95
config_46_det2_b15_s20_h4_w50,14,7.35329010871709,72.5789333035372,73.70031377138092,82.49488620514607,True,True,p95
config_46_det2_b15_s20_h4_w50,15,6.66553395622582,67.7448225492957,82.88263539487629,82.53387940718648,True,True,p95
config_46_det2_b15_s20_h4_w50,16,6.08550710316677,63.5135734450523,95.790298308336,82.88263539487629,True,True,p95
config_46_det2_b15_s20_h4_w50,17,5.59016165342281,59.7788117000728,115.96819068175549,83.29559562185746,True,True,p95
config_46_det2_b15_s20_h4_w50,18,5.1628769216908,56.4585920266622,118.16120873620073,97.69693572471964,True,True,p95
config_46_det2_b15_s20_h4_w50,19,4.7910922066594,53.4876153308822,120.50131223351885,98.08400098894823,True,True,p95
config_46_det2_b15_s20_h4_w50,20,4.46481413819361,50.8136682209736,120.50131223351885,116.98343899886001,True,True,p95
config_47_det2_b15_s20_h4_w500,1,1371.96964499226,1562.09876717853,9.038044589400961,16.725168160589597,False,False,p95
config_47_det2_b15_s20_h4_w500,2,259.641330065364,879.048720659531,21.63980706938026,25.395004430005518,False,False,p95
config_47_det2_b15_s20_h4_w500,3,105.27554977829,661.976402363107,30.469759598657813,32.78949908126076,False,False,p95
config_47_det2_b15_s20_h4_w500,4,59.8243642194367,522.325202955406,37.68867535480651,48.944726477936314,False,False,p95
config_47_det2_b15_s20_h4_w500,5,40.4077641479295,425.720697172114,69.15479918270314,50.14410483795677,False,False,p95
config_47_det2_b15_s20_h4_w500,6,30.0937750463872,358.05135977561,73.70031377138092,59.305462403596025,False,False,p95
config_47_det2_b15_s20_h4_w500,7,23.5282591644182,308.420236242715,82.88263539487629,82.13270511799792,False,False,p95
config_47_det2_b15_s20_h4_w500,8,19.0428108742971,270.599644012954,118.16120873620073,82.88263539487629,True,False,p95
config_47_det2_b15_s20_h4_w500,9,15.852309192731,240.900973795346,120.50131223351885,83.68850727549153,True,False,p95
config_47_det2_b15_s20_h4_w500,10,13.4989773933766,217.007292249313,122.87760678821833,99.26628959520951,True,False,p95
config_47_det2_b15_s20_h4_w500,11,11.7063849801001,197.385914003329,123.51445765577404,116.27177215472378,True,False,p95
config_47_det2_b15_s20_h4_w500,12,10.3024927250127,174.798447942669,126.92763686447486,126.92763686447486,True,True,p95
config_47_det2_b15_s20_h4_w500,13,8.2343773807999,165.736766297224,166.57768457989803,128.01611226716736,True,True,p95
config_47_det2_b15_s20_h4_w500,14,7.1387354334877,155.114313416779,173.56590967122548,140.48531951773467,True,True,p95
config_47_det2_b15_s20_h4_w500,15,6.30992163133089,144.57194507965,197.16268663213128,151.18076927969378,True,True,p95
config_47_det2_b15_s20_h4_w500,16,5.64079151507659,135.933108110648,217.50890786356314,159.7908789637256,True,True,p95
config_47_det2_b15_s20_h4_w500,17,5.12956312475836,128.020670362398,222.26813761760815,173.39442032545338,True,True,p95
config_47_det2_b15_s20_h4_w500,18,4.70918677317163,120.936071767983,245.66771257126973,174.13967095409362,True,True,p95
config_47_det2_b15_s20_h4_w500,19,4.34538602141658,114.666952954547,254.43687822326385,190.65053107715173,True,True,p95
config_47_det2_b15_s20_h4_w500,20,4.03167079521766,108.995763264335,271.3560852459366,204.26484034214013,True,True,p95
config_48_det2_b15_s20_h4_w1500,1,1482.77218730659,2195.12941567296,16.725168160589597,21.570031293440444,False,False,p95
config_48_det2_b15_s20_h4_w1500,2,276.168535055985,1274.88781758312,28.692965165698716,33.39395529133978,False,False,p95
config_48_det2_b15_s20_h4_w1500,3,110.489999377789,954.913490984421,46.59824299262795,49.750841701422495,False,False,p95
config_48_det2_b15_s20_h4_w1500,4,62.265165672113,754.396736282332,73.70031377138092,51.7030725968182,False,False,p95
config_48_det2_b15_s20_h4_w1500,5,41.3983921590561,615.089943611065,92.68962320562102,70.5329444302448,False,False,p95
config_48_det2_b15_s20_h4_w1500,6,30.5947542861908,517.737731419071,118.16120873620073,82.88263539487629,False,False,p95
config_48_det2_b15_s20_h4_w1500,7,24.0675826659041,446.310779861523,122.87760678821833,96.78342445894339,False,False,p95
config_48_det2_b15_s20_h4_w1500,8,19.5984247045618,391.790936353185,128.01611226716736,101.30042395354023,True,False,p95
config_48_det2_b15_s20_h4_w1500,9,14.813237392189,347.069530043393,166.57768457989803,126.0857842899032,True,False,p95
config_48_det2_b15_s20_h4_w1500,10,12.2749345250106,314.281592480616,177.2078581779036,129.92930770230402,True,False,p95
config_48_det2_b15_s20_h4_w1500,11,10.3785968167878,286.18006793008,207.17534843701844,146.00385187560937,True,False,p95
config_48_det2_b15_s20_h4_w1500,12,9.08425019280687,262.551262568411,225.76010497871408,160.05563066177453,True,False,p95
config_48_det2_b15_s20_h4_w1500,13,8.07100869684366,242.465429921281,249.65000500700975,172.70676014562952,True,False,p95
config_48_det2_b15_s20_h4_w1500,14,7.24897508045351,225.256267238797,271.3560852459366,189.45480991518795,True,False,p95
config_48_det2_b15_s20_h4_w1500,15,6.56841598047092,210.321763462317,295.9613572748983,198.171251475214,True,False,p95
config_48_det2_b15_s20_h4_w1500,16,5.99684734319579,197.206183278909,298.73085712728107,217.14655189525806,True,True,p95
config_48_det2_b15_s20_h4_w1500,17,5.50925993039002,185.62250063012,305.99446881480213,222.2906318313932,True,True,p95
config_48_det2_b15_s20_h4_w1500,18,5.08897006822918,175.317193184827,307.6062736342118,240.6790549290647,True,True,p95
config_48_det2_b15_s20_h4_w1500,19,4.72308712345199,166.110522527026,319.00881649258537,251.66911742756315,True,True,p95
config_48_det2_b15_s20_h4_w1500,20,4.4019262322732,157.810856039111,321.66072965160043,268.12520396262636,True,True,p95
config_49_det2_b15_s20_h12_w50,1,1143.99309910078,724.976931135836,4.486228928621454,1.0182265312012087,False,False,p95
config_49_det2_b15_s20_h12_w50,2,226.084029078955,415.578696008349,8.446078971925374,7.077870442442416,False,False,p95
config_49_det2_b15_s20_h12_w50,3,95.9537592016972,309.044693901097,16.725168160589597,20.166215559692898,False,False,p95
config_49_det2_b15_s20_h12_w50,4,55.3066653883184,243.601640148777,22.237721331107647,25.362201205731335,False,False,p95
config_49_det2_b15_s20_h12_w50,5,36.993922117345,199.162959091226,27.15062153984693,27.097532175458337,False,False,p95
config_49_det2_b15_s20_h12_w50,6,27.0813487792226,167.515272305283,29.221332105159064,32.93943305523032,True,False,p95
config_49_det2_b15_s20_h12_w50,7,21.0130117246902,144.270449058323,32.290265561001505,37.4419049996124,True,False,p95
config_49_det2_b15_s20_h12_w50,8,16.9791838231912,126.567457936793,46.367351121236155,41.340310231056556,True,False,p95
config_49_det2_b15_s20_h12_w50,9,14.1386261548201,112.67074195811,47.33932033732634,48.25863912295911,True,False,p95
config_49_det2_b15_s20_h12_w50,10,12.0436968582402,101.492859164877,48.25863912295911,49.94583315953394,True,False,p95
config_49_det2_b15_s20_h12_w50,11,10.4441745847862,92.3147739934436,49.98050870089259,70.5329444302448,True,True,p95
config_49_det2_b15_s20_h12_w50,12,9.18858802088564,84.6488737667435,58.76143505735713,72.16426574143189,True,True,p95
config_49_det2_b15_s20_h12_w50,13,8.17952811343337,78.1526248923616,67.79643242826278,73.36709923392092,True,True,p95
config_49_det2_b15_s20_h12_w50,14,7.35329010871709,72.5789333035372,70.5329444302448,82.49488620514607,True,True,p95
config_49_det2_b15_s20_h12_w50,15,6.66553395622582,67.7448225492957,73.06932495924674,82.88263539487629,True,True,p95
config_49_det2_b15_s20_h12_w50,16,6.08550710316677,63.5135734450523,74.17685791404216,82.97298506140417,True,True,p95
config_49_det2_b15_s20_h12_w50,17,5.59016165342281,59.7788117000728,81.23002062045781,97.18223217234723,True,True,p95
config_49_det2_b15_s20_h12_w50,18,5.1628769216908,56.4585920266622,82.60363944766598,100.65665030190503,True,True,p95
config_49_det2_b15_s20_h12_w50,19,4.7910922066594,53.4876153308822,115.96819068175549,115.96819068175549,True,True,p95
config_49_det2_b15_s20_h12_w50,20,4.46481413819361,50.8136682209736,118.16120873620073,118.16120873620073,True,True,p95
config_50_det2_b15_s20_h12_w500,1,1371.96964499226,1562.09876717853,9.038044589400961,17.08848296368054,False,False,p95
config_50_det2_b15_s20_h12_w500,2,259.641330065364,879.048720659531,21.63980706938026,29.486543541079886,False,False,p95
config_50_det2_b15_s20_h12_w500,3,105.27554977829,661.976402363107,30.82947047874809,36.39239274903479,False,False,p95
config_50_det2_b15_s20_h12_w500,4,59.8243642194367,522.325202955406,46.59824299262795,47.33932033732634,False,False,p95
config_50_det2_b15_s20_h12_w500,5,40.4077641479295,425.720697172114,51.52549126403357,57.700790722484896,False,False,p95
config_50_det2_b15_s20_h12_w500,6,30.0937750463872,358.05135977561,72.16426574143189,70.72822102951551,False,False,p95
config_50_det2_b15_s20_h12_w500,7,23.5282591644182,308.420236242715,97.3620074232624,82.49488620514607,False,False,p95
config_50_det2_b15_s20_h12_w500,8,19.0428108742971,270.599644012954,115.96819068175549,100.60768484564188,True,False,p95
config_50_det2_b15_s20_h12_w500,9,15.852309192731,240.900973795346,118.16120873620073,102.40381462621399,True,False,p95
config_50_det2_b15_s20_h12_w500,10,13.4989773933766,217.007292249313,120.50131223351885,103.89062156903287,True,False,p95
config_50_det2_b15_s20_h12_w500,11,11.7063849801001,197.385914003329,122.65859631513806,126.0857842899032,True,True,p95
config_50_det2_b15_s20_h12_w500,12,10.3024927250127,174.798447942669,123.00370421251549,147.32150216448377,True,True,p95
config_50_det2_b15_s20_h12_w500,13,8.2343773807999,165.736766297224,151.3509993359806,148.06290892725295,True,True,p95
config_50_det2_b15_s20_h12_w500,14,7.1387354334877,155.114313416779,166.57768457989803,158.51497426807225,True,True,p95
config_50_det2_b15_s20_h12_w500,15,6.30992163133089,144.57194507965,172.8123982820677,174.58558073334694,True,True,p95
config_50_det2_b15_s20_h12_w500,16,5.64079151507659,135.933108110648,183.0372229902978,178.5500630075498,True,True,p95
config_50_det2_b15_s20_h12_w500,17,5.12956312475836,128.020670362398,197.50474677840023,194.98935181631327,True,True,p95
config_50_det2_b15_s20_h12_w500,18,4.70918677317163,120.936071767983,217.14655189525806,205.1827217056226,True,True,p95
config_50_det2_b15_s20_h12_w500,19,4.34538602141658,114.666952954547,220.06050304404923,219.61358109188058,True,True,p95
config_50_det2_b15_s20_h12_w500,20,4.03167079521766,108.995763264335,226.04230798680143,223.48517847946874,True,True,p95
config_51_det2_b15_s20_h12_w1500,1,1482.77218730659,2195.12941567296,16.725168160589597,23.045634076761697,False,False,p95
config_51_det2_b15_s20_h12_w1500,2,276.168535055985,1274.88781758312,28.976995185836643,37.72686377105842,False,False,p95
config_51_det2_b15_s20_h12_w1500,3,110.489999377789,954.913490984421,47.630728001994676,54.042171033369854,False,False,p95
config_51_det2_b15_s20_h12_w1500,4,62.265165672113,754.396736282332,70.5329444302448,67.56038965251754,False,False,p95
config_51_det2_b15_s20_h12_w1500,5,41.3983921590561,615.089943611065,109.37862989892542,82.13270511799792,False,False,p95
config_51_det2_b15_s20_h12_w1500,6,30.5947542861908,517.737731419071,118.16120873620073,100.60768484564188,False,False,p95
config_51_det2_b15_s20_h12_w1500,7,24.0675826659041,446.310779861523,122.12049889351091,117.0012019169034,True,False,p95
config_51_det2_b15_s20_h12_w1500,8,19.5984247045618,391.790936353185,123.95251611000076,126.0857842899032,True,False,p95
config_51_det2_b15_s20_h12_w1500,9,14.813237392189,347.069530043393,152.2994583050117,148.1084836292187,True,False,p95
config_51_det2_b15_s20_h12_w1500,10,12.2749345250106,314.281592480616,182.5873078831056,166.57768457989803,True,False,p95
config_51_det2_b15_s20_h12_w1500,11,10.3785968167878,286.18006793008,197.50474677840023,173.56590967122548,True,False,p95
config_51_det2_b15_s20_h12_w1500,12,9.08425019280687,262.551262568411,217.87180863985134,194.7854227232383,True,True,p95
config_51_det2_b15_s20_h12_w1500,13,8.07100869684366,242.465429921281,230.3641139587501,217.50890786356314,True,True,p95
config_51_det2_b15_s20_h12_w1500,14,7.24897508045351,225.256267238797,245.66771257126973,222.77591378080538,True,True,p95
config_51_det2_b15_s20_h12_w1500,15,6.56841598047092,210.321763462317,260.8459794591437,244.60449083462896,True,True,p95
config_51_det2_b15_s20_h12_w1500,16,5.99684734319579,197.206183278909,270.99008284437275,267.715567347138,True,True,p95
config_51_det2_b15_s20_h12_w1500,17,5.50925993039002,185.62250063012,295.2924397948583,289.84845178127136,True,True,p95
config_51_det2_b15_s20_h12_w1500,18,5.08897006822918,175.317193184827,296.770323651136,293.4256438154033,True,True,p95
config_51_det2_b15_s20_h12_w1500,19,4.72308712345199,166.110522527026,309.41361080722265,316.4808446020075,True,True,p95
config_51_det2_b15_s20_h12_w1500,20,4.4019262322732,157.810856039111,319.00881649258537,338.48852728371,True,True,p95
config_52_det2_b15_s20_h24_w50,1,1143.99309910078,724.976931135836,4.486228928621454,1.0182265312012087,False,False,p95
config_52_det2_b15_s20_h24_w50,2,226.084029078955,415.578696008349,8.446078971925374,7.077870442442416,False,False,p95
config_52_det2_b15_s20_h24_w50,3,95.9537592016972,309.044693901097,16.725168160589597,20.166215559692898,False,False,p95
config_52_det2_b15_s20_h24_w50,4,55.3066653883184,243.601640148777,22.237721331107647,25.362201205731335,False,False,p95
config_52_det2_b15_s20_h24_w50,5,36.993922117345,199.162959091226,27.15062153984693,27.097532175458337,False,False,p95
config_52_det2_b15_s20_h24_w50,6,27.0813487792226,167.515272305283,29.221332105159064,32.93943305523032,True,False,p95
config_52_det2_b15_s20_h24_w50,7,21.0130117246902,144.270449058323,32.290265561001505,37.4419049996124,True,False,p95
config_52_det2_b15_s20_h24_w50,8,16.9791838231912,126.567457936793,46.367351121236155,41.340310231056556,True,False,p95
config_52_det2_b15_s20_h24_w50,9,14.1386261548201,112.67074195811,47.33932033732634,48.25863912295911,True,False,p95
config_52_det2_b15_s20_h24_w50,10,12.0436968582402,101.492859164877,48.25863912295911,49.94583315953394,True,False,p95
config_52_det2_b15_s20_h24_w50,11,10.4441745847862,92.3147739934436,49.98050870089259,58.02625483348034,True,True,p95
config_52_det2_b15_s20_h24_w50,12,9.18858802088564,84.6488737667435,58.76143505735713,63.398471984741086,True,True,p95
config_52_det2_b15_s20_h24_w50,13,8.17952811343337,78.1526248923616,61.053224730557844,66.40147776970028,True,True,p95
config_52_det2_b15_s20_h24_w50,14,7.35329010871709,72.5789333035372,64.76987146814481,69.25038808555516,True,True,p95
config_52_det2_b15_s20_h24_w50,15,6.66553395622582,67.7448225492957,67.9459435875314,71.81264686669054,True,True,p95
config_52_det2_b15_s20_h24_w50,16,6.08550710316677,63.5135734450523,72.24933390696415,73.90274859570515,True,True,p95
config_52_det2_b15_s20_h24_w50,17,5.59016165342281,59.7788117000728,80.62531395287711,81.51620237719615,True,True,p95
config_52_det2_b15_s20_h24_w50,18,5.1628769216908,56.4585920266622,82.60363944766598,82.49488620514607,True,True,p95
config_52_det2_b15_s20_h24_w50,19,4.7910922066594,53.4876153308822,86.65619568155529,88.09157876891524,True,True,p95
config_52_det2_b15_s20_h24_w50,20,4.46481413819361,50.8136682209736,90.25894000042322,92.76072040470578,True,True,p95
config_53_det2_b15_s20_h24_w500,1,1371.96964499226,1562.09876717853,9.038044589400961,17.08848296368054,False,False,p95
config_53_det2_b15_s20_h24_w500,2,259.641330065364,879.048720659531,21.63980706938026,29.486543541079886,False,False,p95
config_53_det2_b15_s20_h24_w500,3,105.27554977829,661.976402363107,30.82947047874809,36.39239274903479,False,False,p95
config_53_det2_b15_s20_h24_w500,4,59.8243642194367,522.325202955406,46.59824299262795,47.33932033732634,False,False,p95
config_53_det2_b15_s20_h24_w500,5,40.4077641479295,425.720697172114,51.09487498761494,58.746116892948756,False,False,p95
config_53_det2_b15_s20_h24_w500,6,30.0937750463872,358.05135977561,65.25267235906894,65.47710477716619,False,False,p95
config_53_det2_b15_s20_h24_w500,7,23.5282591644182,308.420236242715,70.16609758280704,69.22699076227421,True,False,p95
config_53_det2_b15_s20_h24_w500,8,19.0428108742971,270.599644012954,80.97061967158211,81.79643176814011,True,False,p95
config_53_det2_b15_s20_h24_w500,9,15.852309192731,240.900973795346,86.15440354387,99.13087939688621,True,False,p95
config_53_det2_b15_s20_h24_w500,10,13.4989773933766,217.007292249313,95.47173010896994,108.22953551671631,True,True,p95
config_53_det2_b15_s20_h24_w500,11,11.7063849801001,197.385914003329,99.46691032700272,117.0012019169034,True,True,p95
config_53_det2_b15_s20_h24_w500,12,10.3024927250127,174.798447942669,99.99753121952561,132.13047560024904,True,True,p95
config_53_det2_b15_s20_h24_w500,13,8.2343773807999,165.736766297224,105.31678403749328,146.04884167031992,True,True,p95
config_53_det2_b15_s20_h24_w500,14,7.1387354334877,155.114313416779,115.45616051125207,156.09287771871172,True,True,p95
config_53_det2_b15_s20_h24_w500,15,6.30992163133089,144.57194507965,118.25660658077416,168.4551127155243,True,True,p95
config_53_det2_b15_s20_h24_w500,16,5.64079151507659,135.933108110648,133.94635120076993,174.08223631376063,True,True,p95
config_53_det2_b15_s20_h24_w500,17,5.12956312475836,128.020670362398,144.2918050341044,192.73372515985182,True,True,p95
config_53_det2_b15_s20_h24_w500,18,4.70918677317163,120.936071767983,150.1753142164184,204.5496377388963,True,True,p95
config_53_det2_b15_s20_h24_w500,19,4.34538602141658,114.666952954547,181.6882632422909,219.35957923008513,True,True,p95
config_53_det2_b15_s20_h24_w500,20,4.03167079521766,108.995763264335,192.65286138544633,229.719482907985,True,True,p95
config_54_det2_b15_s20_h24_w1500,1,1482.77218730659,2195.12941567296,16.725168160589597,23.045634076761697,False,False,p95
config_54_det2_b15_s20_h24_w1500,2,276.168535055985,1274.88781758312,28.976995185836643,46.367351121236155,False,False,p95
config_54_det2_b15_s20_h24_w1500,3,110.489999377789,954.913490984421,47.630728001994676,54.81561137121432,False,False,p95
config_54_det2_b15_s20_h24_w1500,4,62.265165672113,754.396736282332,65.25267235906894,64.60291208606621,False,False,p95
config_54_det2_b15_s20_h24_w1500,5,41.3983921590561,615.089943611065,80.76027024471871,73.43239237557223,False,False,p95
config_54_det2_b15_s20_h24_w1500,6,30.5947542861908,517.737731419071,83.35743068257324,97.18223217234723,False,False,p95
config_54_det2_b15_s20_h24_w1500,7,24.0675826659041,446.310779861523,96.098679751597,115.96819068175549,True,False,p95
config_54_det2_b15_s20_h24_w1500,8,19.5984247045618,391.790936353185,101.54617791921072,131.04714989672783,True,False,p95
config_54_det2_b15_s20_h24_w1500,9,14.813237392189,347.069530043393,115.69410097321298,146.6044236565059,True,True,p95
config_54_det2_b15_s20_h24_w1500,10,12.2749345250106,314.281592480616,120.95121433867459,172.1033442872437,True,True,p95
config_54_det2_b15_s20_h24_w1500,11,10.3785968167878,286.18006793008,145.06593328552364,190.92364096270802,True,True,p95
config_54_det2_b15_s20_h24_w1500,12,9.08425019280687,262.551262568411,192.68270550311462,216.75283355786928,True,True,p95
config_54_det2_b15_s20_h24_w1500,13,8.07100869684366,242.465429921281,195.54571076860776,222.4755264279111,True,True,p95
config_54_det2_b15_s20_h24_w1500,14,7.24897508045351,225.256267238797,220.427142158129,243.25732260304108,True,True,p95
config_54_det2_b15_s20_h24_w1500,15,6.56841598047092,210.321763462317,244.23886873304994,267.15840658834566,True,True,p95
config_54_det2_b15_s20_h24_w1500,16,5.99684734319579,197.206183278909,248.05266577886238,271.0278958719117,True,True,p95
config_54_det2_b15_s20_h24_w1500,17,5.50925993039002,185.62250063012,269.8946553750185,293.9874075269365,True,True,p95
config_54_det2_b15_s20_h24_w1500,18,5.08897006822918,175.317193184827,277.06610222111254,315.88148714371135,True,True,p95
config_54_det2_b15_s20_h24_w1500,19,4.72308712345199,166.110522527026,288.7085468080223,319.0707073775211,True,True,p95
config_54_det2_b15_s20_h24_w1500,20,4.4019262322732,157.810856039111,293.29699111992267,342.4770757846958,True,True,p95
config_55_det2_b30_s5_h4_w50,1,1143.99309910078,724.976931135836,5.131885618366801,6.735818435795311,False,False,p95
config_55_det2_b30_s5_h4_w50,2,226.084029078955,415.578696008349,10.731553941531487,19.42861935393249,False,False,p95
config_55_det2_b30_s5_h4_w50,3,95.9537592016972,309.044693901097,17.426165671196863,24.596569882810893,False,False,p95
config_55_det2_b30_s5_h4_w50,4,55.3066653883184,243.601640148777,24.83870467637151,28.89690727396273,False,False,p95
config_55_det2_b30_s5_h4_w50,5,36.993922117345,199.162959091226,31.18142475898111,31.744940541761924,False,False,p95
config_55_det2_b30_s5_h4_w50,6,27.0813487792226,167.515272305283,34.888626370208385,32.78949908126076,False,False,p95
config_55_det2_b30_s5_h4_w50,7,21.0130117246902,144.270449058323,39.659756050686944,42.78932401896529,True,False,p95
config_55_det2_b30_s5_h4_w50,8,16.9791838231912,126.567457936793,40.751027594405514,46.72358713782817,True,False,p95
config_55_det2_b30_s5_h4_w50,9,14.1386261548201,112.67074195811,41.63641735308166,48.43105470196343,True,False,p95
config_55_det2_b30_s5_h4_w50,10,12.0436968582402,101.492859164877,49.354445088563196,53.891662156589675,True,False,p95
config_55_det2_b30_s5_h4_w50,11,10.4441745847862,92.3147739934436,60.09976081483187,66.00962997926894,True,True,p95
config_55_det2_b30_s5_h4_w50,12,9.18858802088564,84.6488737667435,62.8359471162805,71.54426077610977,True,True,p95
config_55_det2_b30_s5_h4_w50,13,8.17952811343337,78.1526248923616,66.13256572975223,74.26446828733106,True,True,p95
config_55_det2_b30_s5_h4_w50,14,7.35329010871709,72.5789333035372,68.62766388272297,75.19901096424074,True,True,p95
config_55_det2_b30_s5_h4_w50,15,6.66553395622582,67.7448225492957,71.41646343806167,91.15959219961441,True,True,p95
config_55_det2_b30_s5_h4_w50,16,6.08550710316677,63.5135734450523,74.83399127401931,94.67822479324377,True,True,p95
config_55_det2_b30_s5_h4_w50,17,5.59016165342281,59.7788117000728,75.93771296266435,96.489591407571,True,True,p95
config_55_det2_b30_s5_h4_w50,18,5.1628769216908,56.4585920266622,86.23211062093,97.71996341587527,True,True,p95
config_55_det2_b30_s5_h4_w50,19,4.7910922066594,53.4876153308822,87.26601333687046,107.12231910297686,True,True,p95
config_55_det2_b30_s5_h4_w50,20,4.46481413819361,50.8136682209736,96.71753549532741,113.68837341610619,True,True,p95
config_56_det2_b30_s5_h4_w500,1,1371.96964499226,1562.09876717853,12.22523005918498,21.620042784416498,False,False,p95
config_56_det2_b30_s5_h4_w500,2,259.641330065364,879.048720659531,26.971026120635457,31.75698742009386,False,False,p95
config_56_det2_b30_s5_h4_w500,3,105.27554977829,661.976402363107,40.46011925340804,46.66155176388094,False,False,p95
config_56_det2_b30_s5_h4_w500,4,59.8243642194367,522.325202955406,48.58473357085411,57.55437646261142,False,False,p95
config_56_det2_b30_s5_h4_w500,5,40.4077641479295,425.720697172114,62.8359471162805,65.91958168859993,False,False,p95
config_56_det2_b30_s5_h4_w500,6,30.0937750463872,358.05135977561,72.5696992552677,72.03163367576775,False,False,p95
config_56_det2_b30_s5_h4_w500,7,23.5282591644182,308.420236242715,76.92849432250125,94.04300213200342,True,False,p95
config_56_det2_b30_s5_h4_w500,8,19.0428108742971,270.599644012954,89.6424209326791,98.50845437821552,True,False,p95
config_56_det2_b30_s5_h4_w500,9,15.852309192731,240.900973795346,97.55367977962314,112.41041433070157,True,False,p95
config_56_det2_b30_s5_h4_w500,10,13.4989773933766,217.007292249313,114.52698917722407,118.85249787025933,True,False,p95
config_56_det2_b30_s5_h4_w500,11,11.7063849801001,197.385914003329,118.93879203186823,125.53933646471133,True,True,p95
config_56_det2_b30_s5_h4_w500,12,10.3024927250127,174.798447942669,121.61295675214875,146.64310709902614,True,True,p95
config_56_det2_b30_s5_h4_w500,13,8.2343773807999,165.736766297224,141.00045891618436,160.3998908977185,True,True,p95
config_56_det2_b30_s5_h4_w500,14,7.1387354334877,155.114313416779,145.61883945151456,166.20958155292973,True,True,p95
config_56_det2_b30_s5_h4_w500,15,6.30992163133089,144.57194507965,170.3690846368554,172.59816047687184,True,True,p95
config_56_det2_b30_s5_h4_w500,16,5.64079151507659,135.933108110648,188.925595990098,193.3375532723976,True,True,p95
config_56_det2_b30_s5_h4_w500,17,5.12956312475836,128.020670362398,191.93354034707357,203.00892837508403,True,True,p95
config_56_det2_b30_s5_h4_w500,18,4.70918677317163,120.936071767983,212.7818718782218,214.65233518412978,True,True,p95
config_56_det2_b30_s5_h4_w500,19,4.34538602141658,114.666952954547,219.48946443964002,220.94710905553845,True,True,p95
config_56_det2_b30_s5_h4_w500,20,4.03167079521766,108.995763264335,238.45600269772507,240.29695170767357,True,True,p95
config_57_det2_b30_s5_h4_w1500,1,1482.77218730659,2195.12941567296,19.053247754648023,28.980877315912988,False,False,p95
config_57_det2_b30_s5_h4_w1500,2,276.168535055985,1274.88781758312,37.651643390428525,47.348995919803315,False,False,p95
config_57_det2_b30_s5_h4_w1500,3,110.489999377789,954.913490984421,60.09976081483187,61.399399427030225,False,False,p95
config_57_det2_b30_s5_h4_w1500,4,62.265165672113,754.396736282332,73.72961582702028,70.5657937672354,False,False,p95
config_57_det2_b30_s5_h4_w1500,5,41.3983921590561,615.089943611065,87.18980469965678,93.7724973006478,False,False,p95
config_57_det2_b30_s5_h4_w1500,6,30.5947542861908,517.737731419071,111.6194035551167,105.03883210508388,False,False,p95
config_57_det2_b30_s5_h4_w1500,7,24.0675826659041,446.310779861523,119.14802243428129,116.11884536973317,True,False,p95
config_57_det2_b30_s5_h4_w1500,8,19.5984247045618,391.790936353185,123.21373705881986,124.9004603674462,True,False,p95
config_57_det2_b30_s5_h4_w1500,9,14.813237392189,347.069530043393,143.46313452834232,146.29987103995677,True,False,p95
config_57_det2_b30_s5_h4_w1500,10,12.2749345250106,314.281592480616,170.76482366108073,162.00347218501213,True,False,p95
config_57_det2_b30_s5_h4_w1500,11,10.3785968167878,286.18006793008,190.53073303519034,172.59816047687184,True,False,p95
config_57_det2_b30_s5_h4_w1500,12,9.08425019280687,262.551262568411,216.28829140755633,193.04234363870103,True,False,p95
config_57_det2_b30_s5_h4_w1500,13,8.07100869684366,242.465429921281,229.57989640619292,206.54327633694592,True,True,p95
config_57_det2_b30_s5_h4_w1500,14,7.24897508045351,225.256267238797,244.88653628577384,220.25695221717748,True,True,p95
config_57_det2_b30_s5_h4_w1500,15,6.56841598047092,210.321763462317,268.09909548523285,239.78453870089288,True,True,p95
config_57_det2_b30_s5_h4_w1500,16,5.99684734319579,197.206183278909,290.8586629576316,248.6206020899267,True,True,p95
config_57_det2_b30_s5_h4_w1500,17,5.50925993039002,185.62250063012,313.8775637091635,269.93726122934567,True,True,p95
config_57_det2_b30_s5_h4_w1500,18,5.08897006822918,175.317193184827,320.33194502434964,287.18134514623335,True,True,p95
config_57_det2_b30_s5_h4_w1500,19,4.72308712345199,166.110522527026,337.8700851958377,290.1497691099024,True,True,p95
config_57_det2_b30_s5_h4_w1500,20,4.4019262322732,157.810856039111,337.8700851958377,314.6269616545918,True,True,p95
config_58_det2_b30_s5_h12_w50,1,1143.99309910078,724.976931135836,5.131885618366801,6.735818435795311,False,False,p95
config_58_det2_b30_s5_h12_w50,2,226.084029078955,415.578696008349,10.731553941531487,29.94613915014755,False,False,p95
config_58_det2_b30_s5_h12_w50,3,95.9537592016972,309.044693901097,17.426165671196863,32.34457064176304,False,False,p95
config_58_det2_b30_s5_h12_w50,4,55.3066653883184,243.601640148777,25.588302991796855,33.82874134581198,False,False,p95
config_58_det2_b30_s5_h12_w50,5,36.993922117345,199.162959091226,34.13892573002261,49.249544748965945,False,False,p95
config_58_det2_b30_s5_h12_w50,6,27.0813487792226,167.515272305283,38.026257371057376,67.74995387452304,False,False,p95
config_58_det2_b30_s5_h12_w50,7,21.0130117246902,144.270449058323,54.323303010770616,73.72961582702028,False,True,p95
config_58_det2_b30_s5_h12_w50,8,16.9791838231912,126.567457936793,58.89453497566646,75.73329023619665,True,True,p95
config_58_det2_b30_s5_h12_w50,9,14.1386261548201,112.67074195811,62.34164940070161,79.2682234568178,True,True,p95
config_58_det2_b30_s5_h12_w50,10,12.0436968582402,101.492859164877,69.63660136738437,83.7519328135178,True,True,p95
config_58_det2_b30_s5_h12_w50,11,10.4441745847862,92.3147739934436,71.54426077610977,93.8132786443369,True,True,p95
config_58_det2_b30_s5_h12_w50,12,9.18858802088564,84.6488737667435,73.03667742990504,99.76347653324837,True,True,p95
config_58_det2_b30_s5_h12_w50,13,8.17952811343337,78.1526248923616,76.39539760202115,103.41828295809208,True,True,p95
config_58_det2_b30_s5_h12_w50,14,7.35329010871709,72.5789333035372,87.09772067732956,164.8942843157397,True,True,p95
config_58_det2_b30_s5_h12_w50,15,6.66553395622582,67.7448225492957,97.26439242307742,166.20958155292973,True,True,p95
config_58_det2_b30_s5_h12_w50,16,6.08550710316677,63.5135734450523,118.85249787025933,168.31703716498814,True,True,p95
config_58_det2_b30_s5_h12_w50,17,5.59016165342281,59.7788117000728,120.59575552232343,169.0580521596058,True,True,p95
config_58_det2_b30_s5_h12_w50,18,5.1628769216908,56.4585920266622,121.60722120828186,170.46003930540436,True,True,p95
config_58_det2_b30_s5_h12_w50,19,4.7910922066594,53.4876153308822,122.93545054214427,172.3024230822074,True,True,p95
config_58_det2_b30_s5_h12_w50,20,4.46481413819361,50.8136682209736,124.66989013623791,173.0046964680439,True,True,p95
config_59_det2_b30_s5_h12_w500,1,1371.96964499226,1562.09876717853,12.22523005918498,31.60713922518139,False,False,p95
config_59_det2_b30_s5_h12_w500,2,259.641330065364,879.048720659531,27.570024483122967,48.391799408577484,False,False,p95
config_59_det2_b30_s5_h12_w500,3,105.27554977829,661.976402363107,41.46648544492994,60.97726010571482,False,False,p95
config_59_det2_b30_s5_h12_w500,4,59.8243642194367,522.325202955406,71.11558373521235,74.16472375732279,False,False,p95
config_59_det2_b30_s5_h12_w500,5,40.4077641479295,425.720697172114,79.79922462029313,96.06345546484735,False,False,p95
config_59_det2_b30_s5_h12_w500,6,30.0937750463872,358.05135977561,86.85200774881373,105.10521514178068,False,False,p95
config_59_det2_b30_s5_h12_w500,7,23.5282591644182,308.420236242715,96.3965049354319,118.85249787025933,False,False,p95
config_59_det2_b30_s5_h12_w500,8,19.0428108742971,270.599644012954,103.99387602161964,125.53933646471133,True,True,p95
config_59_det2_b30_s5_h12_w500,9,15.852309192731,240.900973795346,106.01557079033249,135.17812323005523,True,True,p95
config_59_det2_b30_s5_h12_w500,10,13.4989773933766,217.007292249313,120.59071792638105,157.68837940698103,True,True,p95
config_59_det2_b30_s5_h12_w500,11,11.7063849801001,197.385914003329,121.60722120828186,158.5343022818721,True,True,p95
config_59_det2_b30_s5_h12_w500,12,10.3024927250127,174.798447942669,121.82620818198357,172.39525805543494,True,True,p95
config_59_det2_b30_s5_h12_w500,13,8.2343773807999,165.736766297224,165.50717507105244,174.05207554062665,True,True,p95
config_59_det2_b30_s5_h12_w500,14,7.1387354334877,155.114313416779,170.9521131779306,188.26610156902916,True,True,p95
config_59_det2_b30_s5_h12_w500,15,6.30992163133089,144.57194507965,210.1966341309965,194.59202706191462,True,True,p95
config_59_det2_b30_s5_h12_w500,16,5.64079151507659,135.933108110648,218.80156535089048,210.1966341309965,True,True,p95
config_59_det2_b30_s5_h12_w500,17,5.12956312475836,128.020670362398,239.37338508232295,220.25695221717748,True,True,p95
config_59_det2_b30_s5_h12_w500,18,4.70918677317163,120.936071767983,261.40701023499736,235.3213228757649,True,True,p95
config_59_det2_b30_s5_h12_w500,19,4.34538602141658,114.666952954547,262.22723924108266,242.1706306045213,True,True,p95
config_59_det2_b30_s5_h12_w500,20,4.03167079521766,108.995763264335,267.80239916774457,248.76620550024487,True,True,p95
config_60_det2_b30_s5_h12_w1500,1,1482.77218730659,2195.12941567296,19.053247754648023,42.07506684486668,False,False,p95
config_60_det2_b30_s5_h12_w1500,2,276.168535055985,1274.88781758312,40.5006944384908,65.32710961002331,False,False,p95
config_60_det2_b30_s5_h12_w1500,3,110.489999377789,954.913490984421,65.77504275939316,75.65957474107292,False,False,p95
config_60_det2_b30_s5_h12_w1500,4,62.265165672113,754.396736282332,83.7519328135178,100.65357821377367,False,False,p95
config_60_det2_b30_s5_h12_w1500,5,41.3983921590561,615.089943611065,99.50994487894852,123.42261239335359,False,False,p95
config_60_det2_b30_s5_h12_w1500,6,30.5947542861908,517.737731419071,105.89091674926608,145.5570797893131,False,False,p95
config_60_det2_b30_s5_h12_w1500,7,24.0675826659041,446.310779861523,118.39823161686157,159.9597605649621,False,False,p95
config_60_det2_b30_s5_h12_w1500,8,19.5984247045618,391.790936353185,124.25829952160137,172.6531928462373,True,False,p95
config_60_det2_b30_s5_h12_w1500,9,14.813237392189,347.069530043393,143.9424537799249,194.01756556092613,True,False,p95
config_60_det2_b30_s5_h12_w1500,10,12.2749345250106,314.281592480616,163.1598142926131,209.75730023052833,True,False,p95
config_60_det2_b30_s5_h12_w1500,11,10.3785968167878,286.18006793008,212.45734866085476,220.94710905553845,True,False,p95
config_60_det2_b30_s5_h12_w1500,12,9.08425019280687,262.551262568411,240.99759864563288,242.1706306045213,True,True,p95
config_60_det2_b30_s5_h12_w1500,13,8.07100869684366,242.465429921281,247.45207463752558,257.47451330180235,True,True,p95
config_60_det2_b30_s5_h12_w1500,14,7.24897508045351,225.256267238797,262.22723924108266,272.3841496856966,True,True,p95
config_60_det2_b30_s5_h12_w1500,15,6.56841598047092,210.321763462317,269.68152513659516,290.10633073768736,True,True,p95
config_60_det2_b30_s5_h12_w1500,16,5.99684734319579,197.206183278909,278.45129735736555,308.0432193702695,True,True,p95
config_60_det2_b30_s5_h12_w1500,17,5.50925993039002,185.62250063012,289.07460109805567,319.51154126259667,True,True,p95
config_60_det2_b30_s5_h12_w1500,18,5.08897006822918,175.317193184827,290.4360945199477,337.8700851958377,True,True,p95
config_60_det2_b30_s5_h12_w1500,19,4.72308712345199,166.110522527026,300.8587399813147,345.8756842888639,True,True,p95
config_60_det2_b30_s5_h12_w1500,20,4.4019262322732,157.810856039111,301.00094512853553,366.93664303255406,True,True,p95
config_61_det2_b30_s5_h24_w50,1,1143.99309910078,724.976931135836,5.131885618366801,6.735818435795311,False,False,p95
config_61_det2_b30_s5_h24_w50,2,226.084029078955,415.578696008349,10.731553941531487,29.94613915014755,False,False,p95
config_61_det2_b30_s5_h24_w50,3,95.9537592016972,309.044693901097,17.426165671196863,32.34457064176304,False,False,p95
config_61_det2_b30_s5_h24_w50,4,55.3066653883184,243.601640148777,25.588302991796855,33.68911174252001,False,False,p95
config_61_det2_b30_s5_h24_w50,5,36.993922117345,199.162959091226,34.13892573002261,40.94986263713225,False,False,p95
config_61_det2_b30_s5_h24_w50,6,27.0813487792226,167.515272305283,37.722092333273345,58.62726541465157,False,False,p95
config_61_det2_b30_s5_h24_w50,7,21.0130117246902,144.270449058323,40.58671272719681,65.33089801654326,False,False,p95
config_61_det2_b30_s5_h24_w50,8,16.9791838231912,126.567457936793,49.44553822136027,100.65357821377367,True,True,p95
config_61_det2_b30_s5_h24_w50,9,14.1386261548201,112.67074195811,57.52622228166908,116.29987639718281,True,True,p95
config_61_det2_b30_s5_h24_w50,10,12.0436968582402,101.492859164877,67.00560610874287,145.73398218404105,True,True,p95
config_61_det2_b30_s5_h24_w50,11,10.4441745847862,92.3147739934436,67.75095017783883,146.64310709902614,True,True,p95
config_61_det2_b30_s5_h24_w50,12,9.18858802088564,84.6488737667435,71.9253519282318,146.64310709902614,True,True,p95
config_61_det2_b30_s5_h24_w50,13,8.17952811343337,78.1526248923616,75.26570434135323,149.63717141827902,True,True,p95
config_61_det2_b30_s5_h24_w50,14,7.35329010871709,72.5789333035372,83.65133669237096,151.85966923268109,True,True,p95
config_61_det2_b30_s5_h24_w50,15,6.66553395622582,67.7448225492957,105.48706674280028,153.14739632132176,True,True,p95
config_61_det2_b30_s5_h24_w50,16,6.08550710316677,63.5135734450523,107.12231910297686,154.19833008174894,True,True,p95
config_61_det2_b30_s5_h24_w50,17,5.59016165342281,59.7788117000728,111.39118569258521,155.26791362029695,True,True,p95
config_61_det2_b30_s5_h24_w50,18,5.1628769216908,56.4585920266622,113.68837341610619,155.97475757314066,True,True,p95
config_61_det2_b30_s5_h24_w50,19,4.7910922066594,53.4876153308822,115.54990804842728,156.338175120474,True,True,p95
config_61_det2_b30_s5_h24_w50,20,4.46481413819361,50.8136682209736,117.23001428815061,157.34555920012488,True,True,p95
config_62_det2_b30_s5_h24_w500,1,1371.96964499226,1562.09876717853,12.22523005918498,31.60713922518139,False,False,p95
config_62_det2_b30_s5_h24_w500,2,259.641330065364,879.048720659531,27.570024483122967,60.395539984339905,False,False,p95
config_62_det2_b30_s5_h24_w500,3,105.27554977829,661.976402363107,40.5006944384908,65.47710477716619,False,False,p95
config_62_det2_b30_s5_h24_w500,4,59.8243642194367,522.325202955406,55.62361234224185,74.46794103207466,False,False,p95
config_62_det2_b30_s5_h24_w500,5,40.4077641479295,425.720697172114,68.05083577738041,115.92414006582062,False,False,p95
config_62_det2_b30_s5_h24_w500,6,30.0937750463872,358.05135977561,77.21467638991955,125.86153105695163,False,False,p95
config_62_det2_b30_s5_h24_w500,7,23.5282591644182,308.420236242715,108.2530888704798,146.70628415768334,False,False,p95
config_62_det2_b30_s5_h24_w500,8,19.0428108742971,270.599644012954,120.26431827437429,158.5343022818721,False,False,p95
config_62_det2_b30_s5_h24_w500,9,15.852309192731,240.900973795346,126.26410812261733,166.80115407274616,True,True,p95
config_62_det2_b30_s5_h24_w500,10,13.4989773933766,217.007292249313,130.15999769514443,176.16079302727948,True,True,p95
config_62_det2_b30_s5_h24_w500,11,11.7063849801001,197.385914003329,138.22490730689603,188.87330409562915,True,True,p95
config_62_det2_b30_s5_h24_w500,12,10.3024927250127,174.798447942669,144.59469215707747,203.2280123408188,True,True,p95
config_62_det2_b30_s5_h24_w500,13,8.2343773807999,165.736766297224,150.38492278150758,208.74056864922065,True,True,p95
config_62_det2_b30_s5_h24_w500,14,7.1387354334877,155.114313416779,153.96793497348725,216.1645785044349,True,True,p95
config_62_det2_b30_s5_h24_w500,15,6.30992163133089,144.57194507965,161.1152537781572,220.94710905553845,True,True,p95
config_62_det2_b30_s5_h24_w500,16,5.64079151507659,135.933108110648,244.4107710392486,226.02571756328967,True,True,p95
config_62_det2_b30_s5_h24_w500,17,5.12956312475836,128.020670362398,274.81031441699145,233.0539100723264,True,True,p95
config_62_det2_b30_s5_h24_w500,18,4.70918677317163,120.936071767983,295.12040970894606,238.70091118384948,True,True,p95
config_62_det2_b30_s5_h24_w500,19,4.34538602141658,114.666952954547,300.3010953282188,244.07606396367507,True,True,p95
config_62_det2_b30_s5_h24_w500,20,4.03167079521766,108.995763264335,306.6294587935086,249.02872647422475,True,True,p95
config_63_det2_b30_s5_h24_w1500,1,1482.77218730659,2195.12941567296,19.053247754648023,54.581143721985164,False,False,p95
config_63_det2_b30_s5_h24_w1500,2,276.168535055985,1274.88781758312,40.5006944384908,66.4211280392015,False,False,p95
config_63_det2_b30_s5_h24_w1500,3,110.489999377789,954.913490984421,65.04407159764831,93.12920532990813,False,False,p95
config_63_det2_b30_s5_h24_w1500,4,62.265165672113,754.396736282332,112.64255967439661,120.14208775445847,False,False,p95
config_63_det2_b30_s5_h24_w1500,5,41.3983921590561,615.089943611065,124.38498703621752,146.64310709902614,False,False,p95
config_63_det2_b30_s5_h24_w1500,6,30.5947542861908,517.737731419071,131.30356050008697,164.8942843157397,False,False,p95
config_63_det2_b30_s5_h24_w1500,7,24.0675826659041,446.310779861523,142.61355124952186,185.4160861414133,False,False,p95
config_63_det2_b30_s5_h24_w1500,8,19.5984247045618,391.790936353185,151.13776827781996,195.2168063176831,False,False,p95
config_63_det2_b30_s5_h24_w1500,9,14.813237392189,347.069530043393,157.55990924089795,220.55413167746372,False,True,p95
config_63_det2_b30_s5_h24_w1500,10,12.2749345250106,314.281592480616,173.71852232850705,229.4790295430064,True,True,p95
config_63_det2_b30_s5_h24_w1500,11,10.3785968167878,286.18006793008,181.27097041646005,243.70089248913308,True,True,p95
config_63_det2_b30_s5_h24_w1500,12,9.08425019280687,262.551262568411,242.1706306045213,249.269181809545,True,True,p95
config_63_det2_b30_s5_h24_w1500,13,8.07100869684366,242.465429921281,249.41972987016302,255.66701977376746,True,True,p95
config_63_det2_b30_s5_h24_w1500,14,7.24897508045351,225.256267238797,272.89895358226704,266.15996130147,True,True,p95
config_63_det2_b30_s5_h24_w1500,15,6.56841598047092,210.321763462317,317.4273411960204,277.3186344261777,True,True,p95
config_63_det2_b30_s5_h24_w1500,16,5.99684734319579,197.206183278909,366.93664303255406,293.42283807146043,True,True,p95
config_63_det2_b30_s5_h24_w1500,17,5.50925993039002,185.62250063012,373.3316220198873,373.7097690106189,True,True,p95
config_63_det2_b30_s5_h24_w1500,18,5.08897006822918,175.317193184827,385.40042274392863,431.07129410465404,True,True,p95
config_63_det2_b30_s5_h24_w1500,19,4.72308712345199,166.110522527026,395.61809431722725,469.00159914439524,True,True,p95
config_63_det2_b30_s5_h24_w1500,20,4.4019262322732,157.810856039111,403.3590212205499,502.07021421311185,True,True,p95
config_64_det2_b30_s20_h4_w50,1,1143.99309910078,724.976931135836,4.486228928621454,1.0182265312012087,False,False,p95
config_64_det2_b30_s20_h4_w50,2,226.084029078955,415.578696008349,8.446078971925374,7.077870442442416,False,False,p95
config_64_det2_b30_s20_h4_w50,3,95.9537592016972,309.044693901097,16.725168160589597,19.602710271796603,False,False,p95
config_64_det2_b30_s20_h4_w50,4,55.3066653883184,243.601640148777,22.237721331107647,23.950495819502358,False,False,p95
config_64_det2_b30_s20_h4_w50,5,36.993922117345,199.162959091226,28.43222203768112,27.753040373984252,False,False,p95
config_64_det2_b30_s20_h4_w50,6,27.0813487792226,167.515272305283,33.53447852583964,31.401452991860104,False,False,p95
config_64_det2_b30_s20_h4_w50,7,21.0130117246902,144.270449058323,38.474488300690886,37.59183754487136,True,False,p95
config_64_det2_b30_s20_h4_w50,8,16.9791838231912,126.567457936793,41.71847612269652,43.29377842138521,True,False,p95
config_64_det2_b30_s20_h4_w50,9,14.1386261548201,112.67074195811,44.79465648936265,47.192226584470454,True,False,p95
config_64_det2_b30_s20_h4_w50,10,12.0436968582402,101.492859164877,47.772704026462634,49.89535299003305,True,False,p95
config_64_det2_b30_s20_h4_w50,11,10.4441745847862,92.3147739934436,66.38927812531178,68.15886772827143,True,True,p95
config_64_det2_b30_s20_h4_w50,12,9.18858802088564,84.6488737667435,67.52607829572216,70.17732005427395,True,True,p95
config_64_det2_b30_s20_h4_w50,13,8.17952811343337,78.1526248923616,68.81232629405868,70.25710818130788,True,True,p95
config_64_det2_b30_s20_h4_w50,14,7.35329010871709,72.5789333035372,70.25710818130788,71.05164494929022,True,True,p95
config_64_det2_b30_s20_h4_w50,15,6.66553395622582,67.7448225492957,71.05164494929022,71.57350242932087,True,True,p95
config_64_det2_b30_s20_h4_w50,16,6.08550710316677,63.5135734450523,90.43053273093109,73.74639821713329,True,True,p95
config_64_det2_b30_s20_h4_w50,17,5.59016165342281,59.7788117000728,94.19480479304578,76.3295896097968,True,True,p95
config_64_det2_b30_s20_h4_w50,18,5.1628769216908,56.4585920266622,98.4210914895786,79.486767766717,True,True,p95
config_64_det2_b30_s20_h4_w50,19,4.7910922066594,53.4876153308822,103.12328180386812,113.32751210540184,True,True,p95
config_64_det2_b30_s20_h4_w50,20,4.46481413819361,50.8136682209736,105.7027021887331,113.84254477127608,True,True,p95
config_65_det2_b30_s20_h4_w500,1,1371.96964499226,1562.09876717853,9.038044589400961,16.725168160589597,False,False,p95
config_65_det2_b30_s20_h4_w500,2,259.641330065364,879.048720659531,21.63980706938026,25.781897719136193,False,False,p95
config_65_det2_b30_s20_h4_w500,3,105.27554977829,661.976402363107,31.216041549177884,35.038568035808765,False,False,p95
config_65_det2_b30_s20_h4_w500,4,59.8243642194367,522.325202955406,39.38478449858523,42.24903845059672,False,False,p95
config_65_det2_b30_s20_h4_w500,5,40.4077641479295,425.720697172114,67.52607829572216,63.93106639185678,False,False,p95
config_65_det2_b30_s20_h4_w500,6,30.0937750463872,358.05135977561,71.05164494929022,68.81232629405868,False,False,p95
config_65_det2_b30_s20_h4_w500,7,23.5282591644182,308.420236242715,90.43053273093109,70.25710818130788,False,False,p95
config_65_det2_b30_s20_h4_w500,8,19.0428108742971,270.599644012954,105.7027021887331,71.05164494929022,True,False,p95
config_65_det2_b30_s20_h4_w500,9,15.852309192731,240.900973795346,107.1296702599238,88.6473984389841,True,False,p95
config_65_det2_b30_s20_h4_w500,10,13.4989773933766,217.007292249313,108.43729178654361,97.48713376646171,True,False,p95
config_65_det2_b30_s20_h4_w500,11,11.7063849801001,197.385914003329,114.8221450766358,114.97010480990265,True,False,p95
config_65_det2_b30_s20_h4_w500,12,10.3024927250127,174.798447942669,138.05478984808894,116.38996949909387,True,False,p95
config_65_det2_b30_s20_h4_w500,13,8.2343773807999,165.736766297224,140.20565252513893,136.6130484251047,True,False,p95
config_65_det2_b30_s20_h4_w500,14,7.1387354334877,155.114313416779,178.3272974056412,138.1199659716147,True,True,p95
config_65_det2_b30_s20_h4_w500,15,6.30992163133089,144.57194507965,201.1594516795072,141.402959179196,True,True,p95
config_65_det2_b30_s20_h4_w500,16,5.64079151507659,135.933108110648,206.75256951244887,176.79967477345653,True,True,p95
config_65_det2_b30_s20_h4_w500,17,5.12956312475836,128.020670362398,206.75256951244887,179.54978418254922,True,True,p95
config_65_det2_b30_s20_h4_w500,18,4.70918677317163,120.936071767983,245.8518354619302,179.91004696792228,True,True,p95
config_65_det2_b30_s20_h4_w500,19,4.34538602141658,114.666952954547,247.66030162300942,181.54648165139417,True,True,p95
config_65_det2_b30_s20_h4_w500,20,4.03167079521766,108.995763264335,275.58415230197835,204.95883733081627,True,True,p95
config_66_det2_b30_s20_h4_w1500,1,1482.77218730659,2195.12941567296,16.725168160589597,21.570031293440444,False,False,p95
config_66_det2_b30_s20_h4_w1500,2,276.168535055985,1274.88781758312,29.07776212159388,35.938228253490735,False,False,p95
config_66_det2_b30_s20_h4_w1500,3,110.489999377789,954.913490984421,44.493271963298,44.043458651654504,False,False,p95
config_66_det2_b30_s20_h4_w1500,4,62.265165672113,754.396736282332,71.05164494929022,68.81232629405868,False,False,p95
config_66_det2_b30_s20_h4_w1500,5,41.3983921590561,615.089943611065,94.19480479304578,70.25710818130788,False,False,p95
config_66_det2_b30_s20_h4_w1500,6,30.5947542861908,517.737731419071,105.7027021887331,78.81805931527663,False,False,p95
config_66_det2_b30_s20_h4_w1500,7,24.0675826659041,446.310779861523,109.48689990131238,98.4210914895786,False,False,p95
config_66_det2_b30_s20_h4_w1500,8,19.5984247045618,391.790936353185,138.05478984808894,114.39023122627212,True,False,p95
config_66_det2_b30_s20_h4_w1500,9,14.813237392189,347.069530043393,168.79906694054918,116.38996949909387,True,False,p95
config_66_det2_b30_s20_h4_w1500,10,12.2749345250106,314.281592480616,198.4568592918874,138.7338199212877,True,False,p95
config_66_det2_b30_s20_h4_w1500,11,10.3785968167878,286.18006793008,206.75256951244887,149.0245538770725,True,False,p95
config_66_det2_b30_s20_h4_w1500,12,9.08425019280687,262.551262568411,245.8518354619302,165.40594003843998,True,False,p95
config_66_det2_b30_s20_h4_w1500,13,8.07100869684366,242.465429921281,248.49673036078363,179.54978418254922,True,False,p95
config_66_det2_b30_s20_h4_w1500,14,7.24897508045351,225.256267238797,275.58415230197835,182.7706896633046,True,False,p95
config_66_det2_b30_s20_h4_w1500,15,6.56841598047092,210.321763462317,310.3572538221074,206.56739992608777,True,True,p95
config_66_det2_b30_s20_h4_w1500,16,5.99684734319579,197.206183278909,310.3572538221074,212.65023702524564,True,True,p95
config_66_det2_b30_s20_h4_w1500,17,5.50925993039002,185.62250063012,310.3572538221074,234.1700770807406,True,True,p95
config_66_det2_b30_s20_h4_w1500,18,5.08897006822918,175.317193184827,318.40304646783767,248.07987624956604,True,True,p95
config_66_det2_b30_s20_h4_w1500,19,4.72308712345199,166.110522527026,318.40304646783767,264.8520813586331,True,True,p95
config_66_det2_b30_s20_h4_w1500,20,4.4019262322732,157.810856039111,341.1781059798533,275.9279920092481,True,True,p95
config_67_det2_b30_s20_h12_w50,1,1143.99309910078,724.976931135836,4.486228928621454,1.0182265312012087,False,False,p95
config_67_det2_b30_s20_h12_w50,2,226.084029078955,415.578696008349,8.446078971925374,7.077870442442416,False,False,p95
config_67_det2_b30_s20_h12_w50,3,95.9537592016972,309.044693901097,16.725168160589597,20.166215559692898,False,False,p95
config_67_det2_b30_s20_h12_w50,4,55.3066653883184,243.601640148777,22.237721331107647,26.343049367907277,False,False,p95
config_67_det2_b30_s20_h12_w50,5,36.993922117345,199.162959091226,28.43222203768112,32.60715028946872,False,False,p95
config_67_det2_b30_s20_h12_w50,6,27.0813487792226,167.515272305283,34.62645303810368,43.74358524401035,False,False,p95
config_67_det2_b30_s20_h12_w50,7,21.0130117246902,144.270449058323,40.16206232254514,48.391799408577484,False,False,p95
config_67_det2_b30_s20_h12_w50,8,16.9791838231912,126.567457936793,43.57041714282754,51.84892718272963,True,False,p95
config_67_det2_b30_s20_h12_w50,9,14.1386261548201,112.67074195811,46.797716290434515,55.14749541003653,True,False,p95
config_67_det2_b30_s20_h12_w50,10,12.0436968582402,101.492859164877,50.60594085678083,58.155234072265586,True,False,p95
config_67_det2_b30_s20_h12_w50,11,10.4441745847862,92.3147739934436,61.12504601225262,67.41703234346643,True,True,p95
config_67_det2_b30_s20_h12_w50,12,9.18858802088564,84.6488737667435,63.84830655546002,76.3295896097968,True,True,p95
config_67_det2_b30_s20_h12_w50,13,8.17952811343337,78.1526248923616,70.8782142128313,82.35239067568105,True,True,p95
config_67_det2_b30_s20_h12_w50,14,7.35329010871709,72.5789333035372,80.35888518276441,88.6473984389841,True,True,p95
config_67_det2_b30_s20_h12_w50,15,6.66553395622582,67.7448225492957,82.30873471038436,92.7752728371089,True,True,p95
config_67_det2_b30_s20_h12_w50,16,6.08550710316677,63.5135734450523,88.42655851043847,95.6257352912907,True,True,p95
config_67_det2_b30_s20_h12_w50,17,5.59016165342281,59.7788117000728,92.49619586772205,114.97010480990265,True,True,p95
config_67_det2_b30_s20_h12_w50,18,5.1628769216908,56.4585920266622,95.95809632334314,114.97010480990265,True,True,p95
config_67_det2_b30_s20_h12_w50,19,4.7910922066594,53.4876153308822,99.25586254725712,115.58168107446785,True,True,p95
config_67_det2_b30_s20_h12_w50,20,4.46481413819361,50.8136682209736,99.555769546521,115.58168107446785,True,True,p95
config_68_det2_b30_s20_h12_w500,1,1371.96964499226,1562.09876717853,9.038044589400961,17.08848296368054,False,False,p95
config_68_det2_b30_s20_h12_w500,2,259.641330065364,879.048720659531,21.63980706938026,35.188510198642966,False,False,p95
config_68_det2_b30_s20_h12_w500,3,105.27554977829,661.976402363107,32.13310209114582,45.397370518566376,False,False,p95
config_68_det2_b30_s20_h12_w500,4,59.8243642194367,522.325202955406,42.538820505510024,50.654380363399966,False,False,p95
config_68_det2_b30_s20_h12_w500,5,40.4077641479295,425.720697172114,58.89606311121313,68.81232629405868,False,False,p95
config_68_det2_b30_s20_h12_w500,6,30.0937750463872,358.05135977561,88.6473984389841,71.16412537466135,False,False,p95
config_68_det2_b30_s20_h12_w500,7,23.5282591644182,308.420236242715,90.43053273093109,94.19480479304578,False,False,p95
config_68_det2_b30_s20_h12_w500,8,19.0428108742971,270.599644012954,94.19480479304578,103.48701005440249,True,False,p95
config_68_det2_b30_s20_h12_w500,9,15.852309192731,240.900973795346,99.01732802898692,114.97010480990265,True,False,p95
config_68_det2_b30_s20_h12_w500,10,13.4989773933766,217.007292249313,105.7027021887331,115.58168107446785,True,False,p95
config_68_det2_b30_s20_h12_w500,11,11.7063849801001,197.385914003329,114.97010480990265,138.3444585700184,True,True,p95
config_68_det2_b30_s20_h12_w500,12,10.3024927250127,174.798447942669,115.58168107446785,165.40594003843998,True,True,p95
config_68_det2_b30_s20_h12_w500,13,8.2343773807999,165.736766297224,133.82871515485755,168.79906694054918,True,True,p95
config_68_det2_b30_s20_h12_w500,14,7.1387354334877,155.114313416779,149.69176664065395,172.2429243829772,True,True,p95
config_68_det2_b30_s20_h12_w500,15,6.30992163133089,144.57194507965,152.68799887351986,179.91004696792228,True,True,p95
config_68_det2_b30_s20_h12_w500,16,5.64079151507659,135.933108110648,178.3272974056412,197.8651687387146,True,True,p95
config_68_det2_b30_s20_h12_w500,17,5.12956312475836,128.020670362398,179.91004696792228,207.70802825119688,True,True,p95
config_68_det2_b30_s20_h12_w500,18,4.70918677317163,120.936071767983,181.54648165139417,220.8629547894919,True,True,p95
config_68_det2_b30_s20_h12_w500,19,4.34538602141658,114.666952954547,203.92553788086474,236.39611883446818,True,True,p95
config_68_det2_b30_s20_h12_w500,20,4.03167079521766,108.995763264335,206.75256951244887,240.8529115456153,True,True,p95
config_69_det2_b30_s20_h12_w1500,1,1482.77218730659,2195.12941567296,16.725168160589597,23.045634076761697,False,False,p95
config_69_det2_b30_s20_h12_w1500,2,276.168535055985,1274.88781758312,29.45676917110904,45.992676047388244,False,False,p95
config_69_det2_b30_s20_h12_w1500,3,110.489999377789,954.913490984421,49.60500226791648,62.1750452352067,False,False,p95
config_69_det2_b30_s20_h12_w1500,4,62.265165672113,754.396736282332,87.00265082168474,78.36691404643966,False,False,p95
config_69_det2_b30_s20_h12_w1500,5,41.3983921590561,615.089943611065,92.0792932748726,98.35774626332183,False,False,p95
config_69_det2_b30_s20_h12_w1500,6,30.5947542861908,517.737731419071,97.16417163749198,104.56866763041403,False,False,p95
config_69_det2_b30_s20_h12_w1500,7,24.0675826659041,446.310779861523,108.49889976400682,115.740441484954,False,False,p95
config_69_det2_b30_s20_h12_w1500,8,19.5984247045618,391.790936353185,128.71528658244134,147.7756749388525,True,False,p95
config_69_det2_b30_s20_h12_w1500,9,14.813237392189,347.069530043393,153.67123869547544,168.79906694054918,True,False,p95
config_69_det2_b30_s20_h12_w1500,10,12.2749345250106,314.281592480616,172.2429243829772,176.73603197989934,True,False,p95
config_69_det2_b30_s20_h12_w1500,11,10.3785968167878,286.18006793008,179.91004696792228,201.3115790441894,True,True,p95
config_69_det2_b30_s20_h12_w1500,12,9.08425019280687,262.551262568411,206.75256951244887,209.35727316295225,True,True,p95
config_69_det2_b30_s20_h12_w1500,13,8.07100869684366,242.465429921281,211.335116398259,236.55152715634705,True,True,p95
config_69_det2_b30_s20_h12_w1500,14,7.24897508045351,225.256267238797,240.8529115456153,246.32930195167606,True,True,p95
config_69_det2_b30_s20_h12_w1500,15,6.56841598047092,210.321763462317,244.39542753496843,273.17219362566914,True,True,p95
config_69_det2_b30_s20_h12_w1500,16,5.99684734319579,197.206183278909,248.49673036078363,278.56753778117377,True,True,p95
config_69_det2_b30_s20_h12_w1500,17,5.50925993039002,185.62250063012,275.58415230197835,303.675196550525,True,True,p95
config_69_det2_b30_s20_h12_w1500,18,5.08897006822918,175.317193184827,282.2989639689864,313.467901068036,True,True,p95
config_69_det2_b30_s20_h12_w1500,19,4.72308712345199,166.110522527026,292.3610615426055,326.33291000648524,True,True,p95
config_69_det2_b30_s20_h12_w1500,20,4.4019262322732,157.810856039111,310.3572538221074,346.75696101448364,True,True,p95
config_70_det2_b30_s20_h24_w50,1,1143.99309910078,724.976931135836,4.486228928621454,1.0182265312012087,False,False,p95
config_70_det2_b30_s20_h24_w50,2,226.084029078955,415.578696008349,8.446078971925374,7.077870442442416,False,False,p95
config_70_det2_b30_s20_h24_w50,3,95.9537592016972,309.044693901097,16.725168160589597,20.166215559692898,False,False,p95
config_70_det2_b30_s20_h24_w50,4,55.3066653883184,243.601640148777,22.237721331107647,26.343049367907277,False,False,p95
config_70_det2_b30_s20_h24_w50,5,36.993922117345,199.162959091226,28.43222203768112,32.60715028946872,False,False,p95
config_70_det2_b30_s20_h24_w50,6,27.0813487792226,167.515272305283,34.62645303810368,43.74358524401035,False,False,p95
config_70_det2_b30_s20_h24_w50,7,21.0130117246902,144.270449058323,40.16206232254514,48.391799408577484,False,False,p95
config_70_det2_b30_s20_h24_w50,8,16.9791838231912,126.567457936793,43.57041714282754,51.84892718272963,True,False,p95
config_70_det2_b30_s20_h24_w50,9,14.1386261548201,112.67074195811,46.797716290434515,55.14749541003653,True,False,p95
config_70_det2_b30_s20_h24_w50,10,12.0436968582402,101.492859164877,50.60594085678083,60.93074962611243,True,False,p95
config_70_det2_b30_s20_h24_w50,11,10.4441745847862,92.3147739934436,61.12504601225262,72.53713704027751,True,True,p95
config_70_det2_b30_s20_h24_w50,12,9.18858802088564,84.6488737667435,63.84830655546002,79.03882748371208,True,True,p95
config_70_det2_b30_s20_h24_w50,13,8.17952811343337,78.1526248923616,69.1004431968421,86.60139288718166,True,True,p95
config_70_det2_b30_s20_h24_w50,14,7.35329010871709,72.5789333035372,73.45291859415798,92.05827637969331,True,True,p95
config_70_det2_b30_s20_h24_w50,15,6.66553395622582,67.7448225492957,78.10528951357904,94.45743088820487,True,True,p95
config_70_det2_b30_s20_h24_w50,16,6.08550710316677,63.5135734450523,84.60485358417682,96.41074239938203,True,True,p95
config_70_det2_b30_s20_h24_w50,17,5.59016165342281,59.7788117000728,91.56446499597973,98.21008731286211,True,True,p95
config_70_det2_b30_s20_h24_w50,18,5.1628769216908,56.4585920266622,96.10781055668681,100.01350533802922,True,True,p95
config_70_det2_b30_s20_h24_w50,19,4.7910922066594,53.4876153308822,99.25586254725712,101.78715537826962,True,True,p95
config_70_det2_b30_s20_h24_w50,20,4.46481413819361,50.8136682209736,99.555769546521,129.37397342587883,True,True,p95
config_71_det2_b30_s20_h24_w500,1,1371.96964499226,1562.09876717853,9.038044589400961,17.08848296368054,False,False,p95
config_71_det2_b30_s20_h24_w500,2,259.641330065364,879.048720659531,21.63980706938026,35.188510198642966,False,False,p95
config_71_det2_b30_s20_h24_w500,3,105.27554977829,661.976402363107,32.13310209114582,45.5428507012901,False,False,p95
config_71_det2_b30_s20_h24_w500,4,59.8243642194367,522.325202955406,42.538820505510024,50.94493350667954,False,False,p95
config_71_det2_b30_s20_h24_w500,5,40.4077641479295,425.720697172114,58.89606311121313,64.57690380096382,False,False,p95
config_71_det2_b30_s20_h24_w500,6,30.0937750463872,358.05135977561,66.25153771800319,87.00265082168474,False,False,p95
config_71_det2_b30_s20_h24_w500,7,23.5282591644182,308.420236242715,86.26323811450622,97.38968759576139,True,False,p95
config_71_det2_b30_s20_h24_w500,8,19.0428108742971,270.599644012954,92.79564240846658,111.87325417632223,True,True,p95
config_71_det2_b30_s20_h24_w500,9,15.852309192731,240.900973795346,99.11135782542786,132.32171715431556,True,True,p95
config_71_det2_b30_s20_h24_w500,10,13.4989773933766,217.007292249313,99.99190592242954,139.84321578110251,True,True,p95
config_71_det2_b30_s20_h24_w500,11,11.7063849801001,197.385914003329,104.78609163433858,146.87420857529168,True,True,p95
config_71_det2_b30_s20_h24_w500,12,10.3024927250127,174.798447942669,110.6712473951568,170.90531004038465,True,True,p95
config_71_det2_b30_s20_h24_w500,13,8.2343773807999,165.736766297224,138.77184512717267,176.04864384595527,True,True,p95
config_71_det2_b30_s20_h24_w500,14,7.1387354334877,155.114313416779,159.14655195762174,189.84018169925417,True,True,p95
config_71_det2_b30_s20_h24_w500,15,6.30992163133089,144.57194507965,162.43498699479738,202.58375325728022,True,True,p95
config_71_det2_b30_s20_h24_w500,16,5.64079151507659,135.933108110648,165.40594003843998,207.2308467844392,True,True,p95
config_71_det2_b30_s20_h24_w500,17,5.12956312475836,128.020670362398,175.73452990235015,219.3983249708165,True,True,p95
config_71_det2_b30_s20_h24_w500,18,4.70918677317163,120.936071767983,198.79166230000695,238.75327222888487,True,True,p95
config_71_det2_b30_s20_h24_w500,19,4.34538602141658,114.666952954547,204.24280893093885,242.65227178001032,True,True,p95
config_71_det2_b30_s20_h24_w500,20,4.03167079521766,108.995763264335,209.75372463915866,244.93494034130777,True,True,p95
config_72_det2_b30_s20_h24_w1500,1,1482.77218730659,2195.12941567296,16.725168160589597,23.045634076761697,False,False,p95
config_72_det2_b30_s20_h24_w1500,2,276.168535055985,1274.88781758312,29.45676917110904,45.99707871158776,False,False,p95
config_72_det2_b30_s20_h24_w1500,3,110.489999377789,954.913490984421,49.60500226791648,62.637734421606865,False,False,p95
config_72_det2_b30_s20_h24_w1500,4,62.265165672113,754.396736282332,63.076114734501516,77.40672566683412,False,False,p95
config_72_det2_b30_s20_h24_w1500,5,41.3983921590561,615.089943611065,85.81527399012369,107.04898995319853,False,False,p95
config_72_det2_b30_s20_h24_w1500,6,30.5947542861908,517.737731419071,96.68014920344298,132.83047627185408,False,False,p95
config_72_det2_b30_s20_h24_w1500,7,24.0675826659041,446.310779861523,102.28697375521479,138.48410850431452,True,False,p95
config_72_det2_b30_s20_h24_w1500,8,19.5984247045618,391.790936353185,111.25702225028316,171.3319147152684,True,False,p95
config_72_det2_b30_s20_h24_w1500,9,14.813237392189,347.069530043393,162.43498699479738,188.8285913623637,True,False,p95
config_72_det2_b30_s20_h24_w1500,10,12.2749345250106,314.281592480616,165.40594003843998,204.15380816193993,True,True,p95
config_72_det2_b30_s20_h24_w1500,11,10.3785968167878,286.18006793008,191.3194318410966,209.66789215328131,True,True,p95
config_72_det2_b30_s20_h24_w1500,12,9.08425019280687,262.551262568411,198.79166230000695,241.09878680739976,True,True,p95
config_72_det2_b30_s20_h24_w1500,13,8.07100869684366,242.465429921281,214.85030732488326,245.82386959613672,True,True,p95
config_72_det2_b30_s20_h24_w1500,14,7.24897508045351,225.256267238797,222.80073786046657,269.2429612587516,True,True,p95
config_72_det2_b30_s20_h24_w1500,15,6.56841598047092,210.321763462317,232.00888991588232,278.7827927065473,True,True,p95
config_72_det2_b30_s20_h24_w1500,16,5.99684734319579,197.206183278909,236.39611883446818,301.26255160573805,True,True,p95
config_72_det2_b30_s20_h24_w1500,17,5.50925993039002,185.62250063012,246.13537941547534,376.2931038432674,True,True,p95
config_72_det2_b30_s20_h24_w1500,18,5.08897006822918,175.317193184827,261.7619669897411,418.81940502323937,True,True,p95
config_72_det2_b30_s20_h24_w1500,19,4.72308712345199,166.110522527026,270.5228260020399,456.156208995234,True,True,p95
config_72_det2_b30_s20_h24_w1500,20,4.4019262322732,157.810856039111,276.93964847569623,488.48897235428745,True,True,p95
config_73_det1_b10_s8_h10_w250,1,1322.68273568211,1231.55614540992,7.485342750649764,14.537396272876883,False,False,p95
config_73_det1_b10_s8_h10_w250,2,252.93209269631,694.862830042474,16.497919349961897,24.29303295811646,False,False,p95
config_73_det1_b10_s8_h10_w250,3,104.998977908618,525.24000926827,25.7141665701759,31.537962417971002,False,False,p95
config_73_det1_b10_s8_h10_w250,4,59.7200348642112,414.304889211797,33.609811095000595,40.07031784828571,False,False,p95
config_73_det1_b10_s8_h10_w250,5,39.8568210825817,338.841406453851,43.31897665690896,52.71883929474593,False,False,p95
config_73_det1_b10_s8_h10_w250,6,29.1032232969694,285.270286428345,63.76692050433106,60.27939613696823,False,False,p95
config_73_det1_b10_s8_h10_w250,7,22.5780158271681,245.899008295199,74.44715738857589,69.89009930189282,False,False,p95
config_73_det1_b10_s8_h10_w250,8,18.2704668808745,215.87945345554,80.69246389313743,79.84723026678898,True,False,p95
config_73_det1_b10_s8_h10_w250,9,15.2425257500057,192.266813750414,88.30065621691499,91.78962994239942,True,False,p95
config_73_det1_b10_s8_h10_w250,10,13.0104568662737,173.233610024881,95.15786008788771,99.28377222287337,True,False,p95
config_73_det1_b10_s8_h10_w250,11,11.3050806069729,157.581691801359,99.0985968028547,107.8978143273554,True,True,p95
config_73_det1_b10_s8_h10_w250,12,9.96424838716288,144.494696357211,103.44213296002337,118.17545984841317,True,True,p95
config_73_det1_b10_s8_h10_w250,13,8.88536700979521,133.398136789257,105.07263424129545,129.4241992617256,True,True,p95
config_73_det1_b10_s8_h10_w250,14,8.00069163608761,123.875447271731,107.53197136141496,133.579133467887,True,True,p95
config_73_det1_b10_s8_h10_w250,15,7.26352017039033,115.570070080883,114.31164985327592,145.20875255666743,True,True,p95
config_73_det1_b10_s8_h10_w250,16,6.12354953275908,107.311001938117,120.40474229964224,158.39587013130975,True,True,p95
config_73_det1_b10_s8_h10_w250,17,5.33231413765071,101.419455756059,130.09463868485864,168.396197066049,True,True,p95
config_73_det1_b10_s8_h10_w250,18,4.76253492535128,96.2835680439318,135.63459176214423,183.0552190851744,True,True,p95
config_73_det1_b10_s8_h10_w250,19,4.30879220439916,91.0479780688807,146.55156548936685,191.11220418613232,True,True,p95
config_73_det1_b10_s8_h10_w250,20,3.94463241538417,86.7228654737704,154.7523381474178,196.65395594218654,True,True,p95
config_74_det1_b10_s8_h10_w1000,1,1437.86820833333,1946.65627034505,15.116434684883316,23.31442028043034,False,False,p95
config_74_det1_b10_s8_h10_w1000,2,270.273583333333,1110.42730712891,31.357679677813834,39.56298618794045,False,False,p95
config_74_det1_b10_s8_h10_w1000,3,108.843,838.393432617188,50.813092176580895,50.658800235975406,False,False,p95
config_74_det1_b10_s8_h10_w1000,4,61.6362135416667,660.314829508464,67.84538862397042,65.95662256476612,False,False,p95
config_74_det1_b10_s8_h10_w1000,5,41.4805494791667,537.798126220703,87.81012006219474,80.8317316016424,False,False,p95
config_74_det1_b10_s8_h10_w1000,6,30.7686484375,452.795272827148,99.52685556272999,93.60655007380966,False,False,p95
config_74_det1_b10_s8_h10_w1000,7,24.04661328125,390.392094930013,105.13047804512605,115.61636202957848,True,False,p95
config_74_det1_b10_s8_h10_w1000,8,19.4677135416667,342.550003051758,110.66020532060963,130.45294518008762,True,False,p95
config_74_det1_b10_s8_h10_w1000,9,16.21081640625,304.876281738281,118.248575974161,144.01491187570554,True,True,p95
config_74_det1_b10_s8_h10_w1000,10,12.85248046875,271.698257446289,129.53973472828756,165.76898756882406,True,True,p95
config_74_det1_b10_s8_h10_w1000,11,10.4575859375,248.922744750977,148.56600550711937,181.02830596153512,True,True,p95
config_74_det1_b10_s8_h10_w1000,12,8.91555078125,228.986923217773,157.46208712822738,195.7755163801287,True,True,p95
config_74_det1_b10_s8_h10_w1000,13,7.87199609375,211.807258605957,169.78200459947675,213.393368175608,True,True,p95
config_74_det1_b10_s8_h10_w1000,14,7.05954296875,196.793830871582,181.26520985630196,230.60491084277015,True,True,p95
config_74_det1_b10_s8_h10_w1000,15,6.37659375,183.734001159668,192.86490773894081,245.89285131373077,True,True,p95
config_74_det1_b10_s8_h10_w1000,16,5.808765625,172.296012878418,201.80048221185024,266.2991652784978,True,True,p95
config_74_det1_b10_s8_h10_w1000,17,5.32770703125,162.19344329834,210.6017552593308,279.89121989352424,True,True,p95
config_74_det1_b10_s8_h10_w1000,18,4.91498046875,153.208526611328,236.70887008834018,296.31266467081434,True,True,p95
config_74_det1_b10_s8_h10_w1000,19,4.55701953125,145.16609954834,270.37828534797046,311.62574371750543,True,True,p95
config_74_det1_b10_s8_h10_w1000,20,4.24378515625,137.92414855957,295.0589892179595,324.14974774296456,True,True,p95
config_75_det1_b10_s8_h15_w250,1,1322.68273568211,1231.55614540992,7.485342750649764,14.537396272876883,False,False,p95
config_75_det1_b10_s8_h15_w250,2,252.93209269631,694.862830042474,16.497919349961897,24.143456972066012,False,False,p95
config_75_det1_b10_s8_h15_w250,3,104.998977908618,525.24000926827,25.72160764849121,31.537962417971002,False,False,p95
config_75_det1_b10_s8_h15_w250,4,59.7200348642112,414.304889211797,33.609811095000595,39.29469970205184,False,False,p95
config_75_det1_b10_s8_h15_w250,5,39.8568210825817,338.841406453851,42.408243416277095,44.772757738408764,False,False,p95
config_75_det1_b10_s8_h15_w250,6,29.1032232969694,285.270286428345,49.23415116130485,57.86738228775424,False,False,p95
config_75_det1_b10_s8_h15_w250,7,22.5780158271681,245.899008295199,52.05632048253497,74.06682934720475,True,False,p95
config_75_det1_b10_s8_h15_w250,8,18.2704668808745,215.87945345554,58.63260947120541,83.17093696867451,True,False,p95
config_75_det1_b10_s8_h15_w250,9,15.2425257500057,192.266813750414,65.90525882659952,94.75149812694536,True,False,p95
config_75_det1_b10_s8_h15_w250,10,13.0104568662737,173.233610024881,89.06223574897734,107.02486870991913,True,True,p95
config_75_det1_b10_s8_h15_w250,11,11.3050806069729,157.581691801359,94.32062942591392,116.35967785708593,True,True,p95
config_75_det1_b10_s8_h15_w250,12,9.96424838716288,144.494696357211,103.52474155986992,121.5650954382034,True,True,p95
config_75_det1_b10_s8_h15_w250,13,8.88536700979521,133.398136789257,109.30075726724719,132.69020732175605,True,True,p95
config_75_det1_b10_s8_h15_w250,14,8.00069163608761,123.875447271731,112.86650413285432,142.83332401821025,True,True,p95
config_75_det1_b10_s8_h15_w250,15,7.26352017039033,115.570070080883,119.20757917454391,158.05581737368786,True,True,p95
config_75_det1_b10_s8_h15_w250,16,6.12354953275908,107.311001938117,121.051129745749,184.456656062913,True,True,p95
config_75_det1_b10_s8_h15_w250,17,5.33231413765071,101.419455756059,129.8046371817628,185.0678885103252,True,True,p95
config_75_det1_b10_s8_h15_w250,18,4.76253492535128,96.2835680439318,135.65900883709315,187.54658275988987,True,True,p95
config_75_det1_b10_s8_h15_w250,19,4.30879220439916,91.0479780688807,144.23808026434645,193.93457138695987,True,True,p95
config_75_det1_b10_s8_h15_w250,20,3.94463241538417,86.7228654737704,149.16544042760142,204.234865462843,True,True,p95
config_76_det1_b10_s8_h15_w1000,1,1437.86820833333,1946.65627034505,15.116434684883316,23.31442028043034,False,False,p95
config_76_det1_b10_s8_h15_w1000,2,270.273583333333,1110.42730712891,31.357679677813834,39.58422876966917,False,False,p95
config_76_det1_b10_s8_h15_w1000,3,108.843,838.393432617188,42.48300071213228,45.32644073871928,False,False,p95
config_76_det1_b10_s8_h15_w1000,4,61.6362135416667,660.314829508464,51.3150677745635,68.79130936607964,False,False,p95
config_76_det1_b10_s8_h15_w1000,5,41.4805494791667,537.798126220703,68.36028278571101,83.82076026906718,False,False,p95
config_76_det1_b10_s8_h15_w1000,6,30.7686484375,452.795272827148,92.63311425012085,102.86249980590745,False,False,p95
config_76_det1_b10_s8_h15_w1000,7,24.04661328125,390.392094930013,107.84556194425602,117.11736219816794,True,False,p95
config_76_det1_b10_s8_h15_w1000,8,19.4677135416667,342.550003051758,116.7212842694714,132.6312608436777,True,False,p95
config_76_det1_b10_s8_h15_w1000,9,16.21081640625,304.876281738281,119.27842666993033,154.19875584447084,True,True,p95
config_76_det1_b10_s8_h15_w1000,10,12.85248046875,271.698257446289,129.58826128716413,169.96022940942566,True,True,p95
config_76_det1_b10_s8_h15_w1000,11,10.4575859375,248.922744750977,142.54249400321567,188.0933842149096,True,True,p95
config_76_det1_b10_s8_h15_w1000,12,8.91555078125,228.986923217773,155.03644255873627,206.3773411008421,True,True,p95
config_76_det1_b10_s8_h15_w1000,13,7.87199609375,211.807258605957,166.74475309089698,220.72669049251869,True,True,p95
config_76_det1_b10_s8_h15_w1000,14,7.05954296875,196.793830871582,171.2326632004241,235.45832654416253,True,True,p95
config_76_det1_b10_s8_h15_w1000,15,6.37659375,183.734001159668,183.97846267815027,250.25629527628547,True,True,p95
config_76_det1_b10_s8_h15_w1000,16,5.808765625,172.296012878418,195.62108357579723,266.6561675955827,True,True,p95
config_76_det1_b10_s8_h15_w1000,17,5.32770703125,162.19344329834,206.9828319190036,282.1810993383003,True,True,p95
config_76_det1_b10_s8_h15_w1000,18,4.91498046875,153.208526611328,219.56936007275414,297.3351815612614,True,True,p95
config_76_det1_b10_s8_h15_w1000,19,4.55701953125,145.16609954834,235.99680292471385,311.45685800869006,True,True,p95
config_76_det1_b10_s8_h15_w1000,20,4.24378515625,137.92414855957,245.61576927909624,322.2892540723974,True,True,p95
config_77_det1_b10_s12_h10_w250,1,1322.68273568211,1231.55614540992,7.778713790364082,7.957779212820621,False,False,p95
config_77_det1_b10_s12_h10_w250,2,252.93209269631,694.862830042474,12.110118853225073,19.459663142333348,False,False,p95
config_77_det1_b10_s12_h10_w250,3,104.998977908618,525.24000926827,21.074280801674877,24.52463014997802,False,False,p95
config_77_det1_b10_s12_h10_w250,4,59.7200348642112,414.304889211797,25.364944439413478,28.2791111325375,False,False,p95
config_77_det1_b10_s12_h10_w250,5,39.8568210825817,338.841406453851,33.18763348292957,31.28194993076759,False,False,p95
config_77_det1_b10_s12_h10_w250,6,29.1032232969694,285.270286428345,40.15420816472779,41.662943780836,False,False,p95
config_77_det1_b10_s12_h10_w250,7,22.5780158271681,245.899008295199,46.80311292957017,42.45992625595249,False,False,p95
config_77_det1_b10_s12_h10_w250,8,18.2704668808745,215.87945345554,50.030660793981,53.46662645770241,True,False,p95
config_77_det1_b10_s12_h10_w250,9,15.2425257500057,192.266813750414,56.580511365129084,62.10433405666835,True,False,p95
config_77_det1_b10_s12_h10_w250,10,13.0104568662737,173.233610024881,70.797334851564,63.73260901871991,True,False,p95
config_77_det1_b10_s12_h10_w250,11,11.3050806069729,157.581691801359,88.19234209133225,72.59648689392456,True,False,p95
config_77_det1_b10_s12_h10_w250,12,9.96424838716288,144.494696357211,94.77907065366996,74.6901308059391,True,False,p95
config_77_det1_b10_s12_h10_w250,13,8.88536700979521,133.398136789257,97.94588520031591,84.13285386491947,True,True,p95
config_77_det1_b10_s12_h10_w250,14,8.00069163608761,123.875447271731,101.40937507884964,89.06482891467948,True,True,p95
config_77_det1_b10_s12_h10_w250,15,7.26352017039033,115.570070080883,102.02882096971743,95.11380809362069,True,True,p95
config_77_det1_b10_s12_h10_w250,16,6.12354953275908,107.311001938117,108.34853333533259,99.53438423297759,True,True,p95
config_77_det1_b10_s12_h10_w250,17,5.33231413765071,101.419455756059,116.6989047088928,109.67848396403419,True,True,p95
config_77_det1_b10_s12_h10_w250,18,4.76253492535128,96.2835680439318,125.40469684595773,110.10528550783687,True,True,p95
config_77_det1_b10_s12_h10_w250,19,4.30879220439916,91.0479780688807,132.88156019601564,115.97125387488352,True,True,p95
config_77_det1_b10_s12_h10_w250,20,3.94463241538417,86.7228654737704,139.0289857500947,118.96784057174136,True,True,p95
config_78_det1_b10_s12_h10_w1000,1,1437.86820833333,1946.65627034505,10.72903725874142,19.653444458679278,False,False,p95
config_78_det1_b10_s12_h10_w1000,2,270.273583333333,1110.42730712891,22.065983514840077,28.516519189385182,False,False,p95
config_78_det1_b10_s12_h10_w1000,3,108.843,838.393432617188,39.507652993469236,41.127385928531424,False,False,p95
config_78_det1_b10_s12_h10_w1000,4,61.6362135416667,660.314829508464,49.90684830836126,49.94154966936557,False,False,p95
config_78_det1_b10_s12_h10_w1000,5,41.4805494791667,537.798126220703,67.82631412445915,61.16987639512242,False,False,p95
config_78_det1_b10_s12_h10_w1000,6,30.7686484375,452.795272827148,88.19234209133225,71.93817570122187,False,False,p95
config_78_det1_b10_s12_h10_w1000,7,24.04661328125,390.392094930013,99.73524818402925,74.57269247527415,False,False,p95
config_78_det1_b10_s12_h10_w1000,8,19.4677135416667,342.550003051758,111.48561911413796,93.32254133020001,True,False,p95
config_78_det1_b10_s12_h10_w1000,9,16.21081640625,304.876281738281,113.61167953183958,97.4683217024488,True,False,p95
config_78_det1_b10_s12_h10_w1000,10,12.85248046875,271.698257446289,126.23689084826509,113.27376743560902,True,False,p95
config_78_det1_b10_s12_h10_w1000,11,10.4575859375,248.922744750977,137.5832065931168,125.96147439421304,True,False,p95
config_78_det1_b10_s12_h10_w1000,12,8.91555078125,228.986923217773,151.74290112719348,130.70946283239277,True,True,p95
config_78_det1_b10_s12_h10_w1000,13,7.87199609375,211.807258605957,160.79763374723223,145.30777567935598,True,True,p95
config_78_det1_b10_s12_h10_w1000,14,7.05954296875,196.793830871582,171.05014202246915,158.5674112287819,True,True,p95
config_78_det1_b10_s12_h10_w1000,15,6.37659375,183.734001159668,180.18075491314528,173.12189830704486,True,True,p95
config_78_det1_b10_s12_h10_w1000,16,5.808765625,172.296012878418,193.82167375313543,186.96189148395234,True,True,p95
config_78_det1_b10_s12_h10_w1000,17,5.32770703125,162.19344329834,201.36456172380514,195.99508526971408,True,True,p95
config_78_det1_b10_s12_h10_w1000,18,4.91498046875,153.208526611328,209.4889275318148,207.58099091888482,True,True,p95
config_78_det1_b10_s12_h10_w1000,19,4.55701953125,145.16609954834,225.405764166854,220.86877332134674,True,True,p95
config_78_det1_b10_s12_h10_w1000,20,4.24378515625,137.92414855957,237.2816324579004,234.1774013920751,True,True,p95
config_79_det1_b10_s12_h15_w250,1,1322.68273568211,1231.55614540992,7.778713790364082,7.957779212820621,False,False,p95
config_79_det1_b10_s12_h15_w250,2,252.93209269631,694.862830042474,12.110118853225073,19.459663142333348,False,False,p95
config_79_det1_b10_s12_h15_w250,3,104.998977908618,525.24000926827,21.074280801674877,24.52463014997802,False,False,p95
config_79_det1_b10_s12_h15_w250,4,59.7200348642112,414.304889211797,25.364944439413478,28.2791111325375,False,False,p95
config_79_det1_b10_s12_h15_w250,5,39.8568210825817,338.841406453851,33.18763348292957,31.28194993076759,False,False,p95
config_79_det1_b10_s12_h15_w250,6,29.1032232969694,285.270286428345,39.99082515764208,40.478335877582495,False,False,p95
config_79_det1_b10_s12_h15_w250,7,22.5780158271681,245.899008295199,44.77732405394377,41.662943780836,False,False,p95
config_79_det1_b10_s12_h15_w250,8,18.2704668808745,215.87945345554,49.977041563052566,49.8838520426435,True,False,p95
config_79_det1_b10_s12_h15_w250,9,15.2425257500057,192.266813750414,56.514474144209814,52.97569223155142,True,False,p95
config_79_det1_b10_s12_h15_w250,10,13.0104568662737,173.233610024881,61.428299588469926,61.617909638093465,True,False,p95
config_79_det1_b10_s12_h15_w250,11,11.3050806069729,157.581691801359,67.46341815786027,71.27075727592647,True,True,p95
config_79_det1_b10_s12_h15_w250,12,9.96424838716288,144.494696357211,71.4298042655802,73.37914282339707,True,True,p95
config_79_det1_b10_s12_h15_w250,13,8.88536700979521,133.398136789257,74.06385590677831,75.37921610850472,True,True,p95
config_79_det1_b10_s12_h15_w250,14,8.00069163608761,123.875447271731,81.63667296946628,83.30166964478421,True,True,p95
config_79_det1_b10_s12_h15_w250,15,7.26352017039033,115.570070080883,83.89882434556651,96.63102992844455,True,True,p95
config_79_det1_b10_s12_h15_w250,16,6.12354953275908,107.311001938117,97.21080929300447,101.71727676952982,True,True,p95
config_79_det1_b10_s12_h15_w250,17,5.33231413765071,101.419455756059,102.8337669816008,105.09696151922817,True,True,p95
config_79_det1_b10_s12_h15_w250,18,4.76253492535128,96.2835680439318,109.97873798654483,113.3447508925583,True,True,p95
config_79_det1_b10_s12_h15_w250,19,4.30879220439916,91.0479780688807,119.36215211541864,114.94045773833912,True,True,p95
config_79_det1_b10_s12_h15_w250,20,3.94463241538417,86.7228654737704,137.5832065931168,120.65545380511573,True,True,p95
config_80_det1_b10_s12_h15_w1000,1,1437.86820833333,1946.65627034505,10.72903725874142,19.653444458679278,False,False,p95
config_80_det1_b10_s12_h15_w1000,2,270.273583333333,1110.42730712891,22.065983514840077,28.44622230716147,False,False,p95
config_80_det1_b10_s12_h15_w1000,3,108.843,838.393432617188,39.507652993469236,39.507652993469236,False,False,p95
config_80_det1_b10_s12_h15_w1000,4,61.6362135416667,660.314829508464,43.27844436539985,47.70312747211991,False,False,p95
config_80_det1_b10_s12_h15_w1000,5,41.4805494791667,537.798126220703,55.67886533621453,56.02036381914647,False,False,p95
config_80_det1_b10_s12_h15_w1000,6,30.7686484375,452.795272827148,61.90024710025655,69.27932087368185,False,False,p95
config_80_det1_b10_s12_h15_w1000,7,24.04661328125,390.392094930013,76.88935226329959,78.12189494062383,False,False,p95
config_80_det1_b10_s12_h15_w1000,8,19.4677135416667,342.550003051758,97.14262517445013,94.54016826165187,True,False,p95
config_80_det1_b10_s12_h15_w1000,9,16.21081640625,304.876281738281,106.00586262630895,104.98354695941799,True,False,p95
config_80_det1_b10_s12_h15_w1000,10,12.85248046875,271.698257446289,118.0261276121208,116.12057495674614,True,False,p95
config_80_det1_b10_s12_h15_w1000,11,10.4575859375,248.922744750977,136.21618451028942,128.76992427653482,True,True,p95
config_80_det1_b10_s12_h15_w1000,12,8.91555078125,228.986923217773,144.82952572114027,142.80010745765733,True,True,p95
config_80_det1_b10_s12_h15_w1000,13,7.87199609375,211.807258605957,158.3386007771554,157.24289459913217,True,True,p95
config_80_det1_b10_s12_h15_w1000,14,7.05954296875,196.793830871582,166.59174141918396,164.27082804003297,True,True,p95
config_80_det1_b10_s12_h15_w1000,15,6.37659375,183.734001159668,173.47974793282225,178.90915224195635,True,True,p95
config_80_det1_b10_s12_h15_w1000,16,5.808765625,172.296012878418,186.3973287869252,191.62925115553526,True,True,p95
config_80_det1_b10_s12_h15_w1000,17,5.32770703125,162.19344329834,193.07724368520854,206.37765003843805,True,True,p95
config_80_det1_b10_s12_h15_w1000,18,4.91498046875,153.208526611328,202.26383374780684,218.62324767355346,True,True,p95
config_80_det1_b10_s12_h15_w1000,19,4.55701953125,145.16609954834,213.280604384438,232.2437002242853,True,True,p95
config_80_det1_b10_s12_h15_w1000,20,4.24378515625,137.92414855957,246.10539848787064,241.43707450039625,True,True,p95
config_81_det2_b10_s8_h10_w250,1,1322.68273568211,1231.55614540992,8.554604023565322,13.509256086106296,False,False,p95
config_81_det2_b10_s8_h10_w250,2,252.93209269631,694.862830042474,18.22885761642786,23.957070981236416,False,False,p95
config_81_det2_b10_s8_h10_w250,3,104.998977908618,525.24000926827,27.39810668641174,32.189769337477394,False,False,p95
config_81_det2_b10_s8_h10_w250,4,59.7200348642112,414.304889211797,35.788283697321944,48.18884804985912,False,False,p95
config_81_det2_b10_s8_h10_w250,5,39.8568210825817,338.841406453851,41.628310679151994,57.72379275480778,False,False,p95
config_81_det2_b10_s8_h10_w250,6,29.1032232969694,285.270286428345,60.24745845261856,68.14133475637175,False,False,p95
config_81_det2_b10_s8_h10_w250,7,22.5780158271681,245.899008295199,74.99397667508774,75.36188435110677,False,False,p95
config_81_det2_b10_s8_h10_w250,8,18.2704668808745,215.87945345554,84.13709794139562,87.8658832671447,True,False,p95
config_81_det2_b10_s8_h10_w250,9,15.2425257500057,192.266813750414,91.87723466670076,99.35138965243908,True,False,p95
config_81_det2_b10_s8_h10_w250,10,13.0104568662737,173.233610024881,97.36658179272803,111.12180816563415,True,True,p95
config_81_det2_b10_s8_h10_w250,11,11.3050806069729,157.581691801359,100.0656499419789,118.54000329697212,True,True,p95
config_81_det2_b10_s8_h10_w250,12,9.96424838716288,144.494696357211,105.76844537977595,125.39717401121924,True,True,p95
config_81_det2_b10_s8_h10_w250,13,8.88536700979521,133.398136789257,110.49640831266869,135.26228687257952,True,True,p95
config_81_det2_b10_s8_h10_w250,14,8.00069163608761,123.875447271731,114.14423441418317,140.5547046526725,True,True,p95
config_81_det2_b10_s8_h10_w250,15,7.26352017039033,115.570070080883,123.37410290570267,151.5795598708935,True,True,p95
config_81_det2_b10_s8_h10_w250,16,6.12354953275908,107.311001938117,124.10084185400757,165.26077877100786,True,True,p95
config_81_det2_b10_s8_h10_w250,17,5.33231413765071,101.419455756059,134.66857465645057,175.88810363410028,True,True,p95
config_81_det2_b10_s8_h10_w250,18,4.76253492535128,96.2835680439318,137.13177531190217,182.72613104774535,True,True,p95
config_81_det2_b10_s8_h10_w250,19,4.30879220439916,91.0479780688807,199.58544432711383,194.23026401351524,True,True,p95
config_81_det2_b10_s8_h10_w250,20,3.94463241538417,86.7228654737704,207.01233202904496,201.65762814155795,True,True,p95
config_82_det2_b10_s8_h10_w1000,1,1437.86820833333,1946.65627034505,13.485408781345859,22.88102379702447,False,False,p95
config_82_det2_b10_s8_h10_w1000,2,270.273583333333,1110.42730712891,29.524622307343364,43.00894616250248,False,False,p95
config_82_det2_b10_s8_h10_w1000,3,108.843,838.393432617188,58.03711097220467,58.03711097220467,False,False,p95
config_82_det2_b10_s8_h10_w1000,4,61.6362135416667,660.314829508464,79.2236385338081,73.07816997477059,False,False,p95
config_82_det2_b10_s8_h10_w1000,5,41.4805494791667,537.798126220703,92.14744299219593,87.5466227191823,False,False,p95
config_82_det2_b10_s8_h10_w1000,6,30.7686484375,452.795272827148,101.19175808221931,101.4675619901486,False,False,p95
config_82_det2_b10_s8_h10_w1000,7,24.04661328125,390.392094930013,110.56358464702562,123.32102455931906,False,False,p95
config_82_det2_b10_s8_h10_w1000,8,19.4677135416667,342.550003051758,114.14423441418317,135.68944321501212,True,False,p95
config_82_det2_b10_s8_h10_w1000,9,16.21081640625,304.876281738281,124.10703745324656,151.22190154188326,True,True,p95
config_82_det2_b10_s8_h10_w1000,10,12.85248046875,271.698257446289,136.4457996788468,171.40285104521797,True,True,p95
config_82_det2_b10_s8_h10_w1000,11,10.4575859375,248.922744750977,148.4966389731822,185.98555051401172,True,True,p95
config_82_det2_b10_s8_h10_w1000,12,8.91555078125,228.986923217773,153.33990022169704,200.73972493509334,True,True,p95
config_82_det2_b10_s8_h10_w1000,13,7.87199609375,211.807258605957,170.71430834123555,214.729707044571,True,True,p95
config_82_det2_b10_s8_h10_w1000,14,7.05954296875,196.793830871582,206.32767092056093,232.80746056025401,True,True,p95
config_82_det2_b10_s8_h10_w1000,15,6.37659375,183.734001159668,219.41006132781058,249.48098248026514,True,True,p95
config_82_det2_b10_s8_h10_w1000,16,5.808765625,172.296012878418,256.9947848574828,263.66290031022567,True,True,p95
config_82_det2_b10_s8_h10_w1000,17,5.32770703125,162.19344329834,291.9749556881236,277.7707868323915,True,True,p95
config_82_det2_b10_s8_h10_w1000,18,4.91498046875,153.208526611328,301.4456566894896,295.512505195885,True,True,p95
config_82_det2_b10_s8_h10_w1000,19,4.55701953125,145.16609954834,304.61964490065475,312.16441869876957,True,True,p95
config_82_det2_b10_s8_h10_w1000,20,4.24378515625,137.92414855957,317.37655329998125,324.9738776265257,True,True,p95
config_83_det2_b10_s8_h15_w250,1,1322.68273568211,1231.55614540992,8.554604023565322,13.509256086106296,False,False,p95
config_83_det2_b10_s8_h15_w250,2,252.93209269631,694.862830042474,18.22885761642786,23.957070981236416,False,False,p95
config_83_det2_b10_s8_h15_w250,3,104.998977908618,525.24000926827,27.39810668641174,32.189769337477394,False,False,p95
config_83_det2_b10_s8_h15_w250,4,59.7200348642112,414.304889211797,35.788283697321944,37.15589727369449,False,False,p95
config_83_det2_b10_s8_h15_w250,5,39.8568210825817,338.841406453851,41.42784389755277,53.959710179335765,False,False,p95
config_83_det2_b10_s8_h15_w250,6,29.1032232969694,285.270286428345,50.033151509773994,73.8754553606175,True,False,p95
config_83_det2_b10_s8_h15_w250,7,22.5780158271681,245.899008295199,53.94382494781029,87.07658267295518,True,False,p95
config_83_det2_b10_s8_h15_w250,8,18.2704668808745,215.87945345554,58.77674922960608,99.02897787424101,True,False,p95
config_83_det2_b10_s8_h15_w250,9,15.2425257500057,192.266813750414,84.31794737776768,111.12180816563415,True,True,p95
config_83_det2_b10_s8_h15_w250,10,13.0104568662737,173.233610024881,87.45328038444298,115.66142370699706,True,True,p95
config_83_det2_b10_s8_h15_w250,11,11.3050806069729,157.581691801359,99.19985509061996,126.04932070423861,True,True,p95
config_83_det2_b10_s8_h15_w250,12,9.96424838716288,144.494696357211,111.10965867106243,130.49553820476564,True,True,p95
config_83_det2_b10_s8_h15_w250,13,8.88536700979521,133.398136789257,113.73075787645463,139.83248907174612,True,True,p95
config_83_det2_b10_s8_h15_w250,14,8.00069163608761,123.875447271731,121.94702474915977,150.8156225150863,True,True,p95
config_83_det2_b10_s8_h15_w250,15,7.26352017039033,115.570070080883,124.11468990413665,161.97414917202065,True,True,p95
config_83_det2_b10_s8_h15_w250,16,6.12354953275908,107.311001938117,125.82838322978466,171.76073243343018,True,True,p95
config_83_det2_b10_s8_h15_w250,17,5.33231413765071,101.419455756059,137.0971370962939,177.42757392707142,True,True,p95
config_83_det2_b10_s8_h15_w250,18,4.76253492535128,96.2835680439318,138.41917367204672,188.62031969011187,True,True,p95
config_83_det2_b10_s8_h15_w250,19,4.30879220439916,91.0479780688807,149.0732248489615,199.07867365510907,True,True,p95
config_83_det2_b10_s8_h15_w250,20,3.94463241538417,86.7228654737704,167.33851069491612,205.10575009902124,True,True,p95
config_84_det2_b10_s8_h15_w1000,1,1437.86820833333,1946.65627034505,13.485408781345859,22.88102379702447,False,False,p95
config_84_det2_b10_s8_h15_w1000,2,270.273583333333,1110.42730712891,29.524622307343364,33.53917485568182,False,False,p95
config_84_det2_b10_s8_h15_w1000,3,108.843,838.393432617188,41.36642660419195,49.46152677904227,False,False,p95
config_84_det2_b10_s8_h15_w1000,4,61.6362135416667,660.314829508464,52.02048875202924,74.51133638726003,False,False,p95
config_84_det2_b10_s8_h15_w1000,5,41.4805494791667,537.798126220703,86.29789461338729,98.33481977831546,False,False,p95
config_84_det2_b10_s8_h15_w1000,6,30.7686484375,452.795272827148,109.7397888188236,111.95894895005043,False,False,p95
config_84_det2_b10_s8_h15_w1000,7,24.04661328125,390.392094930013,113.26043883808092,126.30407138800211,False,False,p95
config_84_det2_b10_s8_h15_w1000,8,19.4677135416667,342.550003051758,123.72358809054964,140.4044829869655,True,False,p95
config_84_det2_b10_s8_h15_w1000,9,16.21081640625,304.876281738281,125.28412084854105,161.61721752338147,True,True,p95
config_84_det2_b10_s8_h15_w1000,10,12.85248046875,271.698257446289,137.20896927679325,176.3970860640141,True,True,p95
config_84_det2_b10_s8_h15_w1000,11,10.4575859375,248.922744750977,149.73341259878254,197.6517486912207,True,True,p95
config_84_det2_b10_s8_h15_w1000,12,8.91555078125,228.986923217773,153.0543204225219,211.4394121255543,True,True,p95
config_84_det2_b10_s8_h15_w1000,13,7.87199609375,211.807258605957,165.81850943400272,225.18583928731783,True,True,p95
config_84_det2_b10_s8_h15_w1000,14,7.05954296875,196.793830871582,206.32635783265164,240.87782172711542,True,True,p95
config_84_det2_b10_s8_h15_w1000,15,6.37659375,183.734001159668,243.00854074793003,253.75058120639073,True,True,p95
config_84_det2_b10_s8_h15_w1000,16,5.808765625,172.296012878418,252.6204734378631,267.0264500007443,True,True,p95
config_84_det2_b10_s8_h15_w1000,17,5.32770703125,162.19344329834,253.50396953815647,279.7746803775053,True,True,p95
config_84_det2_b10_s8_h15_w1000,18,4.91498046875,153.208526611328,266.3134744353789,292.47414415636814,True,True,p95
config_84_det2_b10_s8_h15_w1000,19,4.55701953125,145.16609954834,276.3661178229906,306.2285157804512,True,True,p95
config_84_det2_b10_s8_h15_w1000,20,4.24378515625,137.92414855957,326.39887482771235,318.692288595269,True,True,p95
config_85_det2_b10_s12_h10_w250,1,1322.68273568211,1231.55614540992,9.616977175807374,12.849756807037245,False,False,p95
config_85_det2_b10_s12_h10_w250,2,252.93209269631,694.862830042474,16.46211559915675,22.14037601306717,False,False,p95
config_85_det2_b10_s12_h10_w250,3,104.998977908618,525.24000926827,25.583906073936404,30.069107901632197,False,False,p95
config_85_det2_b10_s12_h10_w250,4,59.7200348642112,414.304889211797,31.725797862307573,38.862282336087496,False,False,p95
config_85_det2_b10_s12_h10_w250,5,39.8568210825817,338.841406453851,41.23185964760745,43.89454692783603,False,False,p95
config_85_det2_b10_s12_h10_w250,6,29.1032232969694,285.270286428345,50.56502002372787,58.4977884197343,False,False,p95
config_85_det2_b10_s12_h10_w250,7,22.5780158271681,245.899008295199,66.17448343615538,64.44194717075601,False,False,p95
config_85_det2_b10_s12_h10_w250,8,18.2704668808745,215.87945345554,73.78452581673206,73.78452581673206,True,False,p95
config_85_det2_b10_s12_h10_w250,9,15.2425257500057,192.266813750414,90.2569457161054,80.01991702492916,True,False,p95
config_85_det2_b10_s12_h10_w250,10,13.0104568662737,173.233610024881,100.66569603051094,93.21564800457341,True,False,p95
config_85_det2_b10_s12_h10_w250,11,11.3050806069729,157.581691801359,111.65830130357527,106.06267604581735,True,False,p95
config_85_det2_b10_s12_h10_w250,12,9.96424838716288,144.494696357211,120.85723499236609,109.41592189814126,True,False,p95
config_85_det2_b10_s12_h10_w250,13,8.88536700979521,133.398136789257,121.12836682627236,121.98512791593183,True,True,p95
config_85_det2_b10_s12_h10_w250,14,8.00069163608761,123.875447271731,122.08032703920807,135.2890424239894,True,True,p95
config_85_det2_b10_s12_h10_w250,15,7.26352017039033,115.570070080883,129.69730369876928,138.38809164776546,True,True,p95
config_85_det2_b10_s12_h10_w250,16,6.12354953275908,107.311001938117,136.4457996788468,152.11631689235293,True,True,p95
config_85_det2_b10_s12_h10_w250,17,5.33231413765071,101.419455756059,141.31923082156936,165.83010884637326,True,True,p95
config_85_det2_b10_s12_h10_w250,18,4.76253492535128,96.2835680439318,152.47499795048367,168.33560619134516,True,True,p95
config_85_det2_b10_s12_h10_w250,19,4.30879220439916,91.0479780688807,156.4500719079413,181.50240574855098,True,True,p95
config_85_det2_b10_s12_h10_w250,20,3.94463241538417,86.7228654737704,169.53060195728676,184.5396289839162,True,True,p95
config_86_det2_b10_s12_h10_w1000,1,1437.86820833333,1946.65627034505,13.63474422202338,18.506755523321747,False,False,p95
config_86_det2_b10_s12_h10_w1000,2,270.273583333333,1110.42730712891,29.145003860010036,37.291972996879636,False,False,p95
config_86_det2_b10_s12_h10_w1000,3,108.843,838.393432617188,41.21712326206185,46.18745771310649,False,False,p95
config_86_det2_b10_s12_h10_w1000,4,61.6362135416667,660.314829508464,72.3594931574289,61.447739983600044,False,False,p95
config_86_det2_b10_s12_h10_w1000,5,41.4805494791667,537.798126220703,99.07024018889655,76.48183263659652,False,False,p95
config_86_det2_b10_s12_h10_w1000,6,30.7686484375,452.795272827148,107.93253100895947,90.72260306955465,False,False,p95
config_86_det2_b10_s12_h10_w1000,7,24.04661328125,390.392094930013,122.94102699738289,107.13560091654918,False,False,p95
config_86_det2_b10_s12_h10_w1000,8,19.4677135416667,342.550003051758,128.8800664441089,121.04416202176334,True,False,p95
config_86_det2_b10_s12_h10_w1000,9,16.21081640625,304.876281738281,135.5764774951761,137.06426747799924,True,False,p95
config_86_det2_b10_s12_h10_w1000,10,12.85248046875,271.698257446289,151.82596945186947,152.39627620122482,True,False,p95
config_86_det2_b10_s12_h10_w1000,11,10.4575859375,248.922744750977,169.4465254881315,168.02119007867236,True,True,p95
config_86_det2_b10_s12_h10_w1000,12,8.91555078125,228.986923217773,181.84643246431864,183.3264749187229,True,True,p95
config_86_det2_b10_s12_h10_w1000,13,7.87199609375,211.807258605957,189.99111821345755,198.72368306283022,True,True,p95
config_86_det2_b10_s12_h10_w1000,14,7.05954296875,196.793830871582,200.9082502039177,214.77459114150352,True,True,p95
config_86_det2_b10_s12_h10_w1000,15,6.37659375,183.734001159668,215.97019470288024,229.81214485304923,True,True,p95
config_86_det2_b10_s12_h10_w1000,16,5.808765625,172.296012878418,224.6984450780318,245.5526929194628,True,True,p95
config_86_det2_b10_s12_h10_w1000,17,5.32770703125,162.19344329834,234.264007051873,260.7702441525348,True,True,p95
config_86_det2_b10_s12_h10_w1000,18,4.91498046875,153.208526611328,292.4194333487431,276.7997922687082,True,True,p95
config_86_det2_b10_s12_h10_w1000,19,4.55701953125,145.16609954834,307.4558911453804,291.700813949854,True,True,p95
config_86_det2_b10_s12_h10_w1000,20,4.24378515625,137.92414855957,310.5213734264983,306.5413918286115,True,True,p95
config_87_det2_b10_s12_h15_w250,1,1322.68273568211,1231.55614540992,9.616977175807374,12.849756807037245,False,False,p95
config_87_det2_b10_s12_h15_w250,2,252.93209269631,694.862830042474,16.46211559915675,22.14037601306717,False,False,p95
config_87_det2_b10_s12_h15_w250,3,104.998977908618,525.24000926827,25.583906073936404,30.124429455178067,False,False,p95
config_87_det2_b10_s12_h15_w250,4,59.7200348642112,414.304889211797,31.725797862307573,38.791316682989766,False,False,p95
config_87_det2_b10_s12_h15_w250,5,39.8568210825817,338.841406453851,41.23185964760745,42.37506637162944,False,False,p95
config_87_det2_b10_s12_h15_w250,6,29.1032232969694,285.270286428345,50.56502002372787,48.79002203319855,False,False,p95
config_87_det2_b10_s12_h15_w250,7,22.5780158271681,245.899008295199,53.344036686400095,62.22966535343091,True,False,p95
config_87_det2_b10_s12_h15_w250,8,18.2704668808745,215.87945345554,60.87052858321504,73.78452581673206,True,False,p95
config_87_det2_b10_s12_h15_w250,9,15.2425257500057,192.266813750414,66.27123244666572,83.28832997218487,True,False,p95
config_87_det2_b10_s12_h15_w250,10,13.0104568662737,173.233610024881,72.5259694867983,97.04011449613463,True,True,p95
config_87_det2_b10_s12_h15_w250,11,11.3050806069729,157.581691801359,76.2759218233382,108.18421603341861,True,True,p95
config_87_det2_b10_s12_h15_w250,12,9.96424838716288,144.494696357211,90.2569457161054,119.11133267409953,True,True,p95
config_87_det2_b10_s12_h15_w250,13,8.88536700979521,133.398136789257,104.40264005282624,123.48565468293131,True,True,p95
config_87_det2_b10_s12_h15_w250,14,8.00069163608761,123.875447271731,120.65656322803164,136.94113611038716,True,True,p95
config_87_det2_b10_s12_h15_w250,15,7.26352017039033,115.570070080883,121.98463530297575,139.6757921976419,True,True,p95
config_87_det2_b10_s12_h15_w250,16,6.12354953275908,107.311001938117,129.28801817963836,153.09515015179286,True,True,p95
config_87_det2_b10_s12_h15_w250,17,5.33231413765071,101.419455756059,137.25569204954672,167.08035989989855,True,True,p95
config_87_det2_b10_s12_h15_w250,18,4.76253492535128,96.2835680439318,149.9020513535422,169.1482003325166,True,True,p95
config_87_det2_b10_s12_h15_w250,19,4.30879220439916,91.0479780688807,155.25181158363338,182.24290367570217,True,True,p95
config_87_det2_b10_s12_h15_w250,20,3.94463241538417,86.7228654737704,168.76102259587816,196.44496684822445,True,True,p95
config_88_det2_b10_s12_h15_w1000,1,1437.86820833333,1946.65627034505,13.63474422202338,18.506755523321747,False,False,p95
config_88_det2_b10_s12_h15_w1000,2,270.273583333333,1110.42730712891,29.145003860010036,37.4419049996124,False,False,p95
config_88_det2_b10_s12_h15_w1000,3,108.843,838.393432617188,41.21712326206185,44.514506062630865,False,False,p95
config_88_det2_b10_s12_h15_w1000,4,61.6362135416667,660.314829508464,51.84458747063187,60.39125874962825,False,False,p95
config_88_det2_b10_s12_h15_w1000,5,41.4805494791667,537.798126220703,62.741702638675655,82.31045432082371,False,False,p95
config_88_det2_b10_s12_h15_w1000,6,30.7686484375,452.795272827148,90.2569457161054,103.24604713983001,False,False,p95
config_88_det2_b10_s12_h15_w1000,7,24.04661328125,390.392094930013,108.49288571146036,114.36729214768744,False,False,p95
config_88_det2_b10_s12_h15_w1000,8,19.4677135416667,342.550003051758,128.6158971162977,133.41148751138337,True,False,p95
config_88_det2_b10_s12_h15_w1000,9,16.21081640625,304.876281738281,129.28801817963836,143.88199215776382,True,False,p95
config_88_det2_b10_s12_h15_w1000,10,12.85248046875,271.698257446289,141.31923082156936,166.20958155292973,True,True,p95
config_88_det2_b10_s12_h15_w1000,11,10.4575859375,248.922744750977,161.78185883407752,176.23854465042166,True,True,p95
config_88_det2_b10_s12_h15_w1000,12,8.91555078125,228.986923217773,170.1782154096111,196.51494854081713,True,True,p95
config_88_det2_b10_s12_h15_w1000,13,7.87199609375,211.807258605957,186.12126423383225,202.52162983913556,True,True,p95
config_88_det2_b10_s12_h15_w1000,14,7.05954296875,196.793830871582,198.3749606175134,226.3197406325838,True,True,p95
config_88_det2_b10_s12_h15_w1000,15,6.37659375,183.734001159668,202.56451267344934,233.66387369925502,True,True,p95
config_88_det2_b10_s12_h15_w1000,16,5.808765625,172.296012878418,213.572622011113,253.03997190191856,True,True,p95
config_88_det2_b10_s12_h15_w1000,17,5.32770703125,162.19344329834,225.7066397633127,264.6977074252733,True,True,p95
config_88_det2_b10_s12_h15_w1000,18,4.91498046875,153.208526611328,251.51882034768573,283.6703593768065,True,True,p95
config_88_det2_b10_s12_h15_w1000,19,4.55701953125,145.16609954834,269.0659933352298,295.7480782579544,True,True,p95
config_88_det2_b10_s12_h15_w1000,20,4.24378515625,137.92414855957,290.0124857910022,308.62274696792474,True,True,p95
config_89_det1_b10_s5_h15_w250,1,1322.68273568211,1231.55614540992,10.488186733497923,19.12829577533688,False,False,p95
config_89_det1_b10_s5_h15_w250,2,252.93209269631,694.862830042474,20.812542507314873,31.58188320293452,False,False,p95
config_89_det1_b10_s5_h15_w250,3,104.998977908618,525.24000926827,26.862282063425194,32.86847427602547,False,False,p95
config_89_det1_b10_s5_h15_w250,4,59.7200348642112,414.304889211797,37.95936622079682,37.135838697581526,False,False,p95
config_89_det1_b10_s5_h15_w250,5,39.8568210825817,338.841406453851,40.580026996958516,58.317041999330755,False,False,p95
config_89_det1_b10_s5_h15_w250,6,29.1032232969694,285.270286428345,50.56157535362419,77.89248297964775,False,False,p95
config_89_det1_b10_s5_h15_w250,7,22.5780158271681,245.899008295199,75.41611095865366,88.93878921562317,True,False,p95
config_89_det1_b10_s5_h15_w250,8,18.2704668808745,215.87945345554,78.81018333142381,100.29473707740038,True,False,p95
config_89_det1_b10_s5_h15_w250,9,15.2425257500057,192.266813750414,86.1806739488583,111.28003520507015,True,False,p95
config_89_det1_b10_s5_h15_w250,10,13.0104568662737,173.233610024881,90.88230547721274,120.24555167099044,True,True,p95
config_89_det1_b10_s5_h15_w250,11,11.3050806069729,157.581691801359,96.69688481759444,130.7447800905444,True,True,p95
config_89_det1_b10_s5_h15_w250,12,9.96424838716288,144.494696357211,115.77428040689284,140.888831387717,True,True,p95
config_89_det1_b10_s5_h15_w250,13,8.88536700979521,133.398136789257,119.46920054374058,150.44216252138034,True,True,p95
config_89_det1_b10_s5_h15_w250,14,8.00069163608761,123.875447271731,121.34956662735965,182.62696031458321,True,True,p95
config_89_det1_b10_s5_h15_w250,15,7.26352017039033,115.570070080883,124.23125191440795,184.38504063713842,True,True,p95
config_89_det1_b10_s5_h15_w250,16,6.12354953275908,107.311001938117,132.76197066696875,185.95199724861595,True,True,p95
config_89_det1_b10_s5_h15_w250,17,5.33231413765071,101.419455756059,141.15731517007856,186.69246698651466,True,True,p95
config_89_det1_b10_s5_h15_w250,18,4.76253492535128,96.2835680439318,151.6950051109709,187.8073738549392,True,True,p95
config_89_det1_b10_s5_h15_w250,19,4.30879220439916,91.0479780688807,161.54936853422498,196.06344631287865,True,True,p95
config_89_det1_b10_s5_h15_w250,20,3.94463241538417,86.7228654737704,169.86829923188267,202.78520570652762,True,True,p95
config_90_det1_b10_s5_h15_w1000,1,1437.86820833333,1946.65627034505,14.793176524372079,32.019759770250126,False,False,p95
config_90_det1_b10_s5_h15_w1000,2,270.273583333333,1110.42730712891,31.875950044080675,40.35181638197079,False,False,p95
config_90_det1_b10_s5_h15_w1000,3,108.843,838.393432617188,40.95946388451462,52.3361292662673,False,False,p95
config_90_det1_b10_s5_h15_w1000,4,61.6362135416667,660.314829508464,75.46526882374093,73.84184321900374,False,False,p95
config_90_det1_b10_s5_h15_w1000,5,41.4805494791667,537.798126220703,89.00984483118917,89.21602027721559,False,False,p95
config_90_det1_b10_s5_h15_w1000,6,30.7686484375,452.795272827148,94.75018436927338,110.05568070335028,False,False,p95
config_90_det1_b10_s5_h15_w1000,7,24.04661328125,390.392094930013,105.28460387489847,128.31208652239334,False,False,p95
config_90_det1_b10_s5_h15_w1000,8,19.4677135416667,342.550003051758,112.13022532025832,146.47126500972357,True,True,p95
config_90_det1_b10_s5_h15_w1000,9,16.21081640625,304.876281738281,118.40604321888902,164.15421847899776,True,True,p95
config_90_det1_b10_s5_h15_w1000,10,12.85248046875,271.698257446289,128.41668443602816,181.29842416143163,True,True,p95
config_90_det1_b10_s5_h15_w1000,11,10.4575859375,248.922744750977,137.07773471203922,194.89287194573143,True,True,p95
config_90_det1_b10_s5_h15_w1000,12,8.91555078125,228.986923217773,146.75488924983915,206.40462421360104,True,True,p95
config_90_det1_b10_s5_h15_w1000,13,7.87199609375,211.807258605957,153.86060478342083,216.8878386225615,True,True,p95
config_90_det1_b10_s5_h15_w1000,14,7.05954296875,196.793830871582,164.12448212999016,229.05584608934734,True,True,p95
config_90_det1_b10_s5_h15_w1000,15,6.37659375,183.734001159668,172.9916144991373,240.85343053344837,True,True,p95
config_90_det1_b10_s5_h15_w1000,16,5.808765625,172.296012878418,181.20182669154127,254.74613363488356,True,True,p95
config_90_det1_b10_s5_h15_w1000,17,5.32770703125,162.19344329834,190.76528426276616,267.4179739119011,True,True,p95
config_90_det1_b10_s5_h15_w1000,18,4.91498046875,153.208526611328,225.44973179511828,280.79373308729686,True,True,p95
config_90_det1_b10_s5_h15_w1000,19,4.55701953125,145.16609954834,238.1262149793186,291.3977022210615,True,True,p95
config_90_det1_b10_s5_h15_w1000,20,4.24378515625,137.92414855957,248.20990092768693,303.34486927865146,True,True,p95
config_91_det1_b10_s5_h24_w250,1,1322.68273568211,1231.55614540992,10.488186733497923,19.12829577533688,False,False,p95
config_91_det1_b10_s5_h24_w250,2,252.93209269631,694.862830042474,20.812542507314873,31.58188320293452,False,False,p95
config_91_det1_b10_s5_h24_w250,3,104.998977908618,525.24000926827,26.929699884402424,32.86847427602547,False,False,p95
config_91_det1_b10_s5_h24_w250,4,59.7200348642112,414.304889211797,37.88440021943043,35.613256741672785,False,False,p95
config_91_det1_b10_s5_h24_w250,5,39.8568210825817,338.841406453851,40.580026996958516,43.522048555590324,False,False,p95
config_91_det1_b10_s5_h24_w250,6,29.1032232969694,285.270286428345,44.25674732426418,52.914274892695516,False,False,p95
config_91_det1_b10_s5_h24_w250,7,22.5780158271681,245.899008295199,50.18204048791004,64.74172356851899,True,False,p95
config_91_det1_b10_s5_h24_w250,8,18.2704668808745,215.87945345554,55.24776344925039,109.31394888566416,True,False,p95
config_91_det1_b10_s5_h24_w250,9,15.2425257500057,192.266813750414,59.59282734214244,120.7373609817568,True,True,p95
config_91_det1_b10_s5_h24_w250,10,13.0104568662737,173.233610024881,68.10807572886591,131.40759088297426,True,True,p95
config_91_det1_b10_s5_h24_w250,11,11.3050806069729,157.581691801359,109.70132324229361,143.03537887951035,True,True,p95
config_91_det1_b10_s5_h24_w250,12,9.96424838716288,144.494696357211,118.98148138448786,153.27203887494383,True,True,p95
config_91_det1_b10_s5_h24_w250,13,8.88536700979521,133.398136789257,122.00736942797573,162.92674445347348,True,True,p95
config_91_det1_b10_s5_h24_w250,14,8.00069163608761,123.875447271731,128.3499145140731,171.8959934462227,True,True,p95
config_91_det1_b10_s5_h24_w250,15,7.26352017039033,115.570070080883,130.89385465975712,177.1161130705865,True,True,p95
config_91_det1_b10_s5_h24_w250,16,6.12354953275908,107.311001938117,137.5583746241481,185.29430708514624,True,True,p95
config_91_det1_b10_s5_h24_w250,17,5.33231413765071,101.419455756059,143.36709869365774,190.75056302177495,True,True,p95
config_91_det1_b10_s5_h24_w250,18,4.76253492535128,96.2835680439318,150.8972418602504,196.12909334541553,True,True,p95
config_91_det1_b10_s5_h24_w250,19,4.30879220439916,91.0479780688807,155.7220879797027,201.42198817311015,True,True,p95
config_91_det1_b10_s5_h24_w250,20,3.94463241538417,86.7228654737704,196.445223455992,206.9863647701601,True,True,p95
config_92_det1_b10_s5_h24_w1000,1,1437.86820833333,1946.65627034505,14.793176524372079,32.019759770250126,False,False,p95
config_92_det1_b10_s5_h24_w1000,2,270.273583333333,1110.42730712891,31.875950044080675,40.35181638197079,False,False,p95
config_92_det1_b10_s5_h24_w1000,3,108.843,838.393432617188,40.95946388451462,46.30921564245537,False,False,p95
config_92_det1_b10_s5_h24_w1000,4,61.6362135416667,660.314829508464,54.67711463439799,63.65833037091353,False,False,p95
config_92_det1_b10_s5_h24_w1000,5,41.4805494791667,537.798126220703,58.39538509539591,88.78074604817287,False,False,p95
config_92_det1_b10_s5_h24_w1000,6,30.7686484375,452.795272827148,100.61858178241951,113.03122383608522,False,False,p95
config_92_det1_b10_s5_h24_w1000,7,24.04661328125,390.392094930013,121.34067935370234,129.42626091802896,False,False,p95
config_92_det1_b10_s5_h24_w1000,8,19.4677135416667,342.550003051758,127.19383679066988,148.8401630320451,True,False,p95
config_92_det1_b10_s5_h24_w1000,9,16.21081640625,304.876281738281,132.6057395260071,164.04000934388222,True,True,p95
config_92_det1_b10_s5_h24_w1000,10,12.85248046875,271.698257446289,143.05111559850153,180.07668464997596,True,True,p95
config_92_det1_b10_s5_h24_w1000,11,10.4575859375,248.922744750977,154.23794254626063,193.89774047725734,True,True,p95
config_92_det1_b10_s5_h24_w1000,12,8.91555078125,228.986923217773,163.40478190849484,206.4984860774917,True,True,p95
config_92_det1_b10_s5_h24_w1000,13,7.87199609375,211.807258605957,171.83169434382654,226.85377220394827,True,True,p95
config_92_det1_b10_s5_h24_w1000,14,7.05954296875,196.793830871582,176.42272094336403,240.87164642889465,True,True,p95
config_92_det1_b10_s5_h24_w1000,15,6.37659375,183.734001159668,181.98502183225864,255.14821413297213,True,True,p95
config_92_det1_b10_s5_h24_w1000,16,5.808765625,172.296012878418,190.76528426276616,269.53962688524524,True,True,p95
config_92_det1_b10_s5_h24_w1000,17,5.32770703125,162.19344329834,194.7856890218826,279.1319122883297,True,True,p95
config_92_det1_b10_s5_h24_w1000,18,4.91498046875,153.208526611328,203.7059462250577,291.78346052491065,True,True,p95
config_92_det1_b10_s5_h24_w1000,19,4.55701953125,145.16609954834,209.47150470566368,327.69496536374254,True,True,p95
config_92_det1_b10_s5_h24_w1000,20,4.24378515625,137.92414855957,226.2324455177747,357.58424783362733,True,True,p95
config_93_det2_b10_s5_h15_w250,1,1322.68273568211,1231.55614540992,8.422069223177877,13.880066642491311,False,False,p95
config_93_det2_b10_s5_h15_w250,2,252.93209269631,694.862830042474,18.550640150679435,26.948492536689322,False,False,p95
config_93_det2_b10_s5_h15_w250,3,104.998977908618,525.24000926827,28.43696977527669,28.725881187528433,False,False,p95
config_93_det2_b10_s5_h15_w250,4,59.7200348642112,414.304889211797,33.22914759665075,39.37611364312224,False,False,p95
config_93_det2_b10_s5_h15_w250,5,39.8568210825817,338.841406453851,41.49025487991126,72.87355515563308,False,False,p95
config_93_det2_b10_s5_h15_w250,6,29.1032232969694,285.270286428345,73.39085283757689,84.62109847578108,False,False,p95
config_93_det2_b10_s5_h15_w250,7,22.5780158271681,245.899008295199,83.87056054086952,98.08343419591414,False,False,p95
config_93_det2_b10_s5_h15_w250,8,18.2704668808745,215.87945345554,87.00471562218652,106.2525193959958,True,False,p95
config_93_det2_b10_s5_h15_w250,9,15.2425257500057,192.266813750414,95.21544648847686,117.74885128478661,True,True,p95
config_93_det2_b10_s5_h15_w250,10,13.0104568662737,173.233610024881,100.37931186255462,126.30480323784462,True,True,p95
config_93_det2_b10_s5_h15_w250,11,11.3050806069729,157.581691801359,103.66876699273004,134.00991101407388,True,True,p95
config_93_det2_b10_s5_h15_w250,12,9.96424838716288,144.494696357211,108.63115360172986,144.74370113951096,True,True,p95
config_93_det2_b10_s5_h15_w250,13,8.88536700979521,133.398136789257,113.18575992588467,154.1691441242378,True,True,p95
config_93_det2_b10_s5_h15_w250,14,8.00069163608761,123.875447271731,116.55226831769512,179.05201758148385,True,True,p95
config_93_det2_b10_s5_h15_w250,15,7.26352017039033,115.570070080883,119.79707940256513,182.24605619875564,True,True,p95
config_93_det2_b10_s5_h15_w250,16,6.12354953275908,107.311001938117,127.30683897575966,184.36546585518667,True,True,p95
config_93_det2_b10_s5_h15_w250,17,5.33231413765071,101.419455756059,133.1333025580001,186.31585122071363,True,True,p95
config_93_det2_b10_s5_h15_w250,18,4.76253492535128,96.2835680439318,235.12694337238798,192.0132854637755,True,True,p95
config_93_det2_b10_s5_h15_w250,19,4.30879220439916,91.0479780688807,248.6833972804332,200.7451742882005,True,True,p95
config_93_det2_b10_s5_h15_w250,20,3.94463241538417,86.7228654737704,257.10501938796216,205.7889356197285,True,True,p95
config_94_det2_b10_s5_h15_w1000,1,1437.86820833333,1946.65627034505,18.02654292980215,26.59043531046455,False,False,p95
config_94_det2_b10_s5_h15_w1000,2,270.273583333333,1110.42730712891,32.816935414508166,40.16206232254514,False,False,p95
config_94_det2_b10_s5_h15_w1000,3,108.843,838.393432617188,45.673618350672186,62.26544988996706,False,False,p95
config_94_det2_b10_s5_h15_w1000,4,61.6362135416667,660.314829508464,84.44353882920824,83.54088268026561,False,False,p95
config_94_det2_b10_s5_h15_w1000,5,41.4805494791667,537.798126220703,96.01365137312506,103.99863386202352,False,False,p95
config_94_det2_b10_s5_h15_w1000,6,30.7686484375,452.795272827148,103.6350680653307,122.89240820809559,False,False,p95
config_94_det2_b10_s5_h15_w1000,7,24.04661328125,390.392094930013,112.36216556296874,137.71392449567327,False,False,p95
config_94_det2_b10_s5_h15_w1000,8,19.4677135416667,342.550003051758,121.60870137453158,157.41068896361517,True,True,p95
config_94_det2_b10_s5_h15_w1000,9,16.21081640625,304.876281738281,126.08684984729132,170.70059018399542,True,True,p95
config_94_det2_b10_s5_h15_w1000,10,12.85248046875,271.698257446289,132.19864314734852,188.9017578354089,True,True,p95
config_94_det2_b10_s5_h15_w1000,11,10.4575859375,248.922744750977,142.0039612123549,200.03780892621273,True,True,p95
config_94_det2_b10_s5_h15_w1000,12,8.91555078125,228.986923217773,154.83282496243243,211.8079908785313,True,True,p95
config_94_det2_b10_s5_h15_w1000,13,7.87199609375,211.807258605957,161.4425342539272,222.08472482365823,True,True,p95
config_94_det2_b10_s5_h15_w1000,14,7.05954296875,196.793830871582,178.71584832078443,233.66134682484392,True,True,p95
config_94_det2_b10_s5_h15_w1000,15,6.37659375,183.734001159668,199.468215232249,245.34287232361163,True,True,p95
config_94_det2_b10_s5_h15_w1000,16,5.808765625,172.296012878418,243.85467260578733,255.34216421179292,True,True,p95
config_94_det2_b10_s5_h15_w1000,17,5.32770703125,162.19344329834,263.85536390582246,267.16123408907964,True,True,p95
config_94_det2_b10_s5_h15_w1000,18,4.91498046875,153.208526611328,304.4232418851458,280.2331277334465,True,True,p95
config_94_det2_b10_s5_h15_w1000,19,4.55701953125,145.16609954834,323.78099090750993,294.4573398643681,True,True,p95
config_94_det2_b10_s5_h15_w1000,20,4.24378515625,137.92414855957,330.8346008862868,306.4565629905811,True,True,p95
config_95_det2_b10_s5_h24_w250,1,1322.68273568211,1231.55614540992,8.422069223177877,13.880066642491311,False,False,p95
config_95_det2_b10_s5_h24_w250,2,252.93209269631,694.862830042474,18.550640150679435,26.948492536689322,False,False,p95
config_95_det2_b10_s5_h24_w250,3,104.998977908618,525.24000926827,28.43696977527669,28.725881187528433,False,False,p95
config_95_det2_b10_s5_h24_w250,4,59.7200348642112,414.304889211797,33.22914759665075,38.18756883515309,False,False,p95
config_95_det2_b10_s5_h24_w250,5,39.8568210825817,338.841406453851,41.49025487991126,42.15626192311532,False,False,p95
config_95_det2_b10_s5_h24_w250,6,29.1032232969694,285.270286428345,47.55603274033695,53.99677073677647,False,False,p95
config_95_det2_b10_s5_h24_w250,7,22.5780158271681,245.899008295199,53.78341984292185,105.0537061902516,True,False,p95
config_95_det2_b10_s5_h24_w250,8,18.2704668808745,215.87945345554,58.46700992867687,126.03275207680218,True,True,p95
config_95_det2_b10_s5_h24_w250,9,15.2425257500057,192.266813750414,62.051702232631214,135.82571553281065,True,True,p95
config_95_det2_b10_s5_h24_w250,10,13.0104568662737,173.233610024881,106.39901902743276,146.08804727162894,True,True,p95
config_95_det2_b10_s5_h24_w250,11,11.3050806069729,157.581691801359,123.96778545428484,154.77604788855413,True,True,p95
config_95_det2_b10_s5_h24_w250,12,9.96424838716288,144.494696357211,125.41767676246829,160.6646351877102,True,True,p95
config_95_det2_b10_s5_h24_w250,13,8.88536700979521,133.398136789257,130.18067401766018,168.11176711665092,True,True,p95
config_95_det2_b10_s5_h24_w250,14,8.00069163608761,123.875447271731,135.6440055807849,176.88166948556315,True,True,p95
config_95_det2_b10_s5_h24_w250,15,7.26352017039033,115.570070080883,138.2574591116154,180.83314132094262,True,True,p95
config_95_det2_b10_s5_h24_w250,16,6.12354953275908,107.311001938117,146.99169121478067,189.39551136743756,True,True,p95
config_95_det2_b10_s5_h24_w250,17,5.33231413765071,101.419455756059,150.71266285177285,194.92053631124404,True,True,p95
config_95_det2_b10_s5_h24_w250,18,4.76253492535128,96.2835680439318,157.432922224038,201.1171922039486,True,True,p95
config_95_det2_b10_s5_h24_w250,19,4.30879220439916,91.0479780688807,160.95069120696562,209.600095962517,True,True,p95
config_95_det2_b10_s5_h24_w250,20,3.94463241538417,86.7228654737704,168.50111275596964,216.674006285941,True,True,p95
config_96_det2_b10_s5_h24_w1000,1,1437.86820833333,1946.65627034505,18.02654292980215,26.59043531046455,False,False,p95
config_96_det2_b10_s5_h24_w1000,2,270.273583333333,1110.42730712891,32.816935414508166,40.16206232254514,False,False,p95
config_96_det2_b10_s5_h24_w1000,3,108.843,838.393432617188,43.73020980969563,42.1717024247701,False,False,p95
config_96_det2_b10_s5_h24_w1000,4,61.6362135416667,660.314829508464,54.257538529467055,57.562137206239925,False,False,p95
config_96_det2_b10_s5_h24_w1000,5,41.4805494791667,537.798126220703,68.03000257239448,104.31811951858899,False,False,p95
config_96_det2_b10_s5_h24_w1000,6,30.7686484375,452.795272827148,119.19096243753856,126.01676492159083,False,False,p95
config_96_det2_b10_s5_h24_w1000,7,24.04661328125,390.392094930013,128.85617396996327,145.91234010599277,False,False,p95
config_96_det2_b10_s5_h24_w1000,8,19.4677135416667,342.550003051758,135.7461463541415,159.13852290384648,False,False,p95
config_96_det2_b10_s5_h24_w1000,9,16.21081640625,304.876281738281,146.63815432542202,176.28421653681875,True,True,p95
config_96_det2_b10_s5_h24_w1000,10,12.85248046875,271.698257446289,154.75181743682367,188.9017578354089,True,True,p95
config_96_det2_b10_s5_h24_w1000,11,10.4575859375,248.922744750977,162.6349439696156,200.07779736892348,True,True,p95
config_96_det2_b10_s5_h24_w1000,12,8.91555078125,228.986923217773,170.85311332483386,216.674006285941,True,True,p95
config_96_det2_b10_s5_h24_w1000,13,7.87199609375,211.807258605957,179.54282219013936,242.61208749771723,True,True,p95
config_96_det2_b10_s5_h24_w1000,14,7.05954296875,196.793830871582,182.84317050412355,259.0759892251037,True,True,p95
config_96_det2_b10_s5_h24_w1000,15,6.37659375,183.734001159668,191.25408492369516,273.71296191978286,True,True,p95
config_96_det2_b10_s5_h24_w1000,16,5.808765625,172.296012878418,194.35529077263845,285.42358872384744,True,True,p95
config_96_det2_b10_s5_h24_w1000,17,5.32770703125,162.19344329834,202.6242397761709,295.07434368947224,True,True,p95
config_96_det2_b10_s5_h24_w1000,18,4.91498046875,153.208526611328,214.27041666835305,313.18327017078536,True,True,p95
config_96_det2_b10_s5_h24_w1000,19,4.55701953125,145.16609954834,219.31334593209158,335.44164032762126,True,True,p95
config_96_det2_b10_s5_h24_w1000,20,4.24378515625,137.92414855957,224.68687757454353,352.39535505126975,True,True,p95
