Config,Z,P_ff,I_ff,MaxR_P,MaxR_I,beyond_P,beyond_I,R_free,ExcludeR,RadiusEstimator
config_01_det1_b15_s5_h4_w50,1,1143.99309910078,724.976931135836,2.5998798049140657,4.878383441264124,False,False,3.6840314986403864,7.905694150420948,req_soft3
config_01_det1_b15_s5_h4_w50,2,226.084029078955,415.578696008349,5.6517475173613345,9.135815508207244,False,False,7.368062997280773,7.905694150420948,req_soft3
config_01_det1_b15_s5_h4_w50,3,95.9537592016972,309.044693901097,8.426134938392572,15.312564285579343,False,False,11.052094495921159,7.905694150420948,req_soft3
config_01_det1_b15_s5_h4_w50,4,55.3066653883184,243.601640148777,11.242875521858277,18.82168297469703,False,False,14.736125994561545,7.905694150420948,req_soft3
config_01_det1_b15_s5_h4_w50,5,36.993922117345,199.162959091226,17.690975806890926,23.43965390102849,False,False,18.42015749320193,7.905694150420948,req_soft3
config_01_det1_b15_s5_h4_w50,6,27.0813487792226,167.515272305283,24.350290039340393,30.908208861077668,False,False,22.104188991842317,7.905694150420948,req_soft3
config_01_det1_b15_s5_h4_w50,7,21.0130117246902,144.270449058323,30.347469004844545,32.98375926118792,False,False,25.788220490482704,7.905694150420948,req_soft3
config_01_det1_b15_s5_h4_w50,8,16.9791838231912,126.567457936793,32.64260827507508,38.424593361543856,False,False,29.47225198912309,7.905694150420948,req_soft3
config_01_det1_b15_s5_h4_w50,9,14.1386261548201,112.67074195811,36.42667806704311,43.57582902252119,True,False,33.156283487763474,7.905694150420948,req_soft3
config_01_det1_b15_s5_h4_w50,10,12.0436968582402,101.492859164877,38.308293814786374,45.297835213175475,True,False,36.84031498640386,7.905694150420948,req_soft3
config_01_det1_b15_s5_h4_w50,11,10.4441745847862,92.3147739934436,43.63303077944506,50.88015207327903,True,False,40.52434648504425,7.905694150420948,req_soft3
config_01_det1_b15_s5_h4_w50,12,9.18858802088564,84.6488737667435,47.53361836637308,55.967569850762686,True,False,44.208377983684635,7.905694150420948,req_soft3
config_01_det1_b15_s5_h4_w50,13,8.17952811343337,78.1526248923616,52.38036726675367,61.038773537809554,True,True,47.89240948232502,7.905694150420948,req_soft3
config_01_det1_b15_s5_h4_w50,14,7.35329010871709,72.5789333035372,56.36721010481182,66.17718923466,True,True,51.57644098096541,7.905694150420948,req_soft3
config_01_det1_b15_s5_h4_w50,15,6.66553395622582,67.7448225492957,59.80386588674683,69.65556600157664,True,True,55.260472479605795,7.905694150420948,req_soft3
config_01_det1_b15_s5_h4_w50,16,6.08550710316677,63.5135734450523,61.60393960616479,73.53999167119888,True,True,58.94450397824618,7.905694150420948,req_soft3
config_01_det1_b15_s5_h4_w50,17,5.59016165342281,59.7788117000728,63.2453743367845,79.36943725039535,True,True,62.62853547688657,7.905694150420948,req_soft3
config_01_det1_b15_s5_h4_w50,18,5.1628769216908,56.4585920266622,67.44978039252611,83.05251459501726,True,True,66.31256697552695,7.905694150420948,req_soft3
config_01_det1_b15_s5_h4_w50,19,4.7910922066594,53.4876153308822,70.72778007968297,88.10940642178903,True,True,69.99659847416734,7.905694150420948,req_soft3
config_01_det1_b15_s5_h4_w50,20,4.46481413819361,50.8136682209736,75.94217454748055,91.78120223299177,True,True,73.68062997280772,7.905694150420948,req_soft3
config_02_det1_b15_s5_h4_w500,1,1371.96964499226,1562.09876717853,6.887134745305917,11.375351642916362,False,False,7.937005259840997,7.905694150420948,req_soft3
config_02_det1_b15_s5_h4_w500,2,259.641330065364,879.048720659531,15.311000947031518,20.274423542976507,False,False,15.874010519681994,7.905694150420948,req_soft3
config_02_det1_b15_s5_h4_w500,3,105.27554977829,661.976402363107,28.323256786605597,31.615207970215852,False,False,23.81101577952299,7.905694150420948,req_soft3
config_02_det1_b15_s5_h4_w500,4,59.8243642194367,522.325202955406,36.62803400402484,40.448088644582455,False,False,31.748021039363987,7.905694150420948,req_soft3
config_02_det1_b15_s5_h4_w500,5,40.4077641479295,425.720697172114,47.047017705695225,51.48911899615297,False,False,39.685026299204985,7.905694150420948,req_soft3
config_02_det1_b15_s5_h4_w500,6,30.0937750463872,358.05135977561,54.64110975263954,61.448566907617945,False,False,47.62203155904598,7.905694150420948,req_soft3
config_02_det1_b15_s5_h4_w500,7,23.5282591644182,308.420236242715,61.77475920632956,71.72749037154443,False,False,55.55903681888698,7.905694150420948,req_soft3
config_02_det1_b15_s5_h4_w500,8,19.0428108742971,270.599644012954,73.17010574681437,82.18374459100778,True,False,63.496042078727974,7.905694150420948,req_soft3
config_02_det1_b15_s5_h4_w500,9,15.852309192731,240.900973795346,81.04879625879708,92.208614248706,True,False,71.43304733856897,7.905694150420948,req_soft3
config_02_det1_b15_s5_h4_w500,10,13.4989773933766,217.007292249313,86.80847524867603,102.82174583553163,True,False,79.37005259840997,7.905694150420948,req_soft3
config_02_det1_b15_s5_h4_w500,11,11.7063849801001,197.385914003329,95.98374146177049,114.01118451469769,True,False,87.30705785825097,7.905694150420948,req_soft3
config_02_det1_b15_s5_h4_w500,12,10.3024927250127,174.798447942669,102.8782256143425,123.9135212557532,True,True,95.24406311809196,7.905694150420948,req_soft3
config_02_det1_b15_s5_h4_w500,13,8.2343773807999,165.736766297224,108.89530350295186,134.37275956788596,True,True,103.18106837793296,7.905694150420948,req_soft3
config_02_det1_b15_s5_h4_w500,14,7.1387354334877,155.114313416779,120.60455900494713,145.2704825393728,True,True,111.11807363777396,7.905694150420948,req_soft3
config_02_det1_b15_s5_h4_w500,15,6.30992163133089,144.57194507965,130.37965944587452,156.53137331964263,True,True,119.05507889761495,7.905694150420948,req_soft3
config_02_det1_b15_s5_h4_w500,16,5.64079151507659,135.933108110648,141.03689209052914,168.01811658270663,True,True,126.99208415745595,7.905694150420948,req_soft3
config_02_det1_b15_s5_h4_w500,17,5.12956312475836,128.020670362398,154.24041425284392,179.68774999982608,True,True,134.92908941729695,7.905694150420948,req_soft3
config_02_det1_b15_s5_h4_w500,18,4.70918677317163,120.936071767983,164.69582653418325,190.1352406110509,True,True,142.86609467713794,7.905694150420948,req_soft3
config_02_det1_b15_s5_h4_w500,19,4.34538602141658,114.666952954547,174.86082958233447,202.62619867354,True,True,150.80309993697895,7.905694150420948,req_soft3
config_02_det1_b15_s5_h4_w500,20,4.03167079521766,108.995763264335,184.81117615916344,212.58009928286114,True,True,158.74010519681994,7.905694150420948,req_soft3
config_03_det1_b15_s5_h4_w1500,1,1482.77218730659,2195.12941567296,9.304259777112847,14.317567880055607,False,False,11.447142425533317,7.905694150420948,req_soft3
config_03_det1_b15_s5_h4_w1500,2,276.168535055985,1274.88781758312,23.36776091113567,31.525487704395626,False,False,22.894284851066633,7.905694150420948,req_soft3
config_03_det1_b15_s5_h4_w1500,3,110.489999377789,954.913490984421,37.97002600736534,43.456724163240835,False,False,34.34142727659995,7.905694150420948,req_soft3
config_03_det1_b15_s5_h4_w1500,4,62.265165672113,754.396736282332,54.02756125349357,57.89800406749787,False,False,45.788569702133266,7.905694150420948,req_soft3
config_03_det1_b15_s5_h4_w1500,5,41.3983921590561,615.089943611065,71.7466192583316,72.05728537073819,False,False,57.23571212766658,7.905694150420948,req_soft3
config_03_det1_b15_s5_h4_w1500,6,30.5947542861908,517.737731419071,82.96202369156624,84.71224462194877,False,False,68.6828545531999,7.905694150420948,req_soft3
config_03_det1_b15_s5_h4_w1500,7,24.0675826659041,446.310779861523,96.00533810390152,99.15525928786856,False,False,80.12999697873322,7.905694150420948,req_soft3
config_03_det1_b15_s5_h4_w1500,8,19.5984247045618,391.790936353185,105.35959410250423,114.31267463992491,False,False,91.57713940426653,7.905694150420948,req_soft3
config_03_det1_b15_s5_h4_w1500,9,14.813237392189,347.069530043393,116.98373848293807,130.57700787700378,True,False,103.02428182979985,7.905694150420948,req_soft3
config_03_det1_b15_s5_h4_w1500,10,12.2749345250106,314.281592480616,133.81750150235706,144.5240224168825,True,False,114.47142425533316,7.905694150420948,req_soft3
config_03_det1_b15_s5_h4_w1500,11,10.3785968167878,286.18006793008,153.39774557411926,160.51602118030323,True,False,125.91856668086648,7.905694150420948,req_soft3
config_03_det1_b15_s5_h4_w1500,12,9.08425019280687,262.551262568411,169.26855306156415,175.62750591332022,True,True,137.3657091063998,7.905694150420948,req_soft3
config_03_det1_b15_s5_h4_w1500,13,8.07100869684366,242.465429921281,185.77734208813874,190.88623357033023,True,True,148.81285153193312,7.905694150420948,req_soft3
config_03_det1_b15_s5_h4_w1500,14,7.24897508045351,225.256267238797,203.96682396354996,207.45932332226798,True,True,160.25999395746643,7.905694150420948,req_soft3
config_03_det1_b15_s5_h4_w1500,15,6.56841598047092,210.321763462317,220.09655393839213,221.74257785399115,True,True,171.70713638299975,7.905694150420948,req_soft3
config_03_det1_b15_s5_h4_w1500,16,5.99684734319579,197.206183278909,232.31265749703206,237.71837329074924,True,True,183.15427880853306,7.905694150420948,req_soft3
config_03_det1_b15_s5_h4_w1500,17,5.50925993039002,185.62250063012,248.17574418141672,254.10143698487377,True,True,194.60142123406638,7.905694150420948,req_soft3
config_03_det1_b15_s5_h4_w1500,18,5.08897006822918,175.317193184827,258.7556306419029,269.477289807921,True,True,206.0485636595997,7.905694150420948,req_soft3
config_03_det1_b15_s5_h4_w1500,19,4.72308712345199,166.110522527026,271.70958761147904,286.47725816274567,True,True,217.495706085133,7.905694150420948,req_soft3
config_03_det1_b15_s5_h4_w1500,20,4.4019262322732,157.810856039111,286.5930356019761,300.06836258129954,True,True,228.94284851066632,7.905694150420948,req_soft3
config_04_det1_b15_s5_h12_w50,1,1143.99309910078,724.976931135836,,4.066786200429032,True,False,3.6840314986403864,7.905694150420948,req_soft3
config_04_det1_b15_s5_h12_w50,2,226.084029078955,415.578696008349,5.131617678666251,10.23301641745971,False,False,7.368062997280773,7.905694150420948,req_soft3
config_04_det1_b15_s5_h12_w50,3,95.9537592016972,309.044693901097,8.564008991120922,15.787898846901701,False,False,11.052094495921159,7.905694150420948,req_soft3
config_04_det1_b15_s5_h12_w50,4,55.3066653883184,243.601640148777,11.786825272311455,17.79389642546005,False,False,14.736125994561545,7.905694150420948,req_soft3
config_04_det1_b15_s5_h12_w50,5,36.993922117345,199.162959091226,16.023014697615427,20.160797355263508,False,False,18.42015749320193,7.905694150420948,req_soft3
config_04_det1_b15_s5_h12_w50,6,27.0813487792226,167.515272305283,19.635726368026216,32.65117723758211,False,False,22.104188991842317,7.905694150420948,req_soft3
config_04_det1_b15_s5_h12_w50,7,21.0130117246902,144.270449058323,23.194360844826054,41.236026421079906,False,False,25.788220490482704,7.905694150420948,req_soft3
config_04_det1_b15_s5_h12_w50,8,16.9791838231912,126.567457936793,27.78617237044354,48.401042085889024,False,False,29.47225198912309,7.905694150420948,req_soft3
config_04_det1_b15_s5_h12_w50,9,14.1386261548201,112.67074195811,32.067777830713496,54.18104257948531,False,False,33.156283487763474,7.905694150420948,req_soft3
config_04_det1_b15_s5_h12_w50,10,12.0436968582402,101.492859164877,38.43126819401098,58.06395934656885,True,False,36.84031498640386,7.905694150420948,req_soft3
config_04_det1_b15_s5_h12_w50,11,10.4441745847862,92.3147739934436,45.098374416380025,63.648698926215296,True,False,40.52434648504425,7.905694150420948,req_soft3
config_04_det1_b15_s5_h12_w50,12,9.18858802088564,84.6488737667435,49.41188495696152,67.94320698200815,True,False,44.208377983684635,7.905694150420948,req_soft3
config_04_det1_b15_s5_h12_w50,13,8.17952811343337,78.1526248923616,54.08248214533057,74.62193293529724,True,True,47.89240948232502,7.905694150420948,req_soft3
config_04_det1_b15_s5_h12_w50,14,7.35329010871709,72.5789333035372,57.01415504065635,79.878603987551,True,True,51.57644098096541,7.905694150420948,req_soft3
config_04_det1_b15_s5_h12_w50,15,6.66553395622582,67.7448225492957,59.60335456163521,88.46030685504594,True,True,55.260472479605795,7.905694150420948,req_soft3
config_04_det1_b15_s5_h12_w50,16,6.08550710316677,63.5135734450523,62.570671044827385,99.07805873260851,True,True,58.94450397824618,7.905694150420948,req_soft3
config_04_det1_b15_s5_h12_w50,17,5.59016165342281,59.7788117000728,66.01216081147473,105.96515963068028,True,True,62.62853547688657,7.905694150420948,req_soft3
config_04_det1_b15_s5_h12_w50,18,5.1628769216908,56.4585920266622,69.12988409508583,113.0674504935488,True,True,66.31256697552695,7.905694150420948,req_soft3
config_04_det1_b15_s5_h12_w50,19,4.7910922066594,53.4876153308822,71.02102065585935,118.86598277518725,True,True,69.99659847416734,7.905694150420948,req_soft3
config_04_det1_b15_s5_h12_w50,20,4.46481413819361,50.8136682209736,72.23136005226539,121.45009726220889,True,True,73.68062997280772,7.905694150420948,req_soft3
config_05_det1_b15_s5_h12_w500,1,1371.96964499226,1562.09876717853,6.2002116899344655,11.088631565707285,False,False,7.937005259840997,7.905694150420948,req_soft3
config_05_det1_b15_s5_h12_w500,2,259.641330065364,879.048720659531,14.807025359605488,21.72233585505942,False,False,15.874010519681994,7.905694150420948,req_soft3
config_05_det1_b15_s5_h12_w500,3,105.27554977829,661.976402363107,23.160470094538233,37.08455709591258,False,False,23.81101577952299,7.905694150420948,req_soft3
config_05_det1_b15_s5_h12_w500,4,59.8243642194367,522.325202955406,37.191563223397864,49.21708417815911,False,False,31.748021039363987,7.905694150420948,req_soft3
config_05_det1_b15_s5_h12_w500,5,40.4077641479295,425.720697172114,55.35592447967968,63.72297368296618,False,False,39.685026299204985,7.905694150420948,req_soft3
config_05_det1_b15_s5_h12_w500,6,30.0937750463872,358.05135977561,65.66323457613096,75.71891028666484,False,False,47.62203155904598,7.905694150420948,req_soft3
config_05_det1_b15_s5_h12_w500,7,23.5282591644182,308.420236242715,72.67452356224979,88.23060339247374,False,False,55.55903681888698,7.905694150420948,req_soft3
config_05_det1_b15_s5_h12_w500,8,19.0428108742971,270.599644012954,81.01869151621742,99.66699665497211,False,False,63.496042078727974,7.905694150420948,req_soft3
config_05_det1_b15_s5_h12_w500,9,15.852309192731,240.900973795346,88.2166105390589,110.32422211876734,True,False,71.43304733856897,7.905694150420948,req_soft3
config_05_det1_b15_s5_h12_w500,10,13.4989773933766,217.007292249313,93.16259300873453,120.69266329078259,True,False,79.37005259840997,7.905694150420948,req_soft3
config_05_det1_b15_s5_h12_w500,11,11.7063849801001,197.385914003329,98.05070754461693,133.8141922800252,True,False,87.30705785825097,7.905694150420948,req_soft3
config_05_det1_b15_s5_h12_w500,12,10.3024927250127,174.798447942669,103.11151440444357,145.65722638174265,True,True,95.24406311809196,7.905694150420948,req_soft3
config_05_det1_b15_s5_h12_w500,13,8.2343773807999,165.736766297224,108.91007975491627,155.07905524280187,True,True,103.18106837793296,7.905694150420948,req_soft3
config_05_det1_b15_s5_h12_w500,14,7.1387354334877,155.114313416779,116.09129674766992,160.54251967936716,True,True,111.11807363777396,7.905694150420948,req_soft3
config_05_det1_b15_s5_h12_w500,15,6.30992163133089,144.57194507965,124.75535659842426,170.0339141008183,True,True,119.05507889761495,7.905694150420948,req_soft3
config_05_det1_b15_s5_h12_w500,16,5.64079151507659,135.933108110648,135.42120151381187,177.21030741905383,True,True,126.99208415745595,7.905694150420948,req_soft3
config_05_det1_b15_s5_h12_w500,17,5.12956312475836,128.020670362398,150.0804016000905,187.3024700258322,True,True,134.92908941729695,7.905694150420948,req_soft3
config_05_det1_b15_s5_h12_w500,18,4.70918677317163,120.936071767983,175.8166935254506,195.82332953172073,True,True,142.86609467713794,7.905694150420948,req_soft3
config_05_det1_b15_s5_h12_w500,19,4.34538602141658,114.666952954547,185.80237036521717,205.37414029034912,True,True,150.80309993697895,7.905694150420948,req_soft3
config_05_det1_b15_s5_h12_w500,20,4.03167079521766,108.995763264335,196.45293117351716,212.5528267670573,True,True,158.74010519681994,7.905694150420948,req_soft3
config_06_det1_b15_s5_h12_w1500,1,1482.77218730659,2195.12941567296,9.112944090687709,17.189757124520405,False,False,11.447142425533317,7.905694150420948,req_soft3
config_06_det1_b15_s5_h12_w1500,2,276.168535055985,1274.88781758312,21.56167317255319,36.4989297788305,False,False,22.894284851066633,7.905694150420948,req_soft3
config_06_det1_b15_s5_h12_w1500,3,110.489999377789,954.913490984421,39.44636073201177,51.365887269665656,False,False,34.34142727659995,7.905694150420948,req_soft3
config_06_det1_b15_s5_h12_w1500,4,62.265165672113,754.396736282332,62.74772804651974,69.74852238578248,False,False,45.788569702133266,7.905694150420948,req_soft3
config_06_det1_b15_s5_h12_w1500,5,41.3983921590561,615.089943611065,77.07821919971946,87.21991386718976,False,False,57.23571212766658,7.905694150420948,req_soft3
config_06_det1_b15_s5_h12_w1500,6,30.5947542861908,517.737731419071,88.45713635553788,104.50377551659184,False,False,68.6828545531999,7.905694150420948,req_soft3
config_06_det1_b15_s5_h12_w1500,7,24.0675826659041,446.310779861523,97.43848757606571,120.93575549990719,False,False,80.12999697873322,7.905694150420948,req_soft3
config_06_det1_b15_s5_h12_w1500,8,19.5984247045618,391.790936353185,105.33214734300677,135.26027204779842,True,False,91.57713940426653,7.905694150420948,req_soft3
config_06_det1_b15_s5_h12_w1500,9,14.813237392189,347.069530043393,114.1190023980815,151.8831328869521,True,False,103.02428182979985,7.905694150420948,req_soft3
config_06_det1_b15_s5_h12_w1500,10,12.2749345250106,314.281592480616,126.35929312216548,167.8795988862918,True,False,114.47142425533316,7.905694150420948,req_soft3
config_06_det1_b15_s5_h12_w1500,11,10.3785968167878,286.18006793008,136.91686204084255,181.91230717024067,True,False,125.91856668086648,7.905694150420948,req_soft3
config_06_det1_b15_s5_h12_w1500,12,9.08425019280687,262.551262568411,148.0524398932126,197.048552251582,True,True,137.3657091063998,7.905694150420948,req_soft3
config_06_det1_b15_s5_h12_w1500,13,8.07100869684366,242.465429921281,161.31753968837708,212.1850705555569,True,True,148.81285153193312,7.905694150420948,req_soft3
config_06_det1_b15_s5_h12_w1500,14,7.24897508045351,225.256267238797,176.87876811848025,227.86328442486933,True,True,160.25999395746643,7.905694150420948,req_soft3
config_06_det1_b15_s5_h12_w1500,15,6.56841598047092,210.321763462317,188.5848431225467,242.31071363941885,True,True,171.70713638299975,7.905694150420948,req_soft3
config_06_det1_b15_s5_h12_w1500,16,5.99684734319579,197.206183278909,199.46537920150453,255.19117561371732,True,True,183.15427880853306,7.905694150420948,req_soft3
config_06_det1_b15_s5_h12_w1500,17,5.50925993039002,185.62250063012,210.54571620223268,272.28999553172474,True,True,194.60142123406638,7.905694150420948,req_soft3
config_06_det1_b15_s5_h12_w1500,18,5.08897006822918,175.317193184827,219.15894473088605,286.42735165793397,True,True,206.0485636595997,7.905694150420948,req_soft3
config_06_det1_b15_s5_h12_w1500,19,4.72308712345199,166.110522527026,227.78575155419864,300.79329373434433,True,True,217.495706085133,7.905694150420948,req_soft3
config_06_det1_b15_s5_h12_w1500,20,4.4019262322732,157.810856039111,235.76857473661184,314.7878628713488,True,True,228.94284851066632,7.905694150420948,req_soft3
config_07_det1_b15_s5_h24_w50,1,1143.99309910078,724.976931135836,,4.066786200429032,True,False,3.6840314986403864,7.905694150420948,req_soft3
config_07_det1_b15_s5_h24_w50,2,226.084029078955,415.578696008349,5.131617678666251,9.9562543157555,False,False,7.368062997280773,7.905694150420948,req_soft3
config_07_det1_b15_s5_h24_w50,3,95.9537592016972,309.044693901097,8.564008991120922,14.877667827989708,False,False,11.052094495921159,7.905694150420948,req_soft3
config_07_det1_b15_s5_h24_w50,4,55.3066653883184,243.601640148777,11.786825272311455,17.65184834514505,False,False,14.736125994561545,7.905694150420948,req_soft3
config_07_det1_b15_s5_h24_w50,5,36.993922117345,199.162959091226,16.023014697615427,26.23457165649937,False,False,18.42015749320193,7.905694150420948,req_soft3
config_07_det1_b15_s5_h24_w50,6,27.0813487792226,167.515272305283,19.635726368026216,32.6194861240946,False,False,22.104188991842317,7.905694150420948,req_soft3
config_07_det1_b15_s5_h24_w50,7,21.0130117246902,144.270449058323,23.072545915004696,34.46476280202723,False,False,25.788220490482704,7.905694150420948,req_soft3
config_07_det1_b15_s5_h24_w50,8,16.9791838231912,126.567457936793,27.278634038382492,37.53846527230435,False,False,29.47225198912309,7.905694150420948,req_soft3
config_07_det1_b15_s5_h24_w50,9,14.1386261548201,112.67074195811,29.904830295455618,39.87709712353696,True,False,33.156283487763474,7.905694150420948,req_soft3
config_07_det1_b15_s5_h24_w50,10,12.0436968582402,101.492859164877,32.82442497592304,41.83438029898375,True,False,36.84031498640386,7.905694150420948,req_soft3
config_07_det1_b15_s5_h24_w50,11,10.4441745847862,92.3147739934436,35.221234717141876,55.293126833269255,True,False,40.52434648504425,7.905694150420948,req_soft3
config_07_det1_b15_s5_h24_w50,12,9.18858802088564,84.6488737667435,38.19027854048724,70.49647420261527,True,False,44.208377983684635,7.905694150420948,req_soft3
config_07_det1_b15_s5_h24_w50,13,8.17952811343337,78.1526248923616,41.89841136606494,82.51153084401126,True,True,47.89240948232502,7.905694150420948,req_soft3
config_07_det1_b15_s5_h24_w50,14,7.35329010871709,72.5789333035372,44.964745912770375,91.32911372551958,True,True,51.57644098096541,7.905694150420948,req_soft3
config_07_det1_b15_s5_h24_w50,15,6.66553395622582,67.7448225492957,47.78562414576166,99.41901869249051,True,True,55.260472479605795,7.905694150420948,req_soft3
config_07_det1_b15_s5_h24_w50,16,6.08550710316677,63.5135734450523,49.48564817197003,105.96358408801477,True,True,58.94450397824618,7.905694150420948,req_soft3
config_07_det1_b15_s5_h24_w50,17,5.59016165342281,59.7788117000728,52.42769664023015,111.13187124113206,True,True,62.62853547688657,7.905694150420948,req_soft3
config_07_det1_b15_s5_h24_w50,18,5.1628769216908,56.4585920266622,56.65305265385088,117.47704143316211,True,True,66.31256697552695,7.905694150420948,req_soft3
config_07_det1_b15_s5_h24_w50,19,4.7910922066594,53.4876153308822,61.17734772773334,124.38825401182827,True,True,69.99659847416734,7.905694150420948,req_soft3
config_07_det1_b15_s5_h24_w50,20,4.46481413819361,50.8136682209736,71.41649231795131,129.7687663585588,True,True,73.68062997280772,7.905694150420948,req_soft3
config_08_det1_b15_s5_h24_w500,1,1371.96964499226,1562.09876717853,6.2002116899344655,10.83374935098648,False,False,7.937005259840997,7.905694150420948,req_soft3
config_08_det1_b15_s5_h24_w500,2,259.641330065364,879.048720659531,14.807025359605488,21.745513905171336,False,False,15.874010519681994,7.905694150420948,req_soft3
config_08_det1_b15_s5_h24_w500,3,105.27554977829,661.976402363107,23.2124724017068,31.97205615846438,False,False,23.81101577952299,7.905694150420948,req_soft3
config_08_det1_b15_s5_h24_w500,4,59.8243642194367,522.325202955406,32.83465204627574,40.39123512595276,False,False,31.748021039363987,7.905694150420948,req_soft3
config_08_det1_b15_s5_h24_w500,5,40.4077641479295,425.720697172114,40.09360765758053,60.9288960592591,False,False,39.685026299204985,7.905694150420948,req_soft3
config_08_det1_b15_s5_h24_w500,6,30.0937750463872,358.05135977561,49.01866863757113,79.80091713132124,False,False,47.62203155904598,7.905694150420948,req_soft3
config_08_det1_b15_s5_h24_w500,7,23.5282591644182,308.420236242715,64.09918388716038,91.50791086020924,False,False,55.55903681888698,7.905694150420948,req_soft3
config_08_det1_b15_s5_h24_w500,8,19.0428108742971,270.599644012954,82.1974383724943,107.25128929553972,False,False,63.496042078727974,7.905694150420948,req_soft3
config_08_det1_b15_s5_h24_w500,9,15.852309192731,240.900973795346,92.7736405181989,117.972808425407,False,False,71.43304733856897,7.905694150420948,req_soft3
config_08_det1_b15_s5_h24_w500,10,13.4989773933766,217.007292249313,101.46775171890273,133.06291603974415,True,False,79.37005259840997,7.905694150420948,req_soft3
config_08_det1_b15_s5_h24_w500,11,11.7063849801001,197.385914003329,107.36169423443768,144.37243927503,True,False,87.30705785825097,7.905694150420948,req_soft3
config_08_det1_b15_s5_h24_w500,12,10.3024927250127,174.798447942669,112.10316466441871,156.51545379858752,True,True,95.24406311809196,7.905694150420948,req_soft3
config_08_det1_b15_s5_h24_w500,13,8.2343773807999,165.736766297224,118.94039356846868,164.8584753744186,True,True,103.18106837793296,7.905694150420948,req_soft3
config_08_det1_b15_s5_h24_w500,14,7.1387354334877,155.114313416779,127.29872500888958,174.36664356719405,True,True,111.11807363777396,7.905694150420948,req_soft3
config_08_det1_b15_s5_h24_w500,15,6.30992163133089,144.57194507965,137.96591436937524,183.9167195287645,True,True,119.05507889761495,7.905694150420948,req_soft3
config_08_det1_b15_s5_h24_w500,16,5.64079151507659,135.933108110648,147.4619650113208,195.17864679996802,True,True,126.99208415745595,7.905694150420948,req_soft3
config_08_det1_b15_s5_h24_w500,17,5.12956312475836,128.020670362398,158.21201672474538,201.9201127784066,True,True,134.92908941729695,7.905694150420948,req_soft3
config_08_det1_b15_s5_h24_w500,18,4.70918677317163,120.936071767983,170.65211119571757,210.55877709350213,True,True,142.86609467713794,7.905694150420948,req_soft3
config_08_det1_b15_s5_h24_w500,19,4.34538602141658,114.666952954547,182.54863507204502,218.4535769397649,True,True,150.80309993697895,7.905694150420948,req_soft3
config_08_det1_b15_s5_h24_w500,20,4.03167079521766,108.995763264335,192.78616176133252,224.08393454735264,True,True,158.74010519681994,7.905694150420948,req_soft3
config_09_det1_b15_s5_h24_w1500,1,1482.77218730659,2195.12941567296,9.105039813202357,16.36594787966771,False,False,11.447142425533317,7.905694150420948,req_soft3
config_09_det1_b15_s5_h24_w1500,2,276.168535055985,1274.88781758312,21.42975151512495,33.682849864582415,False,False,22.894284851066633,7.905694150420948,req_soft3
config_09_det1_b15_s5_h24_w1500,3,110.489999377789,954.913490984421,35.103345638272145,51.97187580797907,False,False,34.34142727659995,7.905694150420948,req_soft3
config_09_det1_b15_s5_h24_w1500,4,62.265165672113,754.396736282332,48.17086126487671,74.00268491750822,False,False,45.788569702133266,7.905694150420948,req_soft3
config_09_det1_b15_s5_h24_w1500,5,41.3983921590561,615.089943611065,72.9083148550287,95.0597391117817,False,False,57.23571212766658,7.905694150420948,req_soft3
config_09_det1_b15_s5_h24_w1500,6,30.5947542861908,517.737731419071,92.14988198581699,113.2650611152638,False,False,68.6828545531999,7.905694150420948,req_soft3
config_09_det1_b15_s5_h24_w1500,7,24.0675826659041,446.310779861523,105.4403806001814,130.3159200323924,False,False,80.12999697873322,7.905694150420948,req_soft3
config_09_det1_b15_s5_h24_w1500,8,19.5984247045618,391.790936353185,112.53902113390615,147.4467161289875,False,False,91.57713940426653,7.905694150420948,req_soft3
config_09_det1_b15_s5_h24_w1500,9,14.813237392189,347.069530043393,121.32495804427234,164.96403227505215,True,False,103.02428182979985,7.905694150420948,req_soft3
config_09_det1_b15_s5_h24_w1500,10,12.2749345250106,314.281592480616,136.80371680095374,179.21546234754535,True,False,114.47142425533316,7.905694150420948,req_soft3
config_09_det1_b15_s5_h24_w1500,11,10.3785968167878,286.18006793008,148.14020395482714,195.25299471312712,True,False,125.91856668086648,7.905694150420948,req_soft3
config_09_det1_b15_s5_h24_w1500,12,9.08425019280687,262.551262568411,157.80171462594723,209.15660998400216,True,False,137.3657091063998,7.905694150420948,req_soft3
config_09_det1_b15_s5_h24_w1500,13,8.07100869684366,242.465429921281,165.48951972523483,223.53950371740166,True,True,148.81285153193312,7.905694150420948,req_soft3
config_09_det1_b15_s5_h24_w1500,14,7.24897508045351,225.256267238797,174.7086264803964,236.12331700476625,True,True,160.25999395746643,7.905694150420948,req_soft3
config_09_det1_b15_s5_h24_w1500,15,6.56841598047092,210.321763462317,183.36440267038384,246.65045836387802,True,True,171.70713638299975,7.905694150420948,req_soft3
config_09_det1_b15_s5_h24_w1500,16,5.99684734319579,197.206183278909,191.84072893360727,262.8360203836436,True,True,183.15427880853306,7.905694150420948,req_soft3
config_09_det1_b15_s5_h24_w1500,17,5.50925993039002,185.62250063012,202.94496722565512,292.98505128722485,True,True,194.60142123406638,7.905694150420948,req_soft3
config_09_det1_b15_s5_h24_w1500,18,5.08897006822918,175.317193184827,212.43929525082373,324.0511683704014,True,True,206.0485636595997,7.905694150420948,req_soft3
config_09_det1_b15_s5_h24_w1500,19,4.72308712345199,166.110522527026,218.63909569577592,358.48088628730727,True,True,217.495706085133,7.905694150420948,req_soft3
config_09_det1_b15_s5_h24_w1500,20,4.4019262322732,157.810856039111,227.1978671408104,390.4543685104431,True,True,228.94284851066632,7.905694150420948,req_soft3
config_10_det1_b15_s20_h4_w50,1,1143.99309910078,724.976931135836,4.164387710096166,6.63287268082239,False,False,3.6840314986403864,12.5,req_soft3
config_10_det1_b15_s20_h4_w50,2,226.084029078955,415.578696008349,9.119614849323407,9.224546059292024,False,False,7.368062997280773,12.5,req_soft3
config_10_det1_b15_s20_h4_w50,3,95.9537592016972,309.044693901097,10.977129633925255,11.418203667827965,False,False,11.052094495921159,12.5,req_soft3
config_10_det1_b15_s20_h4_w50,4,55.3066653883184,243.601640148777,13.206982054958656,13.506142121272086,False,False,14.736125994561545,12.5,req_soft3
config_10_det1_b15_s20_h4_w50,5,36.993922117345,199.162959091226,15.687236053556408,19.227516090228608,False,False,18.42015749320193,12.5,req_soft3
config_10_det1_b15_s20_h4_w50,6,27.0813487792226,167.515272305283,20.99300776449149,22.648573354628766,False,False,22.104188991842317,12.5,req_soft3
config_10_det1_b15_s20_h4_w50,7,21.0130117246902,144.270449058323,23.87475392543345,27.94918379845823,False,False,25.788220490482704,12.5,req_soft3
config_10_det1_b15_s20_h4_w50,8,16.9791838231912,126.567457936793,26.629586459425163,31.077859884490113,False,False,29.47225198912309,12.5,req_soft3
config_10_det1_b15_s20_h4_w50,9,14.1386261548201,112.67074195811,31.42252973584399,33.33908179599432,True,False,33.156283487763474,12.5,req_soft3
config_10_det1_b15_s20_h4_w50,10,12.0436968582402,101.492859164877,35.927188520673305,37.389903383132726,True,False,36.84031498640386,12.5,req_soft3
config_10_det1_b15_s20_h4_w50,11,10.4441745847862,92.3147739934436,40.278261817014894,44.03514363551004,True,False,40.52434648504425,12.5,req_soft3
config_10_det1_b15_s20_h4_w50,12,9.18858802088564,84.6488737667435,47.07733398356368,48.59559007770149,True,False,44.208377983684635,12.5,req_soft3
config_10_det1_b15_s20_h4_w50,13,8.17952811343337,78.1526248923616,50.62766906544286,51.270784809674986,True,False,47.89240948232502,12.5,req_soft3
config_10_det1_b15_s20_h4_w50,14,7.35329010871709,72.5789333035372,52.66804890063804,55.624013474397906,True,True,51.57644098096541,12.5,req_soft3
config_10_det1_b15_s20_h4_w50,15,6.66553395622582,67.7448225492957,59.91008575356907,58.38606319148432,True,True,55.260472479605795,12.5,req_soft3
config_10_det1_b15_s20_h4_w50,16,6.08550710316677,63.5135734450523,64.96432386317893,64.38885287842919,True,True,58.94450397824618,12.5,req_soft3
config_10_det1_b15_s20_h4_w50,17,5.59016165342281,59.7788117000728,69.44702927411655,70.48097172287,True,True,62.62853547688657,12.5,req_soft3
config_10_det1_b15_s20_h4_w50,18,5.1628769216908,56.4585920266622,73.73259709924777,75.55184726398157,True,True,66.31256697552695,12.5,req_soft3
config_10_det1_b15_s20_h4_w50,19,4.7910922066594,53.4876153308822,77.76440300677424,78.11434425108988,True,True,69.99659847416734,12.5,req_soft3
config_10_det1_b15_s20_h4_w50,20,4.46481413819361,50.8136682209736,84.22544968713436,81.61269032584467,True,True,73.68062997280772,12.5,req_soft3
config_11_det1_b15_s20_h4_w500,1,1371.96964499226,1562.09876717853,9.77580559340252,9.88838965656188,False,False,7.937005259840997,12.5,req_soft3
config_11_det1_b15_s20_h4_w500,2,259.641330065364,879.048720659531,14.171022369610458,18.762898896492516,False,False,15.874010519681994,12.5,req_soft3
config_11_det1_b15_s20_h4_w500,3,105.27554977829,661.976402363107,22.424492747886184,26.27499524262564,False,False,23.81101577952299,12.5,req_soft3
config_11_det1_b15_s20_h4_w500,4,59.8243642194367,522.325202955406,32.55519735771848,33.48221729515535,False,False,31.748021039363987,12.5,req_soft3
config_11_det1_b15_s20_h4_w500,5,40.4077641479295,425.720697172114,41.577901281810746,37.58164944490861,False,False,39.685026299204985,12.5,req_soft3
config_11_det1_b15_s20_h4_w500,6,30.0937750463872,358.05135977561,51.822542151075524,49.87073164692894,False,False,47.62203155904598,12.5,req_soft3
config_11_det1_b15_s20_h4_w500,7,23.5282591644182,308.420236242715,64.17908829985043,58.99296886070407,False,False,55.55903681888698,12.5,req_soft3
config_11_det1_b15_s20_h4_w500,8,19.0428108742971,270.599644012954,75.67019475989208,65.27494446569833,False,False,63.496042078727974,12.5,req_soft3
config_11_det1_b15_s20_h4_w500,9,15.852309192731,240.900973795346,86.48244467006649,75.38479538341932,True,False,71.43304733856897,12.5,req_soft3
config_11_det1_b15_s20_h4_w500,10,13.4989773933766,217.007292249313,91.80546673386188,83.19678913408991,True,False,79.37005259840997,12.5,req_soft3
config_11_det1_b15_s20_h4_w500,11,11.7063849801001,197.385914003329,97.96763857689605,91.49364868667114,True,False,87.30705785825097,12.5,req_soft3
config_11_det1_b15_s20_h4_w500,12,10.3024927250127,174.798447942669,107.41974652941816,101.06389391260252,True,True,95.24406311809196,12.5,req_soft3
config_11_det1_b15_s20_h4_w500,13,8.2343773807999,165.736766297224,117.18166197309961,110.44672766894352,True,True,103.18106837793296,12.5,req_soft3
config_11_det1_b15_s20_h4_w500,14,7.1387354334877,155.114313416779,126.50355193739732,117.93111613470711,True,True,111.11807363777396,12.5,req_soft3
config_11_det1_b15_s20_h4_w500,15,6.30992163133089,144.57194507965,141.75314042180668,125.58381989509813,True,True,119.05507889761495,12.5,req_soft3
config_11_det1_b15_s20_h4_w500,16,5.64079151507659,135.933108110648,154.84924788142965,135.34862146816766,True,True,126.99208415745595,12.5,req_soft3
config_11_det1_b15_s20_h4_w500,17,5.12956312475836,128.020670362398,166.48098060372476,145.16179852151186,True,True,134.92908941729695,12.5,req_soft3
config_11_det1_b15_s20_h4_w500,18,4.70918677317163,120.936071767983,183.22999739246967,152.15254388642705,True,True,142.86609467713794,12.5,req_soft3
config_11_det1_b15_s20_h4_w500,19,4.34538602141658,114.666952954547,195.40204636139873,159.8175208549495,True,True,150.80309993697895,12.5,req_soft3
config_11_det1_b15_s20_h4_w500,20,4.03167079521766,108.995763264335,200.450918764004,171.02780394492066,True,True,158.74010519681994,12.5,req_soft3
config_12_det1_b15_s20_h4_w1500,1,1482.77218730659,2195.12941567296,11.419977013987374,16.316444925289336,False,False,11.447142425533317,12.5,req_soft3
config_12_det1_b15_s20_h4_w1500,2,276.168535055985,1274.88781758312,21.578296387805967,27.46432913799279,False,False,22.894284851066633,12.5,req_soft3
config_12_det1_b15_s20_h4_w1500,3,110.489999377789,954.913490984421,35.29661988066279,35.004533634945055,False,False,34.34142727659995,12.5,req_soft3
config_12_det1_b15_s20_h4_w1500,4,62.265165672113,754.396736282332,50.637020795066526,47.82985338677091,False,False,45.788569702133266,12.5,req_soft3
config_12_det1_b15_s20_h4_w1500,5,41.3983921590561,615.089943611065,65.66686664521157,60.803481602618774,False,False,57.23571212766658,12.5,req_soft3
config_12_det1_b15_s20_h4_w1500,6,30.5947542861908,517.737731419071,83.78267861623374,70.26447092948185,False,False,68.6828545531999,12.5,req_soft3
config_12_det1_b15_s20_h4_w1500,7,24.0675826659041,446.310779861523,93.53310695802969,83.79193809006263,False,False,80.12999697873322,12.5,req_soft3
config_12_det1_b15_s20_h4_w1500,8,19.5984247045618,391.790936353185,107.05354592186306,94.49458317808485,False,False,91.57713940426653,12.5,req_soft3
config_12_det1_b15_s20_h4_w1500,9,14.813237392189,347.069530043393,118.94436859071742,108.16128639675102,True,False,103.02428182979985,12.5,req_soft3
config_12_det1_b15_s20_h4_w1500,10,12.2749345250106,314.281592480616,139.16177900598683,118.77681761512967,True,False,114.47142425533316,12.5,req_soft3
config_12_det1_b15_s20_h4_w1500,11,10.3785968167878,286.18006793008,156.8875122057556,129.74674321538865,True,True,125.91856668086648,12.5,req_soft3
config_12_det1_b15_s20_h4_w1500,12,9.08425019280687,262.551262568411,180.19282495889414,143.378288492753,True,True,137.3657091063998,12.5,req_soft3
config_12_det1_b15_s20_h4_w1500,13,8.07100869684366,242.465429921281,196.68250995505986,155.3501492149625,True,True,148.81285153193312,12.5,req_soft3
config_12_det1_b15_s20_h4_w1500,14,7.24897508045351,225.256267238797,213.38752241455504,167.22017671321842,True,True,160.25999395746643,12.5,req_soft3
config_12_det1_b15_s20_h4_w1500,15,6.56841598047092,210.321763462317,229.93145415777965,178.0985643151317,True,True,171.70713638299975,12.5,req_soft3
config_12_det1_b15_s20_h4_w1500,16,5.99684734319579,197.206183278909,241.1570344770763,192.8143717269137,True,True,183.15427880853306,12.5,req_soft3
config_12_det1_b15_s20_h4_w1500,17,5.50925993039002,185.62250063012,252.1245834018483,203.30942140819084,True,True,194.60142123406638,12.5,req_soft3
config_12_det1_b15_s20_h4_w1500,18,5.08897006822918,175.317193184827,264.69882781086216,216.75046776830212,True,True,206.0485636595997,12.5,req_soft3
config_12_det1_b15_s20_h4_w1500,19,4.72308712345199,166.110522527026,270.7772480389657,230.3846451528882,True,True,217.495706085133,12.5,req_soft3
config_12_det1_b15_s20_h4_w1500,20,4.4019262322732,157.810856039111,277.8362202409502,242.20826093811638,True,True,228.94284851066632,12.5,req_soft3
config_13_det1_b15_s20_h12_w50,1,1143.99309910078,724.976931135836,4.164387710096166,6.63287268082239,False,False,3.6840314986403864,12.5,req_soft3
config_13_det1_b15_s20_h12_w50,2,226.084029078955,415.578696008349,9.119614849323407,9.224546059292024,False,False,7.368062997280773,12.5,req_soft3
config_13_det1_b15_s20_h12_w50,3,95.9537592016972,309.044693901097,10.977129633925255,11.418203667827965,False,False,11.052094495921159,12.5,req_soft3
config_13_det1_b15_s20_h12_w50,4,55.3066653883184,243.601640148777,13.206982054958656,13.510361764216384,False,False,14.736125994561545,12.5,req_soft3
config_13_det1_b15_s20_h12_w50,5,36.993922117345,199.162959091226,15.687236053556408,19.662206768315706,False,False,18.42015749320193,12.5,req_soft3
config_13_det1_b15_s20_h12_w50,6,27.0813487792226,167.515272305283,20.994663012299103,22.330021831605986,False,False,22.104188991842317,12.5,req_soft3
config_13_det1_b15_s20_h12_w50,7,21.0130117246902,144.270449058323,23.87475392543345,24.89402287698796,False,False,25.788220490482704,12.5,req_soft3
config_13_det1_b15_s20_h12_w50,8,16.9791838231912,126.567457936793,26.641600458681154,27.47592355135674,False,False,29.47225198912309,12.5,req_soft3
config_13_det1_b15_s20_h12_w50,9,14.1386261548201,112.67074195811,29.385674656199402,31.997177609908036,False,False,33.156283487763474,12.5,req_soft3
config_13_det1_b15_s20_h12_w50,10,12.0436968582402,101.492859164877,31.215907403117402,34.4286272598836,True,False,36.84031498640386,12.5,req_soft3
config_13_det1_b15_s20_h12_w50,11,10.4441745847862,92.3147739934436,34.568321842403634,37.06225674456427,True,False,40.52434648504425,12.5,req_soft3
config_13_det1_b15_s20_h12_w50,12,9.18858802088564,84.6488737667435,38.79667994816051,44.39506025449228,True,False,44.208377983684635,12.5,req_soft3
config_13_det1_b15_s20_h12_w50,13,8.17952811343337,78.1526248923616,41.625639634725125,46.814990921712244,True,False,47.89240948232502,12.5,req_soft3
config_13_det1_b15_s20_h12_w50,14,7.35329010871709,72.5789333035372,43.47567567042518,50.74465365927725,True,True,51.57644098096541,12.5,req_soft3
config_13_det1_b15_s20_h12_w50,15,6.66553395622582,67.7448225492957,47.330131787266346,54.98764293002564,True,True,55.260472479605795,12.5,req_soft3
config_13_det1_b15_s20_h12_w50,16,6.08550710316677,63.5135734450523,49.97794388527803,59.92173541378787,True,True,58.94450397824618,12.5,req_soft3
config_13_det1_b15_s20_h12_w50,17,5.59016165342281,59.7788117000728,52.8198009746345,63.96359413760299,True,True,62.62853547688657,12.5,req_soft3
config_13_det1_b15_s20_h12_w50,18,5.1628769216908,56.4585920266622,55.84887980076234,67.23131989631023,True,True,66.31256697552695,12.5,req_soft3
config_13_det1_b15_s20_h12_w50,19,4.7910922066594,53.4876153308822,58.77087607820731,70.94394353995271,True,True,69.99659847416734,12.5,req_soft3
config_13_det1_b15_s20_h12_w50,20,4.46481413819361,50.8136682209736,64.79228252654787,73.44335156356148,True,True,73.68062997280772,12.5,req_soft3
config_14_det1_b15_s20_h12_w500,1,1371.96964499226,1562.09876717853,9.77580559340252,10.573545999332485,False,False,7.937005259840997,12.5,req_soft3
config_14_det1_b15_s20_h12_w500,2,259.641330065364,879.048720659531,14.170157903142789,19.968196588575545,False,False,15.874010519681994,12.5,req_soft3
config_14_det1_b15_s20_h12_w500,3,105.27554977829,661.976402363107,22.593724239266088,26.99143151075911,False,False,23.81101577952299,12.5,req_soft3
config_14_det1_b15_s20_h12_w500,4,59.8243642194367,522.325202955406,28.00397070059887,36.173932257911915,False,False,31.748021039363987,12.5,req_soft3
config_14_det1_b15_s20_h12_w500,5,40.4077641479295,425.720697172114,32.30003676468496,45.74538091436118,False,False,39.685026299204985,12.5,req_soft3
config_14_det1_b15_s20_h12_w500,6,30.0937750463872,358.05135977561,41.0178604390819,55.055434563719494,False,False,47.62203155904598,12.5,req_soft3
config_14_det1_b15_s20_h12_w500,7,23.5282591644182,308.420236242715,52.3094147835741,60.76160280144031,False,False,55.55903681888698,12.5,req_soft3
config_14_det1_b15_s20_h12_w500,8,19.0428108742971,270.599644012954,63.00771282152686,72.54355502041516,False,False,63.496042078727974,12.5,req_soft3
config_14_det1_b15_s20_h12_w500,9,15.852309192731,240.900973795346,67.87373847814779,80.11060721832588,False,False,71.43304733856897,12.5,req_soft3
config_14_det1_b15_s20_h12_w500,10,13.4989773933766,217.007292249313,74.96861843464903,88.73359402353391,True,False,79.37005259840997,12.5,req_soft3
config_14_det1_b15_s20_h12_w500,11,11.7063849801001,197.385914003329,84.03139831502138,96.16898054697494,True,False,87.30705785825097,12.5,req_soft3
config_14_det1_b15_s20_h12_w500,12,10.3024927250127,174.798447942669,92.54271536251065,108.23422370283603,True,True,95.24406311809196,12.5,req_soft3
config_14_det1_b15_s20_h12_w500,13,8.2343773807999,165.736766297224,100.04494392799445,115.43960277516936,True,True,103.18106837793296,12.5,req_soft3
config_14_det1_b15_s20_h12_w500,14,7.1387354334877,155.114313416779,108.55871516782467,124.26453313172044,True,True,111.11807363777396,12.5,req_soft3
config_14_det1_b15_s20_h12_w500,15,6.30992163133089,144.57194507965,119.66595525554551,135.77335956168525,True,True,119.05507889761495,12.5,req_soft3
config_14_det1_b15_s20_h12_w500,16,5.64079151507659,135.933108110648,128.13699228429965,143.61665602877991,True,True,126.99208415745595,12.5,req_soft3
config_14_det1_b15_s20_h12_w500,17,5.12956312475836,128.020670362398,138.0605944866239,154.10001712452134,True,True,134.92908941729695,12.5,req_soft3
config_14_det1_b15_s20_h12_w500,18,4.70918677317163,120.936071767983,148.62863078454598,164.0047890560923,True,True,142.86609467713794,12.5,req_soft3
config_14_det1_b15_s20_h12_w500,19,4.34538602141658,114.666952954547,156.0467108218989,172.78708397588312,True,True,150.80309993697895,12.5,req_soft3
config_14_det1_b15_s20_h12_w500,20,4.03167079521766,108.995763264335,163.85576770779574,180.9868587924426,True,True,158.74010519681994,12.5,req_soft3
config_15_det1_b15_s20_h12_w1500,1,1482.77218730659,2195.12941567296,11.419977013987374,17.15887161208452,False,False,11.447142425533317,12.5,req_soft3
config_15_det1_b15_s20_h12_w1500,2,276.168535055985,1274.88781758312,21.74601975074979,30.43117439403218,False,False,22.894284851066633,12.5,req_soft3
config_15_det1_b15_s20_h12_w1500,3,110.489999377789,954.913490984421,29.91842032928878,43.49768815695841,False,False,34.34142727659995,12.5,req_soft3
config_15_det1_b15_s20_h12_w1500,4,62.265165672113,754.396736282332,43.34584034252883,54.44101739497527,False,False,45.788569702133266,12.5,req_soft3
config_15_det1_b15_s20_h12_w1500,5,41.3983921590561,615.089943611065,59.062495502645326,66.97862252241381,False,False,57.23571212766658,12.5,req_soft3
config_15_det1_b15_s20_h12_w1500,6,30.5947542861908,517.737731419071,68.54979121047707,79.89544356706318,False,False,68.6828545531999,12.5,req_soft3
config_15_det1_b15_s20_h12_w1500,7,24.0675826659041,446.310779861523,82.73147048332534,92.93480495606703,False,False,80.12999697873322,12.5,req_soft3
config_15_det1_b15_s20_h12_w1500,8,19.5984247045618,391.790936353185,94.74699914626436,104.53494757203873,False,False,91.57713940426653,12.5,req_soft3
config_15_det1_b15_s20_h12_w1500,9,14.813237392189,347.069530043393,108.57183784122944,123.31532098198053,True,False,103.02428182979985,12.5,req_soft3
config_15_det1_b15_s20_h12_w1500,10,12.2749345250106,314.281592480616,121.81372214482973,135.05222580337002,True,False,114.47142425533316,12.5,req_soft3
config_15_det1_b15_s20_h12_w1500,11,10.3785968167878,286.18006793008,139.56007925700754,150.07829368736543,True,False,125.91856668086648,12.5,req_soft3
config_15_det1_b15_s20_h12_w1500,12,9.08425019280687,262.551262568411,154.05660530755858,164.64565908506532,True,True,137.3657091063998,12.5,req_soft3
config_15_det1_b15_s20_h12_w1500,13,8.07100869684366,242.465429921281,163.7510128467404,177.75432093513538,True,True,148.81285153193312,12.5,req_soft3
config_15_det1_b15_s20_h12_w1500,14,7.24897508045351,225.256267238797,180.71552495104933,193.23681139414865,True,True,160.25999395746643,12.5,req_soft3
config_15_det1_b15_s20_h12_w1500,15,6.56841598047092,210.321763462317,192.69009012747213,209.0257659556193,True,True,171.70713638299975,12.5,req_soft3
config_15_det1_b15_s20_h12_w1500,16,5.99684734319579,197.206183278909,205.9908944859241,221.1376739348891,True,True,183.15427880853306,12.5,req_soft3
config_15_det1_b15_s20_h12_w1500,17,5.50925993039002,185.62250063012,218.1626113705096,238.34832412062627,True,True,194.60142123406638,12.5,req_soft3
config_15_det1_b15_s20_h12_w1500,18,5.08897006822918,175.317193184827,228.88650753885284,249.72977896118036,True,True,206.0485636595997,12.5,req_soft3
config_15_det1_b15_s20_h12_w1500,19,4.72308712345199,166.110522527026,237.23851980186055,265.4306432740743,True,True,217.495706085133,12.5,req_soft3
config_15_det1_b15_s20_h12_w1500,20,4.4019262322732,157.810856039111,246.25323742936752,279.4367027312864,True,True,228.94284851066632,12.5,req_soft3
config_16_det1_b15_s20_h24_w50,1,1143.99309910078,724.976931135836,4.164387710096166,6.63287268082239,False,False,3.6840314986403864,12.5,req_soft3
config_16_det1_b15_s20_h24_w50,2,226.084029078955,415.578696008349,9.119614849323407,9.224546059292024,False,False,7.368062997280773,12.5,req_soft3
config_16_det1_b15_s20_h24_w50,3,95.9537592016972,309.044693901097,10.977129633925255,11.418203667827965,False,False,11.052094495921159,12.5,req_soft3
config_16_det1_b15_s20_h24_w50,4,55.3066653883184,243.601640148777,13.206982054958656,13.510361764216384,False,False,14.736125994561545,12.5,req_soft3
config_16_det1_b15_s20_h24_w50,5,36.993922117345,199.162959091226,15.687236053556408,19.662206768315706,False,False,18.42015749320193,12.5,req_soft3
config_16_det1_b15_s20_h24_w50,6,27.0813487792226,167.515272305283,20.994663012299103,22.330021831605986,False,False,22.104188991842317,12.5,req_soft3
config_16_det1_b15_s20_h24_w50,7,21.0130117246902,144.270449058323,23.87475392543345,24.89402287698796,False,False,25.788220490482704,12.5,req_soft3
config_16_det1_b15_s20_h24_w50,8,16.9791838231912,126.567457936793,26.238423637863615,27.47592355135674,False,False,29.47225198912309,12.5,req_soft3
config_16_det1_b15_s20_h24_w50,9,14.1386261548201,112.67074195811,28.65043411538471,30.974794188178233,False,False,33.156283487763474,12.5,req_soft3
config_16_det1_b15_s20_h24_w50,10,12.0436968582402,101.492859164877,30.8742833924935,33.15250179096594,True,False,36.84031498640386,12.5,req_soft3
config_16_det1_b15_s20_h24_w50,11,10.4441745847862,92.3147739934436,32.94794189323515,34.96095500697886,True,False,40.52434648504425,12.5,req_soft3
config_16_det1_b15_s20_h24_w50,12,9.18858802088564,84.6488737667435,36.479896861148056,39.05435155011538,True,False,44.208377983684635,12.5,req_soft3
config_16_det1_b15_s20_h24_w50,13,8.17952811343337,78.1526248923616,39.484659996003515,42.087235297652896,True,False,47.89240948232502,12.5,req_soft3
config_16_det1_b15_s20_h24_w50,14,7.35329010871709,72.5789333035372,41.99424216484922,45.7562003995087,True,True,51.57644098096541,12.5,req_soft3
config_16_det1_b15_s20_h24_w50,15,6.66553395622582,67.7448225492957,45.08943196581656,49.17213006368546,True,True,55.260472479605795,12.5,req_soft3
config_16_det1_b15_s20_h24_w50,16,6.08550710316677,63.5135734450523,48.690377642815626,51.391899896773616,True,True,58.94450397824618,12.5,req_soft3
config_16_det1_b15_s20_h24_w50,17,5.59016165342281,59.7788117000728,50.93176194674596,53.83242865596907,True,True,62.62853547688657,12.5,req_soft3
config_16_det1_b15_s20_h24_w50,18,5.1628769216908,56.4585920266622,52.68482110627311,57.00684059830012,True,True,66.31256697552695,12.5,req_soft3
config_16_det1_b15_s20_h24_w50,19,4.7910922066594,53.4876153308822,54.0713406066467,59.32619889222635,True,True,69.99659847416734,12.5,req_soft3
config_16_det1_b15_s20_h24_w50,20,4.46481413819361,50.8136682209736,55.44609431691289,61.564989035977256,True,True,73.68062997280772,12.5,req_soft3
config_17_det1_b15_s20_h24_w500,1,1371.96964499226,1562.09876717853,9.77580559340252,10.573545999332485,False,False,7.937005259840997,12.5,req_soft3
config_17_det1_b15_s20_h24_w500,2,259.641330065364,879.048720659531,14.170157903142789,19.968196588575545,False,False,15.874010519681994,12.5,req_soft3
config_17_det1_b15_s20_h24_w500,3,105.27554977829,661.976402363107,22.592042293692707,27.196192288627465,False,False,23.81101577952299,12.5,req_soft3
config_17_det1_b15_s20_h24_w500,4,59.8243642194367,522.325202955406,28.001729857278463,32.66043286608431,False,False,31.748021039363987,12.5,req_soft3
config_17_det1_b15_s20_h24_w500,5,40.4077641479295,425.720697172114,32.295284098456236,38.65001778783549,False,False,39.685026299204985,12.5,req_soft3
config_17_det1_b15_s20_h24_w500,6,30.0937750463872,358.05135977561,40.00675411727376,49.74910426329302,False,False,47.62203155904598,12.5,req_soft3
config_17_det1_b15_s20_h24_w500,7,23.5282591644182,308.420236242715,46.89303119867599,58.82437313733143,False,False,55.55903681888698,12.5,req_soft3
config_17_det1_b15_s20_h24_w500,8,19.0428108742971,270.599644012954,54.3631435349355,66.58972424481122,False,False,63.496042078727974,12.5,req_soft3
config_17_det1_b15_s20_h24_w500,9,15.852309192731,240.900973795346,57.9048130555656,73.01401149779403,False,False,71.43304733856897,12.5,req_soft3
config_17_det1_b15_s20_h24_w500,10,13.4989773933766,217.007292249313,63.136240583360674,81.86796288672524,True,False,79.37005259840997,12.5,req_soft3
config_17_det1_b15_s20_h24_w500,11,11.7063849801001,197.385914003329,69.96245689653844,89.0035315310578,True,False,87.30705785825097,12.5,req_soft3
config_17_det1_b15_s20_h24_w500,12,10.3024927250127,174.798447942669,75.78753103981624,100.46187758160914,True,True,95.24406311809196,12.5,req_soft3
config_17_det1_b15_s20_h24_w500,13,8.2343773807999,165.736766297224,82.30310696848976,106.94703517785489,True,True,103.18106837793296,12.5,req_soft3
config_17_det1_b15_s20_h24_w500,14,7.1387354334877,155.114313416779,88.37748252053046,120.69897167701508,True,True,111.11807363777396,12.5,req_soft3
config_17_det1_b15_s20_h24_w500,15,6.30992163133089,144.57194507965,95.91914216324774,133.70703515522285,True,True,119.05507889761495,12.5,req_soft3
config_17_det1_b15_s20_h24_w500,16,5.64079151507659,135.933108110648,102.82547343003634,140.90546998687532,True,True,126.99208415745595,12.5,req_soft3
config_17_det1_b15_s20_h24_w500,17,5.12956312475836,128.020670362398,109.47719257655653,152.26848679042044,True,True,134.92908941729695,12.5,req_soft3
config_17_det1_b15_s20_h24_w500,18,4.70918677317163,120.936071767983,122.57672908790187,161.94139457772303,True,True,142.86609467713794,12.5,req_soft3
config_17_det1_b15_s20_h24_w500,19,4.34538602141658,114.666952954547,132.30917763371937,170.82114997206222,True,True,150.80309993697895,12.5,req_soft3
config_17_det1_b15_s20_h24_w500,20,4.03167079521766,108.995763264335,142.92862258056562,180.39879819136513,True,True,158.74010519681994,12.5,req_soft3
config_18_det1_b15_s20_h24_w1500,1,1482.77218730659,2195.12941567296,11.419977013987374,17.15887161208452,False,False,11.447142425533317,12.5,req_soft3
config_18_det1_b15_s20_h24_w1500,2,276.168535055985,1274.88781758312,21.74601975074979,30.35042627377744,False,False,22.894284851066633,12.5,req_soft3
config_18_det1_b15_s20_h24_w1500,3,110.489999377789,954.913490984421,29.91842032928878,35.85700594026222,False,False,34.34142727659995,12.5,req_soft3
config_18_det1_b15_s20_h24_w1500,4,62.265165672113,754.396736282332,40.11592420722723,50.60105606605459,False,False,45.788569702133266,12.5,req_soft3
config_18_det1_b15_s20_h24_w1500,5,41.3983921590561,615.089943611065,50.617550069121286,63.75073627025808,False,False,57.23571212766658,12.5,req_soft3
config_18_det1_b15_s20_h24_w1500,6,30.5947542861908,517.737731419071,60.19466234642403,74.5092401987834,False,False,68.6828545531999,12.5,req_soft3
config_18_det1_b15_s20_h24_w1500,7,24.0675826659041,446.310779861523,70.34241163764575,88.96030302269034,False,False,80.12999697873322,12.5,req_soft3
config_18_det1_b15_s20_h24_w1500,8,19.5984247045618,391.790936353185,78.3220343801439,102.22049064807571,False,False,91.57713940426653,12.5,req_soft3
config_18_det1_b15_s20_h24_w1500,9,14.813237392189,347.069530043393,87.01568624551425,119.38825569218365,False,False,103.02428182979985,12.5,req_soft3
config_18_det1_b15_s20_h24_w1500,10,12.2749345250106,314.281592480616,97.345527560906,136.4966877396257,True,False,114.47142425533316,12.5,req_soft3
config_18_det1_b15_s20_h24_w1500,11,10.3785968167878,286.18006793008,111.04244333687106,151.77603657289836,True,False,125.91856668086648,12.5,req_soft3
config_18_det1_b15_s20_h24_w1500,12,9.08425019280687,262.551262568411,124.90559095884291,168.26864681217353,True,True,137.3657091063998,12.5,req_soft3
config_18_det1_b15_s20_h24_w1500,13,8.07100869684366,242.465429921281,138.63010926362443,182.5769358380187,True,True,148.81285153193312,12.5,req_soft3
config_18_det1_b15_s20_h24_w1500,14,7.24897508045351,225.256267238797,153.63859220224876,195.88196204744213,True,True,160.25999395746643,12.5,req_soft3
config_18_det1_b15_s20_h24_w1500,15,6.56841598047092,210.321763462317,165.89958295607616,212.29690621600892,True,True,171.70713638299975,12.5,req_soft3
config_18_det1_b15_s20_h24_w1500,16,5.99684734319579,197.206183278909,179.64507071043045,224.45099378508243,True,True,183.15427880853306,12.5,req_soft3
config_18_det1_b15_s20_h24_w1500,17,5.50925993039002,185.62250063012,192.22978917748992,238.7115617690568,True,True,194.60142123406638,12.5,req_soft3
config_18_det1_b15_s20_h24_w1500,18,5.08897006822918,175.317193184827,206.55228689661664,257.3216777369006,True,True,206.0485636595997,12.5,req_soft3
config_18_det1_b15_s20_h24_w1500,19,4.72308712345199,166.110522527026,214.9006230278958,269.51593438772574,True,True,217.495706085133,12.5,req_soft3
config_18_det1_b15_s20_h24_w1500,20,4.4019262322732,157.810856039111,223.1667911376302,282.6179792975355,True,True,228.94284851066632,12.5,req_soft3
config_19_det1_b30_s5_h4_w50,1,1143.99309910078,724.976931135836,2.5998798049140657,6.278066979572613,False,False,3.6840314986403864,15.20690632574555,req_soft3
config_19_det1_b30_s5_h4_w50,2,226.084029078955,415.578696008349,5.909081993000266,7.752298046385988,False,False,7.368062997280773,15.20690632574555,req_soft3
config_19_det1_b30_s5_h4_w50,3,95.9537592016972,309.044693901097,8.40542979269948,14.805252446344845,False,False,11.052094495921159,15.20690632574555,req_soft3
config_19_det1_b30_s5_h4_w50,4,55.3066653883184,243.601640148777,10.949212300435132,19.608808607358075,False,False,14.736125994561545,15.20690632574555,req_soft3
config_19_det1_b30_s5_h4_w50,5,36.993922117345,199.162959091226,19.00365754269425,22.472958750462745,False,False,18.42015749320193,15.20690632574555,req_soft3
config_19_det1_b30_s5_h4_w50,6,27.0813487792226,167.515272305283,22.137434359021825,23.70588534520489,False,False,22.104188991842317,15.20690632574555,req_soft3
config_19_det1_b30_s5_h4_w50,7,21.0130117246902,144.270449058323,24.56107693078624,30.96151037982482,False,False,25.788220490482704,15.20690632574555,req_soft3
config_19_det1_b30_s5_h4_w50,8,16.9791838231912,126.567457936793,26.514118880324872,34.676297740675835,False,False,29.47225198912309,15.20690632574555,req_soft3
config_19_det1_b30_s5_h4_w50,9,14.1386261548201,112.67074195811,29.694414457941413,38.61730667718814,False,False,33.156283487763474,15.20690632574555,req_soft3
config_19_det1_b30_s5_h4_w50,10,12.0436968582402,101.492859164877,33.78510581602491,42.71492567007462,False,False,36.84031498640386,15.20690632574555,req_soft3
config_19_det1_b30_s5_h4_w50,11,10.4441745847862,92.3147739934436,37.94930005942138,47.44491411099824,False,False,40.52434648504425,15.20690632574555,req_soft3
config_19_det1_b30_s5_h4_w50,12,9.18858802088564,84.6488737667435,43.05787819900093,54.813605747113556,False,False,44.208377983684635,15.20690632574555,req_soft3
config_19_det1_b30_s5_h4_w50,13,8.17952811343337,78.1526248923616,47.63512753210596,59.62592032832701,True,False,47.89240948232502,15.20690632574555,req_soft3
config_19_det1_b30_s5_h4_w50,14,7.35329010871709,72.5789333035372,54.47027974042358,65.50533470641913,True,False,51.57644098096541,15.20690632574555,req_soft3
config_19_det1_b30_s5_h4_w50,15,6.66553395622582,67.7448225492957,57.47291427272502,70.78300908410154,True,False,55.260472479605795,15.20690632574555,req_soft3
config_19_det1_b30_s5_h4_w50,16,6.08550710316677,63.5135734450523,59.51641265230962,71.8848375876304,True,True,58.94450397824618,15.20690632574555,req_soft3
config_19_det1_b30_s5_h4_w50,17,5.59016165342281,59.7788117000728,62.66137865543656,74.40169940935489,True,True,62.62853547688657,15.20690632574555,req_soft3
config_19_det1_b30_s5_h4_w50,18,5.1628769216908,56.4585920266622,65.95321732106781,76.70294241422553,True,True,66.31256697552695,15.20690632574555,req_soft3
config_19_det1_b30_s5_h4_w50,19,4.7910922066594,53.4876153308822,69.40963459779917,81.84755901471141,True,True,69.99659847416734,15.20690632574555,req_soft3
config_19_det1_b30_s5_h4_w50,20,4.46481413819361,50.8136682209736,75.4981514674366,87.99880444263623,True,True,73.68062997280772,15.20690632574555,req_soft3
config_20_det1_b30_s5_h4_w500,1,1371.96964499226,1562.09876717853,6.354653806463418,9.185069406379027,False,False,7.937005259840997,15.20690632574555,req_soft3
config_20_det1_b30_s5_h4_w500,2,259.641330065364,879.048720659531,12.239393367320131,19.14905350141359,False,False,15.874010519681994,15.20690632574555,req_soft3
config_20_det1_b30_s5_h4_w500,3,105.27554977829,661.976402363107,21.64747387110099,29.96878167360161,False,False,23.81101577952299,15.20690632574555,req_soft3
config_20_det1_b30_s5_h4_w500,4,59.8243642194367,522.325202955406,32.413128127349886,36.90844584915491,False,False,31.748021039363987,15.20690632574555,req_soft3
config_20_det1_b30_s5_h4_w500,5,40.4077641479295,425.720697172114,41.15219769344038,45.86487626713932,False,False,39.685026299204985,15.20690632574555,req_soft3
config_20_det1_b30_s5_h4_w500,6,30.0937750463872,358.05135977561,51.815831316307175,56.01389448163732,False,False,47.62203155904598,15.20690632574555,req_soft3
config_20_det1_b30_s5_h4_w500,7,23.5282591644182,308.420236242715,62.11849865378267,68.49036702339973,False,False,55.55903681888698,15.20690632574555,req_soft3
config_20_det1_b30_s5_h4_w500,8,19.0428108742971,270.599644012954,70.74292455786656,74.58421889604618,False,False,63.496042078727974,15.20690632574555,req_soft3
config_20_det1_b30_s5_h4_w500,9,15.852309192731,240.900973795346,76.26067384307589,82.32605618987088,False,False,71.43304733856897,15.20690632574555,req_soft3
config_20_det1_b30_s5_h4_w500,10,13.4989773933766,217.007292249313,83.28596670508183,96.15395511019467,True,False,79.37005259840997,15.20690632574555,req_soft3
config_20_det1_b30_s5_h4_w500,11,11.7063849801001,197.385914003329,90.55141725377172,109.51166122584591,True,False,87.30705785825097,15.20690632574555,req_soft3
config_20_det1_b30_s5_h4_w500,12,10.3024927250127,174.798447942669,97.82531533015595,116.640043807624,True,False,95.24406311809196,15.20690632574555,req_soft3
config_20_det1_b30_s5_h4_w500,13,8.2343773807999,165.736766297224,104.86499223869814,124.21482326777446,True,False,103.18106837793296,15.20690632574555,req_soft3
config_20_det1_b30_s5_h4_w500,14,7.1387354334877,155.114313416779,114.93923376433885,136.78127704477686,True,True,111.11807363777396,15.20690632574555,req_soft3
config_20_det1_b30_s5_h4_w500,15,6.30992163133089,144.57194507965,127.51519882177007,147.06417698670802,True,True,119.05507889761495,15.20690632574555,req_soft3
config_20_det1_b30_s5_h4_w500,16,5.64079151507659,135.933108110648,137.46963684958055,158.6101000356955,True,True,126.99208415745595,15.20690632574555,req_soft3
config_20_det1_b30_s5_h4_w500,17,5.12956312475836,128.020670362398,148.1133895121497,167.55806207600597,True,True,134.92908941729695,15.20690632574555,req_soft3
config_20_det1_b30_s5_h4_w500,18,4.70918677317163,120.936071767983,157.60536872200768,180.24029870641522,True,True,142.86609467713794,15.20690632574555,req_soft3
config_20_det1_b30_s5_h4_w500,19,4.34538602141658,114.666952954547,169.85723989410766,188.30716263594437,True,True,150.80309993697895,15.20690632574555,req_soft3
config_20_det1_b30_s5_h4_w500,20,4.03167079521766,108.995763264335,180.49057762418266,201.76970852379645,True,True,158.74010519681994,15.20690632574555,req_soft3
config_21_det1_b30_s5_h4_w1500,1,1482.77218730659,2195.12941567296,9.701739534743242,14.426165464183475,False,False,11.447142425533317,15.20690632574555,req_soft3
config_21_det1_b30_s5_h4_w1500,2,276.168535055985,1274.88781758312,19.13935735598246,28.33678263317838,False,False,22.894284851066633,15.20690632574555,req_soft3
config_21_det1_b30_s5_h4_w1500,3,110.489999377789,954.913490984421,33.896188945071685,36.663795152711614,False,False,34.34142727659995,15.20690632574555,req_soft3
config_21_det1_b30_s5_h4_w1500,4,62.265165672113,754.396736282332,49.576106896366916,53.96378762651858,False,False,45.788569702133266,15.20690632574555,req_soft3
config_21_det1_b30_s5_h4_w1500,5,41.3983921590561,615.089943611065,63.34884667458438,69.56390856615232,False,False,57.23571212766658,15.20690632574555,req_soft3
config_21_det1_b30_s5_h4_w1500,6,30.5947542861908,517.737731419071,73.61824756811315,76.73057245974384,False,False,68.6828545531999,15.20690632574555,req_soft3
config_21_det1_b30_s5_h4_w1500,7,24.0675826659041,446.310779861523,85.45129834524978,97.50045640918816,False,False,80.12999697873322,15.20690632574555,req_soft3
config_21_det1_b30_s5_h4_w1500,8,19.5984247045618,391.790936353185,99.05715227416276,108.33080836801074,False,False,91.57713940426653,15.20690632574555,req_soft3
config_21_det1_b30_s5_h4_w1500,9,14.813237392189,347.069530043393,110.4056967506659,122.13880122176117,True,False,103.02428182979985,15.20690632574555,req_soft3
config_21_det1_b30_s5_h4_w1500,10,12.2749345250106,314.281592480616,126.420219901723,136.6474352830833,True,False,114.47142425533316,15.20690632574555,req_soft3
config_21_det1_b30_s5_h4_w1500,11,10.3785968167878,286.18006793008,145.40301521403651,151.88105269146203,True,False,125.91856668086648,15.20690632574555,req_soft3
config_21_det1_b30_s5_h4_w1500,12,9.08425019280687,262.551262568411,160.47086530305464,165.90616072547357,True,False,137.3657091063998,15.20690632574555,req_soft3
config_21_det1_b30_s5_h4_w1500,13,8.07100869684366,242.465429921281,177.928914488655,180.30614012469644,True,True,148.81285153193312,15.20690632574555,req_soft3
config_21_det1_b30_s5_h4_w1500,14,7.24897508045351,225.256267238797,193.1742125359617,195.96385366807942,True,True,160.25999395746643,15.20690632574555,req_soft3
config_21_det1_b30_s5_h4_w1500,15,6.56841598047092,210.321763462317,205.35713809523804,210.01753564352143,True,True,171.70713638299975,15.20690632574555,req_soft3
config_21_det1_b30_s5_h4_w1500,16,5.99684734319579,197.206183278909,226.80137847415693,222.72451219686923,True,True,183.15427880853306,15.20690632574555,req_soft3
config_21_det1_b30_s5_h4_w1500,17,5.50925993039002,185.62250063012,237.2816979176158,240.36174127066616,True,True,194.60142123406638,15.20690632574555,req_soft3
config_21_det1_b30_s5_h4_w1500,18,5.08897006822918,175.317193184827,247.02526580178886,253.30655560231975,True,True,206.0485636595997,15.20690632574555,req_soft3
config_21_det1_b30_s5_h4_w1500,19,4.72308712345199,166.110522527026,264.31146925129406,268.2943864075016,True,True,217.495706085133,15.20690632574555,req_soft3
config_21_det1_b30_s5_h4_w1500,20,4.4019262322732,157.810856039111,274.563390778078,285.3283707707081,True,True,228.94284851066632,15.20690632574555,req_soft3
config_22_det1_b30_s5_h12_w50,1,1143.99309910078,724.976931135836,,5.269546944472551,True,False,3.6840314986403864,15.20690632574555,req_soft3
config_22_det1_b30_s5_h12_w50,2,226.084029078955,415.578696008349,3.683544488668489,9.050607714402387,False,False,7.368062997280773,15.20690632574555,req_soft3
config_22_det1_b30_s5_h12_w50,3,95.9537592016972,309.044693901097,7.567190694042274,22.39272482303125,False,False,11.052094495921159,15.20690632574555,req_soft3
config_22_det1_b30_s5_h12_w50,4,55.3066653883184,243.601640148777,10.90631124624637,29.78240671940399,False,False,14.736125994561545,15.20690632574555,req_soft3
config_22_det1_b30_s5_h12_w50,5,36.993922117345,199.162959091226,15.847133021464797,30.867958711259153,False,False,18.42015749320193,15.20690632574555,req_soft3
config_22_det1_b30_s5_h12_w50,6,27.0813487792226,167.515272305283,19.480182237340593,31.333981154650616,False,False,22.104188991842317,15.20690632574555,req_soft3
config_22_det1_b30_s5_h12_w50,7,21.0130117246902,144.270449058323,23.49154369129453,44.26170325461956,False,False,25.788220490482704,15.20690632574555,req_soft3
config_22_det1_b30_s5_h12_w50,8,16.9791838231912,126.567457936793,28.10434574936766,50.16716929427053,False,False,29.47225198912309,15.20690632574555,req_soft3
config_22_det1_b30_s5_h12_w50,9,14.1386261548201,112.67074195811,33.95679239857616,58.60920896070856,False,False,33.156283487763474,15.20690632574555,req_soft3
config_22_det1_b30_s5_h12_w50,10,12.0436968582402,101.492859164877,41.47334535578243,63.918447063426065,False,False,36.84031498640386,15.20690632574555,req_soft3
config_22_det1_b30_s5_h12_w50,11,10.4441745847862,92.3147739934436,46.83357636354499,68.51716846893193,True,False,40.52434648504425,15.20690632574555,req_soft3
config_22_det1_b30_s5_h12_w50,12,9.18858802088564,84.6488737667435,53.42393073333334,72.36109365536151,True,False,44.208377983684635,15.20690632574555,req_soft3
config_22_det1_b30_s5_h12_w50,13,8.17952811343337,78.1526248923616,56.27611727011734,75.71313560260053,True,False,47.89240948232502,15.20690632574555,req_soft3
config_22_det1_b30_s5_h12_w50,14,7.35329010871709,72.5789333035372,58.69124189348867,77.40635740471623,True,False,51.57644098096541,15.20690632574555,req_soft3
config_22_det1_b30_s5_h12_w50,15,6.66553395622582,67.7448225492957,62.54087363476784,78.94891562129132,True,False,55.260472479605795,15.20690632574555,req_soft3
config_22_det1_b30_s5_h12_w50,16,6.08550710316677,63.5135734450523,66.87493831772856,82.72845573857214,True,False,58.94450397824618,15.20690632574555,req_soft3
config_22_det1_b30_s5_h12_w50,17,5.59016165342281,59.7788117000728,70.17674027054834,88.26011541020226,True,False,62.62853547688657,15.20690632574555,req_soft3
config_22_det1_b30_s5_h12_w50,18,5.1628769216908,56.4585920266622,75.05701749336967,101.07625511079357,True,True,66.31256697552695,15.20690632574555,req_soft3
config_22_det1_b30_s5_h12_w50,19,4.7910922066594,53.4876153308822,78.69961801050879,107.61949431007169,True,True,69.99659847416734,15.20690632574555,req_soft3
config_22_det1_b30_s5_h12_w50,20,4.46481413819361,50.8136682209736,83.20836880319725,115.52573408600834,True,True,73.68062997280772,15.20690632574555,req_soft3
config_23_det1_b30_s5_h12_w500,1,1371.96964499226,1562.09876717853,4.248220215572634,12.502879668300418,False,False,7.937005259840997,15.20690632574555,req_soft3
config_23_det1_b30_s5_h12_w500,2,259.641330065364,879.048720659531,12.548645345215554,28.234289879506445,False,False,15.874010519681994,15.20690632574555,req_soft3
config_23_det1_b30_s5_h12_w500,3,105.27554977829,661.976402363107,21.391628035285205,34.029718629456816,False,False,23.81101577952299,15.20690632574555,req_soft3
config_23_det1_b30_s5_h12_w500,4,59.8243642194367,522.325202955406,33.54605416438721,46.943496620937815,False,False,31.748021039363987,15.20690632574555,req_soft3
config_23_det1_b30_s5_h12_w500,5,40.4077641479295,425.720697172114,51.98593920475035,65.41216916598928,False,False,39.685026299204985,15.20690632574555,req_soft3
config_23_det1_b30_s5_h12_w500,6,30.0937750463872,358.05135977561,58.8821524317853,70.7574298218922,False,False,47.62203155904598,15.20690632574555,req_soft3
config_23_det1_b30_s5_h12_w500,7,23.5282591644182,308.420236242715,68.2689268628122,87.1425508386498,False,False,55.55903681888698,15.20690632574555,req_soft3
config_23_det1_b30_s5_h12_w500,8,19.0428108742971,270.599644012954,73.18733411595205,95.71045890833689,False,False,63.496042078727974,15.20690632574555,req_soft3
config_23_det1_b30_s5_h12_w500,9,15.852309192731,240.900973795346,77.90384867828347,104.3336208728732,False,False,71.43304733856897,15.20690632574555,req_soft3
config_23_det1_b30_s5_h12_w500,10,13.4989773933766,217.007292249313,84.58948483378087,112.40658294285477,True,False,79.37005259840997,15.20690632574555,req_soft3
config_23_det1_b30_s5_h12_w500,11,11.7063849801001,197.385914003329,92.8340468255047,123.60668188069589,True,False,87.30705785825097,15.20690632574555,req_soft3
config_23_det1_b30_s5_h12_w500,12,10.3024927250127,174.798447942669,97.48057819381253,138.5772847447309,True,False,95.24406311809196,15.20690632574555,req_soft3
config_23_det1_b30_s5_h12_w500,13,8.2343773807999,165.736766297224,102.1303362538934,146.08983418697477,True,False,103.18106837793296,15.20690632574555,req_soft3
config_23_det1_b30_s5_h12_w500,14,7.1387354334877,155.114313416779,109.52608656794457,155.10441039828623,True,True,111.11807363777396,15.20690632574555,req_soft3
config_23_det1_b30_s5_h12_w500,15,6.30992163133089,144.57194507965,119.96654394733004,164.62347674989195,True,True,119.05507889761495,15.20690632574555,req_soft3
config_23_det1_b30_s5_h12_w500,16,5.64079151507659,135.933108110648,132.64600818008475,174.3239677216596,True,True,126.99208415745595,15.20690632574555,req_soft3
config_23_det1_b30_s5_h12_w500,17,5.12956312475836,128.020670362398,145.84575837545333,185.80314683825998,True,True,134.92908941729695,15.20690632574555,req_soft3
config_23_det1_b30_s5_h12_w500,18,4.70918677317163,120.936071767983,154.50392493216617,193.7368699852113,True,True,142.86609467713794,15.20690632574555,req_soft3
config_23_det1_b30_s5_h12_w500,19,4.34538602141658,114.666952954547,164.16644915383222,201.2741048366078,True,True,150.80309993697895,15.20690632574555,req_soft3
config_23_det1_b30_s5_h12_w500,20,4.03167079521766,108.995763264335,170.35334536714498,212.72543271132915,True,True,158.74010519681994,15.20690632574555,req_soft3
config_24_det1_b30_s5_h12_w1500,1,1482.77218730659,2195.12941567296,9.379518910903693,20.058732512299972,False,False,11.447142425533317,15.20690632574555,req_soft3
config_24_det1_b30_s5_h12_w1500,2,276.168535055985,1274.88781758312,22.076984621999443,35.521782049891584,False,False,22.894284851066633,15.20690632574555,req_soft3
config_24_det1_b30_s5_h12_w1500,3,110.489999377789,954.913490984421,39.459344584014566,50.15037013821533,False,False,34.34142727659995,15.20690632574555,req_soft3
config_24_det1_b30_s5_h12_w1500,4,62.265165672113,754.396736282332,62.05967591761981,68.84186498781101,False,False,45.788569702133266,15.20690632574555,req_soft3
config_24_det1_b30_s5_h12_w1500,5,41.3983921590561,615.089943611065,71.20869592261889,86.95387067290335,False,False,57.23571212766658,15.20690632574555,req_soft3
config_24_det1_b30_s5_h12_w1500,6,30.5947542861908,517.737731419071,81.49585188830166,104.4750770386039,False,False,68.6828545531999,15.20690632574555,req_soft3
config_24_det1_b30_s5_h12_w1500,7,24.0675826659041,446.310779861523,93.90712322112029,117.21823325888057,False,False,80.12999697873322,15.20690632574555,req_soft3
config_24_det1_b30_s5_h12_w1500,8,19.5984247045618,391.790936353185,99.63594237968991,134.94090954726977,False,False,91.57713940426653,15.20690632574555,req_soft3
config_24_det1_b30_s5_h12_w1500,9,14.813237392189,347.069530043393,108.7924068020272,152.22997496478075,True,False,103.02428182979985,15.20690632574555,req_soft3
config_24_det1_b30_s5_h12_w1500,10,12.2749345250106,314.281592480616,123.03256123888505,166.16102673477783,True,False,114.47142425533316,15.20690632574555,req_soft3
config_24_det1_b30_s5_h12_w1500,11,10.3785968167878,286.18006793008,134.74586254212863,182.41440534611783,True,False,125.91856668086648,15.20690632574555,req_soft3
config_24_det1_b30_s5_h12_w1500,12,9.08425019280687,262.551262568411,148.96580480096765,197.11392292557903,True,False,137.3657091063998,15.20690632574555,req_soft3
config_24_det1_b30_s5_h12_w1500,13,8.07100869684366,242.465429921281,160.94192245272134,209.94213157703985,True,True,148.81285153193312,15.20690632574555,req_soft3
config_24_det1_b30_s5_h12_w1500,14,7.24897508045351,225.256267238797,172.40626068163022,224.94192769097833,True,True,160.25999395746643,15.20690632574555,req_soft3
config_24_det1_b30_s5_h12_w1500,15,6.56841598047092,210.321763462317,184.46049181780543,237.96355638346532,True,True,171.70713638299975,15.20690632574555,req_soft3
config_24_det1_b30_s5_h12_w1500,16,5.99684734319579,197.206183278909,193.9945380459632,255.83333876221494,True,True,183.15427880853306,15.20690632574555,req_soft3
config_24_det1_b30_s5_h12_w1500,17,5.50925993039002,185.62250063012,206.42461295430186,268.1740572836977,True,True,194.60142123406638,15.20690632574555,req_soft3
config_24_det1_b30_s5_h12_w1500,18,5.08897006822918,175.317193184827,218.2015792029624,280.1102585491014,True,True,206.0485636595997,15.20690632574555,req_soft3
config_24_det1_b30_s5_h12_w1500,19,4.72308712345199,166.110522527026,225.45413736624033,296.12786277402387,True,True,217.495706085133,15.20690632574555,req_soft3
config_24_det1_b30_s5_h12_w1500,20,4.4019262322732,157.810856039111,236.0478382541226,312.8832871677375,True,True,228.94284851066632,15.20690632574555,req_soft3
config_25_det1_b30_s5_h24_w50,1,1143.99309910078,724.976931135836,,1.5742061491431165,True,False,3.6840314986403864,15.20690632574555,req_soft3
config_25_det1_b30_s5_h24_w50,2,226.084029078955,415.578696008349,1.573252999361514,8.869117768977926,False,False,7.368062997280773,15.20690632574555,req_soft3
config_25_det1_b30_s5_h24_w50,3,95.9537592016972,309.044693901097,7.517063921505523,16.719337606496257,False,False,11.052094495921159,15.20690632574555,req_soft3
config_25_det1_b30_s5_h24_w50,4,55.3066653883184,243.601640148777,10.586624816248094,23.792414757649126,False,False,14.736125994561545,15.20690632574555,req_soft3
config_25_det1_b30_s5_h24_w50,5,36.993922117345,199.162959091226,15.50402770250363,25.810477523672436,False,False,18.42015749320193,15.20690632574555,req_soft3
config_25_det1_b30_s5_h24_w50,6,27.0813487792226,167.515272305283,19.373877386831992,28.80013454829682,False,False,22.104188991842317,15.20690632574555,req_soft3
config_25_det1_b30_s5_h24_w50,7,21.0130117246902,144.270449058323,22.883796123021195,30.473328502150856,False,False,25.788220490482704,15.20690632574555,req_soft3
config_25_det1_b30_s5_h24_w50,8,16.9791838231912,126.567457936793,26.57864509338277,41.84318642264233,False,False,29.47225198912309,15.20690632574555,req_soft3
config_25_det1_b30_s5_h24_w50,9,14.1386261548201,112.67074195811,29.029747673722554,61.80581991204388,False,False,33.156283487763474,15.20690632574555,req_soft3
config_25_det1_b30_s5_h24_w50,10,12.0436968582402,101.492859164877,32.69564764613174,68.60015579428372,False,False,36.84031498640386,15.20690632574555,req_soft3
config_25_det1_b30_s5_h24_w50,11,10.4441745847862,92.3147739934436,36.35493604725499,82.23276035133443,False,False,40.52434648504425,15.20690632574555,req_soft3
config_25_det1_b30_s5_h24_w50,12,9.18858802088564,84.6488737667435,42.1381463166096,90.65136919049327,True,False,44.208377983684635,15.20690632574555,req_soft3
config_25_det1_b30_s5_h24_w50,13,8.17952811343337,78.1526248923616,46.569876261377374,94.67479997338258,True,False,47.89240948232502,15.20690632574555,req_soft3
config_25_det1_b30_s5_h24_w50,14,7.35329010871709,72.5789333035372,51.81092428243294,98.16271660134288,True,False,51.57644098096541,15.20690632574555,req_soft3
config_25_det1_b30_s5_h24_w50,15,6.66553395622582,67.7448225492957,55.161892416776276,102.86862508937203,True,False,55.260472479605795,15.20690632574555,req_soft3
config_25_det1_b30_s5_h24_w50,16,6.08550710316677,63.5135734450523,60.919158521765546,110.37952821968393,True,True,58.94450397824618,15.20690632574555,req_soft3
config_25_det1_b30_s5_h24_w50,17,5.59016165342281,59.7788117000728,65.68286591646256,118.42222875747986,True,True,62.62853547688657,15.20690632574555,req_soft3
config_25_det1_b30_s5_h24_w50,18,5.1628769216908,56.4585920266622,72.246822594492,125.59721218376357,True,True,66.31256697552695,15.20690632574555,req_soft3
config_25_det1_b30_s5_h24_w50,19,4.7910922066594,53.4876153308822,80.94064792248152,138.41251965491497,True,True,69.99659847416734,15.20690632574555,req_soft3
config_25_det1_b30_s5_h24_w50,20,4.46481413819361,50.8136682209736,85.16641699245855,142.48975318909388,True,True,73.68062997280772,15.20690632574555,req_soft3
config_26_det1_b30_s5_h24_w500,1,1371.96964499226,1562.09876717853,2.6949721705427683,13.191607180324919,False,False,7.937005259840997,15.20690632574555,req_soft3
config_26_det1_b30_s5_h24_w500,2,259.641330065364,879.048720659531,12.509476407907728,27.900577951003093,False,False,15.874010519681994,15.20690632574555,req_soft3
config_26_det1_b30_s5_h24_w500,3,105.27554977829,661.976402363107,21.31633176698092,37.61181662722501,False,False,23.81101577952299,15.20690632574555,req_soft3
config_26_det1_b30_s5_h24_w500,4,59.8243642194367,522.325202955406,29.66187367648915,58.162504029658145,False,False,31.748021039363987,15.20690632574555,req_soft3
config_26_det1_b30_s5_h24_w500,5,40.4077641479295,425.720697172114,40.908298363534996,69.0601033520802,False,False,39.685026299204985,15.20690632574555,req_soft3
config_26_det1_b30_s5_h24_w500,6,30.0937750463872,358.05135977561,55.66100856973399,88.00091389992619,False,False,47.62203155904598,15.20690632574555,req_soft3
config_26_det1_b30_s5_h24_w500,7,23.5282591644182,308.420236242715,67.71132752353923,108.28778997806417,False,False,55.55903681888698,15.20690632574555,req_soft3
config_26_det1_b30_s5_h24_w500,8,19.0428108742971,270.599644012954,87.12403442793499,117.67695593587273,False,False,63.496042078727974,15.20690632574555,req_soft3
config_26_det1_b30_s5_h24_w500,9,15.852309192731,240.900973795346,95.86363093536104,127.55719452465235,False,False,71.43304733856897,15.20690632574555,req_soft3
config_26_det1_b30_s5_h24_w500,10,13.4989773933766,217.007292249313,101.38819499001514,136.35341768319887,True,False,79.37005259840997,15.20690632574555,req_soft3
config_26_det1_b30_s5_h24_w500,11,11.7063849801001,197.385914003329,106.7931448070417,147.54019489993607,True,False,87.30705785825097,15.20690632574555,req_soft3
config_26_det1_b30_s5_h24_w500,12,10.3024927250127,174.798447942669,112.35281723956311,161.38279075780596,True,False,95.24406311809196,15.20690632574555,req_soft3
config_26_det1_b30_s5_h24_w500,13,8.2343773807999,165.736766297224,118.32631915831556,169.5407310124096,True,False,103.18106837793296,15.20690632574555,req_soft3
config_26_det1_b30_s5_h24_w500,14,7.1387354334877,155.114313416779,127.84616998782386,179.7802770436426,True,True,111.11807363777396,15.20690632574555,req_soft3
config_26_det1_b30_s5_h24_w500,15,6.30992163133089,144.57194507965,134.26386396445866,187.88227020752473,True,True,119.05507889761495,15.20690632574555,req_soft3
config_26_det1_b30_s5_h24_w500,16,5.64079151507659,135.933108110648,142.34427777984848,198.1455939174245,True,True,126.99208415745595,15.20690632574555,req_soft3
config_26_det1_b30_s5_h24_w500,17,5.12956312475836,128.020670362398,148.9171184939984,204.19177736736717,True,True,134.92908941729695,15.20690632574555,req_soft3
config_26_det1_b30_s5_h24_w500,18,4.70918677317163,120.936071767983,158.1582321249479,209.9172819893059,True,True,142.86609467713794,15.20690632574555,req_soft3
config_26_det1_b30_s5_h24_w500,19,4.34538602141658,114.666952954547,165.69964041401337,214.23728731893937,True,True,150.80309993697895,15.20690632574555,req_soft3
config_26_det1_b30_s5_h24_w500,20,4.03167079521766,108.995763264335,179.24852006207595,220.822235570203,True,True,158.74010519681994,15.20690632574555,req_soft3
config_27_det1_b30_s5_h24_w1500,1,1482.77218730659,2195.12941567296,9.159189374611707,18.35187320139282,False,False,11.447142425533317,15.20690632574555,req_soft3
config_27_det1_b30_s5_h24_w1500,2,276.168535055985,1274.88781758312,20.79807683416907,35.85453597524308,False,False,22.894284851066633,15.20690632574555,req_soft3
config_27_det1_b30_s5_h24_w1500,3,110.489999377789,954.913490984421,34.66163404976748,61.03404275484297,False,False,34.34142727659995,15.20690632574555,req_soft3
config_27_det1_b30_s5_h24_w1500,4,62.265165672113,754.396736282332,54.92012267830435,74.78762496043193,False,False,45.788569702133266,15.20690632574555,req_soft3
config_27_det1_b30_s5_h24_w1500,5,41.3983921590561,615.089943611065,73.2949137048404,104.02615423002472,False,False,57.23571212766658,15.20690632574555,req_soft3
config_27_det1_b30_s5_h24_w1500,6,30.5947542861908,517.737731419071,97.0701621966755,117.74002216512635,False,False,68.6828545531999,15.20690632574555,req_soft3
config_27_det1_b30_s5_h24_w1500,7,24.0675826659041,446.310779861523,107.77378894394191,135.40891336778552,False,False,80.12999697873322,15.20690632574555,req_soft3
config_27_det1_b30_s5_h24_w1500,8,19.5984247045618,391.790936353185,113.98887683307818,157.49266058737115,False,False,91.57713940426653,15.20690632574555,req_soft3
config_27_det1_b30_s5_h24_w1500,9,14.813237392189,347.069530043393,127.61938979942576,173.11907916068768,False,False,103.02428182979985,15.20690632574555,req_soft3
config_27_det1_b30_s5_h24_w1500,10,12.2749345250106,314.281592480616,139.90511601121352,184.55883893159324,True,False,114.47142425533316,15.20690632574555,req_soft3
config_27_det1_b30_s5_h24_w1500,11,10.3785968167878,286.18006793008,151.30167707633353,202.126694317093,True,False,125.91856668086648,15.20690632574555,req_soft3
config_27_det1_b30_s5_h24_w1500,12,9.08425019280687,262.551262568411,161.61374993071186,213.16737079633512,True,False,137.3657091063998,15.20690632574555,req_soft3
config_27_det1_b30_s5_h24_w1500,13,8.07100869684366,242.465429921281,172.73633970753102,221.0773965781617,True,False,148.81285153193312,15.20690632574555,req_soft3
config_27_det1_b30_s5_h24_w1500,14,7.24897508045351,225.256267238797,181.82156622481406,234.60845336195558,True,True,160.25999395746643,15.20690632574555,req_soft3
config_27_det1_b30_s5_h24_w1500,15,6.56841598047092,210.321763462317,196.2047506220649,248.13603180065925,True,True,171.70713638299975,15.20690632574555,req_soft3
config_27_det1_b30_s5_h24_w1500,16,5.99684734319579,197.206183278909,210.87510455770314,259.25030804653295,True,True,183.15427880853306,15.20690632574555,req_soft3
config_27_det1_b30_s5_h24_w1500,17,5.50925993039002,185.62250063012,235.81195427241974,288.9269972194053,True,True,194.60142123406638,15.20690632574555,req_soft3
config_27_det1_b30_s5_h24_w1500,18,5.08897006822918,175.317193184827,247.72277011476623,323.408891515232,True,True,206.0485636595997,15.20690632574555,req_soft3
config_27_det1_b30_s5_h24_w1500,19,4.72308712345199,166.110522527026,264.01241816332134,367.6426008291809,True,True,217.495706085133,15.20690632574555,req_soft3
config_27_det1_b30_s5_h24_w1500,20,4.4019262322732,157.810856039111,280.4430274880562,410.0844238961317,True,True,228.94284851066632,15.20690632574555,req_soft3
config_28_det1_b30_s20_h4_w50,1,1143.99309910078,724.976931135836,4.164387710096166,6.63287268082239,False,False,3.6840314986403864,18.027756377319946,req_soft3
config_28_det1_b30_s20_h4_w50,2,226.084029078955,415.578696008349,9.119614849323407,10.837861874004485,False,False,7.368062997280773,18.027756377319946,req_soft3
config_28_det1_b30_s20_h4_w50,3,95.9537592016972,309.044693901097,11.810180989299022,12.910533490138974,False,False,11.052094495921159,18.027756377319946,req_soft3
config_28_det1_b30_s20_h4_w50,4,55.3066653883184,243.601640148777,13.569133170545568,14.645319218098322,False,False,14.736125994561545,18.027756377319946,req_soft3
config_28_det1_b30_s20_h4_w50,5,36.993922117345,199.162959091226,15.238204454593724,16.109837832827495,False,False,18.42015749320193,18.027756377319946,req_soft3
config_28_det1_b30_s20_h4_w50,6,27.0813487792226,167.515272305283,16.983812145687434,20.561368509902252,False,False,22.104188991842317,18.027756377319946,req_soft3
config_28_det1_b30_s20_h4_w50,7,21.0130117246902,144.270449058323,20.997223030677176,24.65042342435521,False,False,25.788220490482704,18.027756377319946,req_soft3
config_28_det1_b30_s20_h4_w50,8,16.9791838231912,126.567457936793,23.82030383937199,28.811505948145093,False,False,29.47225198912309,18.027756377319946,req_soft3
config_28_det1_b30_s20_h4_w50,9,14.1386261548201,112.67074195811,32.707413150538216,32.54174050354406,False,False,33.156283487763474,18.027756377319946,req_soft3
config_28_det1_b30_s20_h4_w50,10,12.0436968582402,101.492859164877,34.72084208368224,35.39188289707119,False,False,36.84031498640386,18.027756377319946,req_soft3
config_28_det1_b30_s20_h4_w50,11,10.4441745847862,92.3147739934436,36.51947939114138,37.75867284479156,True,False,40.52434648504425,18.027756377319946,req_soft3
config_28_det1_b30_s20_h4_w50,12,9.18858802088564,84.6488737667435,40.772017058271715,39.8387421362673,True,False,44.208377983684635,18.027756377319946,req_soft3
config_28_det1_b30_s20_h4_w50,13,8.17952811343337,78.1526248923616,43.260598412412186,49.105706134827145,True,False,47.89240948232502,18.027756377319946,req_soft3
config_28_det1_b30_s20_h4_w50,14,7.35329010871709,72.5789333035372,55.855217974688806,52.62242273974089,True,False,51.57644098096541,18.027756377319946,req_soft3
config_28_det1_b30_s20_h4_w50,15,6.66553395622582,67.7448225492957,61.311873850013754,61.38169006307988,True,True,55.260472479605795,18.027756377319946,req_soft3
config_28_det1_b30_s20_h4_w50,16,6.08550710316677,63.5135734450523,65.17675486705363,66.05006718391738,True,True,58.94450397824618,18.027756377319946,req_soft3
config_28_det1_b30_s20_h4_w50,17,5.59016165342281,59.7788117000728,67.44423159173806,68.83214274595844,True,True,62.62853547688657,18.027756377319946,req_soft3
config_28_det1_b30_s20_h4_w50,18,5.1628769216908,56.4585920266622,68.76169264205178,70.46637407302862,True,True,66.31256697552695,18.027756377319946,req_soft3
config_28_det1_b30_s20_h4_w50,19,4.7910922066594,53.4876153308822,71.26557285955118,72.7763964139473,True,True,69.99659847416734,18.027756377319946,req_soft3
config_28_det1_b30_s20_h4_w50,20,4.46481413819361,50.8136682209736,73.74269709605149,74.84007866778335,True,True,73.68062997280772,18.027756377319946,req_soft3
config_29_det1_b30_s20_h4_w500,1,1371.96964499226,1562.09876717853,10.041806361407295,11.791411069079054,False,False,7.937005259840997,18.027756377319946,req_soft3
config_29_det1_b30_s20_h4_w500,2,259.641330065364,879.048720659531,14.362307439962425,16.834187684589953,False,False,15.874010519681994,18.027756377319946,req_soft3
config_29_det1_b30_s20_h4_w500,3,105.27554977829,661.976402363107,19.153508164302433,23.10455312270722,False,False,23.81101577952299,18.027756377319946,req_soft3
config_29_det1_b30_s20_h4_w500,4,59.8243642194367,522.325202955406,31.98332182560154,30.49771097967846,False,False,31.748021039363987,18.027756377319946,req_soft3
config_29_det1_b30_s20_h4_w500,5,40.4077641479295,425.720697172114,37.392571120477925,37.20814259002994,False,False,39.685026299204985,18.027756377319946,req_soft3
config_29_det1_b30_s20_h4_w500,6,30.0937750463872,358.05135977561,50.17165908159705,46.59812630353285,False,False,47.62203155904598,18.027756377319946,req_soft3
config_29_det1_b30_s20_h4_w500,7,23.5282591644182,308.420236242715,63.79053907124472,54.05227909163497,False,False,55.55903681888698,18.027756377319946,req_soft3
config_29_det1_b30_s20_h4_w500,8,19.0428108742971,270.599644012954,70.43118538687249,66.73165946535421,False,False,63.496042078727974,18.027756377319946,req_soft3
config_29_det1_b30_s20_h4_w500,9,15.852309192731,240.900973795346,81.49504202710739,73.05380808007206,False,False,71.43304733856897,18.027756377319946,req_soft3
config_29_det1_b30_s20_h4_w500,10,13.4989773933766,217.007292249313,86.07978784244301,78.68466734377162,False,False,79.37005259840997,18.027756377319946,req_soft3
config_29_det1_b30_s20_h4_w500,11,11.7063849801001,197.385914003329,93.1147568564964,86.6123417879923,True,False,87.30705785825097,18.027756377319946,req_soft3
config_29_det1_b30_s20_h4_w500,12,10.3024927250127,174.798447942669,98.25172312596976,97.16447181626283,True,False,95.24406311809196,18.027756377319946,req_soft3
config_29_det1_b30_s20_h4_w500,13,8.2343773807999,165.736766297224,113.21063989798445,110.90163503203087,True,True,103.18106837793296,18.027756377319946,req_soft3
config_29_det1_b30_s20_h4_w500,14,7.1387354334877,155.114313416779,119.70905290420697,116.10875900063124,True,True,111.11807363777396,18.027756377319946,req_soft3
config_29_det1_b30_s20_h4_w500,15,6.30992163133089,144.57194507965,134.54256136793458,125.897136252842,True,True,119.05507889761495,18.027756377319946,req_soft3
config_29_det1_b30_s20_h4_w500,16,5.64079151507659,135.933108110648,148.50693834333504,132.84171272190406,True,True,126.99208415745595,18.027756377319946,req_soft3
config_29_det1_b30_s20_h4_w500,17,5.12956312475836,128.020670362398,165.36298461431915,139.43809349193882,True,True,134.92908941729695,18.027756377319946,req_soft3
config_29_det1_b30_s20_h4_w500,18,4.70918677317163,120.936071767983,175.99974352885354,149.77833213712117,True,True,142.86609467713794,18.027756377319946,req_soft3
config_29_det1_b30_s20_h4_w500,19,4.34538602141658,114.666952954547,180.55085079340452,162.4548783508824,True,True,150.80309993697895,18.027756377319946,req_soft3
config_29_det1_b30_s20_h4_w500,20,4.03167079521766,108.995763264335,194.6980247288948,171.02548136981747,True,True,158.74010519681994,18.027756377319946,req_soft3
config_30_det1_b30_s20_h4_w1500,1,1482.77218730659,2195.12941567296,12.07817763571972,14.711640799040739,False,False,11.447142425533317,18.027756377319946,req_soft3
config_30_det1_b30_s20_h4_w1500,2,276.168535055985,1274.88781758312,18.80336073684702,23.739321283473966,False,False,22.894284851066633,18.027756377319946,req_soft3
config_30_det1_b30_s20_h4_w1500,3,110.489999377789,954.913490984421,34.40263616352677,33.27037533602529,False,False,34.34142727659995,18.027756377319946,req_soft3
config_30_det1_b30_s20_h4_w1500,4,62.265165672113,754.396736282332,49.57524962115672,45.90287981161966,False,False,45.788569702133266,18.027756377319946,req_soft3
config_30_det1_b30_s20_h4_w1500,5,41.3983921590561,615.089943611065,66.94826640772708,55.91192068781039,False,False,57.23571212766658,18.027756377319946,req_soft3
config_30_det1_b30_s20_h4_w1500,6,30.5947542861908,517.737731419071,78.14963451609994,71.07662678405609,False,False,68.6828545531999,18.027756377319946,req_soft3
config_30_det1_b30_s20_h4_w1500,7,24.0675826659041,446.310779861523,88.32006496261198,81.27933854922787,False,False,80.12999697873322,18.027756377319946,req_soft3
config_30_det1_b30_s20_h4_w1500,8,19.5984247045618,391.790936353185,100.58217970893254,91.5654865838288,False,False,91.57713940426653,18.027756377319946,req_soft3
config_30_det1_b30_s20_h4_w1500,9,14.813237392189,347.069530043393,120.31032778702841,101.00634681653537,True,False,103.02428182979985,18.027756377319946,req_soft3
config_30_det1_b30_s20_h4_w1500,10,12.2749345250106,314.281592480616,133.26111763084617,119.24091300108924,True,False,114.47142425533316,18.027756377319946,req_soft3
config_30_det1_b30_s20_h4_w1500,11,10.3785968167878,286.18006793008,160.01335408681086,130.51434669968066,True,False,125.91856668086648,18.027756377319946,req_soft3
config_30_det1_b30_s20_h4_w1500,12,9.08425019280687,262.551262568411,176.31440903492071,141.42883467588135,True,True,137.3657091063998,18.027756377319946,req_soft3
config_30_det1_b30_s20_h4_w1500,13,8.07100869684366,242.465429921281,184.49752708369834,151.10909874068545,True,True,148.81285153193312,18.027756377319946,req_soft3
config_30_det1_b30_s20_h4_w1500,14,7.24897508045351,225.256267238797,214.1375304435083,167.04598086222316,True,True,160.25999395746643,18.027756377319946,req_soft3
config_30_det1_b30_s20_h4_w1500,15,6.56841598047092,210.321763462317,227.57703823833663,181.1151222289293,True,True,171.70713638299975,18.027756377319946,req_soft3
config_30_det1_b30_s20_h4_w1500,16,5.99684734319579,197.206183278909,233.7704833568363,188.8008172946058,True,True,183.15427880853306,18.027756377319946,req_soft3
config_30_det1_b30_s20_h4_w1500,17,5.50925993039002,185.62250063012,243.80713860207894,202.331902109161,True,True,194.60142123406638,18.027756377319946,req_soft3
config_30_det1_b30_s20_h4_w1500,18,5.08897006822918,175.317193184827,255.1368995265091,216.10207528953637,True,True,206.0485636595997,18.027756377319946,req_soft3
config_30_det1_b30_s20_h4_w1500,19,4.72308712345199,166.110522527026,265.9493555589527,230.43137083883926,True,True,217.495706085133,18.027756377319946,req_soft3
config_30_det1_b30_s20_h4_w1500,20,4.4019262322732,157.810856039111,278.80344280912715,241.12224884669783,True,True,228.94284851066632,18.027756377319946,req_soft3
config_31_det1_b30_s20_h12_w50,1,1143.99309910078,724.976931135836,4.164387710096166,6.63287268082239,False,False,3.6840314986403864,18.027756377319946,req_soft3
config_31_det1_b30_s20_h12_w50,2,226.084029078955,415.578696008349,9.119614849323407,10.942548834709399,False,False,7.368062997280773,18.027756377319946,req_soft3
config_31_det1_b30_s20_h12_w50,3,95.9537592016972,309.044693901097,11.810180989299022,13.43011075903695,False,False,11.052094495921159,18.027756377319946,req_soft3
config_31_det1_b30_s20_h12_w50,4,55.3066653883184,243.601640148777,13.569133170545568,15.181991799497192,False,False,14.736125994561545,18.027756377319946,req_soft3
config_31_det1_b30_s20_h12_w50,5,36.993922117345,199.162959091226,15.259796034023523,16.663009182017515,False,False,18.42015749320193,18.027756377319946,req_soft3
config_31_det1_b30_s20_h12_w50,6,27.0813487792226,167.515272305283,17.821837026524513,20.89835818910184,False,False,22.104188991842317,18.027756377319946,req_soft3
config_31_det1_b30_s20_h12_w50,7,21.0130117246902,144.270449058323,21.21754875097498,23.63717146783853,False,False,25.788220490482704,18.027756377319946,req_soft3
config_31_det1_b30_s20_h12_w50,8,16.9791838231912,126.567457936793,23.563390566724475,26.645653960824458,False,False,29.47225198912309,18.027756377319946,req_soft3
config_31_det1_b30_s20_h12_w50,9,14.1386261548201,112.67074195811,29.658833001316825,31.536786060091792,False,False,33.156283487763474,18.027756377319946,req_soft3
config_31_det1_b30_s20_h12_w50,10,12.0436968582402,101.492859164877,32.98098505199625,37.825518833189854,False,False,36.84031498640386,18.027756377319946,req_soft3
config_31_det1_b30_s20_h12_w50,11,10.4441745847862,92.3147739934436,36.04443611710412,41.820687165564365,True,False,40.52434648504425,18.027756377319946,req_soft3
config_31_det1_b30_s20_h12_w50,12,9.18858802088564,84.6488737667435,38.67162881234769,47.700040618431345,True,False,44.208377983684635,18.027756377319946,req_soft3
config_31_det1_b30_s20_h12_w50,13,8.17952811343337,78.1526248923616,42.111451827264275,50.380838371349085,True,False,47.89240948232502,18.027756377319946,req_soft3
config_31_det1_b30_s20_h12_w50,14,7.35329010871709,72.5789333035372,46.97364021448625,56.168722390668634,True,False,51.57644098096541,18.027756377319946,req_soft3
config_31_det1_b30_s20_h12_w50,15,6.66553395622582,67.7448225492957,49.547662659302105,61.43877338456554,True,True,55.260472479605795,18.027756377319946,req_soft3
config_31_det1_b30_s20_h12_w50,16,6.08550710316677,63.5135734450523,52.47818475328581,63.21194408495912,True,True,58.94450397824618,18.027756377319946,req_soft3
config_31_det1_b30_s20_h12_w50,17,5.59016165342281,59.7788117000728,53.46357989323198,66.52872969627482,True,True,62.62853547688657,18.027756377319946,req_soft3
config_31_det1_b30_s20_h12_w50,18,5.1628769216908,56.4585920266622,54.87362185057589,70.19739934641453,True,True,66.31256697552695,18.027756377319946,req_soft3
config_31_det1_b30_s20_h12_w50,19,4.7910922066594,53.4876153308822,56.924457617091086,72.42863297757317,True,True,69.99659847416734,18.027756377319946,req_soft3
config_31_det1_b30_s20_h12_w50,20,4.46481413819361,50.8136682209736,61.2210329462024,74.09247853189959,True,True,73.68062997280772,18.027756377319946,req_soft3
config_32_det1_b30_s20_h12_w500,1,1371.96964499226,1562.09876717853,10.041806361407295,12.432110641399554,False,False,7.937005259840997,18.027756377319946,req_soft3
config_32_det1_b30_s20_h12_w500,2,259.641330065364,879.048720659531,14.362307439962425,18.69944852127998,False,False,15.874010519681994,18.027756377319946,req_soft3
config_32_det1_b30_s20_h12_w500,3,105.27554977829,661.976402363107,19.739943642270106,26.998701357657925,False,False,23.81101577952299,18.027756377319946,req_soft3
config_32_det1_b30_s20_h12_w500,4,59.8243642194367,522.325202955406,25.79490017425925,39.36093081978627,False,False,31.748021039363987,18.027756377319946,req_soft3
config_32_det1_b30_s20_h12_w500,5,40.4077641479295,425.720697172114,32.43257428882265,48.32556130041326,False,False,39.685026299204985,18.027756377319946,req_soft3
config_32_det1_b30_s20_h12_w500,6,30.0937750463872,358.05135977561,39.73938065697551,59.73178697310168,False,False,47.62203155904598,18.027756377319946,req_soft3
config_32_det1_b30_s20_h12_w500,7,23.5282591644182,308.420236242715,47.890122937825076,67.18206140778949,False,False,55.55903681888698,18.027756377319946,req_soft3
config_32_det1_b30_s20_h12_w500,8,19.0428108742971,270.599644012954,57.44281830655596,75.11232958413389,False,False,63.496042078727974,18.027756377319946,req_soft3
config_32_det1_b30_s20_h12_w500,9,15.852309192731,240.900973795346,66.6760142405048,87.27569806207352,False,False,71.43304733856897,18.027756377319946,req_soft3
config_32_det1_b30_s20_h12_w500,10,13.4989773933766,217.007292249313,77.4406288714135,95.02644303034815,True,False,79.37005259840997,18.027756377319946,req_soft3
config_32_det1_b30_s20_h12_w500,11,11.7063849801001,197.385914003329,82.64182960220569,104.15387448119462,True,False,87.30705785825097,18.027756377319946,req_soft3
config_32_det1_b30_s20_h12_w500,12,10.3024927250127,174.798447942669,89.43445007999495,115.82414064242202,True,False,95.24406311809196,18.027756377319946,req_soft3
config_32_det1_b30_s20_h12_w500,13,8.2343773807999,165.736766297224,99.99626965264477,127.40325196442637,True,True,103.18106837793296,18.027756377319946,req_soft3
config_32_det1_b30_s20_h12_w500,14,7.1387354334877,155.114313416779,108.91540696797674,133.3016980699546,True,True,111.11807363777396,18.027756377319946,req_soft3
config_32_det1_b30_s20_h12_w500,15,6.30992163133089,144.57194507965,118.72038946617384,141.81207091899242,True,True,119.05507889761495,18.027756377319946,req_soft3
config_32_det1_b30_s20_h12_w500,16,5.64079151507659,135.933108110648,128.83622899936873,156.2030762430042,True,True,126.99208415745595,18.027756377319946,req_soft3
config_32_det1_b30_s20_h12_w500,17,5.12956312475836,128.020670362398,135.8365919343287,163.5234395362872,True,True,134.92908941729695,18.027756377319946,req_soft3
config_32_det1_b30_s20_h12_w500,18,4.70918677317163,120.936071767983,144.9896888096223,173.91573230862252,True,True,142.86609467713794,18.027756377319946,req_soft3
config_32_det1_b30_s20_h12_w500,19,4.34538602141658,114.666952954547,154.62010335370726,181.55193242338862,True,True,150.80309993697895,18.027756377319946,req_soft3
config_32_det1_b30_s20_h12_w500,20,4.03167079521766,108.995763264335,161.00123649456168,192.86988633676216,True,True,158.74010519681994,18.027756377319946,req_soft3
config_33_det1_b30_s20_h12_w1500,1,1482.77218730659,2195.12941567296,12.07817763571972,15.553789731123409,False,False,11.447142425533317,18.027756377319946,req_soft3
config_33_det1_b30_s20_h12_w1500,2,276.168535055985,1274.88781758312,19.233275202107414,29.763364645147227,False,False,22.894284851066633,18.027756377319946,req_soft3
config_33_det1_b30_s20_h12_w1500,3,110.489999377789,954.913490984421,28.86202305799093,46.561844626260246,False,False,34.34142727659995,18.027756377319946,req_soft3
config_33_det1_b30_s20_h12_w1500,4,62.265165672113,754.396736282332,39.35166927844357,57.45154806443425,False,False,45.788569702133266,18.027756377319946,req_soft3
config_33_det1_b30_s20_h12_w1500,5,41.3983921590561,615.089943611065,56.56359584573809,70.54472734057134,False,False,57.23571212766658,18.027756377319946,req_soft3
config_33_det1_b30_s20_h12_w1500,6,30.5947542861908,517.737731419071,73.51635447300144,86.14995590699846,False,False,68.6828545531999,18.027756377319946,req_soft3
config_33_det1_b30_s20_h12_w1500,7,24.0675826659041,446.310779861523,84.12922368462566,95.98475537234486,False,False,80.12999697873322,18.027756377319946,req_soft3
config_33_det1_b30_s20_h12_w1500,8,19.5984247045618,391.790936353185,91.69693318511561,114.90567683732796,False,False,91.57713940426653,18.027756377319946,req_soft3
config_33_det1_b30_s20_h12_w1500,9,14.813237392189,347.069530043393,106.90459785091878,129.17779382179688,True,False,103.02428182979985,18.027756377319946,req_soft3
config_33_det1_b30_s20_h12_w1500,10,12.2749345250106,314.281592480616,124.08329846652744,140.21117203664224,True,False,114.47142425533316,18.027756377319946,req_soft3
config_33_det1_b30_s20_h12_w1500,11,10.3785968167878,286.18006793008,134.14072254332183,157.35659697359725,True,False,125.91856668086648,18.027756377319946,req_soft3
config_33_det1_b30_s20_h12_w1500,12,9.08425019280687,262.551262568411,146.26892493888707,175.72128736534268,True,True,137.3657091063998,18.027756377319946,req_soft3
config_33_det1_b30_s20_h12_w1500,13,8.07100869684366,242.465429921281,161.52372976679862,187.95232477649455,True,True,148.81285153193312,18.027756377319946,req_soft3
config_33_det1_b30_s20_h12_w1500,14,7.24897508045351,225.256267238797,170.63895852549814,199.9175628714107,True,True,160.25999395746643,18.027756377319946,req_soft3
config_33_det1_b30_s20_h12_w1500,15,6.56841598047092,210.321763462317,178.43163567907771,216.05605304076894,True,True,171.70713638299975,18.027756377319946,req_soft3
config_33_det1_b30_s20_h12_w1500,16,5.99684734319579,197.206183278909,192.65142312823266,231.653848566251,True,True,183.15427880853306,18.027756377319946,req_soft3
config_33_det1_b30_s20_h12_w1500,17,5.50925993039002,185.62250063012,204.27469590942704,244.91668935011805,True,True,194.60142123406638,18.027756377319946,req_soft3
config_33_det1_b30_s20_h12_w1500,18,5.08897006822918,175.317193184827,216.02938650408962,257.1808216022338,True,True,206.0485636595997,18.027756377319946,req_soft3
config_33_det1_b30_s20_h12_w1500,19,4.72308712345199,166.110522527026,223.66267072933243,273.2759441785293,True,True,217.495706085133,18.027756377319946,req_soft3
config_33_det1_b30_s20_h12_w1500,20,4.4019262322732,157.810856039111,229.94151732318565,287.152669420912,True,True,228.94284851066632,18.027756377319946,req_soft3
config_34_det1_b30_s20_h24_w50,1,1143.99309910078,724.976931135836,4.164387710096166,6.63287268082239,False,False,3.6840314986403864,18.027756377319946,req_soft3
config_34_det1_b30_s20_h24_w50,2,226.084029078955,415.578696008349,9.119614849323407,10.942548834709399,False,False,7.368062997280773,18.027756377319946,req_soft3
config_34_det1_b30_s20_h24_w50,3,95.9537592016972,309.044693901097,11.810180989299022,13.43011075903695,False,False,11.052094495921159,18.027756377319946,req_soft3
config_34_det1_b30_s20_h24_w50,4,55.3066653883184,243.601640148777,13.569133170545568,15.181991799497192,False,False,14.736125994561545,18.027756377319946,req_soft3
config_34_det1_b30_s20_h24_w50,5,36.993922117345,199.162959091226,15.259796034023523,16.663009182017515,False,False,18.42015749320193,18.027756377319946,req_soft3
config_34_det1_b30_s20_h24_w50,6,27.0813487792226,167.515272305283,17.821837026524513,20.89835818910184,False,False,22.104188991842317,18.027756377319946,req_soft3
config_34_det1_b30_s20_h24_w50,7,21.0130117246902,144.270449058323,21.21754875097498,25.225381563021006,False,False,25.788220490482704,18.027756377319946,req_soft3
config_34_det1_b30_s20_h24_w50,8,16.9791838231912,126.567457936793,23.56187333384169,29.535180294015476,False,False,29.47225198912309,18.027756377319946,req_soft3
config_34_det1_b30_s20_h24_w50,9,14.1386261548201,112.67074195811,26.395584384514013,34.96967793674972,False,False,33.156283487763474,18.027756377319946,req_soft3
config_34_det1_b30_s20_h24_w50,10,12.0436968582402,101.492859164877,30.413794156599405,39.32354097738402,False,False,36.84031498640386,18.027756377319946,req_soft3
config_34_det1_b30_s20_h24_w50,11,10.4441745847862,92.3147739934436,34.1058407754449,45.58459032392416,False,False,40.52434648504425,18.027756377319946,req_soft3
config_34_det1_b30_s20_h24_w50,12,9.18858802088564,84.6488737667435,35.767930817982744,47.47986283678587,True,False,44.208377983684635,18.027756377319946,req_soft3
config_34_det1_b30_s20_h24_w50,13,8.17952811343337,78.1526248923616,38.09482084220898,50.23641123616304,True,False,47.89240948232502,18.027756377319946,req_soft3
config_34_det1_b30_s20_h24_w50,14,7.35329010871709,72.5789333035372,40.55815423561581,52.16850728914694,True,False,51.57644098096541,18.027756377319946,req_soft3
config_34_det1_b30_s20_h24_w50,15,6.66553395622582,67.7448225492957,44.36882773975441,54.171799884975,True,False,55.260472479605795,18.027756377319946,req_soft3
config_34_det1_b30_s20_h24_w50,16,6.08550710316677,63.5135734450523,49.1417426939664,55.26457789076511,True,False,58.94450397824618,18.027756377319946,req_soft3
config_34_det1_b30_s20_h24_w50,17,5.59016165342281,59.7788117000728,50.42768956634836,57.53091741258202,True,False,62.62853547688657,18.027756377319946,req_soft3
config_34_det1_b30_s20_h24_w50,18,5.1628769216908,56.4585920266622,52.15864142210761,62.95437027014972,True,True,66.31256697552695,18.027756377319946,req_soft3
config_34_det1_b30_s20_h24_w50,19,4.7910922066594,53.4876153308822,53.14102346586862,69.8995393205293,True,True,69.99659847416734,18.027756377319946,req_soft3
config_34_det1_b30_s20_h24_w50,20,4.46481413819361,50.8136682209736,54.40909735512986,72.67371038109692,True,True,73.68062997280772,18.027756377319946,req_soft3
config_35_det1_b30_s20_h24_w500,1,1371.96964499226,1562.09876717853,10.041806361407295,12.432110641399554,False,False,7.937005259840997,18.027756377319946,req_soft3
config_35_det1_b30_s20_h24_w500,2,259.641330065364,879.048720659531,14.362307439962425,18.961839968737213,False,False,15.874010519681994,18.027756377319946,req_soft3
config_35_det1_b30_s20_h24_w500,3,105.27554977829,661.976402363107,19.739943642270106,29.41097371730491,False,False,23.81101577952299,18.027756377319946,req_soft3
config_35_det1_b30_s20_h24_w500,4,59.8243642194367,522.325202955406,25.79490017425925,40.94444864691672,False,False,31.748021039363987,18.027756377319946,req_soft3
config_35_det1_b30_s20_h24_w500,5,40.4077641479295,425.720697172114,33.60757913030928,47.99780073086683,False,False,39.685026299204985,18.027756377319946,req_soft3
config_35_det1_b30_s20_h24_w500,6,30.0937750463872,358.05135977561,40.32061972490006,49.787371641812946,False,False,47.62203155904598,18.027756377319946,req_soft3
config_35_det1_b30_s20_h24_w500,7,23.5282591644182,308.420236242715,47.62001023729415,64.01269307723274,False,False,55.55903681888698,18.027756377319946,req_soft3
config_35_det1_b30_s20_h24_w500,8,19.0428108742971,270.599644012954,53.47943413126208,73.06389716846785,False,False,63.496042078727974,18.027756377319946,req_soft3
config_35_det1_b30_s20_h24_w500,9,15.852309192731,240.900973795346,58.45414762871835,86.16980152260096,False,False,71.43304733856897,18.027756377319946,req_soft3
config_35_det1_b30_s20_h24_w500,10,13.4989773933766,217.007292249313,62.03621612502741,103.09752590252698,False,False,79.37005259840997,18.027756377319946,req_soft3
config_35_det1_b30_s20_h24_w500,11,11.7063849801001,197.385914003329,68.77718856326322,109.58960774179275,False,False,87.30705785825097,18.027756377319946,req_soft3
config_35_det1_b30_s20_h24_w500,12,10.3024927250127,174.798447942669,73.17329829475595,119.35407163840983,True,False,95.24406311809196,18.027756377319946,req_soft3
config_35_det1_b30_s20_h24_w500,13,8.2343773807999,165.736766297224,83.2765110440313,129.12536490214117,True,True,103.18106837793296,18.027756377319946,req_soft3
config_35_det1_b30_s20_h24_w500,14,7.1387354334877,155.114313416779,99.78379711489569,140.80253958213174,True,True,111.11807363777396,18.027756377319946,req_soft3
config_35_det1_b30_s20_h24_w500,15,6.30992163133089,144.57194507965,106.99448519017749,148.73827932348522,True,True,119.05507889761495,18.027756377319946,req_soft3
config_35_det1_b30_s20_h24_w500,16,5.64079151507659,135.933108110648,112.74561736986104,162.5975996218203,True,True,126.99208415745595,18.027756377319946,req_soft3
config_35_det1_b30_s20_h24_w500,17,5.12956312475836,128.020670362398,117.68073263424787,169.84219391344817,True,True,134.92908941729695,18.027756377319946,req_soft3
config_35_det1_b30_s20_h24_w500,18,4.70918677317163,120.936071767983,130.6687438185242,178.89903654793054,True,True,142.86609467713794,18.027756377319946,req_soft3
config_35_det1_b30_s20_h24_w500,19,4.34538602141658,114.666952954547,138.47257876361095,188.92459915708878,True,True,150.80309993697895,18.027756377319946,req_soft3
config_35_det1_b30_s20_h24_w500,20,4.03167079521766,108.995763264335,146.1677838231728,200.71982615354943,True,True,158.74010519681994,18.027756377319946,req_soft3
config_36_det1_b30_s20_h24_w1500,1,1482.77218730659,2195.12941567296,12.07817763571972,15.553789731123409,False,False,11.447142425533317,18.027756377319946,req_soft3
config_36_det1_b30_s20_h24_w1500,2,276.168535055985,1274.88781758312,19.233275202107414,33.60807008740609,False,False,22.894284851066633,18.027756377319946,req_soft3
config_36_det1_b30_s20_h24_w1500,3,110.489999377789,954.913490984421,28.864430966156252,46.730700561836215,False,False,34.34142727659995,18.027756377319946,req_soft3
config_36_det1_b30_s20_h24_w1500,4,62.265165672113,754.396736282332,39.84224359897419,51.5172871471315,False,False,45.788569702133266,18.027756377319946,req_soft3
config_36_det1_b30_s20_h24_w1500,5,41.3983921590561,615.089943611065,52.60118225857665,69.12284987614443,False,False,57.23571212766658,18.027756377319946,req_soft3
config_36_det1_b30_s20_h24_w1500,6,30.5947542861908,517.737731419071,62.384472226668706,87.16499058299344,False,False,68.6828545531999,18.027756377319946,req_soft3
config_36_det1_b30_s20_h24_w1500,7,24.0675826659041,446.310779861523,71.3231221273999,105.78823599531282,False,False,80.12999697873322,18.027756377319946,req_soft3
config_36_det1_b30_s20_h24_w1500,8,19.5984247045618,391.790936353185,80.81276954926258,118.79699625598471,False,False,91.57713940426653,18.027756377319946,req_soft3
config_36_det1_b30_s20_h24_w1500,9,14.813237392189,347.069530043393,95.26614641507116,133.85691676811726,False,False,103.02428182979985,18.027756377319946,req_soft3
config_36_det1_b30_s20_h24_w1500,10,12.2749345250106,314.281592480616,115.9051753829636,156.7317670593794,True,False,114.47142425533316,18.027756377319946,req_soft3
config_36_det1_b30_s20_h24_w1500,11,10.3785968167878,286.18006793008,125.48325181517694,167.52322807433137,True,False,125.91856668086648,18.027756377319946,req_soft3
config_36_det1_b30_s20_h24_w1500,12,9.08425019280687,262.551262568411,137.3451544770813,183.2548278885019,True,True,137.3657091063998,18.027756377319946,req_soft3
config_36_det1_b30_s20_h24_w1500,13,8.07100869684366,242.465429921281,146.5592086458196,203.2768876570958,True,True,148.81285153193312,18.027756377319946,req_soft3
config_36_det1_b30_s20_h24_w1500,14,7.24897508045351,225.256267238797,161.42533546675864,217.33681937388235,True,True,160.25999395746643,18.027756377319946,req_soft3
config_36_det1_b30_s20_h24_w1500,15,6.56841598047092,210.321763462317,172.63944110486457,229.4784122018162,True,True,171.70713638299975,18.027756377319946,req_soft3
config_36_det1_b30_s20_h24_w1500,16,5.99684734319579,197.206183278909,183.96750939741747,241.98918995598865,True,True,183.15427880853306,18.027756377319946,req_soft3
config_36_det1_b30_s20_h24_w1500,17,5.50925993039002,185.62250063012,193.49123939398967,257.1552978692491,True,True,194.60142123406638,18.027756377319946,req_soft3
config_36_det1_b30_s20_h24_w1500,18,5.08897006822918,175.317193184827,205.97272945168683,281.74107744917535,True,True,206.0485636595997,18.027756377319946,req_soft3
config_36_det1_b30_s20_h24_w1500,19,4.72308712345199,166.110522527026,214.3217823481526,323.46470913463736,True,True,217.495706085133,18.027756377319946,req_soft3
config_36_det1_b30_s20_h24_w1500,20,4.4019262322732,157.810856039111,218.29469123692,351.83369453636914,True,True,228.94284851066632,18.027756377319946,req_soft3
config_37_det2_b15_s5_h4_w50,1,1143.99309910078,724.976931135836,3.81036415582553,5.297440419674392,False,False,3.6840314986403864,2.5,req_soft3
config_37_det2_b15_s5_h4_w50,2,226.084029078955,415.578696008349,7.45111568827112,10.408848399318726,False,False,7.368062997280773,2.5,req_soft3
config_37_det2_b15_s5_h4_w50,3,95.9537592016972,309.044693901097,10.110446330405003,11.800969239854835,False,False,11.052094495921159,2.5,req_soft3
config_37_det2_b15_s5_h4_w50,4,55.3066653883184,243.601640148777,12.94508111214449,23.76255194628725,False,False,14.736125994561545,2.5,req_soft3
config_37_det2_b15_s5_h4_w50,5,36.993922117345,199.162959091226,21.96010302799147,27.718042409232293,False,False,18.42015749320193,2.5,req_soft3
config_37_det2_b15_s5_h4_w50,6,27.0813487792226,167.515272305283,26.77057853315838,30.83903168064782,False,False,22.104188991842317,2.5,req_soft3
config_37_det2_b15_s5_h4_w50,7,21.0130117246902,144.270449058323,29.83212823450583,33.61744896627346,False,False,25.788220490482704,2.5,req_soft3
config_37_det2_b15_s5_h4_w50,8,16.9791838231912,126.567457936793,31.481230519152202,36.639655770762914,False,False,29.47225198912309,2.5,req_soft3
config_37_det2_b15_s5_h4_w50,9,14.1386261548201,112.67074195811,36.66333147710393,43.67480824228082,False,False,33.156283487763474,2.5,req_soft3
config_37_det2_b15_s5_h4_w50,10,12.0436968582402,101.492859164877,39.53595041225138,47.754197459490406,True,False,36.84031498640386,2.5,req_soft3
config_37_det2_b15_s5_h4_w50,11,10.4441745847862,92.3147739934436,44.450797236945036,51.967252909885474,True,False,40.52434648504425,2.5,req_soft3
config_37_det2_b15_s5_h4_w50,12,9.18858802088564,84.6488737667435,48.06837187798231,55.74880604102656,True,False,44.208377983684635,2.5,req_soft3
config_37_det2_b15_s5_h4_w50,13,8.17952811343337,78.1526248923616,49.13170946547657,58.60513949305128,True,False,47.89240948232502,2.5,req_soft3
config_37_det2_b15_s5_h4_w50,14,7.35329010871709,72.5789333035372,52.37547971140694,64.3922345861673,True,True,51.57644098096541,2.5,req_soft3
config_37_det2_b15_s5_h4_w50,15,6.66553395622582,67.7448225492957,57.023349384265394,67.43559798059182,True,True,55.260472479605795,2.5,req_soft3
config_37_det2_b15_s5_h4_w50,16,6.08550710316677,63.5135734450523,59.22953549539284,71.57678656519863,True,True,58.94450397824618,2.5,req_soft3
config_37_det2_b15_s5_h4_w50,17,5.59016165342281,59.7788117000728,62.310644154911444,76.67808275511327,True,True,62.62853547688657,2.5,req_soft3
config_37_det2_b15_s5_h4_w50,18,5.1628769216908,56.4585920266622,67.07878483544556,80.48911960631696,True,True,66.31256697552695,2.5,req_soft3
config_37_det2_b15_s5_h4_w50,19,4.7910922066594,53.4876153308822,69.44068242032188,84.23697154456588,True,True,69.99659847416734,2.5,req_soft3
config_37_det2_b15_s5_h4_w50,20,4.46481413819361,50.8136682209736,70.82945979604814,86.57746170337866,True,True,73.68062997280772,2.5,req_soft3
config_38_det2_b15_s5_h4_w500,1,1371.96964499226,1562.09876717853,7.9010205037071,11.244782123278334,False,False,7.937005259840997,2.5,req_soft3
config_38_det2_b15_s5_h4_w500,2,259.641330065364,879.048720659531,15.985333121333444,24.608999878093382,False,False,15.874010519681994,2.5,req_soft3
config_38_det2_b15_s5_h4_w500,3,105.27554977829,661.976402363107,29.99788117517636,32.00782521509389,False,False,23.81101577952299,2.5,req_soft3
config_38_det2_b15_s5_h4_w500,4,59.8243642194367,522.325202955406,41.60114030889058,42.83433056556388,False,False,31.748021039363987,2.5,req_soft3
config_38_det2_b15_s5_h4_w500,5,40.4077641479295,425.720697172114,49.125374044377516,49.971945879663316,False,False,39.685026299204985,2.5,req_soft3
config_38_det2_b15_s5_h4_w500,6,30.0937750463872,358.05135977561,56.37846995972842,59.88404107105665,False,False,47.62203155904598,2.5,req_soft3
config_38_det2_b15_s5_h4_w500,7,23.5282591644182,308.420236242715,65.3914702006309,68.04737595969443,False,False,55.55903681888698,2.5,req_soft3
config_38_det2_b15_s5_h4_w500,8,19.0428108742971,270.599644012954,71.94186107545453,81.11177087821471,False,False,63.496042078727974,2.5,req_soft3
config_38_det2_b15_s5_h4_w500,9,15.852309192731,240.900973795346,81.3642143389832,89.16304377375191,True,False,71.43304733856897,2.5,req_soft3
config_38_det2_b15_s5_h4_w500,10,13.4989773933766,217.007292249313,85.45370895988073,97.42991975717156,True,False,79.37005259840997,2.5,req_soft3
config_38_det2_b15_s5_h4_w500,11,11.7063849801001,197.385914003329,92.09722783558688,107.41165833941035,True,False,87.30705785825097,2.5,req_soft3
config_38_det2_b15_s5_h4_w500,12,10.3024927250127,174.798447942669,97.54229018738488,117.12005948313609,True,False,95.24406311809196,2.5,req_soft3
config_38_det2_b15_s5_h4_w500,13,8.2343773807999,165.736766297224,105.01185177821067,127.86379493646962,True,True,103.18106837793296,2.5,req_soft3
config_38_det2_b15_s5_h4_w500,14,7.1387354334877,155.114313416779,112.99978631985698,138.37310171336688,True,True,111.11807363777396,2.5,req_soft3
config_38_det2_b15_s5_h4_w500,15,6.30992163133089,144.57194507965,123.51041617117876,148.46785566804238,True,True,119.05507889761495,2.5,req_soft3
config_38_det2_b15_s5_h4_w500,16,5.64079151507659,135.933108110648,134.54555620474594,160.4286229310579,True,True,126.99208415745595,2.5,req_soft3
config_38_det2_b15_s5_h4_w500,17,5.12956312475836,128.020670362398,145.72840615717686,171.02338615262858,True,True,134.92908941729695,2.5,req_soft3
config_38_det2_b15_s5_h4_w500,18,4.70918677317163,120.936071767983,153.85214511197287,181.9542486756248,True,True,142.86609467713794,2.5,req_soft3
config_38_det2_b15_s5_h4_w500,19,4.34538602141658,114.666952954547,163.17052685253344,192.52993634468612,True,True,150.80309993697895,2.5,req_soft3
config_38_det2_b15_s5_h4_w500,20,4.03167079521766,108.995763264335,173.30531424178673,203.84684814830962,True,True,158.74010519681994,2.5,req_soft3
config_39_det2_b15_s5_h4_w1500,1,1482.77218730659,2195.12941567296,11.853274863935283,15.817739250600889,False,False,11.447142425533317,2.5,req_soft3
config_39_det2_b15_s5_h4_w1500,2,276.168535055985,1274.88781758312,26.194443590196755,33.69966431583555,False,False,22.894284851066633,2.5,req_soft3
config_39_det2_b15_s5_h4_w1500,3,110.489999377789,954.913490984421,46.31801350446714,44.31627663737106,False,False,34.34142727659995,2.5,req_soft3
config_39_det2_b15_s5_h4_w1500,4,62.265165672113,754.396736282332,58.43729866275477,57.138247916785126,False,False,45.788569702133266,2.5,req_soft3
config_39_det2_b15_s5_h4_w1500,5,41.3983921590561,615.089943611065,71.72208080500732,68.5584157853724,False,False,57.23571212766658,2.5,req_soft3
config_39_det2_b15_s5_h4_w1500,6,30.5947542861908,517.737731419071,84.73474715251118,85.05179230915712,False,False,68.6828545531999,2.5,req_soft3
config_39_det2_b15_s5_h4_w1500,7,24.0675826659041,446.310779861523,95.04006983898948,93.80574809146825,False,False,80.12999697873322,2.5,req_soft3
config_39_det2_b15_s5_h4_w1500,8,19.5984247045618,391.790936353185,103.08056362487653,111.38709424295477,False,False,91.57713940426653,2.5,req_soft3
config_39_det2_b15_s5_h4_w1500,9,14.813237392189,347.069530043393,113.41103837369624,125.33264073390193,True,False,103.02428182979985,2.5,req_soft3
config_39_det2_b15_s5_h4_w1500,10,12.2749345250106,314.281592480616,130.70685840204916,137.70031368478755,True,False,114.47142425533316,2.5,req_soft3
config_39_det2_b15_s5_h4_w1500,11,10.3785968167878,286.18006793008,147.66824726392605,155.01951042082126,True,False,125.91856668086648,2.5,req_soft3
config_39_det2_b15_s5_h4_w1500,12,9.08425019280687,262.551262568411,162.61007810095904,168.56663288510634,True,True,137.3657091063998,2.5,req_soft3
config_39_det2_b15_s5_h4_w1500,13,8.07100869684366,242.465429921281,178.4507362769282,182.68487971854097,True,True,148.81285153193312,2.5,req_soft3
config_39_det2_b15_s5_h4_w1500,14,7.24897508045351,225.256267238797,193.97956292695716,200.16594157515075,True,True,160.25999395746643,2.5,req_soft3
config_39_det2_b15_s5_h4_w1500,15,6.56841598047092,210.321763462317,207.9336265627942,215.882822511555,True,True,171.70713638299975,2.5,req_soft3
config_39_det2_b15_s5_h4_w1500,16,5.99684734319579,197.206183278909,225.8255441461149,229.6713321974106,True,True,183.15427880853306,2.5,req_soft3
config_39_det2_b15_s5_h4_w1500,17,5.50925993039002,185.62250063012,238.92951947756012,245.92552790993005,True,True,194.60142123406638,2.5,req_soft3
config_39_det2_b15_s5_h4_w1500,18,5.08897006822918,175.317193184827,250.71302485777107,260.0530581545919,True,True,206.0485636595997,2.5,req_soft3
config_39_det2_b15_s5_h4_w1500,19,4.72308712345199,166.110522527026,263.5331652120216,275.1439496982544,True,True,217.495706085133,2.5,req_soft3
config_39_det2_b15_s5_h4_w1500,20,4.4019262322732,157.810856039111,273.5341665638459,289.84203312609213,True,True,228.94284851066632,2.5,req_soft3
config_40_det2_b15_s5_h12_w50,1,1143.99309910078,724.976931135836,3.81036415582553,5.297440419674392,False,False,3.6840314986403864,2.5,req_soft3
config_40_det2_b15_s5_h12_w50,2,226.084029078955,415.578696008349,7.45111568827112,10.516706946568398,False,False,7.368062997280773,2.5,req_soft3
config_40_det2_b15_s5_h12_w50,3,95.9537592016972,309.044693901097,10.105054428354158,11.88457508706138,False,False,11.052094495921159,2.5,req_soft3
config_40_det2_b15_s5_h12_w50,4,55.3066653883184,243.601640148777,12.957666649516803,18.757581800434725,False,False,14.736125994561545,2.5,req_soft3
config_40_det2_b15_s5_h12_w50,5,36.993922117345,199.162959091226,16.40110133497138,33.689432690385274,False,False,18.42015749320193,2.5,req_soft3
config_40_det2_b15_s5_h12_w50,6,27.0813487792226,167.515272305283,20.852358979261794,40.33515061332981,False,False,22.104188991842317,2.5,req_soft3
config_40_det2_b15_s5_h12_w50,7,21.0130117246902,144.270449058323,26.346107397488534,49.27945185368847,False,False,25.788220490482704,2.5,req_soft3
config_40_det2_b15_s5_h12_w50,8,16.9791838231912,126.567457936793,30.065127224078065,53.91653155572973,False,False,29.47225198912309,2.5,req_soft3
config_40_det2_b15_s5_h12_w50,9,14.1386261548201,112.67074195811,38.88778567879637,57.36563758034944,False,False,33.156283487763474,2.5,req_soft3
config_40_det2_b15_s5_h12_w50,10,12.0436968582402,101.492859164877,46.112019853829864,66.6731045849824,True,False,36.84031498640386,2.5,req_soft3
config_40_det2_b15_s5_h12_w50,11,10.4441745847862,92.3147739934436,52.15150405309516,70.82464172164939,True,False,40.52434648504425,2.5,req_soft3
config_40_det2_b15_s5_h12_w50,12,9.18858802088564,84.6488737667435,58.925710644845005,75.24172628934028,True,False,44.208377983684635,2.5,req_soft3
config_40_det2_b15_s5_h12_w50,13,8.17952811343337,78.1526248923616,59.92864402771015,89.00541782822987,True,True,47.89240948232502,2.5,req_soft3
config_40_det2_b15_s5_h12_w50,14,7.35329010871709,72.5789333035372,61.376871661889055,101.1389609920705,True,True,51.57644098096541,2.5,req_soft3
config_40_det2_b15_s5_h12_w50,15,6.66553395622582,67.7448225492957,63.269411053051535,105.6338459149234,True,True,55.260472479605795,2.5,req_soft3
config_40_det2_b15_s5_h12_w50,16,6.08550710316677,63.5135734450523,66.04976816764764,110.50219341714443,True,True,58.94450397824618,2.5,req_soft3
config_40_det2_b15_s5_h12_w50,17,5.59016165342281,59.7788117000728,68.30136803168733,117.50912210453185,True,True,62.62853547688657,2.5,req_soft3
config_40_det2_b15_s5_h12_w50,18,5.1628769216908,56.4585920266622,73.2637930699742,123.0331610673408,True,True,66.31256697552695,2.5,req_soft3
config_40_det2_b15_s5_h12_w50,19,4.7910922066594,53.4876153308822,78.52536134905715,128.54721711409303,True,True,69.99659847416734,2.5,req_soft3
config_40_det2_b15_s5_h12_w50,20,4.46481413819361,50.8136682209736,85.2339508353332,133.88309701626517,True,True,73.68062997280772,2.5,req_soft3
config_41_det2_b15_s5_h12_w500,1,1371.96964499226,1562.09876717853,7.905385822336567,11.814657210431458,False,False,7.937005259840997,2.5,req_soft3
config_41_det2_b15_s5_h12_w500,2,259.641330065364,879.048720659531,15.312809180552078,25.476516147228608,False,False,15.874010519681994,2.5,req_soft3
config_41_det2_b15_s5_h12_w500,3,105.27554977829,661.976402363107,28.19818034909345,38.710171466941354,False,False,23.81101577952299,2.5,req_soft3
config_41_det2_b15_s5_h12_w500,4,59.8243642194367,522.325202955406,50.066369700628385,54.66104988929503,False,False,31.748021039363987,2.5,req_soft3
config_41_det2_b15_s5_h12_w500,5,40.4077641479295,425.720697172114,61.8962710912378,66.82588102673994,False,False,39.685026299204985,2.5,req_soft3
config_41_det2_b15_s5_h12_w500,6,30.0937750463872,358.05135977561,70.59250934058089,80.31513166894517,False,False,47.62203155904598,2.5,req_soft3
config_41_det2_b15_s5_h12_w500,7,23.5282591644182,308.420236242715,77.08831866761656,91.51476588507452,False,False,55.55903681888698,2.5,req_soft3
config_41_det2_b15_s5_h12_w500,8,19.0428108742971,270.599644012954,84.30627719808294,101.54569927705785,False,False,63.496042078727974,2.5,req_soft3
config_41_det2_b15_s5_h12_w500,9,15.852309192731,240.900973795346,91.4267404811087,112.11028647422738,True,False,71.43304733856897,2.5,req_soft3
config_41_det2_b15_s5_h12_w500,10,13.4989773933766,217.007292249313,95.07700760436246,126.2805510889675,True,False,79.37005259840997,2.5,req_soft3
config_41_det2_b15_s5_h12_w500,11,11.7063849801001,197.385914003329,99.63595520415531,135.06559969963567,True,False,87.30705785825097,2.5,req_soft3
config_41_det2_b15_s5_h12_w500,12,10.3024927250127,174.798447942669,104.36041854234455,144.056565182647,True,False,95.24406311809196,2.5,req_soft3
config_41_det2_b15_s5_h12_w500,13,8.2343773807999,165.736766297224,107.51188093260514,153.24310298056196,True,True,103.18106837793296,2.5,req_soft3
config_41_det2_b15_s5_h12_w500,14,7.1387354334877,155.114313416779,119.20810689714017,159.1870100437428,True,True,111.11807363777396,2.5,req_soft3
config_41_det2_b15_s5_h12_w500,15,6.30992163133089,144.57194507965,136.52897850721004,171.49742061552348,True,True,119.05507889761495,2.5,req_soft3
config_41_det2_b15_s5_h12_w500,16,5.64079151507659,135.933108110648,160.7023185720867,178.4466267854652,True,True,126.99208415745595,2.5,req_soft3
config_41_det2_b15_s5_h12_w500,17,5.12956312475836,128.020670362398,185.62726616648874,186.79896725267693,True,True,134.92908941729695,2.5,req_soft3
config_41_det2_b15_s5_h12_w500,18,4.70918677317163,120.936071767983,200.2255360281944,196.10058006033537,True,True,142.86609467713794,2.5,req_soft3
config_41_det2_b15_s5_h12_w500,19,4.34538602141658,114.666952954547,211.96459020317522,203.64342134121483,True,True,150.80309993697895,2.5,req_soft3
config_41_det2_b15_s5_h12_w500,20,4.03167079521766,108.995763264335,222.8786883536024,214.52261924250942,True,True,158.74010519681994,2.5,req_soft3
config_42_det2_b15_s5_h12_w1500,1,1482.77218730659,2195.12941567296,12.196889972447895,17.938432902569836,False,False,11.447142425533317,2.5,req_soft3
config_42_det2_b15_s5_h12_w1500,2,276.168535055985,1274.88781758312,26.85901850403324,40.72034350297158,False,False,22.894284851066633,2.5,req_soft3
config_42_det2_b15_s5_h12_w1500,3,110.489999377789,954.913490984421,51.430743480918096,59.265570738836225,False,False,34.34142727659995,2.5,req_soft3
config_42_det2_b15_s5_h12_w1500,4,62.265165672113,754.396736282332,74.26889574377688,74.99564237340726,False,False,45.788569702133266,2.5,req_soft3
config_42_det2_b15_s5_h12_w1500,5,41.3983921590561,615.089943611065,83.79219757829483,90.9084615148667,False,False,57.23571212766658,2.5,req_soft3
config_42_det2_b15_s5_h12_w1500,6,30.5947542861908,517.737731419071,93.08024696464874,108.85630678916944,False,False,68.6828545531999,2.5,req_soft3
config_42_det2_b15_s5_h12_w1500,7,24.0675826659041,446.310779861523,100.7120635083559,125.76725097045997,False,False,80.12999697873322,2.5,req_soft3
config_42_det2_b15_s5_h12_w1500,8,19.5984247045618,391.790936353185,107.8230179893576,142.3693341473351,False,False,91.57713940426653,2.5,req_soft3
config_42_det2_b15_s5_h12_w1500,9,14.813237392189,347.069530043393,117.55503516084144,153.060096222221,False,False,103.02428182979985,2.5,req_soft3
config_42_det2_b15_s5_h12_w1500,10,12.2749345250106,314.281592480616,130.63014753281283,174.14849586232754,True,False,114.47142425533316,2.5,req_soft3
config_42_det2_b15_s5_h12_w1500,11,10.3785968167878,286.18006793008,147.48829991260703,187.73454589452155,True,False,125.91856668086648,2.5,req_soft3
config_42_det2_b15_s5_h12_w1500,12,9.08425019280687,262.551262568411,164.4923630446107,199.81618984011837,True,False,137.3657091063998,2.5,req_soft3
config_42_det2_b15_s5_h12_w1500,13,8.07100869684366,242.465429921281,176.5949186069004,215.42753035146953,True,True,148.81285153193312,2.5,req_soft3
config_42_det2_b15_s5_h12_w1500,14,7.24897508045351,225.256267238797,186.9511782673636,230.25309444174684,True,True,160.25999395746643,2.5,req_soft3
config_42_det2_b15_s5_h12_w1500,15,6.56841598047092,210.321763462317,198.43946390104296,243.5850952154321,True,True,171.70713638299975,2.5,req_soft3
config_42_det2_b15_s5_h12_w1500,16,5.99684734319579,197.206183278909,212.12794553706917,257.94117277222557,True,True,183.15427880853306,2.5,req_soft3
config_42_det2_b15_s5_h12_w1500,17,5.50925993039002,185.62250063012,221.40590865848384,270.6154790473006,True,True,194.60142123406638,2.5,req_soft3
config_42_det2_b15_s5_h12_w1500,18,5.08897006822918,175.317193184827,232.1310543397606,287.4163187395207,True,True,206.0485636595997,2.5,req_soft3
config_42_det2_b15_s5_h12_w1500,19,4.72308712345199,166.110522527026,243.24880095627742,301.65661815676737,True,True,217.495706085133,2.5,req_soft3
config_42_det2_b15_s5_h12_w1500,20,4.4019262322732,157.810856039111,251.29893940175006,317.58543032632264,True,True,228.94284851066632,2.5,req_soft3
config_43_det2_b15_s5_h24_w50,1,1143.99309910078,724.976931135836,3.81036415582553,5.297440419674392,False,False,3.6840314986403864,2.5,req_soft3
config_43_det2_b15_s5_h24_w50,2,226.084029078955,415.578696008349,7.45111568827112,10.516706946568398,False,False,7.368062997280773,2.5,req_soft3
config_43_det2_b15_s5_h24_w50,3,95.9537592016972,309.044693901097,10.105054428354158,11.88457508706138,False,False,11.052094495921159,2.5,req_soft3
config_43_det2_b15_s5_h24_w50,4,55.3066653883184,243.601640148777,12.957666649516803,18.75254316086221,False,False,14.736125994561545,2.5,req_soft3
config_43_det2_b15_s5_h24_w50,5,36.993922117345,199.162959091226,16.40110133497138,28.287168027216865,False,False,18.42015749320193,2.5,req_soft3
config_43_det2_b15_s5_h24_w50,6,27.0813487792226,167.515272305283,20.852358979261794,30.51060266530309,False,False,22.104188991842317,2.5,req_soft3
config_43_det2_b15_s5_h24_w50,7,21.0130117246902,144.270449058323,26.344807363121866,33.839398265926654,False,False,25.788220490482704,2.5,req_soft3
config_43_det2_b15_s5_h24_w50,8,16.9791838231912,126.567457936793,28.619693831346275,36.52664609569294,False,False,29.47225198912309,2.5,req_soft3
config_43_det2_b15_s5_h24_w50,9,14.1386261548201,112.67074195811,33.41206181904972,51.624256653243926,True,False,33.156283487763474,2.5,req_soft3
config_43_det2_b15_s5_h24_w50,10,12.0436968582402,101.492859164877,36.93651140809051,66.85125933742759,True,False,36.84031498640386,2.5,req_soft3
config_43_det2_b15_s5_h24_w50,11,10.4441745847862,92.3147739934436,40.27472998047287,79.51312077261211,True,False,40.52434648504425,2.5,req_soft3
config_43_det2_b15_s5_h24_w50,12,9.18858802088564,84.6488737667435,44.322193932611235,90.27899572682698,True,False,44.208377983684635,2.5,req_soft3
config_43_det2_b15_s5_h24_w50,13,8.17952811343337,78.1526248923616,47.60507719771075,99.7472375000375,True,True,47.89240948232502,2.5,req_soft3
config_43_det2_b15_s5_h24_w50,14,7.35329010871709,72.5789333035372,50.492765570921144,105.70954019807714,True,True,51.57644098096541,2.5,req_soft3
config_43_det2_b15_s5_h24_w50,15,6.66553395622582,67.7448225492957,57.04698830788528,113.92202072275383,True,True,55.260472479605795,2.5,req_soft3
config_43_det2_b15_s5_h24_w50,16,6.08550710316677,63.5135734450523,63.68872251034715,119.28118553326934,True,True,58.94450397824618,2.5,req_soft3
config_43_det2_b15_s5_h24_w50,17,5.59016165342281,59.7788117000728,70.06188960483438,126.02231272895905,True,True,62.62853547688657,2.5,req_soft3
config_43_det2_b15_s5_h24_w50,18,5.1628769216908,56.4585920266622,79.75889840638472,132.10139445390675,True,True,66.31256697552695,2.5,req_soft3
config_43_det2_b15_s5_h24_w50,19,4.7910922066594,53.4876153308822,86.86680249094012,139.1120909953952,True,True,69.99659847416734,2.5,req_soft3
config_43_det2_b15_s5_h24_w50,20,4.46481413819361,50.8136682209736,92.61022284283739,145.94830953305197,True,True,73.68062997280772,2.5,req_soft3
config_44_det2_b15_s5_h24_w500,1,1371.96964499226,1562.09876717853,7.905385822336567,11.814657210431458,False,False,7.937005259840997,2.5,req_soft3
config_44_det2_b15_s5_h24_w500,2,259.641330065364,879.048720659531,15.312809180552078,23.70959457687963,False,False,15.874010519681994,2.5,req_soft3
config_44_det2_b15_s5_h24_w500,3,105.27554977829,661.976402363107,26.5622829402896,32.9063956549483,False,False,23.81101577952299,2.5,req_soft3
config_44_det2_b15_s5_h24_w500,4,59.8243642194367,522.325202955406,35.20180925747994,43.968094966691474,False,False,31.748021039363987,2.5,req_soft3
config_44_det2_b15_s5_h24_w500,5,40.4077641479295,425.720697172114,45.712360199403406,64.91281364260834,False,False,39.685026299204985,2.5,req_soft3
config_44_det2_b15_s5_h24_w500,6,30.0937750463872,358.05135977561,62.262704526867445,82.74702033910344,False,False,47.62203155904598,2.5,req_soft3
config_44_det2_b15_s5_h24_w500,7,23.5282591644182,308.420236242715,78.23756370823416,97.84344588564825,False,False,55.55903681888698,2.5,req_soft3
config_44_det2_b15_s5_h24_w500,8,19.0428108742971,270.599644012954,93.26095340792712,110.42321074947161,False,False,63.496042078727974,2.5,req_soft3
config_44_det2_b15_s5_h24_w500,9,15.852309192731,240.900973795346,99.62585347466569,122.29559545080382,False,False,71.43304733856897,2.5,req_soft3
config_44_det2_b15_s5_h24_w500,10,13.4989773933766,217.007292249313,104.68225938789988,134.11254757354612,True,False,79.37005259840997,2.5,req_soft3
config_44_det2_b15_s5_h24_w500,11,11.7063849801001,197.385914003329,113.4416574842671,145.27396866686826,True,False,87.30705785825097,2.5,req_soft3
config_44_det2_b15_s5_h24_w500,12,10.3024927250127,174.798447942669,120.2467583300643,155.88244769697454,True,True,95.24406311809196,2.5,req_soft3
config_44_det2_b15_s5_h24_w500,13,8.2343773807999,165.736766297224,127.73702260677773,170.07671063376077,True,True,103.18106837793296,2.5,req_soft3
config_44_det2_b15_s5_h24_w500,14,7.1387354334877,155.114313416779,137.16008590937332,182.65957635266028,True,True,111.11807363777396,2.5,req_soft3
config_44_det2_b15_s5_h24_w500,15,6.30992163133089,144.57194507965,145.32170519230775,192.74404083596926,True,True,119.05507889761495,2.5,req_soft3
config_44_det2_b15_s5_h24_w500,16,5.64079151507659,135.933108110648,149.95773172982965,202.2649218503078,True,True,126.99208415745595,2.5,req_soft3
config_44_det2_b15_s5_h24_w500,17,5.12956312475836,128.020670362398,153.32988827651604,209.4801734187643,True,True,134.92908941729695,2.5,req_soft3
config_44_det2_b15_s5_h24_w500,18,4.70918677317163,120.936071767983,161.6535862405918,218.9724963703585,True,True,142.86609467713794,2.5,req_soft3
config_44_det2_b15_s5_h24_w500,19,4.34538602141658,114.666952954547,167.05067012403418,226.88139032934757,True,True,150.80309993697895,2.5,req_soft3
config_44_det2_b15_s5_h24_w500,20,4.03167079521766,108.995763264335,176.87633391723156,236.02318330103836,True,True,158.74010519681994,2.5,req_soft3
config_45_det2_b15_s5_h24_w1500,1,1482.77218730659,2195.12941567296,12.196889972447895,17.938432902569836,False,False,11.447142425533317,2.5,req_soft3
config_45_det2_b15_s5_h24_w1500,2,276.168535055985,1274.88781758312,26.85894404104525,36.0551227289549,False,False,22.894284851066633,2.5,req_soft3
config_45_det2_b15_s5_h24_w1500,3,110.489999377789,954.913490984421,40.891213909591876,52.971505311818355,False,False,34.34142727659995,2.5,req_soft3
config_45_det2_b15_s5_h24_w1500,4,62.265165672113,754.396736282332,58.40823893082209,78.44069336129047,False,False,45.788569702133266,2.5,req_soft3
config_45_det2_b15_s5_h24_w1500,5,41.3983921590561,615.089943611065,88.36741127248212,96.48446240774268,False,False,57.23571212766658,2.5,req_soft3
config_45_det2_b15_s5_h24_w1500,6,30.5947542861908,517.737731419071,100.63134886803417,114.84086719359871,False,False,68.6828545531999,2.5,req_soft3
config_45_det2_b15_s5_h24_w1500,7,24.0675826659041,446.310779861523,114.23042161448159,130.61984301356702,False,False,80.12999697873322,2.5,req_soft3
config_45_det2_b15_s5_h24_w1500,8,19.5984247045618,391.790936353185,123.94231353066367,149.90242659810414,False,False,91.57713940426653,2.5,req_soft3
config_45_det2_b15_s5_h24_w1500,9,14.813237392189,347.069530043393,137.81416251201793,169.7262133555097,True,False,103.02428182979985,2.5,req_soft3
config_45_det2_b15_s5_h24_w1500,10,12.2749345250106,314.281592480616,147.50140149993302,186.48523548944985,True,False,114.47142425533316,2.5,req_soft3
config_45_det2_b15_s5_h24_w1500,11,10.3785968167878,286.18006793008,157.69328448675998,202.37294711058152,True,False,125.91856668086648,2.5,req_soft3
config_45_det2_b15_s5_h24_w1500,12,9.08425019280687,262.551262568411,168.8764464532182,218.43808873708613,True,True,137.3657091063998,2.5,req_soft3
config_45_det2_b15_s5_h24_w1500,13,8.07100869684366,242.465429921281,179.10873094296662,234.2556503528191,True,True,148.81285153193312,2.5,req_soft3
config_45_det2_b15_s5_h24_w1500,14,7.24897508045351,225.256267238797,186.9704782103908,247.8667848977663,True,True,160.25999395746643,2.5,req_soft3
config_45_det2_b15_s5_h24_w1500,15,6.56841598047092,210.321763462317,196.8913229564867,261.7314012282227,True,True,171.70713638299975,2.5,req_soft3
config_45_det2_b15_s5_h24_w1500,16,5.99684734319579,197.206183278909,203.13732013919386,280.6945403815329,True,True,183.15427880853306,2.5,req_soft3
config_45_det2_b15_s5_h24_w1500,17,5.50925993039002,185.62250063012,208.76663939006687,305.6936374869455,True,True,194.60142123406638,2.5,req_soft3
config_45_det2_b15_s5_h24_w1500,18,5.08897006822918,175.317193184827,226.06597181157343,327.33160216785944,True,True,206.0485636595997,2.5,req_soft3
config_45_det2_b15_s5_h24_w1500,19,4.72308712345199,166.110522527026,235.43495209222155,352.4063547793781,True,True,217.495706085133,2.5,req_soft3
config_45_det2_b15_s5_h24_w1500,20,4.4019262322732,157.810856039111,245.90651453121143,375.93843319825066,True,True,228.94284851066632,2.5,req_soft3
config_46_det2_b15_s20_h4_w50,1,1143.99309910078,724.976931135836,4.164387710096166,2.092337209916222,False,False,3.6840314986403864,10.0,req_soft3
config_46_det2_b15_s20_h4_w50,2,226.084029078955,415.578696008349,8.39645014276867,7.110142403637216,False,False,7.368062997280773,10.0,req_soft3
config_46_det2_b15_s20_h4_w50,3,95.9537592016972,309.044693901097,11.758927459594263,13.995923513652109,False,False,11.052094495921159,10.0,req_soft3
config_46_det2_b15_s20_h4_w50,4,55.3066653883184,243.601640148777,16.44669799686247,18.24167961016748,False,False,14.736125994561545,10.0,req_soft3
config_46_det2_b15_s20_h4_w50,5,36.993922117345,199.162959091226,19.741931896346923,21.293822460986192,False,False,18.42015749320193,10.0,req_soft3
config_46_det2_b15_s20_h4_w50,6,27.0813487792226,167.515272305283,22.155876759902775,23.44968816423792,False,False,22.104188991842317,10.0,req_soft3
config_46_det2_b15_s20_h4_w50,7,21.0130117246902,144.270449058323,24.26392126182411,25.79600502015768,False,False,25.788220490482704,10.0,req_soft3
config_46_det2_b15_s20_h4_w50,8,16.9791838231912,126.567457936793,26.678547093123342,32.85627603670264,False,False,29.47225198912309,10.0,req_soft3
config_46_det2_b15_s20_h4_w50,9,14.1386261548201,112.67074195811,30.832675443431764,36.483569932231134,True,False,33.156283487763474,10.0,req_soft3
config_46_det2_b15_s20_h4_w50,10,12.0436968582402,101.492859164877,37.829074466605704,40.70424271497997,True,False,36.84031498640386,10.0,req_soft3
config_46_det2_b15_s20_h4_w50,11,10.4441745847862,92.3147739934436,47.56195827549576,46.3301508199574,True,False,40.52434648504425,10.0,req_soft3
config_46_det2_b15_s20_h4_w50,12,9.18858802088564,84.6488737667435,52.68813789649432,53.047180650813104,True,False,44.208377983684635,10.0,req_soft3
config_46_det2_b15_s20_h4_w50,13,8.17952811343337,78.1526248923616,54.57634446351277,56.11797283402172,True,False,47.89240948232502,10.0,req_soft3
config_46_det2_b15_s20_h4_w50,14,7.35329010871709,72.5789333035372,56.94734739213056,63.64010036918547,True,True,51.57644098096541,10.0,req_soft3
config_46_det2_b15_s20_h4_w50,15,6.66553395622582,67.7448225492957,63.31296371992074,66.06307118958367,True,True,55.260472479605795,10.0,req_soft3
config_46_det2_b15_s20_h4_w50,16,6.08550710316677,63.5135734450523,66.76197551750548,68.2546362894126,True,True,58.94450397824618,10.0,req_soft3
config_46_det2_b15_s20_h4_w50,17,5.59016165342281,59.7788117000728,71.4527772378373,69.45235327186545,True,True,62.62853547688657,10.0,req_soft3
config_46_det2_b15_s20_h4_w50,18,5.1628769216908,56.4585920266622,77.77962056348694,75.546498098853,True,True,66.31256697552695,10.0,req_soft3
config_46_det2_b15_s20_h4_w50,19,4.7910922066594,53.4876153308822,84.36639363514361,79.24837143437082,True,True,69.99659847416734,10.0,req_soft3
config_46_det2_b15_s20_h4_w50,20,4.46481413819361,50.8136682209736,86.70919717653946,86.60796000432704,True,True,73.68062997280772,10.0,req_soft3
config_47_det2_b15_s20_h4_w500,1,1371.96964499226,1562.09876717853,8.929354679930682,7.81768028253906,False,False,7.937005259840997,10.0,req_soft3
config_47_det2_b15_s20_h4_w500,2,259.641330065364,879.048720659531,17.23052161137323,20.31848604104154,False,False,15.874010519681994,10.0,req_soft3
config_47_det2_b15_s20_h4_w500,3,105.27554977829,661.976402363107,23.53654339532464,24.956780140875548,False,False,23.81101577952299,10.0,req_soft3
config_47_det2_b15_s20_h4_w500,4,59.8243642194367,522.325202955406,27.969177231373827,34.85123921756585,False,False,31.748021039363987,10.0,req_soft3
config_47_det2_b15_s20_h4_w500,5,40.4077641479295,425.720697172114,49.59208984303848,45.323480393720864,False,False,39.685026299204985,10.0,req_soft3
config_47_det2_b15_s20_h4_w500,6,30.0937750463872,358.05135977561,55.35680965337507,52.077205906231185,False,False,47.62203155904598,10.0,req_soft3
config_47_det2_b15_s20_h4_w500,7,23.5282591644182,308.420236242715,64.3241818836431,60.301628294764974,False,False,55.55903681888698,10.0,req_soft3
config_47_det2_b15_s20_h4_w500,8,19.0428108742971,270.599644012954,82.5816134196953,70.69918227957096,False,False,63.496042078727974,10.0,req_soft3
config_47_det2_b15_s20_h4_w500,9,15.852309192731,240.900973795346,88.63540982587038,77.53156373374654,True,False,71.43304733856897,10.0,req_soft3
config_47_det2_b15_s20_h4_w500,10,13.4989773933766,217.007292249313,94.28569814664364,86.4498199824615,True,False,79.37005259840997,10.0,req_soft3
config_47_det2_b15_s20_h4_w500,11,11.7063849801001,197.385914003329,100.1805049370607,95.32998136589676,True,False,87.30705785825097,10.0,req_soft3
config_47_det2_b15_s20_h4_w500,12,10.3024927250127,174.798447942669,106.63734499331001,105.10118940282688,True,True,95.24406311809196,10.0,req_soft3
config_47_det2_b15_s20_h4_w500,13,8.2343773807999,165.736766297224,114.58039590174228,113.39504735167621,True,True,103.18106837793296,10.0,req_soft3
config_47_det2_b15_s20_h4_w500,14,7.1387354334877,155.114313416779,131.60498761023035,121.07801703171941,True,True,111.11807363777396,10.0,req_soft3
config_47_det2_b15_s20_h4_w500,15,6.30992163133089,144.57194507965,143.91503569815072,131.10765778761953,True,True,119.05507889761495,10.0,req_soft3
config_47_det2_b15_s20_h4_w500,16,5.64079151507659,135.933108110648,152.43065363196035,139.3703651446589,True,True,126.99208415745595,10.0,req_soft3
config_47_det2_b15_s20_h4_w500,17,5.12956312475836,128.020670362398,171.84367492320197,149.7772188210803,True,True,134.92908941729695,10.0,req_soft3
config_47_det2_b15_s20_h4_w500,18,4.70918677317163,120.936071767983,183.36728094788944,157.09803644716746,True,True,142.86609467713794,10.0,req_soft3
config_47_det2_b15_s20_h4_w500,19,4.34538602141658,114.666952954547,189.74724050108813,166.62770794665443,True,True,150.80309993697895,10.0,req_soft3
config_47_det2_b15_s20_h4_w500,20,4.03167079521766,108.995763264335,207.09952988304389,178.09296495557217,True,True,158.74010519681994,10.0,req_soft3
config_48_det2_b15_s20_h4_w1500,1,1482.77218730659,2195.12941567296,12.526486937685283,15.137961388509352,False,False,11.447142425533317,10.0,req_soft3
config_48_det2_b15_s20_h4_w1500,2,276.168535055985,1274.88781758312,22.95209957716287,25.147880129346888,False,False,22.894284851066633,10.0,req_soft3
config_48_det2_b15_s20_h4_w1500,3,110.489999377789,954.913490984421,31.55932310744323,36.698193075409044,False,False,34.34142727659995,10.0,req_soft3
config_48_det2_b15_s20_h4_w1500,4,62.265165672113,754.396736282332,53.68188125429287,49.914921366260806,False,False,45.788569702133266,10.0,req_soft3
config_48_det2_b15_s20_h4_w1500,5,41.3983921590561,615.089943611065,67.64089277205025,57.2160761936713,False,False,57.23571212766658,10.0,req_soft3
config_48_det2_b15_s20_h4_w1500,6,30.5947542861908,517.737731419071,86.68019886340825,74.86747207566181,False,False,68.6828545531999,10.0,req_soft3
config_48_det2_b15_s20_h4_w1500,7,24.0675826659041,446.310779861523,95.18715183783996,85.17806862684785,False,False,80.12999697873322,10.0,req_soft3
config_48_det2_b15_s20_h4_w1500,8,19.5984247045618,391.790936353185,106.06752782229505,93.34239055755965,False,False,91.57713940426653,10.0,req_soft3
config_48_det2_b15_s20_h4_w1500,9,14.813237392189,347.069530043393,118.09065567746389,112.35496645058069,True,False,103.02428182979985,10.0,req_soft3
config_48_det2_b15_s20_h4_w1500,10,12.2749345250106,314.281592480616,141.37345882842052,121.10677468663758,True,False,114.47142425533316,10.0,req_soft3
config_48_det2_b15_s20_h4_w1500,11,10.3785968167878,286.18006793008,157.67932912507376,131.80957961308343,True,False,125.91856668086648,10.0,req_soft3
config_48_det2_b15_s20_h4_w1500,12,9.08425019280687,262.551262568411,178.11857395816105,146.72079966915243,True,True,137.3657091063998,10.0,req_soft3
config_48_det2_b15_s20_h4_w1500,13,8.07100869684366,242.465429921281,193.64593621119735,158.32759200116982,True,True,148.81285153193312,10.0,req_soft3
config_48_det2_b15_s20_h4_w1500,14,7.24897508045351,225.256267238797,210.32578895608592,167.716439762674,True,True,160.25999395746643,10.0,req_soft3
config_48_det2_b15_s20_h4_w1500,15,6.56841598047092,210.321763462317,226.5528850450204,182.68649147286908,True,True,171.70713638299975,10.0,req_soft3
config_48_det2_b15_s20_h4_w1500,16,5.99684734319579,197.206183278909,236.375498706801,195.8177830705543,True,True,183.15427880853306,10.0,req_soft3
config_48_det2_b15_s20_h4_w1500,17,5.50925993039002,185.62250063012,243.19534614973392,205.2493977525337,True,True,194.60142123406638,10.0,req_soft3
config_48_det2_b15_s20_h4_w1500,18,5.08897006822918,175.317193184827,253.89829273856012,222.32789536078363,True,True,206.0485636595997,10.0,req_soft3
config_48_det2_b15_s20_h4_w1500,19,4.72308712345199,166.110522527026,259.9837468210486,234.1651808968286,True,True,217.495706085133,10.0,req_soft3
config_48_det2_b15_s20_h4_w1500,20,4.4019262322732,157.810856039111,265.3460502605774,246.4003320028427,True,True,228.94284851066632,10.0,req_soft3
config_49_det2_b15_s20_h12_w50,1,1143.99309910078,724.976931135836,4.164387710096166,2.092337209916222,False,False,3.6840314986403864,10.0,req_soft3
config_49_det2_b15_s20_h12_w50,2,226.084029078955,415.578696008349,8.39645014276867,7.110142403637216,False,False,7.368062997280773,10.0,req_soft3
config_49_det2_b15_s20_h12_w50,3,95.9537592016972,309.044693901097,11.758927459594263,14.286212759160492,False,False,11.052094495921159,10.0,req_soft3
config_49_det2_b15_s20_h12_w50,4,55.3066653883184,243.601640148777,16.44669799686247,18.870714745340198,False,False,14.736125994561545,10.0,req_soft3
config_49_det2_b15_s20_h12_w50,5,36.993922117345,199.162959091226,19.741931896346923,21.809009032966166,False,False,18.42015749320193,10.0,req_soft3
config_49_det2_b15_s20_h12_w50,6,27.0813487792226,167.515272305283,22.16147276243165,25.16701958913689,False,False,22.104188991842317,10.0,req_soft3
config_49_det2_b15_s20_h12_w50,7,21.0130117246902,144.270449058323,24.291827329371497,26.803467592832085,False,False,25.788220490482704,10.0,req_soft3
config_49_det2_b15_s20_h12_w50,8,16.9791838231912,126.567457936793,27.944406864344067,28.468278398947835,True,False,29.47225198912309,10.0,req_soft3
config_49_det2_b15_s20_h12_w50,9,14.1386261548201,112.67074195811,30.933717445531826,34.77230039844934,True,False,33.156283487763474,10.0,req_soft3
config_49_det2_b15_s20_h12_w50,10,12.0436968582402,101.492859164877,33.99980698474625,38.70873125019728,True,False,36.84031498640386,10.0,req_soft3
config_49_det2_b15_s20_h12_w50,11,10.4441745847862,92.3147739934436,37.42194376298484,52.5451555807003,True,False,40.52434648504425,10.0,req_soft3
config_49_det2_b15_s20_h12_w50,12,9.18858802088564,84.6488737667435,40.59228836860519,56.875208790825546,True,False,44.208377983684635,10.0,req_soft3
config_49_det2_b15_s20_h12_w50,13,8.17952811343337,78.1526248923616,44.38975529331064,59.139930461575624,True,False,47.89240948232502,10.0,req_soft3
config_49_det2_b15_s20_h12_w50,14,7.35329010871709,72.5789333035372,52.26264799070173,63.16230976618889,True,True,51.57644098096541,10.0,req_soft3
config_49_det2_b15_s20_h12_w50,15,6.66553395622582,67.7448225492957,55.76363846629809,64.94021385089519,True,True,55.260472479605795,10.0,req_soft3
config_49_det2_b15_s20_h12_w50,16,6.08550710316677,63.5135734450523,59.130426812259685,67.79688322482089,True,True,58.94450397824618,10.0,req_soft3
config_49_det2_b15_s20_h12_w50,17,5.59016165342281,59.7788117000728,62.051006236804895,74.48629655849457,True,True,62.62853547688657,10.0,req_soft3
config_49_det2_b15_s20_h12_w50,18,5.1628769216908,56.4585920266622,63.353503257515285,78.57214757787902,True,True,66.31256697552695,10.0,req_soft3
config_49_det2_b15_s20_h12_w50,19,4.7910922066594,53.4876153308822,64.71279915905353,86.1643741635718,True,True,69.99659847416734,10.0,req_soft3
config_49_det2_b15_s20_h12_w50,20,4.46481413819361,50.8136682209736,70.93489532663033,93.8448958980248,True,True,73.68062997280772,10.0,req_soft3
config_50_det2_b15_s20_h12_w500,1,1371.96964499226,1562.09876717853,8.929354679930682,8.22740086540093,False,False,7.937005259840997,10.0,req_soft3
config_50_det2_b15_s20_h12_w500,2,259.641330065364,879.048720659531,17.23052161137323,23.470872906647507,False,False,15.874010519681994,10.0,req_soft3
config_50_det2_b15_s20_h12_w500,3,105.27554977829,661.976402363107,23.612197589381637,26.343364914148683,False,False,23.81101577952299,10.0,req_soft3
config_50_det2_b15_s20_h12_w500,4,59.8243642194367,522.325202955406,30.82698290459188,33.142523666733645,False,False,31.748021039363987,10.0,req_soft3
config_50_det2_b15_s20_h12_w500,5,40.4077641479295,425.720697172114,40.1447241240988,49.48773459151267,False,False,39.685026299204985,10.0,req_soft3
config_50_det2_b15_s20_h12_w500,6,30.0937750463872,358.05135977561,53.74981279037165,56.92082549471678,False,False,47.62203155904598,10.0,req_soft3
config_50_det2_b15_s20_h12_w500,7,23.5282591644182,308.420236242715,63.09853306535739,69.43868068303141,False,False,55.55903681888698,10.0,req_soft3
config_50_det2_b15_s20_h12_w500,8,19.0428108742971,270.599644012954,69.63104103056338,81.6617069072157,False,False,63.496042078727974,10.0,req_soft3
config_50_det2_b15_s20_h12_w500,9,15.852309192731,240.900973795346,79.93227680355415,88.58119368692205,False,False,71.43304733856897,10.0,req_soft3
config_50_det2_b15_s20_h12_w500,10,13.4989773933766,217.007292249313,92.13995808008598,92.4286258417813,True,False,79.37005259840997,10.0,req_soft3
config_50_det2_b15_s20_h12_w500,11,11.7063849801001,197.385914003329,97.46266913541821,107.99137060432189,True,False,87.30705785825097,10.0,req_soft3
config_50_det2_b15_s20_h12_w500,12,10.3024927250127,174.798447942669,101.9878099333445,121.69044077083458,True,True,95.24406311809196,10.0,req_soft3
config_50_det2_b15_s20_h12_w500,13,8.2343773807999,165.736766297224,107.01200549211497,127.71094913036148,True,True,103.18106837793296,10.0,req_soft3
config_50_det2_b15_s20_h12_w500,14,7.1387354334877,155.114313416779,117.88049557119749,133.12293973366624,True,True,111.11807363777396,10.0,req_soft3
config_50_det2_b15_s20_h12_w500,15,6.30992163133089,144.57194507965,132.6398491006547,142.56708489144486,True,True,119.05507889761495,10.0,req_soft3
config_50_det2_b15_s20_h12_w500,16,5.64079151507659,135.933108110648,145.3013719633935,153.5494704032258,True,True,126.99208415745595,10.0,req_soft3
config_50_det2_b15_s20_h12_w500,17,5.12956312475836,128.020670362398,155.6018200050658,163.53561751020615,True,True,134.92908941729695,10.0,req_soft3
config_50_det2_b15_s20_h12_w500,18,4.70918677317163,120.936071767983,163.10386516981546,171.4907958333495,True,True,142.86609467713794,10.0,req_soft3
config_50_det2_b15_s20_h12_w500,19,4.34538602141658,114.666952954547,175.1649183230224,181.14896801006378,True,True,150.80309993697895,10.0,req_soft3
config_50_det2_b15_s20_h12_w500,20,4.03167079521766,108.995763264335,185.2870558230001,190.84121890549048,True,True,158.74010519681994,10.0,req_soft3
config_51_det2_b15_s20_h12_w1500,1,1482.77218730659,2195.12941567296,12.526486937685283,15.792177652242897,False,False,11.447142425533317,10.0,req_soft3
config_51_det2_b15_s20_h12_w1500,2,276.168535055985,1274.88781758312,23.00775684416019,28.20921613586595,False,False,22.894284851066633,10.0,req_soft3
config_51_det2_b15_s20_h12_w1500,3,110.489999377789,954.913490984421,33.44457915716686,42.36972238521277,False,False,34.34142727659995,10.0,req_soft3
config_51_det2_b15_s20_h12_w1500,4,62.265165672113,754.396736282332,51.75596946246878,55.43605663284501,False,False,45.788569702133266,10.0,req_soft3
config_51_det2_b15_s20_h12_w1500,5,41.3983921590561,615.089943611065,70.33668939465377,72.74181998685488,False,False,57.23571212766658,10.0,req_soft3
config_51_det2_b15_s20_h12_w1500,6,30.5947542861908,517.737731419071,83.43699344415522,87.29383354510215,False,False,68.6828545531999,10.0,req_soft3
config_51_det2_b15_s20_h12_w1500,7,24.0675826659041,446.310779861523,96.67310833422084,94.4971791907039,False,False,80.12999697873322,10.0,req_soft3
config_51_det2_b15_s20_h12_w1500,8,19.5984247045618,391.790936353185,104.08046426523406,112.90547933510086,False,False,91.57713940426653,10.0,req_soft3
config_51_det2_b15_s20_h12_w1500,9,14.813237392189,347.069530043393,114.34672085129701,127.04211265910564,True,False,103.02428182979985,10.0,req_soft3
config_51_det2_b15_s20_h12_w1500,10,12.2749345250106,314.281592480616,135.36477990559024,135.21534316703034,True,False,114.47142425533316,10.0,req_soft3
config_51_det2_b15_s20_h12_w1500,11,10.3785968167878,286.18006793008,151.25431711010583,149.94409467457456,True,False,125.91856668086648,10.0,req_soft3
config_51_det2_b15_s20_h12_w1500,12,9.08425019280687,262.551262568411,163.05968147344768,164.48449352784326,True,True,137.3657091063998,10.0,req_soft3
config_51_det2_b15_s20_h12_w1500,13,8.07100869684366,242.465429921281,179.76288008250077,178.80415652016845,True,True,148.81285153193312,10.0,req_soft3
config_51_det2_b15_s20_h12_w1500,14,7.24897508045351,225.256267238797,196.4972822825915,195.74200352618357,True,True,160.25999395746643,10.0,req_soft3
config_51_det2_b15_s20_h12_w1500,15,6.56841598047092,210.321763462317,208.53457946665185,205.970086150608,True,True,171.70713638299975,10.0,req_soft3
config_51_det2_b15_s20_h12_w1500,16,5.99684734319579,197.206183278909,218.24248427940066,218.17036857057886,True,True,183.15427880853306,10.0,req_soft3
config_51_det2_b15_s20_h12_w1500,17,5.50925993039002,185.62250063012,229.989924296213,233.83888981281297,True,True,194.60142123406638,10.0,req_soft3
config_51_det2_b15_s20_h12_w1500,18,5.08897006822918,175.317193184827,241.49328550592134,244.14561627120082,True,True,206.0485636595997,10.0,req_soft3
config_51_det2_b15_s20_h12_w1500,19,4.72308712345199,166.110522527026,245.59837076459246,257.0635378656413,True,True,217.495706085133,10.0,req_soft3
config_51_det2_b15_s20_h12_w1500,20,4.4019262322732,157.810856039111,257.0015861386419,272.6445157057894,True,True,228.94284851066632,10.0,req_soft3
config_52_det2_b15_s20_h24_w50,1,1143.99309910078,724.976931135836,4.164387710096166,2.092337209916222,False,False,3.6840314986403864,10.0,req_soft3
config_52_det2_b15_s20_h24_w50,2,226.084029078955,415.578696008349,8.39645014276867,7.110142403637216,False,False,7.368062997280773,10.0,req_soft3
config_52_det2_b15_s20_h24_w50,3,95.9537592016972,309.044693901097,11.758927459594263,14.286212759160492,False,False,11.052094495921159,10.0,req_soft3
config_52_det2_b15_s20_h24_w50,4,55.3066653883184,243.601640148777,16.44669799686247,18.870714745340198,False,False,14.736125994561545,10.0,req_soft3
config_52_det2_b15_s20_h24_w50,5,36.993922117345,199.162959091226,19.741931896346923,21.809009032966166,False,False,18.42015749320193,10.0,req_soft3
config_52_det2_b15_s20_h24_w50,6,27.0813487792226,167.515272305283,22.16147276243165,25.16701958913689,False,False,22.104188991842317,10.0,req_soft3
config_52_det2_b15_s20_h24_w50,7,21.0130117246902,144.270449058323,24.291827329371497,26.803467592832085,False,False,25.788220490482704,10.0,req_soft3
config_52_det2_b15_s20_h24_w50,8,16.9791838231912,126.567457936793,27.944406864344067,28.468278398947835,True,False,29.47225198912309,10.0,req_soft3
config_52_det2_b15_s20_h24_w50,9,14.1386261548201,112.67074195811,30.933717445531826,34.77230039844934,True,False,33.156283487763474,10.0,req_soft3
config_52_det2_b15_s20_h24_w50,10,12.0436968582402,101.492859164877,33.99980698474625,38.847997052615206,True,False,36.84031498640386,10.0,req_soft3
config_52_det2_b15_s20_h24_w50,11,10.4441745847862,92.3147739934436,37.42194376298484,42.30090867818326,True,False,40.52434648504425,10.0,req_soft3
config_52_det2_b15_s20_h24_w50,12,9.18858802088564,84.6488737667435,40.59228836860519,46.1564283171911,True,False,44.208377983684635,10.0,req_soft3
config_52_det2_b15_s20_h24_w50,13,8.17952811343337,78.1526248923616,43.295575697754614,47.76674444631955,True,False,47.89240948232502,10.0,req_soft3
config_52_det2_b15_s20_h24_w50,14,7.35329010871709,72.5789333035372,45.184287921798656,50.40211181091522,True,False,51.57644098096541,10.0,req_soft3
config_52_det2_b15_s20_h24_w50,15,6.66553395622582,67.7448225492957,48.132778592140305,57.257465670425894,True,True,55.260472479605795,10.0,req_soft3
config_52_det2_b15_s20_h24_w50,16,6.08550710316677,63.5135734450523,53.94092486229727,58.51062617166219,True,True,58.94450397824618,10.0,req_soft3
config_52_det2_b15_s20_h24_w50,17,5.59016165342281,59.7788117000728,56.89377272601985,63.85090739370898,True,True,62.62853547688657,10.0,req_soft3
config_52_det2_b15_s20_h24_w50,18,5.1628769216908,56.4585920266622,59.49170005135169,67.15872523358377,True,True,66.31256697552695,10.0,req_soft3
config_52_det2_b15_s20_h24_w50,19,4.7910922066594,53.4876153308822,61.08465744358398,69.66380965034858,True,True,69.99659847416734,10.0,req_soft3
config_52_det2_b15_s20_h24_w50,20,4.46481413819361,50.8136682209736,62.49614688122781,70.87942137884592,True,True,73.68062997280772,10.0,req_soft3
config_53_det2_b15_s20_h24_w500,1,1371.96964499226,1562.09876717853,8.929354679930682,8.22740086540093,False,False,7.937005259840997,10.0,req_soft3
config_53_det2_b15_s20_h24_w500,2,259.641330065364,879.048720659531,17.23052161137323,23.470872906647507,False,False,15.874010519681994,10.0,req_soft3
config_53_det2_b15_s20_h24_w500,3,105.27554977829,661.976402363107,23.612197589381637,26.34287142663077,False,False,23.81101577952299,10.0,req_soft3
config_53_det2_b15_s20_h24_w500,4,59.8243642194367,522.325202955406,30.82698290459188,33.40938303830227,False,False,31.748021039363987,10.0,req_soft3
config_53_det2_b15_s20_h24_w500,5,40.4077641479295,425.720697172114,37.78971917069509,47.8154303023616,False,False,39.685026299204985,10.0,req_soft3
config_53_det2_b15_s20_h24_w500,6,30.0937750463872,358.05135977561,46.876618638720096,54.014131252849005,False,False,47.62203155904598,10.0,req_soft3
config_53_det2_b15_s20_h24_w500,7,23.5282591644182,308.420236242715,54.412630656861275,57.274849410539694,False,False,55.55903681888698,10.0,req_soft3
config_53_det2_b15_s20_h24_w500,8,19.0428108742971,270.599644012954,61.43745905390294,68.21728061862332,False,False,63.496042078727974,10.0,req_soft3
config_53_det2_b15_s20_h24_w500,9,15.852309192731,240.900973795346,66.99286062708474,80.863288178258,False,False,71.43304733856897,10.0,req_soft3
config_53_det2_b15_s20_h24_w500,10,13.4989773933766,217.007292249313,71.25632866630163,91.00671884536877,True,False,79.37005259840997,10.0,req_soft3
config_53_det2_b15_s20_h24_w500,11,11.7063849801001,197.385914003329,75.07819507020665,96.41412694724772,True,False,87.30705785825097,10.0,req_soft3
config_53_det2_b15_s20_h24_w500,12,10.3024927250127,174.798447942669,80.28604097226368,103.14841256116785,True,False,95.24406311809196,10.0,req_soft3
config_53_det2_b15_s20_h24_w500,13,8.2343773807999,165.736766297224,84.06515470818519,117.66021830772804,True,True,103.18106837793296,10.0,req_soft3
config_53_det2_b15_s20_h24_w500,14,7.1387354334877,155.114313416779,91.76639733887103,129.36240126524828,True,True,111.11807363777396,10.0,req_soft3
config_53_det2_b15_s20_h24_w500,15,6.30992163133089,144.57194507965,97.68281784826735,133.71759503603937,True,True,119.05507889761495,10.0,req_soft3
config_53_det2_b15_s20_h24_w500,16,5.64079151507659,135.933108110648,105.29723069324601,146.87210678001458,True,True,126.99208415745595,10.0,req_soft3
config_53_det2_b15_s20_h24_w500,17,5.12956312475836,128.020670362398,113.57889090114121,158.5314155687201,True,True,134.92908941729695,10.0,req_soft3
config_53_det2_b15_s20_h24_w500,18,4.70918677317163,120.936071767983,121.86993824246497,167.7233295572735,True,True,142.86609467713794,10.0,req_soft3
config_53_det2_b15_s20_h24_w500,19,4.34538602141658,114.666952954547,130.58201600058783,176.93722599963084,True,True,150.80309993697895,10.0,req_soft3
config_53_det2_b15_s20_h24_w500,20,4.03167079521766,108.995763264335,136.7497290775297,188.07889523636973,True,True,158.74010519681994,10.0,req_soft3
config_54_det2_b15_s20_h24_w1500,1,1482.77218730659,2195.12941567296,12.526486937685283,15.792177652242897,False,False,11.447142425533317,10.0,req_soft3
config_54_det2_b15_s20_h24_w1500,2,276.168535055985,1274.88781758312,23.00775684416019,28.745171333634453,False,False,22.894284851066633,10.0,req_soft3
config_54_det2_b15_s20_h24_w1500,3,110.489999377789,954.913490984421,33.44457915716686,39.43962949876685,False,False,34.34142727659995,10.0,req_soft3
config_54_det2_b15_s20_h24_w1500,4,62.265165672113,754.396736282332,46.14194810581798,52.83500141951355,False,False,45.788569702133266,10.0,req_soft3
config_54_det2_b15_s20_h24_w1500,5,41.3983921590561,615.089943611065,57.697984150228336,61.74035450983416,False,False,57.23571212766658,10.0,req_soft3
config_54_det2_b15_s20_h24_w1500,6,30.5947542861908,517.737731419071,66.28438258745419,83.05824086145817,False,False,68.6828545531999,10.0,req_soft3
config_54_det2_b15_s20_h24_w1500,7,24.0675826659041,446.310779861523,75.29385350080044,94.69345740334968,False,False,80.12999697873322,10.0,req_soft3
config_54_det2_b15_s20_h24_w1500,8,19.5984247045618,391.790936353185,85.16889910642264,109.06770157923827,False,False,91.57713940426653,10.0,req_soft3
config_54_det2_b15_s20_h24_w1500,9,14.813237392189,347.069530043393,91.68327402591548,122.78297034017199,False,False,103.02428182979985,10.0,req_soft3
config_54_det2_b15_s20_h24_w1500,10,12.2749345250106,314.281592480616,101.59348807598076,138.93710297589098,True,False,114.47142425533316,10.0,req_soft3
config_54_det2_b15_s20_h24_w1500,11,10.3785968167878,286.18006793008,117.16560946654383,150.8541560212674,True,False,125.91856668086648,10.0,req_soft3
config_54_det2_b15_s20_h24_w1500,12,9.08425019280687,262.551262568411,131.30561842722327,167.29301888204023,True,True,137.3657091063998,10.0,req_soft3
config_54_det2_b15_s20_h24_w1500,13,8.07100869684366,242.465429921281,151.6604716683509,179.8269345478838,True,True,148.81285153193312,10.0,req_soft3
config_54_det2_b15_s20_h24_w1500,14,7.24897508045351,225.256267238797,165.42166239307622,196.24577490144003,True,True,160.25999395746643,10.0,req_soft3
config_54_det2_b15_s20_h24_w1500,15,6.56841598047092,210.321763462317,182.2354818177112,210.49659208114937,True,True,171.70713638299975,10.0,req_soft3
config_54_det2_b15_s20_h24_w1500,16,5.99684734319579,197.206183278909,197.1239422574313,220.472696092333,True,True,183.15427880853306,10.0,req_soft3
config_54_det2_b15_s20_h24_w1500,17,5.50925993039002,185.62250063012,205.52594794277869,237.7823088223531,True,True,194.60142123406638,10.0,req_soft3
config_54_det2_b15_s20_h24_w1500,18,5.08897006822918,175.317193184827,221.10342916582928,252.7803476670342,True,True,206.0485636595997,10.0,req_soft3
config_54_det2_b15_s20_h24_w1500,19,4.72308712345199,166.110522527026,230.2423330850442,260.308068022829,True,True,217.495706085133,10.0,req_soft3
config_54_det2_b15_s20_h24_w1500,20,4.4019262322732,157.810856039111,239.7802900573773,277.92064964662126,True,True,228.94284851066632,10.0,req_soft3
config_55_det2_b30_s5_h4_w50,1,1143.99309910078,724.976931135836,3.81036415582553,5.297440419674392,False,False,3.6840314986403864,2.5,req_soft3
config_55_det2_b30_s5_h4_w50,2,226.084029078955,415.578696008349,7.45111568827112,11.172471749796461,False,False,7.368062997280773,2.5,req_soft3
config_55_det2_b30_s5_h4_w50,3,95.9537592016972,309.044693901097,10.15259203356463,12.644687619708126,False,False,11.052094495921159,2.5,req_soft3
config_55_det2_b30_s5_h4_w50,4,55.3066653883184,243.601640148777,12.579869832394929,13.825813719271643,False,False,14.736125994561545,2.5,req_soft3
config_55_det2_b30_s5_h4_w50,5,36.993922117345,199.162959091226,14.421724064757306,14.629529213204366,False,False,18.42015749320193,2.5,req_soft3
config_55_det2_b30_s5_h4_w50,6,27.0813487792226,167.515272305283,15.333464220455857,14.861632649207825,False,False,22.104188991842317,2.5,req_soft3
config_55_det2_b30_s5_h4_w50,7,21.0130117246902,144.270449058323,22.550479484924484,34.71833989406751,False,False,25.788220490482704,2.5,req_soft3
config_55_det2_b30_s5_h4_w50,8,16.9791838231912,126.567457936793,28.77994310279296,41.19916109582815,False,False,29.47225198912309,2.5,req_soft3
config_55_det2_b30_s5_h4_w50,9,14.1386261548201,112.67074195811,31.270675160603744,42.04198942723809,False,False,33.156283487763474,2.5,req_soft3
config_55_det2_b30_s5_h4_w50,10,12.0436968582402,101.492859164877,34.79280277586156,43.207480544461276,True,False,36.84031498640386,2.5,req_soft3
config_55_det2_b30_s5_h4_w50,11,10.4441745847862,92.3147739934436,43.76275099899457,47.76917808587458,True,False,40.52434648504425,2.5,req_soft3
config_55_det2_b30_s5_h4_w50,12,9.18858802088564,84.6488737667435,45.901158754436686,50.91838935983737,True,False,44.208377983684635,2.5,req_soft3
config_55_det2_b30_s5_h4_w50,13,8.17952811343337,78.1526248923616,48.86746745023728,52.95967687779071,True,False,47.89240948232502,2.5,req_soft3
config_55_det2_b30_s5_h4_w50,14,7.35329010871709,72.5789333035372,50.716085958993325,53.234203055930124,True,False,51.57644098096541,2.5,req_soft3
config_55_det2_b30_s5_h4_w50,15,6.66553395622582,67.7448225492957,52.63788915790602,62.492642566945435,True,False,55.260472479605795,2.5,req_soft3
config_55_det2_b30_s5_h4_w50,16,6.08550710316677,63.5135734450523,54.03252145698921,67.66904295909615,True,False,58.94450397824618,2.5,req_soft3
config_55_det2_b30_s5_h4_w50,17,5.59016165342281,59.7788117000728,57.13066055105612,69.07686570046444,True,False,62.62853547688657,2.5,req_soft3
config_55_det2_b30_s5_h4_w50,18,5.1628769216908,56.4585920266622,58.19581922268987,74.34085602816259,True,True,66.31256697552695,2.5,req_soft3
config_55_det2_b30_s5_h4_w50,19,4.7910922066594,53.4876153308822,65.08961802776231,79.97627695135603,True,True,69.99659847416734,2.5,req_soft3
config_55_det2_b30_s5_h4_w50,20,4.46481413819361,50.8136682209736,69.70143380878187,81.89393979410198,True,True,73.68062997280772,2.5,req_soft3
config_56_det2_b30_s5_h4_w500,1,1371.96964499226,1562.09876717853,7.9010205037071,11.639464119967036,False,False,7.937005259840997,2.5,req_soft3
config_56_det2_b30_s5_h4_w500,2,259.641330065364,879.048720659531,13.307521369511303,14.623478553340172,False,False,15.874010519681994,2.5,req_soft3
config_56_det2_b30_s5_h4_w500,3,105.27554977829,661.976402363107,21.783161501490092,28.868769890662126,False,False,23.81101577952299,2.5,req_soft3
config_56_det2_b30_s5_h4_w500,4,59.8243642194367,522.325202955406,42.147080266609215,40.39869273875084,False,False,31.748021039363987,2.5,req_soft3
config_56_det2_b30_s5_h4_w500,5,40.4077641479295,425.720697172114,46.485119931005876,47.78893569645593,False,False,39.685026299204985,2.5,req_soft3
config_56_det2_b30_s5_h4_w500,6,30.0937750463872,358.05135977561,53.28036575512596,50.97358507109344,False,False,47.62203155904598,2.5,req_soft3
config_56_det2_b30_s5_h4_w500,7,23.5282591644182,308.420236242715,55.3070463413117,61.75254954250877,False,False,55.55903681888698,2.5,req_soft3
config_56_det2_b30_s5_h4_w500,8,19.0428108742971,270.599644012954,64.35718588471687,71.4437987161937,False,False,63.496042078727974,2.5,req_soft3
config_56_det2_b30_s5_h4_w500,9,15.852309192731,240.900973795346,72.38806790486952,79.09660153887778,False,False,71.43304733856897,2.5,req_soft3
config_56_det2_b30_s5_h4_w500,10,13.4989773933766,217.007292249313,83.79267196479654,88.02035773047052,True,False,79.37005259840997,2.5,req_soft3
config_56_det2_b30_s5_h4_w500,11,11.7063849801001,197.385914003329,89.97791604054852,97.5395769390274,True,False,87.30705785825097,2.5,req_soft3
config_56_det2_b30_s5_h4_w500,12,10.3024927250127,174.798447942669,92.27650499991859,108.73025312416247,True,False,95.24406311809196,2.5,req_soft3
config_56_det2_b30_s5_h4_w500,13,8.2343773807999,165.736766297224,94.13856387439387,118.10463816275615,True,True,103.18106837793296,2.5,req_soft3
config_56_det2_b30_s5_h4_w500,14,7.1387354334877,155.114313416779,103.60163260189375,126.0143584191015,True,True,111.11807363777396,2.5,req_soft3
config_56_det2_b30_s5_h4_w500,15,6.30992163133089,144.57194507965,114.90766740203968,134.0483898945949,True,True,119.05507889761495,2.5,req_soft3
config_56_det2_b30_s5_h4_w500,16,5.64079151507659,135.933108110648,123.46924223375545,146.44662945174866,True,True,126.99208415745595,2.5,req_soft3
config_56_det2_b30_s5_h4_w500,17,5.12956312475836,128.020670362398,132.78272551218566,155.83026289310214,True,True,134.92908941729695,2.5,req_soft3
config_56_det2_b30_s5_h4_w500,18,4.70918677317163,120.936071767983,139.82582806636418,163.69266171701162,True,True,142.86609467713794,2.5,req_soft3
config_56_det2_b30_s5_h4_w500,19,4.34538602141658,114.666952954547,150.621805636944,176.10085099800688,True,True,150.80309993697895,2.5,req_soft3
config_56_det2_b30_s5_h4_w500,20,4.03167079521766,108.995763264335,162.70791041344953,187.33365584195252,True,True,158.74010519681994,2.5,req_soft3
config_57_det2_b30_s5_h4_w1500,1,1482.77218730659,2195.12941567296,10.77567283282116,13.825632896905661,False,False,11.447142425533317,2.5,req_soft3
config_57_det2_b30_s5_h4_w1500,2,276.168535055985,1274.88781758312,17.95581034094535,30.707000423356234,False,False,22.894284851066633,2.5,req_soft3
config_57_det2_b30_s5_h4_w1500,3,110.489999377789,954.913490984421,44.471478219191226,44.15940868037071,False,False,34.34142727659995,2.5,req_soft3
config_57_det2_b30_s5_h4_w1500,4,62.265165672113,754.396736282332,53.3709319292815,50.93612053346819,False,False,45.788569702133266,2.5,req_soft3
config_57_det2_b30_s5_h4_w1500,5,41.3983921590561,615.089943611065,62.774444441986105,65.86816662850121,False,False,57.23571212766658,2.5,req_soft3
config_57_det2_b30_s5_h4_w1500,6,30.5947542861908,517.737731419071,76.17037071591551,75.00239579506776,False,False,68.6828545531999,2.5,req_soft3
config_57_det2_b30_s5_h4_w1500,7,24.0675826659041,446.310779861523,89.24262644611038,87.37819164413966,False,False,80.12999697873322,2.5,req_soft3
config_57_det2_b30_s5_h4_w1500,8,19.5984247045618,391.790936353185,92.94946588514284,98.86080976976334,False,False,91.57713940426653,2.5,req_soft3
config_57_det2_b30_s5_h4_w1500,9,14.813237392189,347.069530043393,105.02185830684118,116.82672710757016,True,False,103.02428182979985,2.5,req_soft3
config_57_det2_b30_s5_h4_w1500,10,12.2749345250106,314.281592480616,116.35188295281974,126.20056237768691,True,False,114.47142425533316,2.5,req_soft3
config_57_det2_b30_s5_h4_w1500,11,10.3785968167878,286.18006793008,131.79729374645328,140.8578627553322,True,False,125.91856668086648,2.5,req_soft3
config_57_det2_b30_s5_h4_w1500,12,9.08425019280687,262.551262568411,145.79170663046037,158.51285874934214,True,True,137.3657091063998,2.5,req_soft3
config_57_det2_b30_s5_h4_w1500,13,8.07100869684366,242.465429921281,164.9149732943212,167.3570990759314,True,True,148.81285153193312,2.5,req_soft3
config_57_det2_b30_s5_h4_w1500,14,7.24897508045351,225.256267238797,179.37689170508497,186.5810182973844,True,True,160.25999395746643,2.5,req_soft3
config_57_det2_b30_s5_h4_w1500,15,6.56841598047092,210.321763462317,190.41599306955987,200.1288716746731,True,True,171.70713638299975,2.5,req_soft3
config_57_det2_b30_s5_h4_w1500,16,5.99684734319579,197.206183278909,206.31221957131976,211.5427163325018,True,True,183.15427880853306,2.5,req_soft3
config_57_det2_b30_s5_h4_w1500,17,5.50925993039002,185.62250063012,217.9072528240704,229.81151395098647,True,True,194.60142123406638,2.5,req_soft3
config_57_det2_b30_s5_h4_w1500,18,5.08897006822918,175.317193184827,235.8982802207577,242.87975705869127,True,True,206.0485636595997,2.5,req_soft3
config_57_det2_b30_s5_h4_w1500,19,4.72308712345199,166.110522527026,248.07182819587646,253.08184611570488,True,True,217.495706085133,2.5,req_soft3
config_57_det2_b30_s5_h4_w1500,20,4.4019262322732,157.810856039111,257.88467222125996,271.47940631943993,True,True,228.94284851066632,2.5,req_soft3
config_58_det2_b30_s5_h12_w50,1,1143.99309910078,724.976931135836,3.81036415582553,5.297440419674392,False,False,3.6840314986403864,2.5,req_soft3
config_58_det2_b30_s5_h12_w50,2,226.084029078955,415.578696008349,7.45111568827112,14.193770640671916,False,False,7.368062997280773,2.5,req_soft3
config_58_det2_b30_s5_h12_w50,3,95.9537592016972,309.044693901097,10.147222526386223,14.746732688972157,False,False,11.052094495921159,2.5,req_soft3
config_58_det2_b30_s5_h12_w50,4,55.3066653883184,243.601640148777,12.789297283275575,18.697001764988954,False,False,14.736125994561545,2.5,req_soft3
config_58_det2_b30_s5_h12_w50,5,36.993922117345,199.162959091226,15.205036172268713,26.00644871950032,False,False,18.42015749320193,2.5,req_soft3
config_58_det2_b30_s5_h12_w50,6,27.0813487792226,167.515272305283,19.968860132716642,49.97158567626206,False,False,22.104188991842317,2.5,req_soft3
config_58_det2_b30_s5_h12_w50,7,21.0130117246902,144.270449058323,25.52969594413533,53.68360434061782,False,False,25.788220490482704,2.5,req_soft3
config_58_det2_b30_s5_h12_w50,8,16.9791838231912,126.567457936793,31.882038438594225,55.74939797881229,False,False,29.47225198912309,2.5,req_soft3
config_58_det2_b30_s5_h12_w50,9,14.1386261548201,112.67074195811,46.648090796944736,57.97535144352296,False,False,33.156283487763474,2.5,req_soft3
config_58_det2_b30_s5_h12_w50,10,12.0436968582402,101.492859164877,49.9686939493119,59.87818780657945,False,False,36.84031498640386,2.5,req_soft3
config_58_det2_b30_s5_h12_w50,11,10.4441745847862,92.3147739934436,51.882071807128135,70.83471871194239,False,False,40.52434648504425,2.5,req_soft3
config_58_det2_b30_s5_h12_w50,12,9.18858802088564,84.6488737667435,53.895541327646015,76.11404847332719,False,False,44.208377983684635,2.5,req_soft3
config_58_det2_b30_s5_h12_w50,13,8.17952811343337,78.1526248923616,55.6708395392058,84.00740898211829,True,False,47.89240948232502,2.5,req_soft3
config_58_det2_b30_s5_h12_w50,14,7.35329010871709,72.5789333035372,61.82091373475484,90.7777036838403,True,False,51.57644098096541,2.5,req_soft3
config_58_det2_b30_s5_h12_w50,15,6.66553395622582,67.7448225492957,67.06671957834227,95.20349382302685,True,True,55.260472479605795,2.5,req_soft3
config_58_det2_b30_s5_h12_w50,16,6.08550710316677,63.5135734450523,72.63680454838305,96.60848169861232,True,True,58.94450397824618,2.5,req_soft3
config_58_det2_b30_s5_h12_w50,17,5.59016165342281,59.7788117000728,83.22291376177597,103.21321183463976,True,True,62.62853547688657,2.5,req_soft3
config_58_det2_b30_s5_h12_w50,18,5.1628769216908,56.4585920266622,87.8679769597548,104.28108256321256,True,True,66.31256697552695,2.5,req_soft3
config_58_det2_b30_s5_h12_w50,19,4.7910922066594,53.4876153308822,91.77864077647794,118.58587119561176,True,True,69.99659847416734,2.5,req_soft3
config_58_det2_b30_s5_h12_w50,20,4.46481413819361,50.8136682209736,94.12721216228836,126.42515413169257,True,True,73.68062997280772,2.5,req_soft3
config_59_det2_b30_s5_h12_w500,1,1371.96964499226,1562.09876717853,7.905385822336567,14.600209758767166,False,False,7.937005259840997,2.5,req_soft3
config_59_det2_b30_s5_h12_w500,2,259.641330065364,879.048720659531,13.72895207217215,20.520846108287056,False,False,15.874010519681994,2.5,req_soft3
config_59_det2_b30_s5_h12_w500,3,105.27554977829,661.976402363107,21.636407395868662,44.618285209093365,False,False,23.81101577952299,2.5,req_soft3
config_59_det2_b30_s5_h12_w500,4,59.8243642194367,522.325202955406,46.813751985928235,54.766398229206196,False,False,31.748021039363987,2.5,req_soft3
config_59_det2_b30_s5_h12_w500,5,40.4077641479295,425.720697172114,57.568892424641966,70.00789151945658,False,False,39.685026299204985,2.5,req_soft3
config_59_det2_b30_s5_h12_w500,6,30.0937750463872,358.05135977561,61.377132345850114,76.87231865242521,False,False,47.62203155904598,2.5,req_soft3
config_59_det2_b30_s5_h12_w500,7,23.5282591644182,308.420236242715,72.46855783717514,84.38470462708274,False,False,55.55903681888698,2.5,req_soft3
config_59_det2_b30_s5_h12_w500,8,19.0428108742971,270.599644012954,87.13906916532905,96.7258224886773,False,False,63.496042078727974,2.5,req_soft3
config_59_det2_b30_s5_h12_w500,9,15.852309192731,240.900973795346,88.46165482851879,109.66139520005308,False,False,71.43304733856897,2.5,req_soft3
config_59_det2_b30_s5_h12_w500,10,13.4989773933766,217.007292249313,93.87544607084433,119.02009155787289,False,False,79.37005259840997,2.5,req_soft3
config_59_det2_b30_s5_h12_w500,11,11.7063849801001,197.385914003329,94.5998846751705,123.55802730341364,False,False,87.30705785825097,2.5,req_soft3
config_59_det2_b30_s5_h12_w500,12,10.3024927250127,174.798447942669,96.52611743576048,134.28108237325665,False,False,95.24406311809196,2.5,req_soft3
config_59_det2_b30_s5_h12_w500,13,8.2343773807999,165.736766297224,104.33542702904576,140.35307927192446,True,False,103.18106837793296,2.5,req_soft3
config_59_det2_b30_s5_h12_w500,14,7.1387354334877,155.114313416779,116.6877150060508,150.95248442988793,True,True,111.11807363777396,2.5,req_soft3
config_59_det2_b30_s5_h12_w500,15,6.30992163133089,144.57194507965,129.1948039245817,157.33975534209753,True,True,119.05507889761495,2.5,req_soft3
config_59_det2_b30_s5_h12_w500,16,5.64079151507659,135.933108110648,140.59652941425452,166.73771402348592,True,True,126.99208415745595,2.5,req_soft3
config_59_det2_b30_s5_h12_w500,17,5.12956312475836,128.020670362398,157.58193195216822,175.11522793736574,True,True,134.92908941729695,2.5,req_soft3
config_59_det2_b30_s5_h12_w500,18,4.70918677317163,120.936071767983,171.8575273947063,184.44032082070464,True,True,142.86609467713794,2.5,req_soft3
config_59_det2_b30_s5_h12_w500,19,4.34538602141658,114.666952954547,180.66146594605553,193.16986983251581,True,True,150.80309993697895,2.5,req_soft3
config_59_det2_b30_s5_h12_w500,20,4.03167079521766,108.995763264335,189.53806052845664,202.2784212965442,True,True,158.74010519681994,2.5,req_soft3
config_60_det2_b30_s5_h12_w1500,1,1482.77218730659,2195.12941567296,10.77567283282116,18.55899040896352,False,False,11.447142425533317,2.5,req_soft3
config_60_det2_b30_s5_h12_w1500,2,276.168535055985,1274.88781758312,20.57224161339741,41.96506136061283,False,False,22.894284851066633,2.5,req_soft3
config_60_det2_b30_s5_h12_w1500,3,110.489999377789,954.913490984421,42.28033082888543,55.85371406630001,False,False,34.34142727659995,2.5,req_soft3
config_60_det2_b30_s5_h12_w1500,4,62.265165672113,754.396736282332,62.17668674833036,74.90866688841818,False,False,45.788569702133266,2.5,req_soft3
config_60_det2_b30_s5_h12_w1500,5,41.3983921590561,615.089943611065,85.02160828283596,87.48818690098808,False,False,57.23571212766658,2.5,req_soft3
config_60_det2_b30_s5_h12_w1500,6,30.5947542861908,517.737731419071,88.94591263796218,109.23628975757096,False,False,68.6828545531999,2.5,req_soft3
config_60_det2_b30_s5_h12_w1500,7,24.0675826659041,446.310779861523,95.89701688385422,120.76927761921353,False,False,80.12999697873322,2.5,req_soft3
config_60_det2_b30_s5_h12_w1500,8,19.5984247045618,391.790936353185,100.30845573363527,136.5256718838378,False,False,91.57713940426653,2.5,req_soft3
config_60_det2_b30_s5_h12_w1500,9,14.813237392189,347.069530043393,106.40741698250592,149.18449241720057,False,False,103.02428182979985,2.5,req_soft3
config_60_det2_b30_s5_h12_w1500,10,12.2749345250106,314.281592480616,122.59941238303986,159.09301524579888,True,False,114.47142425533316,2.5,req_soft3
config_60_det2_b30_s5_h12_w1500,11,10.3785968167878,286.18006793008,134.06059471580585,173.59803106282308,True,False,125.91856668086648,2.5,req_soft3
config_60_det2_b30_s5_h12_w1500,12,9.08425019280687,262.551262568411,152.92957257073164,186.49783659752075,True,False,137.3657091063998,2.5,req_soft3
config_60_det2_b30_s5_h12_w1500,13,8.07100869684366,242.465429921281,169.63278558239986,198.59388697652415,True,True,148.81285153193312,2.5,req_soft3
config_60_det2_b30_s5_h12_w1500,14,7.24897508045351,225.256267238797,180.23940483577823,217.19018483552355,True,True,160.25999395746643,2.5,req_soft3
config_60_det2_b30_s5_h12_w1500,15,6.56841598047092,210.321763462317,188.64269208685977,230.71760937947016,True,True,171.70713638299975,2.5,req_soft3
config_60_det2_b30_s5_h12_w1500,16,5.99684734319579,197.206183278909,201.4315399280306,241.59082430607518,True,True,183.15427880853306,2.5,req_soft3
config_60_det2_b30_s5_h12_w1500,17,5.50925993039002,185.62250063012,213.8452419391182,255.97800198454556,True,True,194.60142123406638,2.5,req_soft3
config_60_det2_b30_s5_h12_w1500,18,5.08897006822918,175.317193184827,226.32697278740577,267.40956155513794,True,True,206.0485636595997,2.5,req_soft3
config_60_det2_b30_s5_h12_w1500,19,4.72308712345199,166.110522527026,236.22044494732268,282.03799241709737,True,True,217.495706085133,2.5,req_soft3
config_60_det2_b30_s5_h12_w1500,20,4.4019262322732,157.810856039111,242.3880239753331,297.6863515327649,True,True,228.94284851066632,2.5,req_soft3
config_61_det2_b30_s5_h24_w50,1,1143.99309910078,724.976931135836,3.81036415582553,5.297440419674392,False,False,3.6840314986403864,2.5,req_soft3
config_61_det2_b30_s5_h24_w50,2,226.084029078955,415.578696008349,7.45111568827112,14.193171773779108,False,False,7.368062997280773,2.5,req_soft3
config_61_det2_b30_s5_h24_w50,3,95.9537592016972,309.044693901097,10.147222526386223,14.746732688972157,False,False,11.052094495921159,2.5,req_soft3
config_61_det2_b30_s5_h24_w50,4,55.3066653883184,243.601640148777,12.795629136545026,15.03888709313292,False,False,14.736125994561545,2.5,req_soft3
config_61_det2_b30_s5_h24_w50,5,36.993922117345,199.162959091226,15.205036172268713,19.125797368998764,False,False,18.42015749320193,2.5,req_soft3
config_61_det2_b30_s5_h24_w50,6,27.0813487792226,167.515272305283,17.40646790707408,36.1563393473399,False,False,22.104188991842317,2.5,req_soft3
config_61_det2_b30_s5_h24_w50,7,21.0130117246902,144.270449058323,20.54382206406588,47.46899909414564,False,False,25.788220490482704,2.5,req_soft3
config_61_det2_b30_s5_h24_w50,8,16.9791838231912,126.567457936793,23.90652891994151,60.61824292240744,False,False,29.47225198912309,2.5,req_soft3
config_61_det2_b30_s5_h24_w50,9,14.1386261548201,112.67074195811,34.158445149040375,81.58715815004221,False,False,33.156283487763474,2.5,req_soft3
config_61_det2_b30_s5_h24_w50,10,12.0436968582402,101.492859164877,40.106687409956955,89.0014587895427,True,False,36.84031498640386,2.5,req_soft3
config_61_det2_b30_s5_h24_w50,11,10.4441745847862,92.3147739934436,44.94085418636366,92.30615815498624,True,False,40.52434648504425,2.5,req_soft3
config_61_det2_b30_s5_h24_w50,12,9.18858802088564,84.6488737667435,47.12018012486794,98.01912001690737,True,False,44.208377983684635,2.5,req_soft3
config_61_det2_b30_s5_h24_w50,13,8.17952811343337,78.1526248923616,51.777180060331595,106.96862351487312,True,True,47.89240948232502,2.5,req_soft3
config_61_det2_b30_s5_h24_w50,14,7.35329010871709,72.5789333035372,56.903992610360824,115.01847701806678,True,True,51.57644098096541,2.5,req_soft3
config_61_det2_b30_s5_h24_w50,15,6.66553395622582,67.7448225492957,67.73644052502316,118.96475353369725,True,True,55.260472479605795,2.5,req_soft3
config_61_det2_b30_s5_h24_w50,16,6.08550710316677,63.5135734450523,77.07610119226322,124.28028548853237,True,True,58.94450397824618,2.5,req_soft3
config_61_det2_b30_s5_h24_w50,17,5.59016165342281,59.7788117000728,81.70653814108145,128.5949649092063,True,True,62.62853547688657,2.5,req_soft3
config_61_det2_b30_s5_h24_w50,18,5.1628769216908,56.4585920266622,86.95263293885931,130.0973796601778,True,True,66.31256697552695,2.5,req_soft3
config_61_det2_b30_s5_h24_w50,19,4.7910922066594,53.4876153308822,90.18376709376373,131.14061738369915,True,True,69.99659847416734,2.5,req_soft3
config_61_det2_b30_s5_h24_w50,20,4.46481413819361,50.8136682209736,92.06136216012544,132.5206627494579,True,True,73.68062997280772,2.5,req_soft3
config_62_det2_b30_s5_h24_w500,1,1371.96964499226,1562.09876717853,7.905385822336567,14.600209758767166,False,False,7.937005259840997,2.5,req_soft3
config_62_det2_b30_s5_h24_w500,2,259.641330065364,879.048720659531,13.72895207217215,22.97960236818731,False,False,15.874010519681994,2.5,req_soft3
config_62_det2_b30_s5_h24_w500,3,105.27554977829,661.976402363107,21.636384286659357,44.494846611714486,False,False,23.81101577952299,2.5,req_soft3
config_62_det2_b30_s5_h24_w500,4,59.8243642194367,522.325202955406,35.31743726546421,60.378095158757695,False,False,31.748021039363987,2.5,req_soft3
config_62_det2_b30_s5_h24_w500,5,40.4077641479295,425.720697172114,46.86406805858834,81.79491655964935,False,False,39.685026299204985,2.5,req_soft3
config_62_det2_b30_s5_h24_w500,6,30.0937750463872,358.05135977561,69.5132244612491,96.74350631380324,False,False,47.62203155904598,2.5,req_soft3
config_62_det2_b30_s5_h24_w500,7,23.5282591644182,308.420236242715,81.85255875658379,111.7988214259087,False,False,55.55903681888698,2.5,req_soft3
config_62_det2_b30_s5_h24_w500,8,19.0428108742971,270.599644012954,92.88787528520609,118.9463059302156,False,False,63.496042078727974,2.5,req_soft3
config_62_det2_b30_s5_h24_w500,9,15.852309192731,240.900973795346,96.88670954321398,130.90381753197437,False,False,71.43304733856897,2.5,req_soft3
config_62_det2_b30_s5_h24_w500,10,13.4989773933766,217.007292249313,101.84090417847285,144.80555199607812,False,False,79.37005259840997,2.5,req_soft3
config_62_det2_b30_s5_h24_w500,11,11.7063849801001,197.385914003329,109.25256868325287,150.8276332256276,False,False,87.30705785825097,2.5,req_soft3
config_62_det2_b30_s5_h24_w500,12,10.3024927250127,174.798447942669,118.33046927285183,161.5897196606269,True,False,95.24406311809196,2.5,req_soft3
config_62_det2_b30_s5_h24_w500,13,8.2343773807999,165.736766297224,124.47052847294147,169.38906153192616,True,False,103.18106837793296,2.5,req_soft3
config_62_det2_b30_s5_h24_w500,14,7.1387354334877,155.114313416779,129.05579666476737,179.73106066194197,True,True,111.11807363777396,2.5,req_soft3
config_62_det2_b30_s5_h24_w500,15,6.30992163133089,144.57194507965,137.53324345610247,190.51173410930187,True,True,119.05507889761495,2.5,req_soft3
config_62_det2_b30_s5_h24_w500,16,5.64079151507659,135.933108110648,142.3638872358046,194.00838684620484,True,True,126.99208415745595,2.5,req_soft3
config_62_det2_b30_s5_h24_w500,17,5.12956312475836,128.020670362398,164.72584547261144,200.79386541647355,True,True,134.92908941729695,2.5,req_soft3
config_62_det2_b30_s5_h24_w500,18,4.70918677317163,120.936071767983,187.6492406059774,206.20135453267787,True,True,142.86609467713794,2.5,req_soft3
config_62_det2_b30_s5_h24_w500,19,4.34538602141658,114.666952954547,201.66864668449472,211.0829977625968,True,True,150.80309993697895,2.5,req_soft3
config_62_det2_b30_s5_h24_w500,20,4.03167079521766,108.995763264335,205.98312700585726,224.83817637482196,True,True,158.74010519681994,2.5,req_soft3
config_63_det2_b30_s5_h24_w1500,1,1482.77218730659,2195.12941567296,10.781981496923466,21.170454057483038,False,False,11.447142425533317,2.5,req_soft3
config_63_det2_b30_s5_h24_w1500,2,276.168535055985,1274.88781758312,20.3032047962877,44.051791961281204,False,False,22.894284851066633,2.5,req_soft3
config_63_det2_b30_s5_h24_w1500,3,110.489999377789,954.913490984421,39.19022039999265,64.61565503034075,False,False,34.34142727659995,2.5,req_soft3
config_63_det2_b30_s5_h24_w1500,4,62.265165672113,754.396736282332,62.91527934452806,93.38608769511656,False,False,45.788569702133266,2.5,req_soft3
config_63_det2_b30_s5_h24_w1500,5,41.3983921590561,615.089943611065,89.37803413653216,109.5800121169712,False,False,57.23571212766658,2.5,req_soft3
config_63_det2_b30_s5_h24_w1500,6,30.5947542861908,517.737731419071,98.95906652359966,120.89578305760341,False,False,68.6828545531999,2.5,req_soft3
config_63_det2_b30_s5_h24_w1500,7,24.0675826659041,446.310779861523,113.20347443872913,144.80093625004255,False,False,80.12999697873322,2.5,req_soft3
config_63_det2_b30_s5_h24_w1500,8,19.5984247045618,391.790936353185,126.53621626940556,156.23016834145702,False,False,91.57713940426653,2.5,req_soft3
config_63_det2_b30_s5_h24_w1500,9,14.813237392189,347.069530043393,133.52213195654952,173.8935757710573,False,False,103.02428182979985,2.5,req_soft3
config_63_det2_b30_s5_h24_w1500,10,12.2749345250106,314.281592480616,142.57615411499293,186.20561738155067,True,False,114.47142425533316,2.5,req_soft3
config_63_det2_b30_s5_h24_w1500,11,10.3785968167878,286.18006793008,155.602712594179,202.30216330474022,True,False,125.91856668086648,2.5,req_soft3
config_63_det2_b30_s5_h24_w1500,12,9.08425019280687,262.551262568411,166.06127968647934,214.6961127578544,True,False,137.3657091063998,2.5,req_soft3
config_63_det2_b30_s5_h24_w1500,13,8.07100869684366,242.465429921281,184.4381219632572,226.3725266752424,True,True,148.81285153193312,2.5,req_soft3
config_63_det2_b30_s5_h24_w1500,14,7.24897508045351,225.256267238797,201.09635266596845,233.57958137074684,True,True,160.25999395746643,2.5,req_soft3
config_63_det2_b30_s5_h24_w1500,15,6.56841598047092,210.321763462317,212.440445903212,241.62440722465655,True,True,171.70713638299975,2.5,req_soft3
config_63_det2_b30_s5_h24_w1500,16,5.99684734319579,197.206183278909,231.20821844773982,258.29538162086186,True,True,183.15427880853306,2.5,req_soft3
config_63_det2_b30_s5_h24_w1500,17,5.50925993039002,185.62250063012,247.39052573253934,279.8837605943661,True,True,194.60142123406638,2.5,req_soft3
config_63_det2_b30_s5_h24_w1500,18,5.08897006822918,175.317193184827,260.1637358365774,306.53396132312065,True,True,206.0485636595997,2.5,req_soft3
config_63_det2_b30_s5_h24_w1500,19,4.72308712345199,166.110522527026,275.3776094343507,334.9370255900519,True,True,217.495706085133,2.5,req_soft3
config_63_det2_b30_s5_h24_w1500,20,4.4019262322732,157.810856039111,285.2549687949751,366.5984481994192,True,True,228.94284851066632,2.5,req_soft3
config_64_det2_b30_s20_h4_w50,1,1143.99309910078,724.976931135836,4.164387710096166,2.092337209916222,False,False,3.6840314986403864,10.0,req_soft3
config_64_det2_b30_s20_h4_w50,2,226.084029078955,415.578696008349,8.39645014276867,7.110142403637216,False,False,7.368062997280773,10.0,req_soft3
config_64_det2_b30_s20_h4_w50,3,95.9537592016972,309.044693901097,11.758927459594263,13.995923513652109,False,False,11.052094495921159,10.0,req_soft3
config_64_det2_b30_s20_h4_w50,4,55.3066653883184,243.601640148777,16.44669799686247,18.24167961016748,False,False,14.736125994561545,10.0,req_soft3
config_64_det2_b30_s20_h4_w50,5,36.993922117345,199.162959091226,19.897433879774546,21.62463583508402,False,False,18.42015749320193,10.0,req_soft3
config_64_det2_b30_s20_h4_w50,6,27.0813487792226,167.515272305283,22.832999693426178,24.541411430478075,False,False,22.104188991842317,10.0,req_soft3
config_64_det2_b30_s20_h4_w50,7,21.0130117246902,144.270449058323,25.481932324688408,28.069874866126497,False,False,25.788220490482704,10.0,req_soft3
config_64_det2_b30_s20_h4_w50,8,16.9791838231912,126.567457936793,27.920062231306,30.206636274169952,False,False,29.47225198912309,10.0,req_soft3
config_64_det2_b30_s20_h4_w50,9,14.1386261548201,112.67074195811,29.77589419312206,31.60458629692849,False,False,33.156283487763474,10.0,req_soft3
config_64_det2_b30_s20_h4_w50,10,12.0436968582402,101.492859164877,31.494695982022115,32.430909253365066,False,False,36.84031498640386,10.0,req_soft3
config_64_det2_b30_s20_h4_w50,11,10.4441745847862,92.3147739934436,37.714173396748336,49.75419454679172,False,False,40.52434648504425,10.0,req_soft3
config_64_det2_b30_s20_h4_w50,12,9.18858802088564,84.6488737667435,49.629042656492985,54.09221639940445,True,False,44.208377983684635,10.0,req_soft3
config_64_det2_b30_s20_h4_w50,13,8.17952811343337,78.1526248923616,52.50120831942822,56.29702367798853,True,False,47.89240948232502,10.0,req_soft3
config_64_det2_b30_s20_h4_w50,14,7.35329010871709,72.5789333035372,54.27986620285647,58.462961565421914,True,False,51.57644098096541,10.0,req_soft3
config_64_det2_b30_s20_h4_w50,15,6.66553395622582,67.7448225492957,57.970086035816784,59.359817006119556,True,False,55.260472479605795,10.0,req_soft3
config_64_det2_b30_s20_h4_w50,16,6.08550710316677,63.5135734450523,59.20156142366516,61.508656911039765,True,False,58.94450397824618,10.0,req_soft3
config_64_det2_b30_s20_h4_w50,17,5.59016165342281,59.7788117000728,65.93056100929219,63.66725119714216,True,False,62.62853547688657,10.0,req_soft3
config_64_det2_b30_s20_h4_w50,18,5.1628769216908,56.4585920266622,71.9988671785883,66.23742050382094,True,False,66.31256697552695,10.0,req_soft3
config_64_det2_b30_s20_h4_w50,19,4.7910922066594,53.4876153308822,74.67272845557473,82.25589213950978,True,True,69.99659847416734,10.0,req_soft3
config_64_det2_b30_s20_h4_w50,20,4.46481413819361,50.8136682209736,78.20017822869715,90.32703429760107,True,True,73.68062997280772,10.0,req_soft3
config_65_det2_b30_s20_h4_w500,1,1371.96964499226,1562.09876717853,8.929354679930682,7.81768028253906,False,False,7.937005259840997,10.0,req_soft3
config_65_det2_b30_s20_h4_w500,2,259.641330065364,879.048720659531,17.23052161137323,20.392936890011697,False,False,15.874010519681994,10.0,req_soft3
config_65_det2_b30_s20_h4_w500,3,105.27554977829,661.976402363107,23.84556300446689,26.708498179418477,False,False,23.81101577952299,10.0,req_soft3
config_65_det2_b30_s20_h4_w500,4,59.8243642194367,522.325202955406,28.965494558180776,30.157285603979677,False,False,31.748021039363987,10.0,req_soft3
config_65_det2_b30_s20_h4_w500,5,40.4077641479295,425.720697172114,38.35003096478541,40.455937450515215,False,False,39.685026299204985,10.0,req_soft3
config_65_det2_b30_s20_h4_w500,6,30.0937750463872,358.05135977561,53.71471748971598,53.16115945876275,False,False,47.62203155904598,10.0,req_soft3
config_65_det2_b30_s20_h4_w500,7,23.5282591644182,308.420236242715,65.20218458763479,58.276795339139916,False,False,55.55903681888698,10.0,req_soft3
config_65_det2_b30_s20_h4_w500,8,19.0428108742971,270.599644012954,76.30843252878412,65.99838539691709,False,False,63.496042078727974,10.0,req_soft3
config_65_det2_b30_s20_h4_w500,9,15.852309192731,240.900973795346,78.80232785267198,71.51159958356406,False,False,71.43304733856897,10.0,req_soft3
config_65_det2_b30_s20_h4_w500,10,13.4989773933766,217.007292249313,80.92545257828341,76.6450251157895,False,False,79.37005259840997,10.0,req_soft3
config_65_det2_b30_s20_h4_w500,11,11.7063849801001,197.385914003329,92.98275624186095,97.48076598032614,True,False,87.30705785825097,10.0,req_soft3
config_65_det2_b30_s20_h4_w500,12,10.3024927250127,174.798447942669,107.34508379003151,102.44978709104281,True,False,95.24406311809196,10.0,req_soft3
config_65_det2_b30_s20_h4_w500,13,8.2343773807999,165.736766297224,110.79808744087399,114.7260579598201,True,True,103.18106837793296,10.0,req_soft3
config_65_det2_b30_s20_h4_w500,14,7.1387354334877,155.114313416779,118.8694411598989,119.53707996312738,True,True,111.11807363777396,10.0,req_soft3
config_65_det2_b30_s20_h4_w500,15,6.30992163133089,144.57194507965,139.5762902203188,125.31264789406623,True,True,119.05507889761495,10.0,req_soft3
config_65_det2_b30_s20_h4_w500,16,5.64079151507659,135.933108110648,154.9958496308136,139.06388919405993,True,True,126.99208415745595,10.0,req_soft3
config_65_det2_b30_s20_h4_w500,17,5.12956312475836,128.020670362398,161.21594235510472,151.73100741480337,True,True,134.92908941729695,10.0,req_soft3
config_65_det2_b30_s20_h4_w500,18,4.70918677317163,120.936071767983,167.2084485837297,159.36955219447242,True,True,142.86609467713794,10.0,req_soft3
config_65_det2_b30_s20_h4_w500,19,4.34538602141658,114.666952954547,191.2282776334783,164.38132750812466,True,True,150.80309993697895,10.0,req_soft3
config_65_det2_b30_s20_h4_w500,20,4.03167079521766,108.995763264335,202.08235051307398,173.51634168957497,True,True,158.74010519681994,10.0,req_soft3
config_66_det2_b30_s20_h4_w1500,1,1482.77218730659,2195.12941567296,12.526486937685283,15.137961388509352,False,False,11.447142425533317,10.0,req_soft3
config_66_det2_b30_s20_h4_w1500,2,276.168535055985,1274.88781758312,23.069869418789523,27.00297900232491,False,False,22.894284851066633,10.0,req_soft3
config_66_det2_b30_s20_h4_w1500,3,110.489999377789,954.913490984421,30.771283284907046,30.894204553605196,False,False,34.34142727659995,10.0,req_soft3
config_66_det2_b30_s20_h4_w1500,4,62.265165672113,754.396736282332,53.71739825233534,51.43368424486039,False,False,45.788569702133266,10.0,req_soft3
config_66_det2_b30_s20_h4_w1500,5,41.3983921590561,615.089943611065,68.6284188583709,60.39709326614982,False,False,57.23571212766658,10.0,req_soft3
config_66_det2_b30_s20_h4_w1500,6,30.5947542861908,517.737731419071,77.74151320240686,68.96341693245775,False,False,68.6828545531999,10.0,req_soft3
config_66_det2_b30_s20_h4_w1500,7,24.0675826659041,446.310779861523,81.4289867000689,77.93621029406036,False,False,80.12999697873322,10.0,req_soft3
config_66_det2_b30_s20_h4_w1500,8,19.5984247045618,391.790936353185,107.98356813011466,97.43942384602059,False,False,91.57713940426653,10.0,req_soft3
config_66_det2_b30_s20_h4_w1500,9,14.813237392189,347.069530043393,115.76010473052546,106.29769197609346,False,False,103.02428182979985,10.0,req_soft3
config_66_det2_b30_s20_h4_w1500,10,12.2749345250106,314.281592480616,140.17362680896068,122.95800937492622,True,False,114.47142425533316,10.0,req_soft3
config_66_det2_b30_s20_h4_w1500,11,10.3785968167878,286.18006793008,155.30426073607183,129.64480856898547,True,False,125.91856668086648,10.0,req_soft3
config_66_det2_b30_s20_h4_w1500,12,9.08425019280687,262.551262568411,168.87453840713295,142.1127828717584,True,False,137.3657091063998,10.0,req_soft3
config_66_det2_b30_s20_h4_w1500,13,8.07100869684366,242.465429921281,197.09345992306405,160.08868635853068,True,True,148.81285153193312,10.0,req_soft3
config_66_det2_b30_s20_h4_w1500,14,7.24897508045351,225.256267238797,208.51331891912008,168.99851659441012,True,True,160.25999395746643,10.0,req_soft3
config_66_det2_b30_s20_h4_w1500,15,6.56841598047092,210.321763462317,216.86996551953533,181.81398843017794,True,True,171.70713638299975,10.0,req_soft3
config_66_det2_b30_s20_h4_w1500,16,5.99684734319579,197.206183278909,231.82853757321018,192.17180898005478,True,True,183.15427880853306,10.0,req_soft3
config_66_det2_b30_s20_h4_w1500,17,5.50925993039002,185.62250063012,240.67446605552306,208.93335925866677,True,True,194.60142123406638,10.0,req_soft3
config_66_det2_b30_s20_h4_w1500,18,5.08897006822918,175.317193184827,243.34755380821986,225.05854485246968,True,True,206.0485636595997,10.0,req_soft3
config_66_det2_b30_s20_h4_w1500,19,4.72308712345199,166.110522527026,257.6185999798065,230.75011436135367,True,True,217.495706085133,10.0,req_soft3
config_66_det2_b30_s20_h4_w1500,20,4.4019262322732,157.810856039111,264.0283102455324,243.55438874669818,True,True,228.94284851066632,10.0,req_soft3
config_67_det2_b30_s20_h12_w50,1,1143.99309910078,724.976931135836,4.164387710096166,2.092337209916222,False,False,3.6840314986403864,10.0,req_soft3
config_67_det2_b30_s20_h12_w50,2,226.084029078955,415.578696008349,8.39645014276867,7.110142403637216,False,False,7.368062997280773,10.0,req_soft3
config_67_det2_b30_s20_h12_w50,3,95.9537592016972,309.044693901097,11.758927459594263,14.286212759160492,False,False,11.052094495921159,10.0,req_soft3
config_67_det2_b30_s20_h12_w50,4,55.3066653883184,243.601640148777,16.44669799686247,19.051820779127645,False,False,14.736125994561545,10.0,req_soft3
config_67_det2_b30_s20_h12_w50,5,36.993922117345,199.162959091226,19.906528451741654,23.29360158927769,False,False,18.42015749320193,10.0,req_soft3
config_67_det2_b30_s20_h12_w50,6,27.0813487792226,167.515272305283,22.93407672002516,30.296169312307455,False,False,22.104188991842317,10.0,req_soft3
config_67_det2_b30_s20_h12_w50,7,21.0130117246902,144.270449058323,26.090819745650002,31.85650443786951,False,False,25.788220490482704,10.0,req_soft3
config_67_det2_b30_s20_h12_w50,8,16.9791838231912,126.567457936793,28.507505590633492,32.97656554282146,False,False,29.47225198912309,10.0,req_soft3
config_67_det2_b30_s20_h12_w50,9,14.1386261548201,112.67074195811,30.533995398571737,34.142274016239746,False,False,33.156283487763474,10.0,req_soft3
config_67_det2_b30_s20_h12_w50,10,12.0436968582402,101.492859164877,33.47601940195399,35.37843799547967,False,False,36.84031498640386,10.0,req_soft3
config_67_det2_b30_s20_h12_w50,11,10.4441745847862,92.3147739934436,37.69113788412337,42.3779526994875,False,False,40.52434648504425,10.0,req_soft3
config_67_det2_b30_s20_h12_w50,12,9.18858802088564,84.6488737667435,40.99915090584194,54.16965825072186,False,False,44.208377983684635,10.0,req_soft3
config_67_det2_b30_s20_h12_w50,13,8.17952811343337,78.1526248923616,43.73505887728974,59.97499374739442,False,False,47.89240948232502,10.0,req_soft3
config_67_det2_b30_s20_h12_w50,14,7.35329010871709,72.5789333035372,56.12754559928663,71.1368320562562,True,False,51.57644098096541,10.0,req_soft3
config_67_det2_b30_s20_h12_w50,15,6.66553395622582,67.7448225492957,66.30372444289989,74.68700606531232,True,True,55.260472479605795,10.0,req_soft3
config_67_det2_b30_s20_h12_w50,16,6.08550710316677,63.5135734450523,69.6814887541878,76.54872876148892,True,True,58.94450397824618,10.0,req_soft3
config_67_det2_b30_s20_h12_w50,17,5.59016165342281,59.7788117000728,72.30318025508974,81.46739983644447,True,True,62.62853547688657,10.0,req_soft3
config_67_det2_b30_s20_h12_w50,18,5.1628769216908,56.4585920266622,74.98198366941222,89.03997596273508,True,True,66.31256697552695,10.0,req_soft3
config_67_det2_b30_s20_h12_w50,19,4.7910922066594,53.4876153308822,76.79180213408199,93.91582793177682,True,True,69.99659847416734,10.0,req_soft3
config_67_det2_b30_s20_h12_w50,20,4.46481413819361,50.8136682209736,77.64915244225143,96.48414499860125,True,True,73.68062997280772,10.0,req_soft3
config_68_det2_b30_s20_h12_w500,1,1371.96964499226,1562.09876717853,8.929354679930682,8.22740086540093,False,False,7.937005259840997,10.0,req_soft3
config_68_det2_b30_s20_h12_w500,2,259.641330065364,879.048720659531,17.23052161137323,26.33436680461484,False,False,15.874010519681994,10.0,req_soft3
config_68_det2_b30_s20_h12_w500,3,105.27554977829,661.976402363107,24.05990180777968,31.199709533904315,False,False,23.81101577952299,10.0,req_soft3
config_68_det2_b30_s20_h12_w500,4,59.8243642194367,522.325202955406,30.969289223358032,33.112971400948,False,False,31.748021039363987,10.0,req_soft3
config_68_det2_b30_s20_h12_w500,5,40.4077641479295,425.720697172114,35.31180928528019,54.70120542547486,False,False,39.685026299204985,10.0,req_soft3
config_68_det2_b30_s20_h12_w500,6,30.0937750463872,358.05135977561,44.93522977575613,66.96682667560111,False,False,47.62203155904598,10.0,req_soft3
config_68_det2_b30_s20_h12_w500,7,23.5282591644182,308.420236242715,59.87464300519879,74.16451897639465,False,False,55.55903681888698,10.0,req_soft3
config_68_det2_b30_s20_h12_w500,8,19.0428108742971,270.599644012954,70.12634936313168,80.54656339658447,False,False,63.496042078727974,10.0,req_soft3
config_68_det2_b30_s20_h12_w500,9,15.852309192731,240.900973795346,79.33951017620414,91.95767995538914,False,False,71.43304733856897,10.0,req_soft3
config_68_det2_b30_s20_h12_w500,10,13.4989773933766,217.007292249313,83.97120265305243,104.84806447903556,True,False,79.37005259840997,10.0,req_soft3
config_68_det2_b30_s20_h12_w500,11,11.7063849801001,197.385914003329,90.55239819819487,118.93097548811896,True,False,87.30705785825097,10.0,req_soft3
config_68_det2_b30_s20_h12_w500,12,10.3024927250127,174.798447942669,97.72446817739943,128.01354572422753,True,False,95.24406311809196,10.0,req_soft3
config_68_det2_b30_s20_h12_w500,13,8.2343773807999,165.736766297224,106.6138797118941,131.64841381919916,True,False,103.18106837793296,10.0,req_soft3
config_68_det2_b30_s20_h12_w500,14,7.1387354334877,155.114313416779,117.44061614043262,135.78421913708038,True,False,111.11807363777396,10.0,req_soft3
config_68_det2_b30_s20_h12_w500,15,6.30992163133089,144.57194507965,127.34421108641814,155.29426815636893,True,True,119.05507889761495,10.0,req_soft3
config_68_det2_b30_s20_h12_w500,16,5.64079151507659,135.933108110648,133.30287198914942,161.7379524965547,True,True,126.99208415745595,10.0,req_soft3
config_68_det2_b30_s20_h12_w500,17,5.12956312475836,128.020670362398,148.94217450817018,172.08184018722667,True,True,134.92908941729695,10.0,req_soft3
config_68_det2_b30_s20_h12_w500,18,4.70918677317163,120.936071767983,155.43140233985324,180.95623703598122,True,True,142.86609467713794,10.0,req_soft3
config_68_det2_b30_s20_h12_w500,19,4.34538602141658,114.666952954547,160.6786605135991,185.2912534662959,True,True,150.80309993697895,10.0,req_soft3
config_68_det2_b30_s20_h12_w500,20,4.03167079521766,108.995763264335,164.95982254947884,196.41779097401314,True,True,158.74010519681994,10.0,req_soft3
config_69_det2_b30_s20_h12_w1500,1,1482.77218730659,2195.12941567296,12.526486937685283,15.792177652242897,False,False,11.447142425533317,10.0,req_soft3
config_69_det2_b30_s20_h12_w1500,2,276.168535055985,1274.88781758312,23.172286788316768,31.418893599234202,False,False,22.894284851066633,10.0,req_soft3
config_69_det2_b30_s20_h12_w1500,3,110.489999377789,954.913490984421,32.580667196974346,39.08984362977166,False,False,34.34142727659995,10.0,req_soft3
config_69_det2_b30_s20_h12_w1500,4,62.265165672113,754.396736282332,48.49558613935912,67.38621428007363,False,False,45.788569702133266,10.0,req_soft3
config_69_det2_b30_s20_h12_w1500,5,41.3983921590561,615.089943611065,64.72426032794813,75.88472095883334,False,False,57.23571212766658,10.0,req_soft3
config_69_det2_b30_s20_h12_w1500,6,30.5947542861908,517.737731419071,78.56581238044956,86.17144466121012,False,False,68.6828545531999,10.0,req_soft3
config_69_det2_b30_s20_h12_w1500,7,24.0675826659041,446.310779861523,84.6453197334488,102.33748356133576,False,False,80.12999697873322,10.0,req_soft3
config_69_det2_b30_s20_h12_w1500,8,19.5984247045618,391.790936353185,98.73639392904275,123.1525357252361,False,False,91.57713940426653,10.0,req_soft3
config_69_det2_b30_s20_h12_w1500,9,14.813237392189,347.069530043393,120.09683725829105,132.2257661056355,True,False,103.02428182979985,10.0,req_soft3
config_69_det2_b30_s20_h12_w1500,10,12.2749345250106,314.281592480616,131.59419418973027,142.38469604092523,True,False,114.47142425533316,10.0,req_soft3
config_69_det2_b30_s20_h12_w1500,11,10.3785968167878,286.18006793008,142.74444433633445,159.30070708499,True,False,125.91856668086648,10.0,req_soft3
config_69_det2_b30_s20_h12_w1500,12,9.08425019280687,262.551262568411,157.0324409158821,171.09952837781614,True,False,137.3657091063998,10.0,req_soft3
config_69_det2_b30_s20_h12_w1500,13,8.07100869684366,242.465429921281,168.60364023353708,183.32825371750835,True,True,148.81285153193312,10.0,req_soft3
config_69_det2_b30_s20_h12_w1500,14,7.24897508045351,225.256267238797,183.11515426698637,196.46233382282495,True,True,160.25999395746643,10.0,req_soft3
config_69_det2_b30_s20_h12_w1500,15,6.56841598047092,210.321763462317,195.37093992369148,213.4814687508028,True,True,171.70713638299975,10.0,req_soft3
config_69_det2_b30_s20_h12_w1500,16,5.99684734319579,197.206183278909,200.69962007936138,226.2719203623031,True,True,183.15427880853306,10.0,req_soft3
config_69_det2_b30_s20_h12_w1500,17,5.50925993039002,185.62250063012,211.54312339462976,238.66566282377343,True,True,194.60142123406638,10.0,req_soft3
config_69_det2_b30_s20_h12_w1500,18,5.08897006822918,175.317193184827,222.92067286119718,253.5569380500824,True,True,206.0485636595997,10.0,req_soft3
config_69_det2_b30_s20_h12_w1500,19,4.72308712345199,166.110522527026,232.66579214257803,267.95529529714054,True,True,217.495706085133,10.0,req_soft3
config_69_det2_b30_s20_h12_w1500,20,4.4019262322732,157.810856039111,239.9596927958249,279.5099555968942,True,True,228.94284851066632,10.0,req_soft3
config_70_det2_b30_s20_h24_w50,1,1143.99309910078,724.976931135836,4.164387710096166,2.092337209916222,False,False,3.6840314986403864,10.0,req_soft3
config_70_det2_b30_s20_h24_w50,2,226.084029078955,415.578696008349,8.39645014276867,7.110142403637216,False,False,7.368062997280773,10.0,req_soft3
config_70_det2_b30_s20_h24_w50,3,95.9537592016972,309.044693901097,11.758927459594263,14.286212759160492,False,False,11.052094495921159,10.0,req_soft3
config_70_det2_b30_s20_h24_w50,4,55.3066653883184,243.601640148777,16.44669799686247,19.051820779127645,False,False,14.736125994561545,10.0,req_soft3
config_70_det2_b30_s20_h24_w50,5,36.993922117345,199.162959091226,19.906528451741654,23.29360158927769,False,False,18.42015749320193,10.0,req_soft3
config_70_det2_b30_s20_h24_w50,6,27.0813487792226,167.515272305283,22.93407672002516,30.296169312307455,False,False,22.104188991842317,10.0,req_soft3
config_70_det2_b30_s20_h24_w50,7,21.0130117246902,144.270449058323,26.090819745650002,31.85650443786951,False,False,25.788220490482704,10.0,req_soft3
config_70_det2_b30_s20_h24_w50,8,16.9791838231912,126.567457936793,28.507505590633492,32.97656554282146,False,False,29.47225198912309,10.0,req_soft3
config_70_det2_b30_s20_h24_w50,9,14.1386261548201,112.67074195811,30.533995398571737,34.14713567782809,False,False,33.156283487763474,10.0,req_soft3
config_70_det2_b30_s20_h24_w50,10,12.0436968582402,101.492859164877,33.47601940195399,37.06198692730869,False,False,36.84031498640386,10.0,req_soft3
config_70_det2_b30_s20_h24_w50,11,10.4441745847862,92.3147739934436,37.21815249310476,42.55820573050513,False,False,40.52434648504425,10.0,req_soft3
config_70_det2_b30_s20_h24_w50,12,9.18858802088564,84.6488737667435,39.64678896203323,46.771132924059046,False,False,44.208377983684635,10.0,req_soft3
config_70_det2_b30_s20_h24_w50,13,8.17952811343337,78.1526248923616,41.52352194840895,53.76776799347357,False,False,47.89240948232502,10.0,req_soft3
config_70_det2_b30_s20_h24_w50,14,7.35329010871709,72.5789333035372,44.26320000858501,57.46387887186175,True,False,51.57644098096541,10.0,req_soft3
config_70_det2_b30_s20_h24_w50,15,6.66553395622582,67.7448225492957,47.12679572175473,64.42391539638056,True,True,55.260472479605795,10.0,req_soft3
config_70_det2_b30_s20_h24_w50,16,6.08550710316677,63.5135734450523,52.5754493561396,69.01465695777962,True,True,58.94450397824618,10.0,req_soft3
config_70_det2_b30_s20_h24_w50,17,5.59016165342281,59.7788117000728,57.85556045014169,72.04549864495353,True,True,62.62853547688657,10.0,req_soft3
config_70_det2_b30_s20_h24_w50,18,5.1628769216908,56.4585920266622,61.748173049896785,76.80485327185458,True,True,66.31256697552695,10.0,req_soft3
config_70_det2_b30_s20_h24_w50,19,4.7910922066594,53.4876153308822,68.4135723011158,78.94539964431114,True,True,69.99659847416734,10.0,req_soft3
config_70_det2_b30_s20_h24_w50,20,4.46481413819361,50.8136682209736,68.97363173706312,86.64431354361604,True,True,73.68062997280772,10.0,req_soft3
config_71_det2_b30_s20_h24_w500,1,1371.96964499226,1562.09876717853,8.929354679930682,8.22740086540093,False,False,7.937005259840997,10.0,req_soft3
config_71_det2_b30_s20_h24_w500,2,259.641330065364,879.048720659531,17.23052161137323,26.33436680461484,False,False,15.874010519681994,10.0,req_soft3
config_71_det2_b30_s20_h24_w500,3,105.27554977829,661.976402363107,24.05990180777968,31.2234827493667,False,False,23.81101577952299,10.0,req_soft3
config_71_det2_b30_s20_h24_w500,4,59.8243642194367,522.325202955406,30.96484902272252,33.344772828735834,False,False,31.748021039363987,10.0,req_soft3
config_71_det2_b30_s20_h24_w500,5,40.4077641479295,425.720697172114,35.31180928528019,49.62306293448642,False,False,39.685026299204985,10.0,req_soft3
config_71_det2_b30_s20_h24_w500,6,30.0937750463872,358.05135977561,40.903751356079795,65.43127596952394,False,False,47.62203155904598,10.0,req_soft3
config_71_det2_b30_s20_h24_w500,7,23.5282591644182,308.420236242715,49.243942520882705,79.90932282906671,False,False,55.55903681888698,10.0,req_soft3
config_71_det2_b30_s20_h24_w500,8,19.0428108742971,270.599644012954,54.72609866416571,90.38444963660017,False,False,63.496042078727974,10.0,req_soft3
config_71_det2_b30_s20_h24_w500,9,15.852309192731,240.900973795346,62.300532702377424,98.30932171524282,False,False,71.43304733856897,10.0,req_soft3
config_71_det2_b30_s20_h24_w500,10,13.4989773933766,217.007292249313,67.93095095184685,111.68895753883241,False,False,79.37005259840997,10.0,req_soft3
config_71_det2_b30_s20_h24_w500,11,11.7063849801001,197.385914003329,74.97818951386982,124.76789962878183,True,False,87.30705785825097,10.0,req_soft3
config_71_det2_b30_s20_h24_w500,12,10.3024927250127,174.798447942669,81.39165608682228,138.35172066552374,True,False,95.24406311809196,10.0,req_soft3
config_71_det2_b30_s20_h24_w500,13,8.2343773807999,165.736766297224,90.80998300786588,148.4896507804126,True,True,103.18106837793296,10.0,req_soft3
config_71_det2_b30_s20_h24_w500,14,7.1387354334877,155.114313416779,106.08832359302214,154.79893320763625,True,True,111.11807363777396,10.0,req_soft3
config_71_det2_b30_s20_h24_w500,15,6.30992163133089,144.57194507965,122.79510158073172,163.38602466415404,True,True,119.05507889761495,10.0,req_soft3
config_71_det2_b30_s20_h24_w500,16,5.64079151507659,135.933108110648,127.49170158179794,170.5473500559628,True,True,126.99208415745595,10.0,req_soft3
config_71_det2_b30_s20_h24_w500,17,5.12956312475836,128.020670362398,135.6244949811386,182.4103394669404,True,True,134.92908941729695,10.0,req_soft3
config_71_det2_b30_s20_h24_w500,18,4.70918677317163,120.936071767983,154.59983901098414,190.98652875704786,True,True,142.86609467713794,10.0,req_soft3
config_71_det2_b30_s20_h24_w500,19,4.34538602141658,114.666952954547,162.6067811555772,199.99662149924208,True,True,150.80309993697895,10.0,req_soft3
config_71_det2_b30_s20_h24_w500,20,4.03167079521766,108.995763264335,171.6174970035916,209.07043935265244,True,True,158.74010519681994,10.0,req_soft3
config_72_det2_b30_s20_h24_w1500,1,1482.77218730659,2195.12941567296,12.526486937685283,15.792177652242897,False,False,11.447142425533317,10.0,req_soft3
config_72_det2_b30_s20_h24_w1500,2,276.168535055985,1274.88781758312,23.172286788316768,31.499696427108628,False,False,22.894284851066633,10.0,req_soft3
config_72_det2_b30_s20_h24_w1500,3,110.489999377789,954.913490984421,32.58085135474517,43.93464891176439,False,False,34.34142727659995,10.0,req_soft3
config_72_det2_b30_s20_h24_w1500,4,62.265165672113,754.396736282332,41.43382525183983,62.17391635565513,False,False,45.788569702133266,10.0,req_soft3
config_72_det2_b30_s20_h24_w1500,5,41.3983921590561,615.089943611065,50.8489515624462,85.26110411553442,False,False,57.23571212766658,10.0,req_soft3
config_72_det2_b30_s20_h24_w1500,6,30.5947542861908,517.737731419071,62.50805048151798,98.35405551430561,False,False,68.6828545531999,10.0,req_soft3
config_72_det2_b30_s20_h24_w1500,7,24.0675826659041,446.310779861523,75.30624300887085,108.55576440756664,False,False,80.12999697873322,10.0,req_soft3
config_72_det2_b30_s20_h24_w1500,8,19.5984247045618,391.790936353185,82.96633679792465,134.85239070100977,False,False,91.57713940426653,10.0,req_soft3
config_72_det2_b30_s20_h24_w1500,9,14.813237392189,347.069530043393,109.33244994561821,150.4977989872277,True,False,103.02428182979985,10.0,req_soft3
config_72_det2_b30_s20_h24_w1500,10,12.2749345250106,314.281592480616,126.7366369243278,158.19314407815952,True,False,114.47142425533316,10.0,req_soft3
config_72_det2_b30_s20_h24_w1500,11,10.3785968167878,286.18006793008,138.35682059644026,175.0615248991051,True,False,125.91856668086648,10.0,req_soft3
config_72_det2_b30_s20_h24_w1500,12,9.08425019280687,262.551262568411,160.132267377801,193.24740547345576,True,True,137.3657091063998,10.0,req_soft3
config_72_det2_b30_s20_h24_w1500,13,8.07100869684366,242.465429921281,170.54902765285217,207.00309646100573,True,True,148.81285153193312,10.0,req_soft3
config_72_det2_b30_s20_h24_w1500,14,7.24897508045351,225.256267238797,179.9755037343817,217.0568505919334,True,True,160.25999395746643,10.0,req_soft3
config_72_det2_b30_s20_h24_w1500,15,6.56841598047092,210.321763462317,186.74035375949737,232.54030415296947,True,True,171.70713638299975,10.0,req_soft3
config_72_det2_b30_s20_h24_w1500,16,5.99684734319579,197.206183278909,202.22504996496684,245.33658568949267,True,True,183.15427880853306,10.0,req_soft3
config_72_det2_b30_s20_h24_w1500,17,5.50925993039002,185.62250063012,207.78125182776023,266.50408585569147,True,True,194.60142123406638,10.0,req_soft3
config_72_det2_b30_s20_h24_w1500,18,5.08897006822918,175.317193184827,216.04252089191453,293.1029445623348,True,True,206.0485636595997,10.0,req_soft3
config_72_det2_b30_s20_h24_w1500,19,4.72308712345199,166.110522527026,225.86850587110288,324.6347691380782,True,True,217.495706085133,10.0,req_soft3
config_72_det2_b30_s20_h24_w1500,20,4.4019262322732,157.810856039111,232.1458563298322,354.8814512544216,True,True,228.94284851066632,10.0,req_soft3
config_73_det1_b10_s8_h10_w250,1,1322.68273568211,1231.55614540992,5.485754278128032,8.968347116386608,False,False,6.299605249474365,6.4031242374328485,req_soft3
config_73_det1_b10_s8_h10_w250,2,252.93209269631,694.862830042474,10.840629594262502,17.556960870264533,False,False,12.59921049894873,6.4031242374328485,req_soft3
config_73_det1_b10_s8_h10_w250,3,104.998977908618,525.24000926827,16.15706888640387,22.153044373178147,False,False,18.898815748423097,6.4031242374328485,req_soft3
config_73_det1_b10_s8_h10_w250,4,59.7200348642112,414.304889211797,22.584150969208473,30.36739822572886,False,False,25.19842099789746,6.4031242374328485,req_soft3
config_73_det1_b10_s8_h10_w250,5,39.8568210825817,338.841406453851,29.629358329197746,41.55581637990042,False,False,31.498026247371826,6.4031242374328485,req_soft3
config_73_det1_b10_s8_h10_w250,6,29.1032232969694,285.270286428345,38.81571041472769,49.662409073664556,False,False,37.79763149684619,6.4031242374328485,req_soft3
config_73_det1_b10_s8_h10_w250,7,22.5780158271681,245.899008295199,47.09005600973522,59.485850208263805,False,False,44.097236746320554,6.4031242374328485,req_soft3
config_73_det1_b10_s8_h10_w250,8,18.2704668808745,215.87945345554,56.46882214992623,66.23527289141337,False,False,50.39684199579492,6.4031242374328485,req_soft3
config_73_det1_b10_s8_h10_w250,9,15.2425257500057,192.266813750414,64.3245316733826,77.90024309974906,True,False,56.69644724526929,6.4031242374328485,req_soft3
config_73_det1_b10_s8_h10_w250,10,13.0104568662737,173.233610024881,72.21617806973725,85.60406751434186,True,False,62.99605249474365,6.4031242374328485,req_soft3
config_73_det1_b10_s8_h10_w250,11,11.3050806069729,157.581691801359,78.9719024400451,93.99420660338593,True,False,69.29565774421802,6.4031242374328485,req_soft3
config_73_det1_b10_s8_h10_w250,12,9.96424838716288,144.494696357211,84.6263722193029,101.69757098596035,True,True,75.59526299369239,6.4031242374328485,req_soft3
config_73_det1_b10_s8_h10_w250,13,8.88536700979521,133.398136789257,89.83104070976802,109.90143551281658,True,True,81.89486824316675,6.4031242374328485,req_soft3
config_73_det1_b10_s8_h10_w250,14,8.00069163608761,123.875447271731,95.29636287801218,116.14803126470404,True,True,88.19447349264111,6.4031242374328485,req_soft3
config_73_det1_b10_s8_h10_w250,15,7.26352017039033,115.570070080883,98.85930076235732,123.8453402097417,True,True,94.49407874211548,6.4031242374328485,req_soft3
config_73_det1_b10_s8_h10_w250,16,6.12354953275908,107.311001938117,105.19187217756998,134.2598233008586,True,True,100.79368399158984,6.4031242374328485,req_soft3
config_73_det1_b10_s8_h10_w250,17,5.33231413765071,101.419455756059,111.75679155350397,143.42349393007797,True,True,107.09328924106421,6.4031242374328485,req_soft3
config_73_det1_b10_s8_h10_w250,18,4.76253492535128,96.2835680439318,117.28556816590864,152.13376332834355,True,True,113.39289449053858,6.4031242374328485,req_soft3
config_73_det1_b10_s8_h10_w250,19,4.30879220439916,91.0479780688807,124.03126498768141,158.9999432215133,True,True,119.69249974001293,6.4031242374328485,req_soft3
config_73_det1_b10_s8_h10_w250,20,3.94463241538417,86.7228654737704,131.48264318279175,166.58192428952188,True,True,125.9921049894873,6.4031242374328485,req_soft3
config_74_det1_b10_s8_h10_w1000,1,1437.86820833333,1946.65627034505,9.050697486934363,14.260307675502657,False,False,9.999999999999998,6.4031242374328485,req_soft3
config_74_det1_b10_s8_h10_w1000,2,270.273583333333,1110.42730712891,17.800445921380735,27.599282146461707,False,False,19.999999999999996,6.4031242374328485,req_soft3
config_74_det1_b10_s8_h10_w1000,3,108.843,838.393432617188,31.21392117309198,41.34808187812344,False,False,29.999999999999993,6.4031242374328485,req_soft3
config_74_det1_b10_s8_h10_w1000,4,61.6362135416667,660.314829508464,48.65945308981596,55.15422354634321,False,False,39.99999999999999,6.4031242374328485,req_soft3
config_74_det1_b10_s8_h10_w1000,5,41.4805494791667,537.798126220703,65.49092971549572,67.36642245956067,False,False,49.99999999999999,6.4031242374328485,req_soft3
config_74_det1_b10_s8_h10_w1000,6,30.7686484375,452.795272827148,79.61270548725247,81.63876453621772,False,False,59.999999999999986,6.4031242374328485,req_soft3
config_74_det1_b10_s8_h10_w1000,7,24.04661328125,390.392094930013,89.06016996952117,96.19242108918976,False,False,69.99999999999999,6.4031242374328485,req_soft3
config_74_det1_b10_s8_h10_w1000,8,19.4677135416667,342.550003051758,97.36191439674961,109.09689436968914,False,False,79.99999999999999,6.4031242374328485,req_soft3
config_74_det1_b10_s8_h10_w1000,9,16.21081640625,304.876281738281,104.62794646056835,121.80564391229534,True,False,89.99999999999999,6.4031242374328485,req_soft3
config_74_det1_b10_s8_h10_w1000,10,12.85248046875,271.698257446289,110.86474517276547,136.6181106324406,True,False,99.99999999999999,6.4031242374328485,req_soft3
config_74_det1_b10_s8_h10_w1000,11,10.4575859375,248.922744750977,123.10767351297716,150.60521884863235,True,False,109.99999999999999,6.4031242374328485,req_soft3
config_74_det1_b10_s8_h10_w1000,12,8.91555078125,228.986923217773,133.0116251185086,165.0180419428938,True,True,119.99999999999997,6.4031242374328485,req_soft3
config_74_det1_b10_s8_h10_w1000,13,7.87199609375,211.807258605957,143.7323360161751,179.12199055392392,True,True,129.99999999999997,6.4031242374328485,req_soft3
config_74_det1_b10_s8_h10_w1000,14,7.05954296875,196.793830871582,153.62736111556865,192.01258277634943,True,True,139.99999999999997,6.4031242374328485,req_soft3
config_74_det1_b10_s8_h10_w1000,15,6.37659375,183.734001159668,163.28224966466976,206.68226755631994,True,True,149.99999999999997,6.4031242374328485,req_soft3
config_74_det1_b10_s8_h10_w1000,16,5.808765625,172.296012878418,173.2870250640698,222.10627773908396,True,True,159.99999999999997,6.4031242374328485,req_soft3
config_74_det1_b10_s8_h10_w1000,17,5.32770703125,162.19344329834,182.0258032685354,235.13394232507846,True,True,169.99999999999997,6.4031242374328485,req_soft3
config_74_det1_b10_s8_h10_w1000,18,4.91498046875,153.208526611328,193.50430299550905,247.24513533019095,True,True,179.99999999999997,6.4031242374328485,req_soft3
config_74_det1_b10_s8_h10_w1000,19,4.55701953125,145.16609954834,204.9703196671275,261.54720733868805,True,True,189.99999999999997,6.4031242374328485,req_soft3
config_74_det1_b10_s8_h10_w1000,20,4.24378515625,137.92414855957,216.9510409439574,271.6582692976192,True,True,199.99999999999997,6.4031242374328485,req_soft3
config_75_det1_b10_s8_h15_w250,1,1322.68273568211,1231.55614540992,5.485754278128032,8.968347116386608,False,False,6.299605249474365,6.4031242374328485,req_soft3
config_75_det1_b10_s8_h15_w250,2,252.93209269631,694.862830042474,10.840629594262502,17.089218092118784,False,False,12.59921049894873,6.4031242374328485,req_soft3
config_75_det1_b10_s8_h15_w250,3,104.998977908618,525.24000926827,16.164834518175557,20.550191604946168,False,False,18.898815748423097,6.4031242374328485,req_soft3
config_75_det1_b10_s8_h15_w250,4,59.7200348642112,414.304889211797,22.66538936352076,27.946509173776963,False,False,25.19842099789746,6.4031242374328485,req_soft3
config_75_det1_b10_s8_h15_w250,5,39.8568210825817,338.841406453851,27.90297251190274,36.697593585956014,False,False,31.498026247371826,6.4031242374328485,req_soft3
config_75_det1_b10_s8_h15_w250,6,29.1032232969694,285.270286428345,33.298173748720814,45.38410376993248,False,False,37.79763149684619,6.4031242374328485,req_soft3
config_75_det1_b10_s8_h15_w250,7,22.5780158271681,245.899008295199,37.34683888898764,59.827977360094664,False,False,44.097236746320554,6.4031242374328485,req_soft3
config_75_det1_b10_s8_h15_w250,8,18.2704668808745,215.87945345554,43.55806326043434,66.59220581269253,False,False,50.39684199579492,6.4031242374328485,req_soft3
config_75_det1_b10_s8_h15_w250,9,15.2425257500057,192.266813750414,49.76768906630084,79.8835707451789,False,False,56.69644724526929,6.4031242374328485,req_soft3
config_75_det1_b10_s8_h15_w250,10,13.0104568662737,173.233610024881,59.81389784155518,88.09735736672242,True,False,62.99605249474365,6.4031242374328485,req_soft3
config_75_det1_b10_s8_h15_w250,11,11.3050806069729,157.581691801359,73.69260732936515,96.7124926579349,True,False,69.29565774421802,6.4031242374328485,req_soft3
config_75_det1_b10_s8_h15_w250,12,9.96424838716288,144.494696357211,81.31858874205822,103.72988151658346,True,True,75.59526299369239,6.4031242374328485,req_soft3
config_75_det1_b10_s8_h15_w250,13,8.88536700979521,133.398136789257,88.84074726723094,111.26330064061754,True,True,81.89486824316675,6.4031242374328485,req_soft3
config_75_det1_b10_s8_h15_w250,14,8.00069163608761,123.875447271731,93.95238887330113,119.14789012912574,True,True,88.19447349264111,6.4031242374328485,req_soft3
config_75_det1_b10_s8_h15_w250,15,7.26352017039033,115.570070080883,98.34016635863722,131.82333406031643,True,True,94.49407874211548,6.4031242374328485,req_soft3
config_75_det1_b10_s8_h15_w250,16,6.12354953275908,107.311001938117,103.78629719819044,140.85076322121935,True,True,100.79368399158984,6.4031242374328485,req_soft3
config_75_det1_b10_s8_h15_w250,17,5.33231413765071,101.419455756059,111.08280513752891,148.6212701615904,True,True,107.09328924106421,6.4031242374328485,req_soft3
config_75_det1_b10_s8_h15_w250,18,4.76253492535128,96.2835680439318,115.36560356584242,155.26099442193743,True,True,113.39289449053858,6.4031242374328485,req_soft3
config_75_det1_b10_s8_h15_w250,19,4.30879220439916,91.0479780688807,120.33632654402874,161.2777581620534,True,True,119.69249974001293,6.4031242374328485,req_soft3
config_75_det1_b10_s8_h15_w250,20,3.94463241538417,86.7228654737704,128.09768624851202,169.57474179710715,True,True,125.9921049894873,6.4031242374328485,req_soft3
config_76_det1_b10_s8_h15_w1000,1,1437.86820833333,1946.65627034505,9.050697486934363,13.886103665175483,False,False,9.999999999999998,6.4031242374328485,req_soft3
config_76_det1_b10_s8_h15_w1000,2,270.273583333333,1110.42730712891,17.80321249100847,25.63842575120399,False,False,19.999999999999996,6.4031242374328485,req_soft3
config_76_det1_b10_s8_h15_w1000,3,108.843,838.393432617188,28.057073528791275,37.30335608226155,False,False,29.999999999999993,6.4031242374328485,req_soft3
config_76_det1_b10_s8_h15_w1000,4,61.6362135416667,660.314829508464,37.37463544972713,54.84625670909547,False,False,39.99999999999999,6.4031242374328485,req_soft3
config_76_det1_b10_s8_h15_w1000,5,41.4805494791667,537.798126220703,52.54240073502542,69.21499024777796,False,False,49.99999999999999,6.4031242374328485,req_soft3
config_76_det1_b10_s8_h15_w1000,6,30.7686484375,452.795272827148,72.09061918862952,84.78206694224905,False,False,59.999999999999986,6.4031242374328485,req_soft3
config_76_det1_b10_s8_h15_w1000,7,24.04661328125,390.392094930013,89.56283199519766,98.27676671014365,False,False,69.99999999999999,6.4031242374328485,req_soft3
config_76_det1_b10_s8_h15_w1000,8,19.4677135416667,342.550003051758,99.81883276716874,111.70176332787032,True,False,79.99999999999999,6.4031242374328485,req_soft3
config_76_det1_b10_s8_h15_w1000,9,16.21081640625,304.876281738281,104.87922286558424,125.35126506253448,True,False,89.99999999999999,6.4031242374328485,req_soft3
config_76_det1_b10_s8_h15_w1000,10,12.85248046875,271.698257446289,109.84114868501898,139.42639934149247,True,False,99.99999999999999,6.4031242374328485,req_soft3
config_76_det1_b10_s8_h15_w1000,11,10.4575859375,248.922744750977,121.26838783825276,155.08662006189388,True,False,109.99999999999999,6.4031242374328485,req_soft3
config_76_det1_b10_s8_h15_w1000,12,8.91555078125,228.986923217773,129.66069212885353,168.8023951580993,True,True,119.99999999999997,6.4031242374328485,req_soft3
config_76_det1_b10_s8_h15_w1000,13,7.87199609375,211.807258605957,140.43276020533418,181.5158357034204,True,True,129.99999999999997,6.4031242374328485,req_soft3
config_76_det1_b10_s8_h15_w1000,14,7.05954296875,196.793830871582,149.66691750164577,194.945216663554,True,True,139.99999999999997,6.4031242374328485,req_soft3
config_76_det1_b10_s8_h15_w1000,15,6.37659375,183.734001159668,158.51108881645402,209.4925184291262,True,True,149.99999999999997,6.4031242374328485,req_soft3
config_76_det1_b10_s8_h15_w1000,16,5.808765625,172.296012878418,169.0197186063738,221.8568200689605,True,True,159.99999999999997,6.4031242374328485,req_soft3
config_76_det1_b10_s8_h15_w1000,17,5.32770703125,162.19344329834,176.04187869809718,235.3660594572727,True,True,169.99999999999997,6.4031242374328485,req_soft3
config_76_det1_b10_s8_h15_w1000,18,4.91498046875,153.208526611328,185.13517208905617,246.9547501286645,True,True,179.99999999999997,6.4031242374328485,req_soft3
config_76_det1_b10_s8_h15_w1000,19,4.55701953125,145.16609954834,194.0312653786612,258.90323964755635,True,True,189.99999999999997,6.4031242374328485,req_soft3
config_76_det1_b10_s8_h15_w1000,20,4.24378515625,137.92414855957,204.2933042629314,271.97953099043644,True,True,199.99999999999997,6.4031242374328485,req_soft3
config_77_det1_b10_s12_h10_w250,1,1322.68273568211,1231.55614540992,6.429667565278939,8.962407600639462,False,False,6.299605249474365,7.810249675906654,req_soft3
config_77_det1_b10_s12_h10_w250,2,252.93209269631,694.862830042474,11.764618565852443,17.829115934336173,False,False,12.59921049894873,7.810249675906654,req_soft3
config_77_det1_b10_s12_h10_w250,3,104.998977908618,525.24000926827,16.501659007505882,21.5735341332847,False,False,18.898815748423097,7.810249675906654,req_soft3
config_77_det1_b10_s12_h10_w250,4,59.7200348642112,414.304889211797,21.955429282981463,29.833150604654545,False,False,25.19842099789746,7.810249675906654,req_soft3
config_77_det1_b10_s12_h10_w250,5,39.8568210825817,338.841406453851,28.512126805975033,36.8564427882019,False,False,31.498026247371826,7.810249675906654,req_soft3
config_77_det1_b10_s12_h10_w250,6,29.1032232969694,285.270286428345,34.72261330890865,44.444632690573556,False,False,37.79763149684619,7.810249675906654,req_soft3
config_77_det1_b10_s12_h10_w250,7,22.5780158271681,245.899008295199,41.95228092726306,51.07985292656978,False,False,44.097236746320554,7.810249675906654,req_soft3
config_77_det1_b10_s12_h10_w250,8,18.2704668808745,215.87945345554,49.701638554478265,59.047484070026215,False,False,50.39684199579492,7.810249675906654,req_soft3
config_77_det1_b10_s12_h10_w250,9,15.2425257500057,192.266813750414,57.909510229322436,66.8244257364027,False,False,56.69644724526929,7.810249675906654,req_soft3
config_77_det1_b10_s12_h10_w250,10,13.0104568662737,173.233610024881,66.67247464283894,76.02200914866694,True,False,62.99605249474365,7.810249675906654,req_soft3
config_77_det1_b10_s12_h10_w250,11,11.3050806069729,157.581691801359,71.236369748886,83.94978781986289,True,False,69.29565774421802,7.810249675906654,req_soft3
config_77_det1_b10_s12_h10_w250,12,9.96424838716288,144.494696357211,78.58769544273453,91.13698343702188,True,True,75.59526299369239,7.810249675906654,req_soft3
config_77_det1_b10_s12_h10_w250,13,8.88536700979521,133.398136789257,82.94424717175319,100.24184955784574,True,True,81.89486824316675,7.810249675906654,req_soft3
config_77_det1_b10_s12_h10_w250,14,8.00069163608761,123.875447271731,89.87172888499352,108.25429629657506,True,True,88.19447349264111,7.810249675906654,req_soft3
config_77_det1_b10_s12_h10_w250,15,7.26352017039033,115.570070080883,95.35550172031677,113.97774746268092,True,True,94.49407874211548,7.810249675906654,req_soft3
config_77_det1_b10_s12_h10_w250,16,6.12354953275908,107.311001938117,101.49748861151414,122.7240429672288,True,True,100.79368399158984,7.810249675906654,req_soft3
config_77_det1_b10_s12_h10_w250,17,5.33231413765071,101.419455756059,108.20878597004547,130.67138118620738,True,True,107.09328924106421,7.810249675906654,req_soft3
config_77_det1_b10_s12_h10_w250,18,4.76253492535128,96.2835680439318,117.50501366372038,137.9085722196654,True,True,113.39289449053858,7.810249675906654,req_soft3
config_77_det1_b10_s12_h10_w250,19,4.30879220439916,91.0479780688807,122.71010791020164,145.43864208356425,True,True,119.69249974001293,7.810249675906654,req_soft3
config_77_det1_b10_s12_h10_w250,20,3.94463241538417,86.7228654737704,129.5026066339979,152.84923127055626,True,True,125.9921049894873,7.810249675906654,req_soft3
config_78_det1_b10_s12_h10_w1000,1,1437.86820833333,1946.65627034505,9.584870891149238,15.161047951906225,False,False,9.999999999999998,7.810249675906654,req_soft3
config_78_det1_b10_s12_h10_w1000,2,270.273583333333,1110.42730712891,17.848035606194873,25.324304037821058,False,False,19.999999999999996,7.810249675906654,req_soft3
config_78_det1_b10_s12_h10_w1000,3,108.843,838.393432617188,27.515066327377806,36.82790212596965,False,False,29.999999999999993,7.810249675906654,req_soft3
config_78_det1_b10_s12_h10_w1000,4,61.6362135416667,660.314829508464,41.294877103582714,48.19318286853443,False,False,39.99999999999999,7.810249675906654,req_soft3
config_78_det1_b10_s12_h10_w1000,5,41.4805494791667,537.798126220703,55.20046535129935,61.78760696935915,False,False,49.99999999999999,7.810249675906654,req_soft3
config_78_det1_b10_s12_h10_w1000,6,30.7686484375,452.795272827148,68.16417222412373,73.43449376825579,False,False,59.999999999999986,7.810249675906654,req_soft3
config_78_det1_b10_s12_h10_w1000,7,24.04661328125,390.392094930013,83.37458470661188,86.61825947801076,False,False,69.99999999999999,7.810249675906654,req_soft3
config_78_det1_b10_s12_h10_w1000,8,19.4677135416667,342.550003051758,90.9313305467373,98.17594395890586,False,False,79.99999999999999,7.810249675906654,req_soft3
config_78_det1_b10_s12_h10_w1000,9,16.21081640625,304.876281738281,102.48013703206641,112.5099972101245,True,False,89.99999999999999,7.810249675906654,req_soft3
config_78_det1_b10_s12_h10_w1000,10,12.85248046875,271.698257446289,108.63513857557015,125.61777032817538,True,False,99.99999999999999,7.810249675906654,req_soft3
config_78_det1_b10_s12_h10_w1000,11,10.4575859375,248.922744750977,121.59883554358387,138.0483652162853,True,False,109.99999999999999,7.810249675906654,req_soft3
config_78_det1_b10_s12_h10_w1000,12,8.91555078125,228.986923217773,132.5985199242854,152.02705808141155,True,True,119.99999999999997,7.810249675906654,req_soft3
config_78_det1_b10_s12_h10_w1000,13,7.87199609375,211.807258605957,148.73874518579362,163.70124804384088,True,True,129.99999999999997,7.810249675906654,req_soft3
config_78_det1_b10_s12_h10_w1000,14,7.05954296875,196.793830871582,161.69980330504083,178.69130349416685,True,True,139.99999999999997,7.810249675906654,req_soft3
config_78_det1_b10_s12_h10_w1000,15,6.37659375,183.734001159668,172.54604457941073,193.32791299872983,True,True,149.99999999999997,7.810249675906654,req_soft3
config_78_det1_b10_s12_h10_w1000,16,5.808765625,172.296012878418,184.31212581439732,207.6775512128785,True,True,159.99999999999997,7.810249675906654,req_soft3
config_78_det1_b10_s12_h10_w1000,17,5.32770703125,162.19344329834,197.35137516059467,221.04265236977832,True,True,169.99999999999997,7.810249675906654,req_soft3
config_78_det1_b10_s12_h10_w1000,18,4.91498046875,153.208526611328,209.28048364177042,233.5562357929622,True,True,179.99999999999997,7.810249675906654,req_soft3
config_78_det1_b10_s12_h10_w1000,19,4.55701953125,145.16609954834,220.01259749286075,247.2516683462419,True,True,189.99999999999997,7.810249675906654,req_soft3
config_78_det1_b10_s12_h10_w1000,20,4.24378515625,137.92414855957,233.08680726764055,260.5670046051282,True,True,199.99999999999997,7.810249675906654,req_soft3
config_79_det1_b10_s12_h15_w250,1,1322.68273568211,1231.55614540992,6.429667565278939,8.962407600639462,False,False,6.299605249474365,7.810249675906654,req_soft3
config_79_det1_b10_s12_h15_w250,2,252.93209269631,694.862830042474,11.764618565852443,17.11037331562348,False,False,12.59921049894873,7.810249675906654,req_soft3
config_79_det1_b10_s12_h15_w250,3,104.998977908618,525.24000926827,16.501659007505882,20.983776471359963,False,False,18.898815748423097,7.810249675906654,req_soft3
config_79_det1_b10_s12_h15_w250,4,59.7200348642112,414.304889211797,21.165865798497354,25.724781340178577,False,False,25.19842099789746,7.810249675906654,req_soft3
config_79_det1_b10_s12_h15_w250,5,39.8568210825817,338.841406453851,27.43124814878098,33.993438705138374,False,False,31.498026247371826,7.810249675906654,req_soft3
config_79_det1_b10_s12_h15_w250,6,29.1032232969694,285.270286428345,32.715376736329965,41.02389395218353,False,False,37.79763149684619,7.810249675906654,req_soft3
config_79_det1_b10_s12_h15_w250,7,22.5780158271681,245.899008295199,36.707531584131345,47.43391587250625,False,False,44.097236746320554,7.810249675906654,req_soft3
config_79_det1_b10_s12_h15_w250,8,18.2704668808745,215.87945345554,42.21225977130341,55.28900320136003,False,False,50.39684199579492,7.810249675906654,req_soft3
config_79_det1_b10_s12_h15_w250,9,15.2425257500057,192.266813750414,47.450246311267975,64.04581465638485,False,False,56.69644724526929,7.810249675906654,req_soft3
config_79_det1_b10_s12_h15_w250,10,13.0104568662737,173.233610024881,53.100606164148445,72.87088153027929,True,False,62.99605249474365,7.810249675906654,req_soft3
config_79_det1_b10_s12_h15_w250,11,11.3050806069729,157.581691801359,58.23162263753261,83.26594667089302,True,False,69.29565774421802,7.810249675906654,req_soft3
config_79_det1_b10_s12_h15_w250,12,9.96424838716288,144.494696357211,63.79998726488901,92.73048656665664,True,True,75.59526299369239,7.810249675906654,req_soft3
config_79_det1_b10_s12_h15_w250,13,8.88536700979521,133.398136789257,70.70518987316278,102.34447604916338,True,True,81.89486824316675,7.810249675906654,req_soft3
config_79_det1_b10_s12_h15_w250,14,8.00069163608761,123.875447271731,76.81063321572086,109.70149516604897,True,True,88.19447349264111,7.810249675906654,req_soft3
config_79_det1_b10_s12_h15_w250,15,7.26352017039033,115.570070080883,84.01597111726899,116.86994201770712,True,True,94.49407874211548,7.810249675906654,req_soft3
config_79_det1_b10_s12_h15_w250,16,6.12354953275908,107.311001938117,87.57078501925679,123.85880850567085,True,True,100.79368399158984,7.810249675906654,req_soft3
config_79_det1_b10_s12_h15_w250,17,5.33231413765071,101.419455756059,98.4256808601179,131.61747519906987,True,True,107.09328924106421,7.810249675906654,req_soft3
config_79_det1_b10_s12_h15_w250,18,4.76253492535128,96.2835680439318,108.45695536325306,139.67266792993777,True,True,113.39289449053858,7.810249675906654,req_soft3
config_79_det1_b10_s12_h15_w250,19,4.30879220439916,91.0479780688807,116.42458443606793,145.41560649088225,True,True,119.69249974001293,7.810249675906654,req_soft3
config_79_det1_b10_s12_h15_w250,20,3.94463241538417,86.7228654737704,123.58626412573346,153.2439911818187,True,True,125.9921049894873,7.810249675906654,req_soft3
config_80_det1_b10_s12_h15_w1000,1,1437.86820833333,1946.65627034505,9.39227075844814,14.093611141222818,False,False,9.999999999999998,7.810249675906654,req_soft3
config_80_det1_b10_s12_h15_w1000,2,270.273583333333,1110.42730712891,17.29850427060097,23.941457244704214,False,False,19.999999999999996,7.810249675906654,req_soft3
config_80_det1_b10_s12_h15_w1000,3,108.843,838.393432617188,27.427356325391624,35.49180715320087,False,False,29.999999999999993,7.810249675906654,req_soft3
config_80_det1_b10_s12_h15_w1000,4,61.6362135416667,660.314829508464,36.71104568110257,46.06800272423366,False,False,39.99999999999999,7.810249675906654,req_soft3
config_80_det1_b10_s12_h15_w1000,5,41.4805494791667,537.798126220703,44.646487823791915,58.42908415335637,False,False,49.99999999999999,7.810249675906654,req_soft3
config_80_det1_b10_s12_h15_w1000,6,30.7686484375,452.795272827148,57.14270622747929,73.83034183179703,False,False,59.999999999999986,7.810249675906654,req_soft3
config_80_det1_b10_s12_h15_w1000,7,24.04661328125,390.392094930013,68.45316921078235,89.7724950917596,False,False,69.99999999999999,7.810249675906654,req_soft3
config_80_det1_b10_s12_h15_w1000,8,19.4677135416667,342.550003051758,82.03162728484666,102.09325006254494,False,False,79.99999999999999,7.810249675906654,req_soft3
config_80_det1_b10_s12_h15_w1000,9,16.21081640625,304.876281738281,91.37748947817146,114.95135045845359,True,False,89.99999999999999,7.810249675906654,req_soft3
config_80_det1_b10_s12_h15_w1000,10,12.85248046875,271.698257446289,102.46525881433612,129.97010633859875,True,False,99.99999999999999,7.810249675906654,req_soft3
config_80_det1_b10_s12_h15_w1000,11,10.4575859375,248.922744750977,114.42649587544544,141.33671571227816,True,False,109.99999999999999,7.810249675906654,req_soft3
config_80_det1_b10_s12_h15_w1000,12,8.91555078125,228.986923217773,126.32893962236487,154.6446778550393,True,True,119.99999999999997,7.810249675906654,req_soft3
config_80_det1_b10_s12_h15_w1000,13,7.87199609375,211.807258605957,138.67792897974468,169.39558812961388,True,True,129.99999999999997,7.810249675906654,req_soft3
config_80_det1_b10_s12_h15_w1000,14,7.05954296875,196.793830871582,149.74515749914735,183.99620693554164,True,True,139.99999999999997,7.810249675906654,req_soft3
config_80_det1_b10_s12_h15_w1000,15,6.37659375,183.734001159668,162.908439689975,196.91187749853992,True,True,149.99999999999997,7.810249675906654,req_soft3
config_80_det1_b10_s12_h15_w1000,16,5.808765625,172.296012878418,173.18842901430926,210.2367415557994,True,True,159.99999999999997,7.810249675906654,req_soft3
config_80_det1_b10_s12_h15_w1000,17,5.32770703125,162.19344329834,185.64062878463744,225.47836493897938,True,True,169.99999999999997,7.810249675906654,req_soft3
config_80_det1_b10_s12_h15_w1000,18,4.91498046875,153.208526611328,196.67198792236107,236.16715772708298,True,True,179.99999999999997,7.810249675906654,req_soft3
config_80_det1_b10_s12_h15_w1000,19,4.55701953125,145.16609954834,208.56348287485247,250.12107901307849,True,True,189.99999999999997,7.810249675906654,req_soft3
config_80_det1_b10_s12_h15_w1000,20,4.24378515625,137.92414855957,217.79586199007545,261.56586965173165,True,True,199.99999999999997,7.810249675906654,req_soft3
config_81_det2_b10_s8_h10_w250,1,1322.68273568211,1231.55614540992,6.746119254801237,10.609588823323929,False,False,6.299605249474365,4.0,req_soft3
config_81_det2_b10_s8_h10_w250,2,252.93209269631,694.862830042474,12.179547405384158,16.637138425823114,False,False,12.59921049894873,4.0,req_soft3
config_81_det2_b10_s8_h10_w250,3,104.998977908618,525.24000926827,17.87765015319407,24.95854312655288,False,False,18.898815748423097,4.0,req_soft3
config_81_det2_b10_s8_h10_w250,4,59.7200348642112,414.304889211797,24.3828500179942,35.1559507765044,False,False,25.19842099789746,4.0,req_soft3
config_81_det2_b10_s8_h10_w250,5,39.8568210825817,338.841406453851,31.93583997642774,43.7521413761658,False,False,31.498026247371826,4.0,req_soft3
config_81_det2_b10_s8_h10_w250,6,29.1032232969694,285.270286428345,42.796499564800854,54.26496452592593,False,False,37.79763149684619,4.0,req_soft3
config_81_det2_b10_s8_h10_w250,7,22.5780158271681,245.899008295199,56.5329538853225,60.10385490964785,False,False,44.097236746320554,4.0,req_soft3
config_81_det2_b10_s8_h10_w250,8,18.2704668808745,215.87945345554,63.67323515418389,71.80150677388323,False,False,50.39684199579492,4.0,req_soft3
config_81_det2_b10_s8_h10_w250,9,15.2425257500057,192.266813750414,72.07874079782471,78.1486940070018,True,False,56.69644724526929,4.0,req_soft3
config_81_det2_b10_s8_h10_w250,10,13.0104568662737,173.233610024881,78.31329947716415,87.7736827015934,True,False,62.99605249474365,4.0,req_soft3
config_81_det2_b10_s8_h10_w250,11,11.3050806069729,157.581691801359,82.97990946608702,94.10747778471166,True,False,69.29565774421802,4.0,req_soft3
config_81_det2_b10_s8_h10_w250,12,9.96424838716288,144.494696357211,90.40857467629937,100.93353691910335,True,True,75.59526299369239,4.0,req_soft3
config_81_det2_b10_s8_h10_w250,13,8.88536700979521,133.398136789257,94.76286917880864,109.77780532360204,True,True,81.89486824316675,4.0,req_soft3
config_81_det2_b10_s8_h10_w250,14,8.00069163608761,123.875447271731,99.32014083256225,118.10526078460688,True,True,88.19447349264111,4.0,req_soft3
config_81_det2_b10_s8_h10_w250,15,7.26352017039033,115.570070080883,102.92850613411233,123.82621693324882,True,True,94.49407874211548,4.0,req_soft3
config_81_det2_b10_s8_h10_w250,16,6.12354953275908,107.311001938117,106.36402293538919,133.89823789397346,True,True,100.79368399158984,4.0,req_soft3
config_81_det2_b10_s8_h10_w250,17,5.33231413765071,101.419455756059,109.1732727644963,139.14042437208693,True,True,107.09328924106421,4.0,req_soft3
config_81_det2_b10_s8_h10_w250,18,4.76253492535128,96.2835680439318,112.78032709899168,147.40297854294985,True,True,113.39289449053858,4.0,req_soft3
config_81_det2_b10_s8_h10_w250,19,4.30879220439916,91.0479780688807,117.07428488167483,156.6269586203686,True,True,119.69249974001293,4.0,req_soft3
config_81_det2_b10_s8_h10_w250,20,3.94463241538417,86.7228654737704,124.25652570611956,162.99169627792563,True,True,125.9921049894873,4.0,req_soft3
config_82_det2_b10_s8_h10_w1000,1,1437.86820833333,1946.65627034505,10.650416658516228,14.502323089767376,False,False,9.999999999999998,4.0,req_soft3
config_82_det2_b10_s8_h10_w1000,2,270.273583333333,1110.42730712891,19.877962043428894,30.32448474417991,False,False,19.999999999999996,4.0,req_soft3
config_82_det2_b10_s8_h10_w1000,3,108.843,838.393432617188,37.78181275428695,43.55063001840501,False,False,29.999999999999993,4.0,req_soft3
config_82_det2_b10_s8_h10_w1000,4,61.6362135416667,660.314829508464,55.480833402175925,58.40170695279377,False,False,39.99999999999999,4.0,req_soft3
config_82_det2_b10_s8_h10_w1000,5,41.4805494791667,537.798126220703,69.90803870085328,70.34246850232084,False,False,49.99999999999999,4.0,req_soft3
config_82_det2_b10_s8_h10_w1000,6,30.7686484375,452.795272827148,82.95441745320136,82.69638671066589,False,False,59.999999999999986,4.0,req_soft3
config_82_det2_b10_s8_h10_w1000,7,24.04661328125,390.392094930013,92.35548372998757,97.17857467055174,False,False,69.99999999999999,4.0,req_soft3
config_82_det2_b10_s8_h10_w1000,8,19.4677135416667,342.550003051758,98.60367830360082,107.75143496079814,False,False,79.99999999999999,4.0,req_soft3
config_82_det2_b10_s8_h10_w1000,9,16.21081640625,304.876281738281,105.75044345848706,121.19441096849309,True,False,89.99999999999999,4.0,req_soft3
config_82_det2_b10_s8_h10_w1000,10,12.85248046875,271.698257446289,110.60024129720513,135.3365825759367,True,False,99.99999999999999,4.0,req_soft3
config_82_det2_b10_s8_h10_w1000,11,10.4575859375,248.922744750977,117.63910955639805,148.9741728175279,True,False,109.99999999999999,4.0,req_soft3
config_82_det2_b10_s8_h10_w1000,12,8.91555078125,228.986923217773,127.94144070628562,161.9750280821776,True,True,119.99999999999997,4.0,req_soft3
config_82_det2_b10_s8_h10_w1000,13,7.87199609375,211.807258605957,137.65224863966282,176.4694929568407,True,True,129.99999999999997,4.0,req_soft3
config_82_det2_b10_s8_h10_w1000,14,7.05954296875,196.793830871582,148.312259739001,191.0115870540028,True,True,139.99999999999997,4.0,req_soft3
config_82_det2_b10_s8_h10_w1000,15,6.37659375,183.734001159668,160.56730589451337,201.9428102486224,True,True,149.99999999999997,4.0,req_soft3
config_82_det2_b10_s8_h10_w1000,16,5.808765625,172.296012878418,171.23305674495865,217.04346402916116,True,True,159.99999999999997,4.0,req_soft3
config_82_det2_b10_s8_h10_w1000,17,5.32770703125,162.19344329834,183.08766494648282,231.49175351282915,True,True,169.99999999999997,4.0,req_soft3
config_82_det2_b10_s8_h10_w1000,18,4.91498046875,153.208526611328,200.1817611572043,244.0615103479722,True,True,179.99999999999997,4.0,req_soft3
config_82_det2_b10_s8_h10_w1000,19,4.55701953125,145.16609954834,208.53220841022247,258.44384464199055,True,True,189.99999999999997,4.0,req_soft3
config_82_det2_b10_s8_h10_w1000,20,4.24378515625,137.92414855957,220.24112732790547,265.55013912421305,True,True,199.99999999999997,4.0,req_soft3
config_83_det2_b10_s8_h15_w250,1,1322.68273568211,1231.55614540992,6.746119254801237,10.609588823323929,False,False,6.299605249474365,4.0,req_soft3
config_83_det2_b10_s8_h15_w250,2,252.93209269631,694.862830042474,12.179547405384158,16.20865123938448,False,False,12.59921049894873,4.0,req_soft3
config_83_det2_b10_s8_h15_w250,3,104.998977908618,525.24000926827,17.87765015319407,24.6684793815914,False,False,18.898815748423097,4.0,req_soft3
config_83_det2_b10_s8_h15_w250,4,59.7200348642112,414.304889211797,24.379589311553218,30.56221318883827,False,False,25.19842099789746,4.0,req_soft3
config_83_det2_b10_s8_h15_w250,5,39.8568210825817,338.841406453851,30.962943577767284,42.060591710055625,False,False,31.498026247371826,4.0,req_soft3
config_83_det2_b10_s8_h15_w250,6,29.1032232969694,285.270286428345,36.66588162038382,54.28508888267569,False,False,37.79763149684619,4.0,req_soft3
config_83_det2_b10_s8_h15_w250,7,22.5780158271681,245.899008295199,41.38111737254083,64.31876767320716,False,False,44.097236746320554,4.0,req_soft3
config_83_det2_b10_s8_h15_w250,8,18.2704668808745,215.87945345554,47.402867792993284,73.44084609398232,False,False,50.39684199579492,4.0,req_soft3
config_83_det2_b10_s8_h15_w250,9,15.2425257500057,192.266813750414,52.72705069506542,83.91091928348776,True,False,56.69644724526929,4.0,req_soft3
config_83_det2_b10_s8_h15_w250,10,13.0104568662737,173.233610024881,64.57025534253368,92.45024810675199,True,False,62.99605249474365,4.0,req_soft3
config_83_det2_b10_s8_h15_w250,11,11.3050806069729,157.581691801359,74.35095745852907,98.7384670480558,True,False,69.29565774421802,4.0,req_soft3
config_83_det2_b10_s8_h15_w250,12,9.96424838716288,144.494696357211,84.14086328889191,105.19166719480312,True,True,75.59526299369239,4.0,req_soft3
config_83_det2_b10_s8_h15_w250,13,8.88536700979521,133.398136789257,92.33132391014438,115.02178096874619,True,True,81.89486824316675,4.0,req_soft3
config_83_det2_b10_s8_h15_w250,14,8.00069163608761,123.875447271731,98.44719841112799,121.46852198546475,True,True,88.19447349264111,4.0,req_soft3
config_83_det2_b10_s8_h15_w250,15,7.26352017039033,115.570070080883,102.6260755120257,129.65984140134609,True,True,94.49407874211548,4.0,req_soft3
config_83_det2_b10_s8_h15_w250,16,6.12354953275908,107.311001938117,106.37193232291641,138.64135225666098,True,True,100.79368399158984,4.0,req_soft3
config_83_det2_b10_s8_h15_w250,17,5.33231413765071,101.419455756059,108.60995100971796,143.57619260634172,True,True,107.09328924106421,4.0,req_soft3
config_83_det2_b10_s8_h15_w250,18,4.76253492535128,96.2835680439318,116.00076095296386,154.54295968723028,True,True,113.39289449053858,4.0,req_soft3
config_83_det2_b10_s8_h15_w250,19,4.30879220439916,91.0479780688807,120.51258526947852,161.70000944822345,True,True,119.69249974001293,4.0,req_soft3
config_83_det2_b10_s8_h15_w250,20,3.94463241538417,86.7228654737704,128.11554653471563,168.8680739183369,True,True,125.9921049894873,4.0,req_soft3
config_84_det2_b10_s8_h15_w1000,1,1437.86820833333,1946.65627034505,10.650416658516228,14.502323089767376,False,False,9.999999999999998,4.0,req_soft3
config_84_det2_b10_s8_h15_w1000,2,270.273583333333,1110.42730712891,19.87416350440943,26.405167581365582,False,False,19.999999999999996,4.0,req_soft3
config_84_det2_b10_s8_h15_w1000,3,108.843,838.393432617188,31.580862480306013,41.73700845772251,False,False,29.999999999999993,4.0,req_soft3
config_84_det2_b10_s8_h15_w1000,4,61.6362135416667,660.314829508464,42.87769670819551,58.01158828199759,False,False,39.99999999999999,4.0,req_soft3
config_84_det2_b10_s8_h15_w1000,5,41.4805494791667,537.798126220703,60.97871657389979,72.9005889893902,False,False,49.99999999999999,4.0,req_soft3
config_84_det2_b10_s8_h15_w1000,6,30.7686484375,452.795272827148,77.8387909399934,88.20601665986283,False,False,59.999999999999986,4.0,req_soft3
config_84_det2_b10_s8_h15_w1000,7,24.04661328125,390.392094930013,92.51213636599255,99.6624070299328,False,False,69.99999999999999,4.0,req_soft3
config_84_det2_b10_s8_h15_w1000,8,19.4677135416667,342.550003051758,101.61514097318371,113.43147723527971,True,False,79.99999999999999,4.0,req_soft3
config_84_det2_b10_s8_h15_w1000,9,16.21081640625,304.876281738281,107.28905394877067,126.0139433422614,True,False,89.99999999999999,4.0,req_soft3
config_84_det2_b10_s8_h15_w1000,10,12.85248046875,271.698257446289,112.76640685012929,141.39648775694536,True,False,99.99999999999999,4.0,req_soft3
config_84_det2_b10_s8_h15_w1000,11,10.4575859375,248.922744750977,120.6738079148357,156.77660592915853,True,False,109.99999999999999,4.0,req_soft3
config_84_det2_b10_s8_h15_w1000,12,8.91555078125,228.986923217773,129.9862228810765,169.78232387383557,True,True,119.99999999999997,4.0,req_soft3
config_84_det2_b10_s8_h15_w1000,13,7.87199609375,211.807258605957,139.20990545854767,181.8221467686364,True,True,129.99999999999997,4.0,req_soft3
config_84_det2_b10_s8_h15_w1000,14,7.05954296875,196.793830871582,147.43941787881707,197.1048614034897,True,True,139.99999999999997,4.0,req_soft3
config_84_det2_b10_s8_h15_w1000,15,6.37659375,183.734001159668,163.8053511200277,208.14677980801065,True,True,149.99999999999997,4.0,req_soft3
config_84_det2_b10_s8_h15_w1000,16,5.808765625,172.296012878418,170.54529782761855,221.17483971334133,True,True,159.99999999999997,4.0,req_soft3
config_84_det2_b10_s8_h15_w1000,17,5.32770703125,162.19344329834,184.02996057405676,235.52997862975604,True,True,169.99999999999997,4.0,req_soft3
config_84_det2_b10_s8_h15_w1000,18,4.91498046875,153.208526611328,195.68838252577885,245.47846420590318,True,True,179.99999999999997,4.0,req_soft3
config_84_det2_b10_s8_h15_w1000,19,4.55701953125,145.16609954834,206.78603743429528,258.37342430847815,True,True,189.99999999999997,4.0,req_soft3
config_84_det2_b10_s8_h15_w1000,20,4.24378515625,137.92414855957,215.72668858225833,266.6389438714624,True,True,199.99999999999997,4.0,req_soft3
config_85_det2_b10_s12_h10_w250,1,1322.68273568211,1231.55614540992,6.910653008218543,8.880899447691094,False,False,6.299605249474365,6.0,req_soft3
config_85_det2_b10_s12_h10_w250,2,252.93209269631,694.862830042474,13.041448347480427,15.906614190329757,False,False,12.59921049894873,6.0,req_soft3
config_85_det2_b10_s12_h10_w250,3,104.998977908618,525.24000926827,17.474420591252805,21.879610942610473,False,False,18.898815748423097,6.0,req_soft3
config_85_det2_b10_s12_h10_w250,4,59.7200348642112,414.304889211797,23.630010050780765,32.56068756952162,False,False,25.19842099789746,6.0,req_soft3
config_85_det2_b10_s12_h10_w250,5,39.8568210825817,338.841406453851,30.446598742716727,36.025662728116465,False,False,31.498026247371826,6.0,req_soft3
config_85_det2_b10_s12_h10_w250,6,29.1032232969694,285.270286428345,37.60721174189865,47.795191965301285,False,False,37.79763149684619,6.0,req_soft3
config_85_det2_b10_s12_h10_w250,7,22.5780158271681,245.899008295199,46.53567851659628,57.16003739501925,False,False,44.097236746320554,6.0,req_soft3
config_85_det2_b10_s12_h10_w250,8,18.2704668808745,215.87945345554,55.37765682114042,62.79460864596577,False,False,50.39684199579492,6.0,req_soft3
config_85_det2_b10_s12_h10_w250,9,15.2425257500057,192.266813750414,62.023268819048866,71.76978734119253,False,False,56.69644724526929,6.0,req_soft3
config_85_det2_b10_s12_h10_w250,10,13.0104568662737,173.233610024881,75.43095766991163,80.44577909996272,True,False,62.99605249474365,6.0,req_soft3
config_85_det2_b10_s12_h10_w250,11,11.3050806069729,157.581691801359,84.02324901478161,87.71478424416262,True,False,69.29565774421802,6.0,req_soft3
config_85_det2_b10_s12_h10_w250,12,9.96424838716288,144.494696357211,90.08283618425877,95.04456520496055,True,True,75.59526299369239,6.0,req_soft3
config_85_det2_b10_s12_h10_w250,13,8.88536700979521,133.398136789257,97.59627746487055,103.26675778724191,True,True,81.89486824316675,6.0,req_soft3
config_85_det2_b10_s12_h10_w250,14,8.00069163608761,123.875447271731,99.84885083910024,108.00216606624146,True,True,88.19447349264111,6.0,req_soft3
config_85_det2_b10_s12_h10_w250,15,7.26352017039033,115.570070080883,104.43649020390866,115.18366746201477,True,True,94.49407874211548,6.0,req_soft3
config_85_det2_b10_s12_h10_w250,16,6.12354953275908,107.311001938117,108.34800842911488,123.1239368820431,True,True,100.79368399158984,6.0,req_soft3
config_85_det2_b10_s12_h10_w250,17,5.33231413765071,101.419455756059,112.2527160646409,129.87248115405785,True,True,107.09328924106421,6.0,req_soft3
config_85_det2_b10_s12_h10_w250,18,4.76253492535128,96.2835680439318,118.82920872926076,136.37641138896907,True,True,113.39289449053858,6.0,req_soft3
config_85_det2_b10_s12_h10_w250,19,4.30879220439916,91.0479780688807,125.20148855389503,144.03014296782925,True,True,119.69249974001293,6.0,req_soft3
config_85_det2_b10_s12_h10_w250,20,3.94463241538417,86.7228654737704,131.32545360244865,150.99201137808583,True,True,125.9921049894873,6.0,req_soft3
config_86_det2_b10_s12_h10_w1000,1,1437.86820833333,1946.65627034505,10.871033759491322,14.580993621835242,False,False,9.999999999999998,6.0,req_soft3
config_86_det2_b10_s12_h10_w1000,2,270.273583333333,1110.42730712891,19.739665017421142,28.6559570595714,False,False,19.999999999999996,6.0,req_soft3
config_86_det2_b10_s12_h10_w1000,3,108.843,838.393432617188,30.288122672097057,39.365357549500295,False,False,29.999999999999993,6.0,req_soft3
config_86_det2_b10_s12_h10_w1000,4,61.6362135416667,660.314829508464,48.20092193101705,54.34864648728614,False,False,39.99999999999999,6.0,req_soft3
config_86_det2_b10_s12_h10_w1000,5,41.4805494791667,537.798126220703,69.749669354055,64.8141988687664,False,False,49.99999999999999,6.0,req_soft3
config_86_det2_b10_s12_h10_w1000,6,30.7686484375,452.795272827148,80.99752079539225,75.95944230311329,False,False,59.999999999999986,6.0,req_soft3
config_86_det2_b10_s12_h10_w1000,7,24.04661328125,390.392094930013,94.77580057694053,89.63426730330315,False,False,69.99999999999999,6.0,req_soft3
config_86_det2_b10_s12_h10_w1000,8,19.4677135416667,342.550003051758,102.02357931434827,99.03234509492341,False,False,79.99999999999999,6.0,req_soft3
config_86_det2_b10_s12_h10_w1000,9,16.21081640625,304.876281738281,107.69543017489441,110.54195319726654,True,False,89.99999999999999,6.0,req_soft3
config_86_det2_b10_s12_h10_w1000,10,12.85248046875,271.698257446289,112.10622250794108,123.10771119452897,True,False,99.99999999999999,6.0,req_soft3
config_86_det2_b10_s12_h10_w1000,11,10.4575859375,248.922744750977,125.39547467689752,134.79708216838787,True,False,109.99999999999999,6.0,req_soft3
config_86_det2_b10_s12_h10_w1000,12,8.91555078125,228.986923217773,139.29375135542395,147.44469302080697,True,True,119.99999999999997,6.0,req_soft3
config_86_det2_b10_s12_h10_w1000,13,7.87199609375,211.807258605957,148.46112332489233,159.08508816912345,True,True,129.99999999999997,6.0,req_soft3
config_86_det2_b10_s12_h10_w1000,14,7.05954296875,196.793830871582,161.7174318062218,172.7557966546355,True,True,139.99999999999997,6.0,req_soft3
config_86_det2_b10_s12_h10_w1000,15,6.37659375,183.734001159668,169.45945098393827,182.6376307518981,True,True,149.99999999999997,6.0,req_soft3
config_86_det2_b10_s12_h10_w1000,16,5.808765625,172.296012878418,180.54625438436054,200.01832902122857,True,True,159.99999999999997,6.0,req_soft3
config_86_det2_b10_s12_h10_w1000,17,5.32770703125,162.19344329834,191.90658534818442,209.74008717140046,True,True,169.99999999999997,6.0,req_soft3
config_86_det2_b10_s12_h10_w1000,18,4.91498046875,153.208526611328,199.24826431699057,225.2056930156666,True,True,179.99999999999997,6.0,req_soft3
config_86_det2_b10_s12_h10_w1000,19,4.55701953125,145.16609954834,209.95722778699474,233.9753756036923,True,True,189.99999999999997,6.0,req_soft3
config_86_det2_b10_s12_h10_w1000,20,4.24378515625,137.92414855957,226.48286359016217,250.61216994037267,True,True,199.99999999999997,6.0,req_soft3
config_87_det2_b10_s12_h15_w250,1,1322.68273568211,1231.55614540992,6.910653008218543,8.880899447691094,False,False,6.299605249474365,6.0,req_soft3
config_87_det2_b10_s12_h15_w250,2,252.93209269631,694.862830042474,13.041448347480427,15.906614190329757,False,False,12.59921049894873,6.0,req_soft3
config_87_det2_b10_s12_h15_w250,3,104.998977908618,525.24000926827,17.474420591252805,21.879610942610473,False,False,18.898815748423097,6.0,req_soft3
config_87_det2_b10_s12_h15_w250,4,59.7200348642112,414.304889211797,23.625544967259483,30.53850643040684,False,False,25.19842099789746,6.0,req_soft3
config_87_det2_b10_s12_h15_w250,5,39.8568210825817,338.841406453851,30.44548201293584,34.93973919479079,False,False,31.498026247371826,6.0,req_soft3
config_87_det2_b10_s12_h15_w250,6,29.1032232969694,285.270286428345,37.387088346112215,41.0702797044286,False,False,37.79763149684619,6.0,req_soft3
config_87_det2_b10_s12_h15_w250,7,22.5780158271681,245.899008295199,41.640693738217195,54.01077554525578,False,False,44.097236746320554,6.0,req_soft3
config_87_det2_b10_s12_h15_w250,8,18.2704668808745,215.87945345554,45.921959616288156,59.846310454363014,False,False,50.39684199579492,6.0,req_soft3
config_87_det2_b10_s12_h15_w250,9,15.2425257500057,192.266813750414,50.47829607861185,69.20026643734835,True,False,56.69644724526929,6.0,req_soft3
config_87_det2_b10_s12_h15_w250,10,13.0104568662737,173.233610024881,57.36164550464012,77.47191991295944,True,False,62.99605249474365,6.0,req_soft3
config_87_det2_b10_s12_h15_w250,11,11.3050806069729,157.581691801359,60.19258571452135,87.82057204892256,True,False,69.29565774421802,6.0,req_soft3
config_87_det2_b10_s12_h15_w250,12,9.96424838716288,144.494696357211,70.55008061653793,93.97545889752281,True,True,75.59526299369239,6.0,req_soft3
config_87_det2_b10_s12_h15_w250,13,8.88536700979521,133.398136789257,75.8058960437775,102.1769951957006,True,True,81.89486824316675,6.0,req_soft3
config_87_det2_b10_s12_h15_w250,14,8.00069163608761,123.875447271731,84.596258043722,108.55899893606242,True,True,88.19447349264111,6.0,req_soft3
config_87_det2_b10_s12_h15_w250,15,7.26352017039033,115.570070080883,95.58682113659812,114.37452659282718,True,True,94.49407874211548,6.0,req_soft3
config_87_det2_b10_s12_h15_w250,16,6.12354953275908,107.311001938117,101.41833160780703,123.72839295094,True,True,100.79368399158984,6.0,req_soft3
config_87_det2_b10_s12_h15_w250,17,5.33231413765071,101.419455756059,104.91928650422453,129.83628697966785,True,True,107.09328924106421,6.0,req_soft3
config_87_det2_b10_s12_h15_w250,18,4.76253492535128,96.2835680439318,111.20223799956146,135.6760052068489,True,True,113.39289449053858,6.0,req_soft3
config_87_det2_b10_s12_h15_w250,19,4.30879220439916,91.0479780688807,118.14965398218952,141.89554608936814,True,True,119.69249974001293,6.0,req_soft3
config_87_det2_b10_s12_h15_w250,20,3.94463241538417,86.7228654737704,124.00946004460933,151.78119805606138,True,True,125.9921049894873,6.0,req_soft3
config_88_det2_b10_s12_h15_w1000,1,1437.86820833333,1946.65627034505,10.871033759491322,14.580993621835242,False,False,9.999999999999998,6.0,req_soft3
config_88_det2_b10_s12_h15_w1000,2,270.273583333333,1110.42730712891,19.739665017421142,27.08882380244664,False,False,19.999999999999996,6.0,req_soft3
config_88_det2_b10_s12_h15_w1000,3,108.843,838.393432617188,30.288122672097057,36.38332550771026,False,False,29.999999999999993,6.0,req_soft3
config_88_det2_b10_s12_h15_w1000,4,61.6362135416667,660.314829508464,40.17087719978243,49.99352833117502,False,False,39.99999999999999,6.0,req_soft3
config_88_det2_b10_s12_h15_w1000,5,41.4805494791667,537.798126220703,51.393232774364364,64.83738022930908,False,False,49.99999999999999,6.0,req_soft3
config_88_det2_b10_s12_h15_w1000,6,30.7686484375,452.795272827148,65.29241054670902,76.63990067190849,False,False,59.999999999999986,6.0,req_soft3
config_88_det2_b10_s12_h15_w1000,7,24.04661328125,390.392094930013,82.03644540690435,90.06356574664363,False,False,69.99999999999999,6.0,req_soft3
config_88_det2_b10_s12_h15_w1000,8,19.4677135416667,342.550003051758,96.9160583959129,100.73226194830642,False,False,79.99999999999999,6.0,req_soft3
config_88_det2_b10_s12_h15_w1000,9,16.21081640625,304.876281738281,102.64703620498094,111.89026742502872,True,False,89.99999999999999,6.0,req_soft3
config_88_det2_b10_s12_h15_w1000,10,12.85248046875,271.698257446289,109.7488656610577,127.89066098299227,True,False,99.99999999999999,6.0,req_soft3
config_88_det2_b10_s12_h15_w1000,11,10.4575859375,248.922744750977,120.95351557749595,140.224365353846,True,False,109.99999999999999,6.0,req_soft3
config_88_det2_b10_s12_h15_w1000,12,8.91555078125,228.986923217773,130.10653070977386,151.90914225286113,True,True,119.99999999999997,6.0,req_soft3
config_88_det2_b10_s12_h15_w1000,13,7.87199609375,211.807258605957,143.022897350972,163.74622557142771,True,True,129.99999999999997,6.0,req_soft3
config_88_det2_b10_s12_h15_w1000,14,7.05954296875,196.793830871582,155.47822462754496,175.55240986984802,True,True,139.99999999999997,6.0,req_soft3
config_88_det2_b10_s12_h15_w1000,15,6.37659375,183.734001159668,162.07587557821319,189.47255371454492,True,True,149.99999999999997,6.0,req_soft3
config_88_det2_b10_s12_h15_w1000,16,5.808765625,172.296012878418,171.93407570603594,203.3892375334655,True,True,159.99999999999997,6.0,req_soft3
config_88_det2_b10_s12_h15_w1000,17,5.32770703125,162.19344329834,180.81077816324998,216.87633124791546,True,True,169.99999999999997,6.0,req_soft3
config_88_det2_b10_s12_h15_w1000,18,4.91498046875,153.208526611328,191.81328812154803,226.1087834305524,True,True,179.99999999999997,6.0,req_soft3
config_88_det2_b10_s12_h15_w1000,19,4.55701953125,145.16609954834,199.87877923603818,241.45544505031245,True,True,189.99999999999997,6.0,req_soft3
config_88_det2_b10_s12_h15_w1000,20,4.24378515625,137.92414855957,209.94188018486344,250.8864589366628,True,True,199.99999999999997,6.0,req_soft3
config_89_det1_b10_s5_h15_w250,1,1322.68273568211,1231.55614540992,5.427107885421111,8.83809227152557,False,False,6.299605249474365,5.5901699437494745,req_soft3
config_89_det1_b10_s5_h15_w250,2,252.93209269631,694.862830042474,10.253603025278482,16.745902483891392,False,False,12.59921049894873,5.5901699437494745,req_soft3
config_89_det1_b10_s5_h15_w250,3,104.998977908618,525.24000926827,18.448384075576918,23.583275323839135,False,False,18.898815748423097,5.5901699437494745,req_soft3
config_89_det1_b10_s5_h15_w250,4,59.7200348642112,414.304889211797,24.617968539260097,30.10781252432664,False,False,25.19842099789746,5.5901699437494745,req_soft3
config_89_det1_b10_s5_h15_w250,5,39.8568210825817,338.841406453851,30.690900524422545,47.75356400311918,False,False,31.498026247371826,5.5901699437494745,req_soft3
config_89_det1_b10_s5_h15_w250,6,29.1032232969694,285.270286428345,37.9351403714287,59.06193676980124,False,False,37.79763149684619,5.5901699437494745,req_soft3
config_89_det1_b10_s5_h15_w250,7,22.5780158271681,245.899008295199,50.951853499161345,69.71119260922165,False,False,44.097236746320554,5.5901699437494745,req_soft3
config_89_det1_b10_s5_h15_w250,8,18.2704668808745,215.87945345554,63.53134954492939,80.94713629894511,False,False,50.39684199579492,5.5901699437494745,req_soft3
config_89_det1_b10_s5_h15_w250,9,15.2425257500057,192.266813750414,70.71888980322018,89.92870717963201,True,False,56.69644724526929,5.5901699437494745,req_soft3
config_89_det1_b10_s5_h15_w250,10,13.0104568662737,173.233610024881,78.97323518129416,98.27435257990764,True,False,62.99605249474365,5.5901699437494745,req_soft3
config_89_det1_b10_s5_h15_w250,11,11.3050806069729,157.581691801359,82.80918049950742,106.12683410272194,True,False,69.29565774421802,5.5901699437494745,req_soft3
config_89_det1_b10_s5_h15_w250,12,9.96424838716288,144.494696357211,91.99216474787404,113.78228272060247,True,True,75.59526299369239,5.5901699437494745,req_soft3
config_89_det1_b10_s5_h15_w250,13,8.88536700979521,133.398136789257,97.36329326291299,122.35565123396994,True,True,81.89486824316675,5.5901699437494745,req_soft3
config_89_det1_b10_s5_h15_w250,14,8.00069163608761,123.875447271731,101.27342383369883,131.2367473732533,True,True,88.19447349264111,5.5901699437494745,req_soft3
config_89_det1_b10_s5_h15_w250,15,7.26352017039033,115.570070080883,103.45663523911843,139.4349705059674,True,True,94.49407874211548,5.5901699437494745,req_soft3
config_89_det1_b10_s5_h15_w250,16,6.12354953275908,107.311001938117,107.02840205862285,148.36942477590637,True,True,100.79368399158984,5.5901699437494745,req_soft3
config_89_det1_b10_s5_h15_w250,17,5.33231413765071,101.419455756059,113.12108918961329,154.4930146748821,True,True,107.09328924106421,5.5901699437494745,req_soft3
config_89_det1_b10_s5_h15_w250,18,4.76253492535128,96.2835680439318,120.36513262892113,163.17656992418432,True,True,113.39289449053858,5.5901699437494745,req_soft3
config_89_det1_b10_s5_h15_w250,19,4.30879220439916,91.0479780688807,127.5931421768253,168.99296089877038,True,True,119.69249974001293,5.5901699437494745,req_soft3
config_89_det1_b10_s5_h15_w250,20,3.94463241538417,86.7228654737704,135.126447571648,175.9710006096333,True,True,125.9921049894873,5.5901699437494745,req_soft3
config_90_det1_b10_s5_h15_w1000,1,1437.86820833333,1946.65627034505,8.284299910070855,12.936257186682708,False,False,9.999999999999998,5.5901699437494745,req_soft3
config_90_det1_b10_s5_h15_w1000,2,270.273583333333,1110.42730712891,18.751449943937665,28.843809994520488,False,False,19.999999999999996,5.5901699437494745,req_soft3
config_90_det1_b10_s5_h15_w1000,3,108.843,838.393432617188,27.88090520409981,44.875459607674216,False,False,29.999999999999993,5.5901699437494745,req_soft3
config_90_det1_b10_s5_h15_w1000,4,61.6362135416667,660.314829508464,47.124164448826036,59.88735989338652,False,False,39.99999999999999,5.5901699437494745,req_soft3
config_90_det1_b10_s5_h15_w1000,5,41.4805494791667,537.798126220703,67.4115633626754,75.91835664053852,False,False,49.99999999999999,5.5901699437494745,req_soft3
config_90_det1_b10_s5_h15_w1000,6,30.7686484375,452.795272827148,79.47849945110941,90.75971504472676,False,False,59.999999999999986,5.5901699437494745,req_soft3
config_90_det1_b10_s5_h15_w1000,7,24.04661328125,390.392094930013,89.0618878926334,103.73970738771575,False,False,69.99999999999999,5.5901699437494745,req_soft3
config_90_det1_b10_s5_h15_w1000,8,19.4677135416667,342.550003051758,97.09565579880491,119.08900598805172,False,False,79.99999999999999,5.5901699437494745,req_soft3
config_90_det1_b10_s5_h15_w1000,9,16.21081640625,304.876281738281,103.67913717865862,133.00825052730124,True,False,89.99999999999999,5.5901699437494745,req_soft3
config_90_det1_b10_s5_h15_w1000,10,12.85248046875,271.698257446289,108.62049127581774,147.30416368483577,True,False,99.99999999999999,5.5901699437494745,req_soft3
config_90_det1_b10_s5_h15_w1000,11,10.4575859375,248.922744750977,117.75707014631624,161.26336882565738,True,False,109.99999999999999,5.5901699437494745,req_soft3
config_90_det1_b10_s5_h15_w1000,12,8.91555078125,228.986923217773,125.43202065483739,172.855459046633,True,True,119.99999999999997,5.5901699437494745,req_soft3
config_90_det1_b10_s5_h15_w1000,13,7.87199609375,211.807258605957,135.20325388507152,186.6763055547103,True,True,129.99999999999997,5.5901699437494745,req_soft3
config_90_det1_b10_s5_h15_w1000,14,7.05954296875,196.793830871582,141.7961102741852,198.95221020246154,True,True,139.99999999999997,5.5901699437494745,req_soft3
config_90_det1_b10_s5_h15_w1000,15,6.37659375,183.734001159668,150.07123771359016,211.85786312210996,True,True,149.99999999999997,5.5901699437494745,req_soft3
config_90_det1_b10_s5_h15_w1000,16,5.808765625,172.296012878418,157.60481080502868,224.63115137190272,True,True,159.99999999999997,5.5901699437494745,req_soft3
config_90_det1_b10_s5_h15_w1000,17,5.32770703125,162.19344329834,164.49357890203498,237.34382877074253,True,True,169.99999999999997,5.5901699437494745,req_soft3
config_90_det1_b10_s5_h15_w1000,18,4.91498046875,153.208526611328,172.5524356697278,247.72744599660328,True,True,179.99999999999997,5.5901699437494745,req_soft3
config_90_det1_b10_s5_h15_w1000,19,4.55701953125,145.16609954834,182.11988954166063,258.91980740504704,True,True,189.99999999999997,5.5901699437494745,req_soft3
config_90_det1_b10_s5_h15_w1000,20,4.24378515625,137.92414855957,191.95421546122225,270.8696026996508,True,True,199.99999999999997,5.5901699437494745,req_soft3
config_91_det1_b10_s5_h24_w250,1,1322.68273568211,1231.55614540992,5.427107885421111,8.83809227152557,False,False,6.299605249474365,5.5901699437494745,req_soft3
config_91_det1_b10_s5_h24_w250,2,252.93209269631,694.862830042474,10.253603025278482,16.736404930569766,False,False,12.59921049894873,5.5901699437494745,req_soft3
config_91_det1_b10_s5_h24_w250,3,104.998977908618,525.24000926827,18.45217805572014,23.795900382208696,False,False,18.898815748423097,5.5901699437494745,req_soft3
config_91_det1_b10_s5_h24_w250,4,59.7200348642112,414.304889211797,24.61889264365885,29.31344188252209,False,False,25.19842099789746,5.5901699437494745,req_soft3
config_91_det1_b10_s5_h24_w250,5,39.8568210825817,338.841406453851,30.690900524422545,37.19774018673716,False,False,31.498026247371826,5.5901699437494745,req_soft3
config_91_det1_b10_s5_h24_w250,6,29.1032232969694,285.270286428345,36.50709348880023,44.35716261214191,False,False,37.79763149684619,5.5901699437494745,req_soft3
config_91_det1_b10_s5_h24_w250,7,22.5780158271681,245.899008295199,41.57279609311839,53.22657113698007,False,False,44.097236746320554,5.5901699437494745,req_soft3
config_91_det1_b10_s5_h24_w250,8,18.2704668808745,215.87945345554,45.526946690943376,73.64747364981368,False,False,50.39684199579492,5.5901699437494745,req_soft3
config_91_det1_b10_s5_h24_w250,9,15.2425257500057,192.266813750414,51.48262206803379,86.8761409997014,False,False,56.69644724526929,5.5901699437494745,req_soft3
config_91_det1_b10_s5_h24_w250,10,13.0104568662737,173.233610024881,57.1353907398908,96.14626415577004,True,False,62.99605249474365,5.5901699437494745,req_soft3
config_91_det1_b10_s5_h24_w250,11,11.3050806069729,157.581691801359,65.87298289131896,108.78960121874394,True,False,69.29565774421802,5.5901699437494745,req_soft3
config_91_det1_b10_s5_h24_w250,12,9.96424838716288,144.494696357211,81.95689339524772,118.16284437870758,True,True,75.59526299369239,5.5901699437494745,req_soft3
config_91_det1_b10_s5_h24_w250,13,8.88536700979521,133.398136789257,93.27624764643997,128.9545521255023,True,True,81.89486824316675,5.5901699437494745,req_soft3
config_91_det1_b10_s5_h24_w250,14,8.00069163608761,123.875447271731,99.98911524094343,138.84523048264128,True,True,88.19447349264111,5.5901699437494745,req_soft3
config_91_det1_b10_s5_h24_w250,15,7.26352017039033,115.570070080883,105.9411662590767,146.9062817751508,True,True,94.49407874211548,5.5901699437494745,req_soft3
config_91_det1_b10_s5_h24_w250,16,6.12354953275908,107.311001938117,109.10349985475055,157.080391219132,True,True,100.79368399158984,5.5901699437494745,req_soft3
config_91_det1_b10_s5_h24_w250,17,5.33231413765071,101.419455756059,114.1143463446497,164.61677297421562,True,True,107.09328924106421,5.5901699437494745,req_soft3
config_91_det1_b10_s5_h24_w250,18,4.76253492535128,96.2835680439318,120.15189940469337,170.21193896629774,True,True,113.39289449053858,5.5901699437494745,req_soft3
config_91_det1_b10_s5_h24_w250,19,4.30879220439916,91.0479780688807,128.4250609413045,175.8560135451728,True,True,119.69249974001293,5.5901699437494745,req_soft3
config_91_det1_b10_s5_h24_w250,20,3.94463241538417,86.7228654737704,135.8545892366786,180.67210554543894,True,True,125.9921049894873,5.5901699437494745,req_soft3
config_92_det1_b10_s5_h24_w1000,1,1437.86820833333,1946.65627034505,8.29105692900489,12.936257186682708,False,False,9.999999999999998,5.5901699437494745,req_soft3
config_92_det1_b10_s5_h24_w1000,2,270.273583333333,1110.42730712891,18.751449943937665,27.140585384254337,False,False,19.999999999999996,5.5901699437494745,req_soft3
config_92_det1_b10_s5_h24_w1000,3,108.843,838.393432617188,27.883639916624944,38.8029621936264,False,False,29.999999999999993,5.5901699437494745,req_soft3
config_92_det1_b10_s5_h24_w1000,4,61.6362135416667,660.314829508464,38.12594097199438,54.131528474632965,False,False,39.99999999999999,5.5901699437494745,req_soft3
config_92_det1_b10_s5_h24_w1000,5,41.4805494791667,537.798126220703,47.97207390763922,73.83623009742574,False,False,49.99999999999999,5.5901699437494745,req_soft3
config_92_det1_b10_s5_h24_w1000,6,30.7686484375,452.795272827148,63.34528297355693,94.09005991601875,False,False,59.999999999999986,5.5901699437494745,req_soft3
config_92_det1_b10_s5_h24_w1000,7,24.04661328125,390.392094930013,80.18230400156881,106.99694368687983,False,False,69.99999999999999,5.5901699437494745,req_soft3
config_92_det1_b10_s5_h24_w1000,8,19.4677135416667,342.550003051758,95.81267523721017,122.38315538595262,False,False,79.99999999999999,5.5901699437494745,req_soft3
config_92_det1_b10_s5_h24_w1000,9,16.21081640625,304.876281738281,105.07753103198502,136.8238958885147,True,False,89.99999999999999,5.5901699437494745,req_soft3
config_92_det1_b10_s5_h24_w1000,10,12.85248046875,271.698257446289,111.75983184440145,151.75741740063685,True,False,99.99999999999999,5.5901699437494745,req_soft3
config_92_det1_b10_s5_h24_w1000,11,10.4575859375,248.922744750977,122.82244840961823,164.93739132032965,True,False,109.99999999999999,5.5901699437494745,req_soft3
config_92_det1_b10_s5_h24_w1000,12,8.91555078125,228.986923217773,132.87466285104085,177.04669424884622,True,True,119.99999999999997,5.5901699437494745,req_soft3
config_92_det1_b10_s5_h24_w1000,13,7.87199609375,211.807258605957,143.53691148388742,190.59147337229498,True,True,129.99999999999997,5.5901699437494745,req_soft3
config_92_det1_b10_s5_h24_w1000,14,7.05954296875,196.793830871582,152.14343355859955,203.80218827197228,True,True,139.99999999999997,5.5901699437494745,req_soft3
config_92_det1_b10_s5_h24_w1000,15,6.37659375,183.734001159668,159.75335894573374,217.48021302076094,True,True,149.99999999999997,5.5901699437494745,req_soft3
config_92_det1_b10_s5_h24_w1000,16,5.808765625,172.296012878418,165.73907978942216,229.8277706602635,True,True,159.99999999999997,5.5901699437494745,req_soft3
config_92_det1_b10_s5_h24_w1000,17,5.32770703125,162.19344329834,172.91432930147167,241.3752467056683,True,True,169.99999999999997,5.5901699437494745,req_soft3
config_92_det1_b10_s5_h24_w1000,18,4.91498046875,153.208526611328,178.89676958141717,252.6397055756148,True,True,179.99999999999997,5.5901699437494745,req_soft3
config_92_det1_b10_s5_h24_w1000,19,4.55701953125,145.16609954834,184.99774398023825,267.05923188186796,True,True,189.99999999999997,5.5901699437494745,req_soft3
config_92_det1_b10_s5_h24_w1000,20,4.24378515625,137.92414855957,192.6403492694785,283.51368769622235,True,True,199.99999999999997,5.5901699437494745,req_soft3
config_93_det2_b10_s5_h15_w250,1,1322.68273568211,1231.55614540992,6.57982712538863,9.424708218295143,False,False,6.299605249474365,2.5,req_soft3
config_93_det2_b10_s5_h15_w250,2,252.93209269631,694.862830042474,12.858231799123857,16.86802818944763,False,False,12.59921049894873,2.5,req_soft3
config_93_det2_b10_s5_h15_w250,3,104.998977908618,525.24000926827,18.494482285265516,22.721132784260558,False,False,18.898815748423097,2.5,req_soft3
config_93_det2_b10_s5_h15_w250,4,59.7200348642112,414.304889211797,26.63412989004897,33.20655620506288,False,False,25.19842099789746,2.5,req_soft3
config_93_det2_b10_s5_h15_w250,5,39.8568210825817,338.841406453851,34.12098877523921,50.75719530273516,False,False,31.498026247371826,2.5,req_soft3
config_93_det2_b10_s5_h15_w250,6,29.1032232969694,285.270286428345,43.03222484371451,62.75603058670935,False,False,37.79763149684619,2.5,req_soft3
config_93_det2_b10_s5_h15_w250,7,22.5780158271681,245.899008295199,61.130874973289885,74.07626728581833,False,False,44.097236746320554,2.5,req_soft3
config_93_det2_b10_s5_h15_w250,8,18.2704668808745,215.87945345554,70.5981329427344,82.84489045801195,False,False,50.39684199579492,2.5,req_soft3
config_93_det2_b10_s5_h15_w250,9,15.2425257500057,192.266813750414,77.20559808070915,95.22122334332823,True,False,56.69644724526929,2.5,req_soft3
config_93_det2_b10_s5_h15_w250,10,13.0104568662737,173.233610024881,82.83454819699327,101.94076650192504,True,False,62.99605249474365,2.5,req_soft3
config_93_det2_b10_s5_h15_w250,11,11.3050806069729,157.581691801359,88.67950932994611,108.72055546471216,True,False,69.29565774421802,2.5,req_soft3
config_93_det2_b10_s5_h15_w250,12,9.96424838716288,144.494696357211,94.5056499633752,116.93690974671391,True,True,75.59526299369239,2.5,req_soft3
config_93_det2_b10_s5_h15_w250,13,8.88536700979521,133.398136789257,99.07066102030409,126.90820315400332,True,True,81.89486824316675,2.5,req_soft3
config_93_det2_b10_s5_h15_w250,14,8.00069163608761,123.875447271731,103.53165639069047,135.39438821868177,True,True,88.19447349264111,2.5,req_soft3
config_93_det2_b10_s5_h15_w250,15,7.26352017039033,115.570070080883,105.15821050260939,143.86043226760518,True,True,94.49407874211548,2.5,req_soft3
config_93_det2_b10_s5_h15_w250,16,6.12354953275908,107.311001938117,107.02320354587701,149.96023083915728,True,True,100.79368399158984,2.5,req_soft3
config_93_det2_b10_s5_h15_w250,17,5.33231413765071,101.419455756059,112.89045790548957,155.9234632404273,True,True,107.09328924106421,2.5,req_soft3
config_93_det2_b10_s5_h15_w250,18,4.76253492535128,96.2835680439318,117.53714017043482,164.42272332145714,True,True,113.39289449053858,2.5,req_soft3
config_93_det2_b10_s5_h15_w250,19,4.30879220439916,91.0479780688807,123.35946192822918,170.74267106444782,True,True,119.69249974001293,2.5,req_soft3
config_93_det2_b10_s5_h15_w250,20,3.94463241538417,86.7228654737704,135.30375390004684,178.3199488746749,True,True,125.9921049894873,2.5,req_soft3
config_94_det2_b10_s5_h15_w1000,1,1437.86820833333,1946.65627034505,10.856662700848728,15.59283088473674,False,False,9.999999999999998,2.5,req_soft3
config_94_det2_b10_s5_h15_w1000,2,270.273583333333,1110.42730712891,22.472958750462745,29.172647720081905,False,False,19.999999999999996,2.5,req_soft3
config_94_det2_b10_s5_h15_w1000,3,108.843,838.393432617188,35.26145735785746,47.17985666574242,False,False,29.999999999999993,2.5,req_soft3
config_94_det2_b10_s5_h15_w1000,4,61.6362135416667,660.314829508464,60.92897401893455,63.1372146598185,False,False,39.99999999999999,2.5,req_soft3
config_94_det2_b10_s5_h15_w1000,5,41.4805494791667,537.798126220703,79.00890060619753,78.78103436106943,False,False,49.99999999999999,2.5,req_soft3
config_94_det2_b10_s5_h15_w1000,6,30.7686484375,452.795272827148,90.13782433029986,96.80735702930846,False,False,59.999999999999986,2.5,req_soft3
config_94_det2_b10_s5_h15_w1000,7,24.04661328125,390.392094930013,101.07340834759654,109.1848731637207,False,False,69.99999999999999,2.5,req_soft3
config_94_det2_b10_s5_h15_w1000,8,19.4677135416667,342.550003051758,105.53571847957447,125.72354515187502,False,False,79.99999999999999,2.5,req_soft3
config_94_det2_b10_s5_h15_w1000,9,16.21081640625,304.876281738281,110.84338657413089,139.13106919975374,True,False,89.99999999999999,2.5,req_soft3
config_94_det2_b10_s5_h15_w1000,10,12.85248046875,271.698257446289,115.5978328444497,153.7690683749137,True,False,99.99999999999999,2.5,req_soft3
config_94_det2_b10_s5_h15_w1000,11,10.4575859375,248.922744750977,125.4271347237112,166.2198134666529,True,False,109.99999999999999,2.5,req_soft3
config_94_det2_b10_s5_h15_w1000,12,8.91555078125,228.986923217773,133.28858222960352,180.40437217539935,True,True,119.99999999999997,2.5,req_soft3
config_94_det2_b10_s5_h15_w1000,13,7.87199609375,211.807258605957,143.27850259391866,192.632288599578,True,True,129.99999999999997,2.5,req_soft3
config_94_det2_b10_s5_h15_w1000,14,7.05954296875,196.793830871582,149.9452446357966,204.62461226461602,True,True,139.99999999999997,2.5,req_soft3
config_94_det2_b10_s5_h15_w1000,15,6.37659375,183.734001159668,160.8817500526396,216.25393702260726,True,True,149.99999999999997,2.5,req_soft3
config_94_det2_b10_s5_h15_w1000,16,5.808765625,172.296012878418,167.5804077317977,229.46224271834646,True,True,159.99999999999997,2.5,req_soft3
config_94_det2_b10_s5_h15_w1000,17,5.32770703125,162.19344329834,180.5709271234498,241.65919241315396,True,True,169.99999999999997,2.5,req_soft3
config_94_det2_b10_s5_h15_w1000,18,4.91498046875,153.208526611328,190.7997168353361,253.52767490837059,True,True,179.99999999999997,2.5,req_soft3
config_94_det2_b10_s5_h15_w1000,19,4.55701953125,145.16609954834,199.90997626709657,264.3637619098183,True,True,189.99999999999997,2.5,req_soft3
config_94_det2_b10_s5_h15_w1000,20,4.24378515625,137.92414855957,208.5054455723719,273.0563205030542,True,True,199.99999999999997,2.5,req_soft3
config_95_det2_b10_s5_h24_w250,1,1322.68273568211,1231.55614540992,6.57982712538863,9.424708218295143,False,False,6.299605249474365,2.5,req_soft3
config_95_det2_b10_s5_h24_w250,2,252.93209269631,694.862830042474,12.858231799123857,16.86802818944763,False,False,12.59921049894873,2.5,req_soft3
config_95_det2_b10_s5_h24_w250,3,104.998977908618,525.24000926827,18.494482285265516,22.721132784260558,False,False,18.898815748423097,2.5,req_soft3
config_95_det2_b10_s5_h24_w250,4,59.7200348642112,414.304889211797,26.63412989004897,31.867073524250703,False,False,25.19842099789746,2.5,req_soft3
config_95_det2_b10_s5_h24_w250,5,39.8568210825817,338.841406453851,34.12517948670747,39.362994995299836,False,False,31.498026247371826,2.5,req_soft3
config_95_det2_b10_s5_h24_w250,6,29.1032232969694,285.270286428345,38.98635498478923,44.989536283451514,False,False,37.79763149684619,2.5,req_soft3
config_95_det2_b10_s5_h24_w250,7,22.5780158271681,245.899008295199,44.90170792965453,63.57475029443686,False,False,44.097236746320554,2.5,req_soft3
config_95_det2_b10_s5_h24_w250,8,18.2704668808745,215.87945345554,49.77519839237208,78.69243213295672,False,False,50.39684199579492,2.5,req_soft3
config_95_det2_b10_s5_h24_w250,9,15.2425257500057,192.266813750414,53.844919676790305,89.60903623519226,False,False,56.69644724526929,2.5,req_soft3
config_95_det2_b10_s5_h24_w250,10,13.0104568662737,173.233610024881,64.3257131713283,96.98840981730183,False,False,62.99605249474365,2.5,req_soft3
config_95_det2_b10_s5_h24_w250,11,11.3050806069729,157.581691801359,74.69751920244741,112.63007171957032,True,False,69.29565774421802,2.5,req_soft3
config_95_det2_b10_s5_h24_w250,12,9.96424838716288,144.494696357211,87.42508149838923,124.50477902474267,True,True,75.59526299369239,2.5,req_soft3
config_95_det2_b10_s5_h24_w250,13,8.88536700979521,133.398136789257,93.43846288987326,135.3135534601024,True,True,81.89486824316675,2.5,req_soft3
config_95_det2_b10_s5_h24_w250,14,8.00069163608761,123.875447271731,98.58666808955458,144.3332444187563,True,True,88.19447349264111,2.5,req_soft3
config_95_det2_b10_s5_h24_w250,15,7.26352017039033,115.570070080883,105.41053941349718,150.5542068307772,True,True,94.49407874211548,2.5,req_soft3
config_95_det2_b10_s5_h24_w250,16,6.12354953275908,107.311001938117,113.36622261747789,159.912992836035,True,True,100.79368399158984,2.5,req_soft3
config_95_det2_b10_s5_h24_w250,17,5.33231413765071,101.419455756059,124.42515577200975,166.8235386735204,True,True,107.09328924106421,2.5,req_soft3
config_95_det2_b10_s5_h24_w250,18,4.76253492535128,96.2835680439318,133.32489452461607,172.96368838574182,True,True,113.39289449053858,2.5,req_soft3
config_95_det2_b10_s5_h24_w250,19,4.30879220439916,91.0479780688807,141.6333101906312,181.28508472691414,True,True,119.69249974001293,2.5,req_soft3
config_95_det2_b10_s5_h24_w250,20,3.94463241538417,86.7228654737704,147.70715678892023,187.25063046919524,True,True,125.9921049894873,2.5,req_soft3
config_96_det2_b10_s5_h24_w1000,1,1437.86820833333,1946.65627034505,10.856662700848728,15.595075344479742,False,False,9.999999999999998,2.5,req_soft3
config_96_det2_b10_s5_h24_w1000,2,270.273583333333,1110.42730712891,22.472958750462745,29.001911574928986,False,False,19.999999999999996,2.5,req_soft3
config_96_det2_b10_s5_h24_w1000,3,108.843,838.393432617188,34.49858511591454,38.61156400613682,False,False,29.999999999999993,2.5,req_soft3
config_96_det2_b10_s5_h24_w1000,4,61.6362135416667,660.314829508464,45.16637438404814,51.921203520334544,False,False,39.99999999999999,2.5,req_soft3
config_96_det2_b10_s5_h24_w1000,5,41.4805494791667,537.798126220703,58.64178437769437,72.33844672786388,False,False,49.99999999999999,2.5,req_soft3
config_96_det2_b10_s5_h24_w1000,6,30.7686484375,452.795272827148,79.3310555520346,90.42187442759634,False,False,59.999999999999986,2.5,req_soft3
config_96_det2_b10_s5_h24_w1000,7,24.04661328125,390.392094930013,93.28038401328902,107.74022190745046,False,False,69.99999999999999,2.5,req_soft3
config_96_det2_b10_s5_h24_w1000,8,19.4677135416667,342.550003051758,104.50322609321152,125.75907510880566,False,False,79.99999999999999,2.5,req_soft3
config_96_det2_b10_s5_h24_w1000,9,16.21081640625,304.876281738281,115.71061773042072,143.51191307499334,True,False,89.99999999999999,2.5,req_soft3
config_96_det2_b10_s5_h24_w1000,10,12.85248046875,271.698257446289,123.53800573552704,157.3144365417378,True,False,99.99999999999999,2.5,req_soft3
config_96_det2_b10_s5_h24_w1000,11,10.4575859375,248.922744750977,139.3932794689583,171.01118790561304,True,False,109.99999999999999,2.5,req_soft3
config_96_det2_b10_s5_h24_w1000,12,8.91555078125,228.986923217773,149.06050933914202,183.28868774574048,True,True,119.99999999999997,2.5,req_soft3
config_96_det2_b10_s5_h24_w1000,13,7.87199609375,211.807258605957,158.92686044914566,199.92414881093723,True,True,129.99999999999997,2.5,req_soft3
config_96_det2_b10_s5_h24_w1000,14,7.05954296875,196.793830871582,166.18770762805133,216.03704350566056,True,True,139.99999999999997,2.5,req_soft3
config_96_det2_b10_s5_h24_w1000,15,6.37659375,183.734001159668,171.34222982739024,230.12691848436833,True,True,149.99999999999997,2.5,req_soft3
config_96_det2_b10_s5_h24_w1000,16,5.808765625,172.296012878418,179.25321552981353,242.43218696736164,True,True,159.99999999999997,2.5,req_soft3
config_96_det2_b10_s5_h24_w1000,17,5.32770703125,162.19344329834,184.0895577640888,253.8234157616056,True,True,169.99999999999997,2.5,req_soft3
config_96_det2_b10_s5_h24_w1000,18,4.91498046875,153.208526611328,189.54329247489142,266.1070560465802,True,True,179.99999999999997,2.5,req_soft3
config_96_det2_b10_s5_h24_w1000,19,4.55701953125,145.16609954834,194.662353690806,275.9451862840396,True,True,189.99999999999997,2.5,req_soft3
config_96_det2_b10_s5_h24_w1000,20,4.24378515625,137.92414855957,201.2586195531621,285.11934635634015,True,True,199.99999999999997,2.5,req_soft3
