Config,Z,P_ff,I_ff,MaxR_P,MaxR_I,beyond_P,beyond_I,RadiusEstimator
config_01_det1_b15_s5_h4_w50,1,1143.99309910078,724.976931135836,2.5615669032840036,4.729482001234385,False,False,req
config_01_det1_b15_s5_h4_w50,2,226.084029078955,415.578696008349,5.5640587703582,9.026191057140327,False,False,req
config_01_det1_b15_s5_h4_w50,3,95.9537592016972,309.044693901097,8.527440999502723,14.885277961798362,False,False,req
config_01_det1_b15_s5_h4_w50,4,55.3066653883184,243.601640148777,11.910599271237363,18.805205396378952,False,False,req
config_01_det1_b15_s5_h4_w50,5,36.993922117345,199.162959091226,17.758452212960453,23.08175415777579,False,False,req
config_01_det1_b15_s5_h4_w50,6,27.0813487792226,167.515272305283,24.92225160373757,30.736368929982604,False,False,req
config_01_det1_b15_s5_h4_w50,7,21.0130117246902,144.270449058323,30.561779643862366,32.726462916117285,True,False,req
config_01_det1_b15_s5_h4_w50,8,16.9791838231912,126.567457936793,32.820608998006115,38.37714651977138,True,False,req
config_01_det1_b15_s5_h4_w50,9,14.1386261548201,112.67074195811,36.91533387360868,43.49512472680128,True,False,req
config_01_det1_b15_s5_h4_w50,10,12.0436968582402,101.492859164877,40.37527554085545,45.29269670708513,True,True,req
config_01_det1_b15_s5_h4_w50,11,10.4441745847862,92.3147739934436,44.74004218817859,50.858169206136395,True,True,req
config_01_det1_b15_s5_h4_w50,12,9.18858802088564,84.6488737667435,49.55061932004483,56.09584097774094,True,True,req
config_01_det1_b15_s5_h4_w50,13,8.17952811343337,78.1526248923616,54.7536425728919,61.077666744891296,True,True,req
config_01_det1_b15_s5_h4_w50,14,7.35329010871709,72.5789333035372,57.77387709856419,66.34590322695139,True,True,req
config_01_det1_b15_s5_h4_w50,15,6.66553395622582,67.7448225492957,60.59411171887909,69.68270857967563,True,True,req
config_01_det1_b15_s5_h4_w50,16,6.08550710316677,63.5135734450523,62.60545004230861,73.75779874020103,True,True,req
config_01_det1_b15_s5_h4_w50,17,5.59016165342281,59.7788117000728,65.0687050355238,79.53928877185999,True,True,req
config_01_det1_b15_s5_h4_w50,18,5.1628769216908,56.4585920266622,70.34220194875904,83.32319880041412,True,True,req
config_01_det1_b15_s5_h4_w50,19,4.7910922066594,53.4876153308822,75.17771860731077,88.54127568541126,True,True,req
config_01_det1_b15_s5_h4_w50,20,4.46481413819361,50.8136682209736,78.24320976928286,92.26141708934094,True,True,req
config_02_det1_b15_s5_h4_w500,1,1371.96964499226,1562.09876717853,6.844349859555691,11.131627239536904,False,False,req
config_02_det1_b15_s5_h4_w500,2,259.641330065364,879.048720659531,15.212798887778673,20.008516936544797,False,False,req
config_02_det1_b15_s5_h4_w500,3,105.27554977829,661.976402363107,29.359519325084328,31.299111409111916,False,False,req
config_02_det1_b15_s5_h4_w500,4,59.8243642194367,522.325202955406,36.683952554216404,39.930894993726355,False,False,req
config_02_det1_b15_s5_h4_w500,5,40.4077641479295,425.720697172114,47.413493596232705,51.174743526470166,False,False,req
config_02_det1_b15_s5_h4_w500,6,30.0937750463872,358.05135977561,54.69537800399591,60.91822284833989,False,False,req
config_02_det1_b15_s5_h4_w500,7,23.5282591644182,308.420236242715,61.898557131810435,71.22899602689904,True,False,req
config_02_det1_b15_s5_h4_w500,8,19.0428108742971,270.599644012954,73.33855653747216,82.16195819842659,True,False,req
config_02_det1_b15_s5_h4_w500,9,15.852309192731,240.900973795346,82.2847244329104,92.17727847287891,True,False,req
config_02_det1_b15_s5_h4_w500,10,13.4989773933766,217.007292249313,87.7153029693223,102.822268583545,True,False,req
config_02_det1_b15_s5_h4_w500,11,11.7063849801001,197.385914003329,97.02102156233978,113.92759433078538,True,True,req
config_02_det1_b15_s5_h4_w500,12,10.3024927250127,174.798447942669,104.26058093119907,129.5062141902422,True,True,req
config_02_det1_b15_s5_h4_w500,13,8.2343773807999,165.736766297224,115.01550656324562,135.7934559051601,True,True,req
config_02_det1_b15_s5_h4_w500,14,7.1387354334877,155.114313416779,127.1561066497922,145.28970618120962,True,True,req
config_02_det1_b15_s5_h4_w500,15,6.30992163133089,144.57194507965,138.179201733353,156.63328988436655,True,True,req
config_02_det1_b15_s5_h4_w500,16,5.64079151507659,135.933108110648,150.50447390913888,168.06572375115636,True,True,req
config_02_det1_b15_s5_h4_w500,17,5.12956312475836,128.020670362398,162.7048858362895,179.6629831100441,True,True,req
config_02_det1_b15_s5_h4_w500,18,4.70918677317163,120.936071767983,173.56092030049723,190.12524746130435,True,True,req
config_02_det1_b15_s5_h4_w500,19,4.34538602141658,114.666952954547,183.27187985188684,202.942284488308,True,True,req
config_02_det1_b15_s5_h4_w500,20,4.03167079521766,108.995763264335,196.48393700249392,212.79610415711196,True,True,req
config_03_det1_b15_s5_h4_w1500,1,1482.77218730659,2195.12941567296,9.394666039833455,14.340632831224708,False,False,req
config_03_det1_b15_s5_h4_w1500,2,276.168535055985,1274.88781758312,23.598437448271863,31.326185133207648,False,False,req
config_03_det1_b15_s5_h4_w1500,3,110.489999377789,954.913490984421,38.50690684799287,42.74761835471072,False,False,req
config_03_det1_b15_s5_h4_w1500,4,62.265165672113,754.396736282332,54.18841550553032,57.539420183036256,False,False,req
config_03_det1_b15_s5_h4_w1500,5,41.3983921590561,615.089943611065,72.91565932637515,71.41361827410792,False,False,req
config_03_det1_b15_s5_h4_w1500,6,30.5947542861908,517.737731419071,83.34640889084544,84.58472412649672,False,False,req
config_03_det1_b15_s5_h4_w1500,7,24.0675826659041,446.310779861523,96.36507896766568,98.8696884371882,True,False,req
config_03_det1_b15_s5_h4_w1500,8,19.5984247045618,391.790936353185,105.7579283211324,114.11121761733641,True,False,req
config_03_det1_b15_s5_h4_w1500,9,14.813237392189,347.069530043393,123.92587866453793,130.61906674456918,True,False,req
config_03_det1_b15_s5_h4_w1500,10,12.2749345250106,314.281592480616,141.12879637645418,144.23294719153304,True,False,req
config_03_det1_b15_s5_h4_w1500,11,10.3785968167878,286.18006793008,159.47515915931513,160.17330457975822,True,False,req
config_03_det1_b15_s5_h4_w1500,12,9.08425019280687,262.551262568411,176.27421425469782,175.26134057458307,True,True,req
config_03_det1_b15_s5_h4_w1500,13,8.07100869684366,242.465429921281,194.41771681385188,190.8406221315461,True,True,req
config_03_det1_b15_s5_h4_w1500,14,7.24897508045351,225.256267238797,211.93924378357954,207.37283586708156,True,True,req
config_03_det1_b15_s5_h4_w1500,15,6.56841598047092,210.321763462317,228.54458293490333,221.91754912829924,True,True,req
config_03_det1_b15_s5_h4_w1500,16,5.99684734319579,197.206183278909,240.8966208655581,238.38787546070094,True,True,req
config_03_det1_b15_s5_h4_w1500,17,5.50925993039002,185.62250063012,256.1757073876357,254.33178516348372,True,True,req
config_03_det1_b15_s5_h4_w1500,18,5.08897006822918,175.317193184827,270.3544895133055,269.8722717426812,True,True,req
config_03_det1_b15_s5_h4_w1500,19,4.72308712345199,166.110522527026,281.8134627333793,286.78757624570994,True,True,req
config_03_det1_b15_s5_h4_w1500,20,4.4019262322732,157.810856039111,296.74400209233846,301.0986364779636,True,True,req
config_04_det1_b15_s5_h12_w50,1,1143.99309910078,724.976931135836,,4.015843622453444,True,False,req
config_04_det1_b15_s5_h12_w50,2,226.084029078955,415.578696008349,5.051917952619579,9.742554849730126,False,False,req
config_04_det1_b15_s5_h12_w50,3,95.9537592016972,309.044693901097,8.677773331909517,15.584968719891613,False,False,req
config_04_det1_b15_s5_h12_w50,4,55.3066653883184,243.601640148777,12.025426187873759,17.775552030809056,False,False,req
config_04_det1_b15_s5_h12_w50,5,36.993922117345,199.162959091226,16.085397104206038,20.14645750498087,False,False,req
config_04_det1_b15_s5_h12_w50,6,27.0813487792226,167.515272305283,19.839742311834595,32.05590234262639,False,False,req
config_04_det1_b15_s5_h12_w50,7,21.0130117246902,144.270449058323,23.26157507564782,40.75196160922809,True,False,req
config_04_det1_b15_s5_h12_w50,8,16.9791838231912,126.567457936793,29.51131774421468,47.90254560041669,True,True,req
config_04_det1_b15_s5_h12_w50,9,14.1386261548201,112.67074195811,33.84318801472462,54.16202890402094,True,True,req
config_04_det1_b15_s5_h12_w50,10,12.0436968582402,101.492859164877,41.5395158252958,58.053659445378635,True,True,req
config_04_det1_b15_s5_h12_w50,11,10.4441745847862,92.3147739934436,45.97036953299375,63.65197856312088,True,True,req
config_04_det1_b15_s5_h12_w50,12,9.18858802088564,84.6488737667435,51.95959367624038,67.8092683561768,True,True,req
config_04_det1_b15_s5_h12_w50,13,8.17952811343337,78.1526248923616,55.00392599624139,74.72573770127664,True,True,req
config_04_det1_b15_s5_h12_w50,14,7.35329010871709,72.5789333035372,58.32372051747041,79.89898544412188,True,True,req
config_04_det1_b15_s5_h12_w50,15,6.66553395622582,67.7448225492957,61.27718070374974,88.60494750420105,True,True,req
config_04_det1_b15_s5_h12_w50,16,6.08550710316677,63.5135734450523,65.08853105578586,99.4666619191241,True,True,req
config_04_det1_b15_s5_h12_w50,17,5.59016165342281,59.7788117000728,68.5641223600215,106.0234476162912,True,True,req
config_04_det1_b15_s5_h12_w50,18,5.1628769216908,56.4585920266622,70.88575579762129,113.80864019631082,True,True,req
config_04_det1_b15_s5_h12_w50,19,4.7910922066594,53.4876153308822,71.76256945650705,118.91881544426292,True,True,req
config_04_det1_b15_s5_h12_w50,20,4.46481413819361,50.8136682209736,73.74738215692811,121.66367661850981,True,True,req
config_05_det1_b15_s5_h12_w500,1,1371.96964499226,1562.09876717853,6.161544043500784,10.849112866958293,False,False,req
config_05_det1_b15_s5_h12_w500,2,259.641330065364,879.048720659531,14.86781759371563,21.707415207711858,False,False,req
config_05_det1_b15_s5_h12_w500,3,105.27554977829,661.976402363107,23.298538044263633,34.88644973338502,False,False,req
config_05_det1_b15_s5_h12_w500,4,59.8243642194367,522.325202955406,38.982680449143054,48.66855119068165,False,False,req
config_05_det1_b15_s5_h12_w500,5,40.4077641479295,425.720697172114,55.8446002313563,63.51221044019803,False,False,req
config_05_det1_b15_s5_h12_w500,6,30.0937750463872,358.05135977561,65.70355298612093,75.55991910397998,False,False,req
config_05_det1_b15_s5_h12_w500,7,23.5282591644182,308.420236242715,72.66713751758768,88.12075167064792,True,False,req
config_05_det1_b15_s5_h12_w500,8,19.0428108742971,270.599644012954,81.60405856941185,99.6221321907046,True,False,req
config_05_det1_b15_s5_h12_w500,9,15.852309192731,240.900973795346,88.87802245212255,110.30328839411614,True,True,req
config_05_det1_b15_s5_h12_w500,10,13.4989773933766,217.007292249313,94.62485527656627,120.67111904769186,True,True,req
config_05_det1_b15_s5_h12_w500,11,11.7063849801001,197.385914003329,99.03182807674622,133.8359902185424,True,True,req
config_05_det1_b15_s5_h12_w500,12,10.3024927250127,174.798447942669,103.96897861328104,150.78938623125967,True,True,req
config_05_det1_b15_s5_h12_w500,13,8.2343773807999,165.736766297224,112.34268630697179,155.33813310717437,True,True,req
config_05_det1_b15_s5_h12_w500,14,7.1387354334877,155.114313416779,120.8870693733067,160.77036958379833,True,True,req
config_05_det1_b15_s5_h12_w500,15,6.30992163133089,144.57194507965,133.83206220857542,170.7495688948519,True,True,req
config_05_det1_b15_s5_h12_w500,16,5.64079151507659,135.933108110648,154.50233803516807,177.12054510982063,True,True,req
config_05_det1_b15_s5_h12_w500,17,5.12956312475836,128.020670362398,171.53496161294805,187.34781601787265,True,True,req
config_05_det1_b15_s5_h12_w500,18,4.70918677317163,120.936071767983,186.1032979288653,196.42220328782702,True,True,req
config_05_det1_b15_s5_h12_w500,19,4.34538602141658,114.666952954547,194.31115868340885,205.42804566184347,True,True,req
config_05_det1_b15_s5_h12_w500,20,4.03167079521766,108.995763264335,205.95651846931187,212.9998663275533,True,True,req
config_06_det1_b15_s5_h12_w1500,1,1482.77218730659,2195.12941567296,9.203110887085954,17.44471983151349,False,False,req
config_06_det1_b15_s5_h12_w1500,2,276.168535055985,1274.88781758312,21.564977393913495,36.340891224624635,False,False,req
config_06_det1_b15_s5_h12_w1500,3,110.489999377789,954.913490984421,40.62669534924051,50.42509172029338,False,False,req
config_06_det1_b15_s5_h12_w1500,4,62.265165672113,754.396736282332,64.02568137083743,69.1343610298092,False,False,req
config_06_det1_b15_s5_h12_w1500,5,41.3983921590561,615.089943611065,77.39459848723294,86.93316613928197,False,False,req
config_06_det1_b15_s5_h12_w1500,6,30.5947542861908,517.737731419071,89.32755718266465,104.27541430163573,False,False,req
config_06_det1_b15_s5_h12_w1500,7,24.0675826659041,446.310779861523,97.93902113616979,120.63211665822848,True,False,req
config_06_det1_b15_s5_h12_w1500,8,19.5984247045618,391.790936353185,105.61775175656368,134.73598906750934,True,False,req
config_06_det1_b15_s5_h12_w1500,9,14.813237392189,347.069530043393,118.60701098820238,151.95192733961036,True,True,req
config_06_det1_b15_s5_h12_w1500,10,12.2749345250106,314.281592480616,128.77192456259849,167.84441787295492,True,True,req
config_06_det1_b15_s5_h12_w1500,11,10.3785968167878,286.18006793008,141.02982456440435,181.6144382109161,True,True,req
config_06_det1_b15_s5_h12_w1500,12,9.08425019280687,262.551262568411,155.66528818090578,197.02392339228476,True,True,req
config_06_det1_b15_s5_h12_w1500,13,8.07100869684366,242.465429921281,168.82933114703607,211.6359393707348,True,True,req
config_06_det1_b15_s5_h12_w1500,14,7.24897508045351,225.256267238797,183.90228005957704,227.52763873623988,True,True,req
config_06_det1_b15_s5_h12_w1500,15,6.56841598047092,210.321763462317,194.77172892616855,242.5304877742178,True,True,req
config_06_det1_b15_s5_h12_w1500,16,5.99684734319579,197.206183278909,207.0882762656222,255.55325874571733,True,True,req
config_06_det1_b15_s5_h12_w1500,17,5.50925993039002,185.62250063012,217.9445361401229,272.45399713631576,True,True,req
config_06_det1_b15_s5_h12_w1500,18,5.08897006822918,175.317193184827,225.33480953658466,286.48649376735216,True,True,req
config_06_det1_b15_s5_h12_w1500,19,4.72308712345199,166.110522527026,232.6811212081175,301.3026924871399,True,True,req
config_06_det1_b15_s5_h12_w1500,20,4.4019262322732,157.810856039111,242.23499552202517,314.79830182727056,True,True,req
config_07_det1_b15_s5_h24_w50,1,1143.99309910078,724.976931135836,,4.015843622453444,True,False,req
config_07_det1_b15_s5_h24_w50,2,226.084029078955,415.578696008349,5.051917952619579,9.742554849730126,False,False,req
config_07_det1_b15_s5_h24_w50,3,95.9537592016972,309.044693901097,8.677773331909517,14.663185192856291,False,False,req
config_07_det1_b15_s5_h24_w50,4,55.3066653883184,243.601640148777,12.025426187873759,17.463755323526495,False,False,req
config_07_det1_b15_s5_h24_w50,5,36.993922117345,199.162959091226,16.085397104206038,25.688144152507395,False,False,req
config_07_det1_b15_s5_h24_w50,6,27.0813487792226,167.515272305283,19.839742311834595,32.434686294151206,False,False,req
config_07_det1_b15_s5_h24_w50,7,21.0130117246902,144.270449058323,23.139346900895887,34.420689635740885,True,False,req
config_07_det1_b15_s5_h24_w50,8,16.9791838231912,126.567457936793,28.456701758988167,37.512576224514355,True,True,req
config_07_det1_b15_s5_h24_w50,9,14.1386261548201,112.67074195811,30.68908397134069,39.86468205065732,True,True,req
config_07_det1_b15_s5_h24_w50,10,12.0436968582402,101.492859164877,33.950601982880954,41.83029852869807,True,True,req
config_07_det1_b15_s5_h24_w50,11,10.4441745847862,92.3147739934436,35.58779109469988,55.13826597744981,True,True,req
config_07_det1_b15_s5_h24_w50,12,9.18858802088564,84.6488737667435,39.6992742376986,70.37901942340487,True,True,req
config_07_det1_b15_s5_h24_w50,13,8.17952811343337,78.1526248923616,43.399785425736845,82.62901124907643,True,True,req
config_07_det1_b15_s5_h24_w50,14,7.35329010871709,72.5789333035372,46.32719908433921,91.50361081217869,True,True,req
config_07_det1_b15_s5_h24_w50,15,6.66553395622582,67.7448225492957,48.8549677617333,99.53175707615468,True,True,req
config_07_det1_b15_s5_h24_w50,16,6.08550710316677,63.5135734450523,51.1843811626164,106.19548725764616,True,True,req
config_07_det1_b15_s5_h24_w50,17,5.59016165342281,59.7788117000728,56.49988384943813,111.6425113799498,True,True,req
config_07_det1_b15_s5_h24_w50,18,5.1628769216908,56.4585920266622,65.48904774845944,117.53083230228,True,True,req
config_07_det1_b15_s5_h24_w50,19,4.7910922066594,53.4876153308822,73.73810327774915,124.4400112615624,True,True,req
config_07_det1_b15_s5_h24_w50,20,4.46481413819361,50.8136682209736,77.65206935426768,130.01801093181925,True,True,req
config_08_det1_b15_s5_h24_w500,1,1371.96964499226,1562.09876717853,6.161544043500784,10.592644853859682,False,False,req
config_08_det1_b15_s5_h24_w500,2,259.641330065364,879.048720659531,14.86781759371563,21.734543358442107,False,False,req
config_08_det1_b15_s5_h24_w500,3,105.27554977829,661.976402363107,23.309769947384723,31.9059457625064,False,False,req
config_08_det1_b15_s5_h24_w500,4,59.8243642194367,522.325202955406,33.177083581894294,38.82323241307967,False,False,req
config_08_det1_b15_s5_h24_w500,5,40.4077641479295,425.720697172114,41.349538993802575,59.44386742970211,False,False,req
config_08_det1_b15_s5_h24_w500,6,30.0937750463872,358.05135977561,51.18853265136636,79.06461835106775,False,False,req
config_08_det1_b15_s5_h24_w500,7,23.5282591644182,308.420236242715,64.54093565327358,91.31701002247304,False,False,req
config_08_det1_b15_s5_h24_w500,8,19.0428108742971,270.599644012954,83.89285651949157,106.99918198025834,True,False,req
config_08_det1_b15_s5_h24_w500,9,15.852309192731,240.900973795346,92.93309892067518,117.96723921401984,True,True,req
config_08_det1_b15_s5_h24_w500,10,13.4989773933766,217.007292249313,101.89869901579269,133.0404548436302,True,True,req
config_08_det1_b15_s5_h24_w500,11,11.7063849801001,197.385914003329,107.57654225919536,144.20986289278397,True,True,req
config_08_det1_b15_s5_h24_w500,12,10.3024927250127,174.798447942669,112.67488782875367,159.12873972213677,True,True,req
config_08_det1_b15_s5_h24_w500,13,8.2343773807999,165.736766297224,123.45008837357892,166.16345771725972,True,True,req
config_08_det1_b15_s5_h24_w500,14,7.1387354334877,155.114313416779,133.1886369548427,174.41887241796846,True,True,req
config_08_det1_b15_s5_h24_w500,15,6.30992163133089,144.57194507965,143.3686105812566,184.29284892981244,True,True,req
config_08_det1_b15_s5_h24_w500,16,5.64079151507659,135.933108110648,156.68890981283053,195.2862108974074,True,True,req
config_08_det1_b15_s5_h24_w500,17,5.12956312475836,128.020670362398,167.74303433956487,201.96646792640274,True,True,req
config_08_det1_b15_s5_h24_w500,18,4.70918677317163,120.936071767983,178.56115899041424,210.70336903386766,True,True,req
config_08_det1_b15_s5_h24_w500,19,4.34538602141658,114.666952954547,190.70471284160755,218.89936487903395,True,True,req
config_08_det1_b15_s5_h24_w500,20,4.03167079521766,108.995763264335,198.53017892613818,224.1242308036624,True,True,req
config_09_det1_b15_s5_h24_w1500,1,1482.77218730659,2195.12941567296,9.198600437023016,16.63016085310061,False,False,req
config_09_det1_b15_s5_h24_w1500,2,276.168535055985,1274.88781758312,21.570819409563466,33.29624415756227,False,False,req
config_09_det1_b15_s5_h24_w1500,3,110.489999377789,954.913490984421,35.15129265048442,49.96315017090095,False,False,req
config_09_det1_b15_s5_h24_w1500,4,62.265165672113,754.396736282332,49.04578855518586,72.78410798381745,False,False,req
config_09_det1_b15_s5_h24_w1500,5,41.3983921590561,615.089943611065,76.99420676258701,94.4863432959729,False,False,req
config_09_det1_b15_s5_h24_w1500,6,30.5947542861908,517.737731419071,93.58380736003424,112.94890007334192,False,False,req
config_09_det1_b15_s5_h24_w1500,7,24.0675826659041,446.310779861523,105.48787463232182,129.91934276696443,True,False,req
config_09_det1_b15_s5_h24_w1500,8,19.5984247045618,391.790936353185,112.93332761462007,147.39648227183412,True,False,req
config_09_det1_b15_s5_h24_w1500,9,14.813237392189,347.069530043393,127.47932158022945,165.2297852823287,True,True,req
config_09_det1_b15_s5_h24_w1500,10,12.2749345250106,314.281592480616,139.13904231818697,179.06278771549506,True,True,req
config_09_det1_b15_s5_h24_w1500,11,10.3785968167878,286.18006793008,151.77738824783265,194.7446297933099,True,True,req
config_09_det1_b15_s5_h24_w1500,12,9.08425019280687,262.551262568411,160.57290841442298,209.11297783734034,True,True,req
config_09_det1_b15_s5_h24_w1500,13,8.07100869684366,242.465429921281,168.19287217358527,223.45886708246283,True,True,req
config_09_det1_b15_s5_h24_w1500,14,7.24897508045351,225.256267238797,178.16596117727488,235.99075723426117,True,True,req
config_09_det1_b15_s5_h24_w1500,15,6.56841598047092,210.321763462317,186.3558237768693,246.6523503728364,True,True,req
config_09_det1_b15_s5_h24_w1500,16,5.99684734319579,197.206183278909,196.71952326429965,262.5918939681455,True,True,req
config_09_det1_b15_s5_h24_w1500,17,5.50925993039002,185.62250063012,208.3009674858846,293.4971985480536,True,True,req
config_09_det1_b15_s5_h24_w1500,18,5.08897006822918,175.317193184827,216.4965197308159,324.8431651496526,True,True,req
config_09_det1_b15_s5_h24_w1500,19,4.72308712345199,166.110522527026,226.48787985722817,358.77689794634216,True,True,req
config_09_det1_b15_s5_h24_w1500,20,4.4019262322732,157.810856039111,243.1182325536281,390.2735970515499,True,True,req
config_10_det1_b15_s20_h4_w50,1,1143.99309910078,724.976931135836,4.252778503519787,6.292098219195247,False,False,req
config_10_det1_b15_s20_h4_w50,2,226.084029078955,415.578696008349,9.199388566638545,9.147444998468151,False,False,req
config_10_det1_b15_s20_h4_w50,3,95.9537592016972,309.044693901097,11.077855162440065,11.298976723579884,False,False,req
config_10_det1_b15_s20_h4_w50,4,55.3066653883184,243.601640148777,13.366296233437295,13.393575885475842,False,False,req
config_10_det1_b15_s20_h4_w50,5,36.993922117345,199.162959091226,16.127767204421076,19.15733214724848,False,False,req
config_10_det1_b15_s20_h4_w50,6,27.0813487792226,167.515272305283,21.55382506656301,22.343452620398665,False,False,req
config_10_det1_b15_s20_h4_w50,7,21.0130117246902,144.270449058323,24.290458517697846,27.89600105749926,True,False,req
config_10_det1_b15_s20_h4_w50,8,16.9791838231912,126.567457936793,27.269898698014998,31.040221890315152,True,False,req
config_10_det1_b15_s20_h4_w50,9,14.1386261548201,112.67074195811,31.924870790654737,33.22717073420486,True,False,req
config_10_det1_b15_s20_h4_w50,10,12.0436968582402,101.492859164877,37.71002353486404,37.365918629146535,True,False,req
config_10_det1_b15_s20_h4_w50,11,10.4441745847862,92.3147739934436,43.4240471973767,44.0374542293262,True,True,req
config_10_det1_b15_s20_h4_w50,12,9.18858802088564,84.6488737667435,47.86219149809168,48.600369082960675,True,True,req
config_10_det1_b15_s20_h4_w50,13,8.17952811343337,78.1526248923616,50.81678241486763,51.289174052620496,True,True,req
config_10_det1_b15_s20_h4_w50,14,7.35329010871709,72.5789333035372,58.77630368609444,55.66920490720161,True,True,req
config_10_det1_b15_s20_h4_w50,15,6.66553395622582,67.7448225492957,62.45098778242021,58.437563903708366,True,True,req
config_10_det1_b15_s20_h4_w50,16,6.08550710316677,63.5135734450523,67.69725899177898,64.4366656105047,True,True,req
config_10_det1_b15_s20_h4_w50,17,5.59016165342281,59.7788117000728,72.05582471251023,70.52362281533755,True,True,req
config_10_det1_b15_s20_h4_w50,18,5.1628769216908,56.4585920266622,78.23947133640411,75.57724277188207,True,True,req
config_10_det1_b15_s20_h4_w50,19,4.7910922066594,53.4876153308822,84.25053634844113,78.81469899566817,True,True,req
config_10_det1_b15_s20_h4_w50,20,4.46481413819361,50.8136682209736,87.29010467974018,81.63778060568661,True,True,req
config_11_det1_b15_s20_h4_w500,1,1371.96964499226,1562.09876717853,9.832617911827958,9.87224645154283,False,False,req
config_11_det1_b15_s20_h4_w500,2,259.641330065364,879.048720659531,14.308769164397058,18.463785500270525,False,False,req
config_11_det1_b15_s20_h4_w500,3,105.27554977829,661.976402363107,22.725225521433224,25.99410269657331,False,False,req
config_11_det1_b15_s20_h4_w500,4,59.8243642194367,522.325202955406,32.76663508815026,33.29232456588155,False,False,req
config_11_det1_b15_s20_h4_w500,5,40.4077641479295,425.720697172114,41.984781469003735,37.483194567699265,False,False,req
config_11_det1_b15_s20_h4_w500,6,30.0937750463872,358.05135977561,51.81233323254222,49.639700593375856,False,False,req
config_11_det1_b15_s20_h4_w500,7,23.5282591644182,308.420236242715,64.15321016909442,58.77505316884026,True,False,req
config_11_det1_b15_s20_h4_w500,8,19.0428108742971,270.599644012954,76.31755286302096,65.07385707793875,True,False,req
config_11_det1_b15_s20_h4_w500,9,15.852309192731,240.900973795346,87.18779293061105,75.35315437989308,True,False,req
config_11_det1_b15_s20_h4_w500,10,13.4989773933766,217.007292249313,93.34013189524761,83.1915243412586,True,False,req
config_11_det1_b15_s20_h4_w500,11,11.7063849801001,197.385914003329,100.33308340223576,91.48977948383086,True,False,req
config_11_det1_b15_s20_h4_w500,12,10.3024927250127,174.798447942669,108.28877282269129,104.98154639427509,True,False,req
config_11_det1_b15_s20_h4_w500,13,8.2343773807999,165.736766297224,122.39299958421732,111.00389445120082,True,True,req
config_11_det1_b15_s20_h4_w500,14,7.1387354334877,155.114313416779,136.43225511627048,117.72337178270459,True,True,req
config_11_det1_b15_s20_h4_w500,15,6.30992163133089,144.57194507965,152.77367269737428,125.83883415128875,True,True,req
config_11_det1_b15_s20_h4_w500,16,5.64079151507659,135.933108110648,162.3164903993293,135.36844638902295,True,True,req
config_11_det1_b15_s20_h4_w500,17,5.12956312475836,128.020670362398,180.17515783259356,145.1844578650055,True,True,req
config_11_det1_b15_s20_h4_w500,18,4.70918677317163,120.936071767983,192.54315172910663,152.43463790534398,True,True,req
config_11_det1_b15_s20_h4_w500,19,4.34538602141658,114.666952954547,201.5578322026267,159.8341535432552,True,True,req
config_11_det1_b15_s20_h4_w500,20,4.03167079521766,108.995763264335,220.33206946183145,171.20351356077816,True,True,req
config_12_det1_b15_s20_h4_w1500,1,1482.77218730659,2195.12941567296,11.476296223085216,16.366791835909687,False,False,req
config_12_det1_b15_s20_h4_w1500,2,276.168535055985,1274.88781758312,21.81072843808753,27.37867555233452,False,False,req
config_12_det1_b15_s20_h4_w1500,3,110.489999377789,954.913490984421,35.39042773123829,34.92595560611048,False,False,req
config_12_det1_b15_s20_h4_w1500,4,62.265165672113,754.396736282332,50.904207831966104,47.690453709311676,False,False,req
config_12_det1_b15_s20_h4_w1500,5,41.3983921590561,615.089943611065,67.1144274727871,60.561509021820115,False,False,req
config_12_det1_b15_s20_h4_w1500,6,30.5947542861908,517.737731419071,85.13016650988061,70.18483365371752,False,False,req
config_12_det1_b15_s20_h4_w1500,7,24.0675826659041,446.310779861523,94.73390679805316,83.73956883629678,True,False,req
config_12_det1_b15_s20_h4_w1500,8,19.5984247045618,391.790936353185,107.26808226225647,94.18590260755586,True,False,req
config_12_det1_b15_s20_h4_w1500,9,14.813237392189,347.069530043393,123.75277134943956,107.82979276773806,True,False,req
config_12_det1_b15_s20_h4_w1500,10,12.2749345250106,314.281592480616,146.51202079048366,118.58977781738938,True,False,req
config_12_det1_b15_s20_h4_w1500,11,10.3785968167878,286.18006793008,163.68183483684302,129.15080510137494,True,False,req
config_12_det1_b15_s20_h4_w1500,12,9.08425019280687,262.551262568411,187.89790002374514,143.34117207247579,True,False,req
config_12_det1_b15_s20_h4_w1500,13,8.07100869684366,242.465429921281,201.96382720675504,155.3012018805893,True,True,req
config_12_det1_b15_s20_h4_w1500,14,7.24897508045351,225.256267238797,226.83138928875488,167.14336411197024,True,True,req
config_12_det1_b15_s20_h4_w1500,15,6.56841598047092,210.321763462317,237.8586882070015,177.94938028676705,True,True,req
config_12_det1_b15_s20_h4_w1500,16,5.99684734319579,197.206183278909,249.46027016117995,192.85715424750114,True,True,req
config_12_det1_b15_s20_h4_w1500,17,5.50925993039002,185.62250063012,260.2392702452452,203.3804556053069,True,True,req
config_12_det1_b15_s20_h4_w1500,18,5.08897006822918,175.317193184827,268.27981609174816,216.86658405060422,True,True,req
config_12_det1_b15_s20_h4_w1500,19,4.72308712345199,166.110522527026,273.39470347629066,230.47201866796948,True,True,req
config_12_det1_b15_s20_h4_w1500,20,4.4019262322732,157.810856039111,280.70120531744544,242.58521412301926,True,True,req
config_13_det1_b15_s20_h12_w50,1,1143.99309910078,724.976931135836,3.44468793942209,6.0378183145901305,False,False,req
config_13_det1_b15_s20_h12_w50,2,226.084029078955,415.578696008349,8.941378529063625,8.959701445918832,False,False,req
config_13_det1_b15_s20_h12_w50,3,95.9537592016972,309.044693901097,10.957525952513185,11.168342535936118,False,False,req
config_13_det1_b15_s20_h12_w50,4,55.3066653883184,243.601640148777,13.269188935274078,13.275141242186464,False,False,req
config_13_det1_b15_s20_h12_w50,5,36.993922117345,199.162959091226,15.848891917102597,19.38661587281287,False,False,req
config_13_det1_b15_s20_h12_w50,6,27.0813487792226,167.515272305283,21.508286193930005,22.041321988483357,False,False,req
config_13_det1_b15_s20_h12_w50,7,21.0130117246902,144.270449058323,24.253296167737698,24.793182026516888,True,False,req
config_13_det1_b15_s20_h12_w50,8,16.9791838231912,126.567457936793,27.032339428913655,27.405562847713963,True,False,req
config_13_det1_b15_s20_h12_w50,9,14.1386261548201,112.67074195811,29.373472300700165,31.902505779327115,True,False,req
config_13_det1_b15_s20_h12_w50,10,12.0436968582402,101.492859164877,31.670860029370846,34.39130522384982,True,False,req
config_13_det1_b15_s20_h12_w50,11,10.4441745847862,92.3147739934436,35.60879631495566,36.26509168608291,True,False,req
config_13_det1_b15_s20_h12_w50,12,9.18858802088564,84.6488737667435,39.76865442782796,43.38373975350673,True,True,req
config_13_det1_b15_s20_h12_w50,13,8.17952811343337,78.1526248923616,42.1713157845472,46.413902820168005,True,True,req
config_13_det1_b15_s20_h12_w50,14,7.35329010871709,72.5789333035372,44.864160250694546,49.447450642070514,True,True,req
config_13_det1_b15_s20_h12_w50,15,6.66553395622582,67.7448225492957,47.328367550550475,54.72348558891328,True,True,req
config_13_det1_b15_s20_h12_w50,16,6.08550710316677,63.5135734450523,50.26931345264226,59.80677114675227,True,True,req
config_13_det1_b15_s20_h12_w50,17,5.59016165342281,59.7788117000728,52.68462655272408,63.92007020490512,True,True,req
config_13_det1_b15_s20_h12_w50,18,5.1628769216908,56.4585920266622,57.41205339473584,66.7145739325374,True,True,req
config_13_det1_b15_s20_h12_w50,19,4.7910922066594,53.4876153308822,61.32654298914949,70.86031064707521,True,True,req
config_13_det1_b15_s20_h12_w50,20,4.46481413819361,50.8136682209736,65.75985382435091,73.09123332444793,True,True,req
config_14_det1_b15_s20_h12_w500,1,1371.96964499226,1562.09876717853,9.647169273937303,10.360079632898582,False,False,req
config_14_det1_b15_s20_h12_w500,2,259.641330065364,879.048720659531,14.220333153621963,19.632571787720526,False,False,req
config_14_det1_b15_s20_h12_w500,3,105.27554977829,661.976402363107,22.84899067792711,26.691400768786938,False,False,req
config_14_det1_b15_s20_h12_w500,4,59.8243642194367,522.325202955406,28.155494579211354,33.348708745617124,False,False,req
config_14_det1_b15_s20_h12_w500,5,40.4077641479295,425.720697172114,33.08068734171042,45.551436585468956,False,False,req
config_14_det1_b15_s20_h12_w500,6,30.0937750463872,358.05135977561,40.72983396725305,54.034187094838394,False,False,req
config_14_det1_b15_s20_h12_w500,7,23.5282591644182,308.420236242715,50.73435103556564,60.14656993545018,False,False,req
config_14_det1_b15_s20_h12_w500,8,19.0428108742971,270.599644012954,60.471293809542395,71.14958450335462,True,False,req
config_14_det1_b15_s20_h12_w500,9,15.852309192731,240.900973795346,67.07878483544555,79.51334723735938,True,False,req
config_14_det1_b15_s20_h12_w500,10,13.4989773933766,217.007292249313,73.54353302636473,88.4586073162659,True,False,req
config_14_det1_b15_s20_h12_w500,11,11.7063849801001,197.385914003329,82.82936920427305,95.41237712337603,True,True,req
config_14_det1_b15_s20_h12_w500,12,10.3024927250127,174.798447942669,93.39832484222259,111.80464379890488,True,True,req
config_14_det1_b15_s20_h12_w500,13,8.2343773807999,165.736766297224,105.0086135355889,115.94476762186765,True,True,req
config_14_det1_b15_s20_h12_w500,14,7.1387354334877,155.114313416779,113.72286752110247,124.23388700574235,True,True,req
config_14_det1_b15_s20_h12_w500,15,6.30992163133089,144.57194507965,123.8059608038141,135.8772804163129,True,True,req
config_14_det1_b15_s20_h12_w500,16,5.64079151507659,135.933108110648,136.15281957336683,144.09673578498885,True,True,req
config_14_det1_b15_s20_h12_w500,17,5.12956312475836,128.020670362398,143.65404991003754,154.09909780542014,True,True,req
config_14_det1_b15_s20_h12_w500,18,4.70918677317163,120.936071767983,153.14612344098038,164.25083713637505,True,True,req
config_14_det1_b15_s20_h12_w500,19,4.34538602141658,114.666952954547,160.9146640217175,172.48820813158343,True,True,req
config_14_det1_b15_s20_h12_w500,20,4.03167079521766,108.995763264335,170.27500183526647,180.99155520508563,True,True,req
config_15_det1_b15_s20_h12_w1500,1,1482.77218730659,2195.12941567296,11.393347839858134,17.16290695074701,False,False,req
config_15_det1_b15_s20_h12_w1500,2,276.168535055985,1274.88781758312,21.937533475757935,29.82244750183995,False,False,req
config_15_det1_b15_s20_h12_w1500,3,110.489999377789,954.913490984421,29.957167339386412,41.762984507815055,False,False,req
config_15_det1_b15_s20_h12_w1500,4,62.265165672113,754.396736282332,42.83417881785525,54.13513069163128,False,False,req
config_15_det1_b15_s20_h12_w1500,5,41.3983921590561,615.089943611065,58.44345450946581,66.47553591359757,False,False,req
config_15_det1_b15_s20_h12_w1500,6,30.5947542861908,517.737731419071,68.01320735710087,78.76406161935644,False,False,req
config_15_det1_b15_s20_h12_w1500,7,24.0675826659041,446.310779861523,80.9981500131673,92.37315341711692,False,False,req
config_15_det1_b15_s20_h12_w1500,8,19.5984247045618,391.790936353185,94.40005561439038,104.24634839061643,True,False,req
config_15_det1_b15_s20_h12_w1500,9,14.813237392189,347.069530043393,112.64834978078167,123.37160825012462,True,False,req
config_15_det1_b15_s20_h12_w1500,10,12.2749345250106,314.281592480616,128.13642171312748,134.99932170611493,True,False,req
config_15_det1_b15_s20_h12_w1500,11,10.3785968167878,286.18006793008,144.83900617006915,149.83121638289458,True,True,req
config_15_det1_b15_s20_h12_w1500,12,9.08425019280687,262.551262568411,157.10838208772384,164.55233463349384,True,True,req
config_15_det1_b15_s20_h12_w1500,13,8.07100869684366,242.465429921281,169.18462375956827,177.30384701598175,True,True,req
config_15_det1_b15_s20_h12_w1500,14,7.24897508045351,225.256267238797,188.38749589904077,193.43235610644072,True,True,req
config_15_det1_b15_s20_h12_w1500,15,6.56841598047092,210.321763462317,198.92791477763438,209.03104168732665,True,True,req
config_15_det1_b15_s20_h12_w1500,16,5.99684734319579,197.206183278909,213.43460812259207,221.33344314756314,True,True,req
config_15_det1_b15_s20_h12_w1500,17,5.50925993039002,185.62250063012,223.85355766165029,238.7065405471748,True,True,req
config_15_det1_b15_s20_h12_w1500,18,5.08897006822918,175.317193184827,233.884382049479,250.28076733940225,True,True,req
config_15_det1_b15_s20_h12_w1500,19,4.72308712345199,166.110522527026,249.1964029078715,265.71608438331316,True,True,req
config_15_det1_b15_s20_h12_w1500,20,4.4019262322732,157.810856039111,256.1897327502932,279.49179822989043,True,True,req
config_16_det1_b15_s20_h24_w50,1,1143.99309910078,724.976931135836,3.44468793942209,6.0378183145901305,False,False,req
config_16_det1_b15_s20_h24_w50,2,226.084029078955,415.578696008349,8.941378529063625,8.959701445918832,False,False,req
config_16_det1_b15_s20_h24_w50,3,95.9537592016972,309.044693901097,10.957525952513185,11.168342535936118,False,False,req
config_16_det1_b15_s20_h24_w50,4,55.3066653883184,243.601640148777,13.269188935274078,13.275141242186464,False,False,req
config_16_det1_b15_s20_h24_w50,5,36.993922117345,199.162959091226,15.848891917102597,19.38661587281287,False,False,req
config_16_det1_b15_s20_h24_w50,6,27.0813487792226,167.515272305283,21.508286193930005,22.041321988483357,False,False,req
config_16_det1_b15_s20_h24_w50,7,21.0130117246902,144.270449058323,24.253296167737698,24.793182026516888,True,False,req
config_16_det1_b15_s20_h24_w50,8,16.9791838231912,126.567457936793,26.635077904898267,27.405562847713963,True,False,req
config_16_det1_b15_s20_h24_w50,9,14.1386261548201,112.67074195811,29.373395700871903,30.897327958902853,True,False,req
config_16_det1_b15_s20_h24_w50,10,12.0436968582402,101.492859164877,31.32852334534776,33.11457949302693,True,False,req
config_16_det1_b15_s20_h24_w50,11,10.4441745847862,92.3147739934436,35.2325258106767,34.76446281765332,True,False,req
config_16_det1_b15_s20_h24_w50,12,9.18858802088564,84.6488737667435,37.90977941112293,39.04202063162202,True,True,req
config_16_det1_b15_s20_h24_w50,13,8.17952811343337,78.1526248923616,40.32987571267732,42.064900748723986,True,True,req
config_16_det1_b15_s20_h24_w50,14,7.35329010871709,72.5789333035372,43.3842756652684,45.75211333916719,True,True,req
config_16_det1_b15_s20_h24_w50,15,6.66553395622582,67.7448225492957,46.16603594635346,49.17468734013465,True,True,req
config_16_det1_b15_s20_h24_w50,16,6.08550710316677,63.5135734450523,48.86254061139269,51.383979750502,True,True,req
config_16_det1_b15_s20_h24_w50,17,5.59016165342281,59.7788117000728,51.635122494286776,54.26566939603712,True,True,req
config_16_det1_b15_s20_h24_w50,18,5.1628769216908,56.4585920266622,53.36611167210892,57.15873839580436,True,True,req
config_16_det1_b15_s20_h24_w50,19,4.7910922066594,53.4876153308822,54.848695289860814,59.70234815315055,True,True,req
config_16_det1_b15_s20_h24_w50,20,4.46481413819361,50.8136682209736,56.3348948254987,61.62272206743223,True,True,req
config_17_det1_b15_s20_h24_w500,1,1371.96964499226,1562.09876717853,9.647169273937303,10.360079632898582,False,False,req
config_17_det1_b15_s20_h24_w500,2,259.641330065364,879.048720659531,14.220333153621963,19.632571787720526,False,False,req
config_17_det1_b15_s20_h24_w500,3,105.27554977829,661.976402363107,22.84899067792711,26.923825415419703,False,False,req
config_17_det1_b15_s20_h24_w500,4,59.8243642194367,522.325202955406,28.155494579211354,32.43349156350577,False,False,req
config_17_det1_b15_s20_h24_w500,5,40.4077641479295,425.720697172114,33.08034726238526,38.56476208924411,False,False,req
config_17_det1_b15_s20_h24_w500,6,30.0937750463872,358.05135977561,40.247023181845385,49.54349982591056,False,False,req
config_17_det1_b15_s20_h24_w500,7,23.5282591644182,308.420236242715,46.886537246847304,58.20959006040156,False,False,req
config_17_det1_b15_s20_h24_w500,8,19.0428108742971,270.599644012954,54.335176221302525,66.33962522504932,True,False,req
config_17_det1_b15_s20_h24_w500,9,15.852309192731,240.900973795346,58.107076806530195,72.84509163286158,True,False,req
config_17_det1_b15_s20_h24_w500,10,13.4989773933766,217.007292249313,65.09686916434615,81.78323016432593,True,True,req
config_17_det1_b15_s20_h24_w500,11,11.7063849801001,197.385914003329,71.25133244368135,88.98341582377397,True,True,req
config_17_det1_b15_s20_h24_w500,12,10.3024927250127,174.798447942669,76.46954168527202,102.93062719078752,True,True,req
config_17_det1_b15_s20_h24_w500,13,8.2343773807999,165.736766297224,84.68652473813188,107.39434213319724,True,True,req
config_17_det1_b15_s20_h24_w500,14,7.1387354334877,155.114313416779,91.1386902534325,120.75521256289979,True,True,req
config_17_det1_b15_s20_h24_w500,15,6.30992163133089,144.57194507965,99.26742269412122,133.9524441421905,True,True,req
config_17_det1_b15_s20_h24_w500,16,5.64079151507659,135.933108110648,105.2457331544715,141.32345808660202,True,True,req
config_17_det1_b15_s20_h24_w500,17,5.12956312475836,128.020670362398,115.15219252990558,152.50542016779454,True,True,req
config_17_det1_b15_s20_h24_w500,18,4.70918677317163,120.936071767983,131.36284413579224,161.5666486142621,True,True,req
config_17_det1_b15_s20_h24_w500,19,4.34538602141658,114.666952954547,139.182856692993,170.8406949633358,True,True,req
config_17_det1_b15_s20_h24_w500,20,4.03167079521766,108.995763264335,151.26188314200863,180.43745838624776,True,True,req
config_18_det1_b15_s20_h24_w1500,1,1482.77218730659,2195.12941567296,11.393347839858134,17.16290695074701,False,False,req
config_18_det1_b15_s20_h24_w1500,2,276.168535055985,1274.88781758312,21.937533475757935,30.151747461797303,False,False,req
config_18_det1_b15_s20_h24_w1500,3,110.489999377789,954.913490984421,29.959420471698046,35.62585963875117,False,False,req
config_18_det1_b15_s20_h24_w1500,4,62.265165672113,754.396736282332,40.53962721831566,49.4098155734263,False,False,req
config_18_det1_b15_s20_h24_w1500,5,41.3983921590561,615.089943611065,51.300427629796616,63.394312639226555,False,False,req
config_18_det1_b15_s20_h24_w1500,6,30.5947542861908,517.737731419071,60.3764927351697,74.06662794403428,False,False,req
config_18_det1_b15_s20_h24_w1500,7,24.0675826659041,446.310779861523,70.43750687666338,87.88092804408069,False,False,req
config_18_det1_b15_s20_h24_w1500,8,19.5984247045618,391.790936353185,78.26625044253323,102.12088010185663,False,False,req
config_18_det1_b15_s20_h24_w1500,9,14.813237392189,347.069530043393,90.10128744918134,119.72025981892584,True,True,req
config_18_det1_b15_s20_h24_w1500,10,12.2749345250106,314.281592480616,99.71702330149607,136.3509054995806,True,True,req
config_18_det1_b15_s20_h24_w1500,11,10.3785968167878,286.18006793008,114.17072298146803,151.29731124143908,True,True,req
config_18_det1_b15_s20_h24_w1500,12,9.08425019280687,262.551262568411,127.60341731752764,168.2135506168011,True,True,req
config_18_det1_b15_s20_h24_w1500,13,8.07100869684366,242.465429921281,144.85203623966692,182.53168294238066,True,True,req
config_18_det1_b15_s20_h24_w1500,14,7.24897508045351,225.256267238797,158.40879280800323,195.86380968531284,True,True,req
config_18_det1_b15_s20_h24_w1500,15,6.56841598047092,210.321763462317,172.22611522033728,212.3218567018792,True,True,req
config_18_det1_b15_s20_h24_w1500,16,5.99684734319579,197.206183278909,189.63496414163714,225.0568539280686,True,True,req
config_18_det1_b15_s20_h24_w1500,17,5.50925993039002,185.62250063012,202.14183345694016,238.7765430271575,True,True,req
config_18_det1_b15_s20_h24_w1500,18,5.08897006822918,175.317193184827,213.5682203002643,257.7894301125975,True,True,req
config_18_det1_b15_s20_h24_w1500,19,4.72308712345199,166.110522527026,221.2957014946291,270.17596889188104,True,True,req
config_18_det1_b15_s20_h24_w1500,20,4.4019262322732,157.810856039111,230.44731260938775,282.9759829816736,True,True,req
config_19_det1_b30_s5_h4_w50,1,1143.99309910078,724.976931135836,2.5615669032840036,6.163521720575016,False,False,req
config_19_det1_b30_s5_h4_w50,2,226.084029078955,415.578696008349,5.804717908735962,7.720824114043785,False,False,req
config_19_det1_b30_s5_h4_w50,3,95.9537592016972,309.044693901097,8.379692715129833,14.17441356811632,False,False,req
config_19_det1_b30_s5_h4_w50,4,55.3066653883184,243.601640148777,13.60943606473097,19.250646093053604,False,False,req
config_19_det1_b30_s5_h4_w50,5,36.993922117345,199.162959091226,19.29876939081868,22.419798727910116,False,False,req
config_19_det1_b30_s5_h4_w50,6,27.0813487792226,167.515272305283,22.43675555868094,23.701181405153626,False,False,req
config_19_det1_b30_s5_h4_w50,7,21.0130117246902,144.270449058323,24.62218511830337,30.488401483187012,False,False,req
config_19_det1_b30_s5_h4_w50,8,16.9791838231912,126.567457936793,27.059905764802654,34.64904940976015,False,False,req
config_19_det1_b30_s5_h4_w50,9,14.1386261548201,112.67074195811,30.04331456414222,38.60111235443869,True,False,req
config_19_det1_b30_s5_h4_w50,10,12.0436968582402,101.492859164877,34.65175139873885,42.70867447018228,True,True,req
config_19_det1_b30_s5_h4_w50,11,10.4441745847862,92.3147739934436,40.00511686022177,47.44855503595446,True,True,req
config_19_det1_b30_s5_h4_w50,12,9.18858802088564,84.6488737667435,44.61753999269794,54.80515828824874,True,True,req
config_19_det1_b30_s5_h4_w50,13,8.17952811343337,78.1526248923616,50.75149135739756,60.03421836752769,True,True,req
config_19_det1_b30_s5_h4_w50,14,7.35329010871709,72.5789333035372,56.941894726115315,65.82218376049218,True,True,req
config_19_det1_b30_s5_h4_w50,15,6.66553395622582,67.7448225492957,58.60733209249505,70.858308440154,True,True,req
config_19_det1_b30_s5_h4_w50,16,6.08550710316677,63.5135734450523,61.84332118345521,71.91694428297131,True,True,req
config_19_det1_b30_s5_h4_w50,17,5.59016165342281,59.7788117000728,64.4863968213452,74.79443411778712,True,True,req
config_19_det1_b30_s5_h4_w50,18,5.1628769216908,56.4585920266622,69.47478589387664,77.21588486185986,True,True,req
config_19_det1_b30_s5_h4_w50,19,4.7910922066594,53.4876153308822,74.82253253532654,82.64136928116974,True,True,req
config_19_det1_b30_s5_h4_w50,20,4.46481413819361,50.8136682209736,76.52497223129193,88.83174521719887,True,True,req
config_20_det1_b30_s5_h4_w500,1,1371.96964499226,1562.09876717853,6.210605848063456,9.154916711800276,False,False,req
config_20_det1_b30_s5_h4_w500,2,259.641330065364,879.048720659531,12.229850775868035,19.085419827711416,False,False,req
config_20_det1_b30_s5_h4_w500,3,105.27554977829,661.976402363107,21.972895234811457,29.9104392311447,False,False,req
config_20_det1_b30_s5_h4_w500,4,59.8243642194367,522.325202955406,32.44735543923418,36.37252225238167,False,False,req
config_20_det1_b30_s5_h4_w500,5,40.4077641479295,425.720697172114,41.45528162972723,45.78151783198106,False,False,req
config_20_det1_b30_s5_h4_w500,6,30.0937750463872,358.05135977561,51.97773922555694,55.76765975903956,True,False,req
config_20_det1_b30_s5_h4_w500,7,23.5282591644182,308.420236242715,62.277743817514775,68.44517422726018,True,False,req
config_20_det1_b30_s5_h4_w500,8,19.0428108742971,270.599644012954,71.05788045670937,74.57534510293748,True,False,req
config_20_det1_b30_s5_h4_w500,9,15.852309192731,240.900973795346,76.88751768005,82.29626577865554,True,False,req
config_20_det1_b30_s5_h4_w500,10,13.4989773933766,217.007292249313,83.90864228433206,95.96457578479445,True,False,req
config_20_det1_b30_s5_h4_w500,11,11.7063849801001,197.385914003329,91.63813434737017,109.76801193628516,True,True,req
config_20_det1_b30_s5_h4_w500,12,10.3024927250127,174.798447942669,98.4929810668986,119.48482824424009,True,True,req
config_20_det1_b30_s5_h4_w500,13,8.2343773807999,165.736766297224,110.53221407002675,126.04677449705372,True,True,req
config_20_det1_b30_s5_h4_w500,14,7.1387354334877,155.114313416779,120.65496507488709,138.03572982504684,True,True,req
config_20_det1_b30_s5_h4_w500,15,6.30992163133089,144.57194507965,134.98469182754678,148.2933203523042,True,True,req
config_20_det1_b30_s5_h4_w500,16,5.64079151507659,135.933108110648,143.8081978809893,158.62796254128713,True,True,req
config_20_det1_b30_s5_h4_w500,17,5.12956312475836,128.020670362398,155.3723237456115,167.57291530687303,True,True,req
config_20_det1_b30_s5_h4_w500,18,4.70918677317163,120.936071767983,167.76112986757224,179.61877453837243,True,True,req
config_20_det1_b30_s5_h4_w500,19,4.34538602141658,114.666952954547,178.53007449726783,188.50205937572377,True,True,req
config_20_det1_b30_s5_h4_w500,20,4.03167079521766,108.995763264335,189.554679153243,202.1250678554136,True,True,req
config_21_det1_b30_s5_h4_w1500,1,1482.77218730659,2195.12941567296,9.685724030757846,14.84195910249048,False,False,req
config_21_det1_b30_s5_h4_w1500,2,276.168535055985,1274.88781758312,19.28857174598472,27.977843912639155,False,False,req
config_21_det1_b30_s5_h4_w1500,3,110.489999377789,954.913490984421,35.024036389314126,36.2251552791703,False,False,req
config_21_det1_b30_s5_h4_w1500,4,62.265165672113,754.396736282332,50.09372091390297,53.775383541170584,False,False,req
config_21_det1_b30_s5_h4_w1500,5,41.3983921590561,615.089943611065,64.38126571449183,69.50593050236793,False,False,req
config_21_det1_b30_s5_h4_w1500,6,30.5947542861908,517.737731419071,75.7787890837535,76.70814982777253,True,False,req
config_21_det1_b30_s5_h4_w1500,7,24.0675826659041,446.310779861523,85.85468181112134,97.45424795484517,True,False,req
config_21_det1_b30_s5_h4_w1500,8,19.5984247045618,391.790936353185,99.17023452965444,108.22784139387507,True,False,req
config_21_det1_b30_s5_h4_w1500,9,14.813237392189,347.069530043393,114.8179222847103,122.13796110000635,True,False,req
config_21_det1_b30_s5_h4_w1500,10,12.2749345250106,314.281592480616,131.57288337225452,136.45470544795765,True,False,req
config_21_det1_b30_s5_h4_w1500,11,10.3785968167878,286.18006793008,149.89710299439116,151.84163442364692,True,False,req
config_21_det1_b30_s5_h4_w1500,12,9.08425019280687,262.551262568411,166.45030539673596,165.85478504469572,True,True,req
config_21_det1_b30_s5_h4_w1500,13,8.07100869684366,242.465429921281,184.17218317529807,180.23206876444357,True,True,req
config_21_det1_b30_s5_h4_w1500,14,7.24897508045351,225.256267238797,201.04247409164287,195.80520010686357,True,True,req
config_21_det1_b30_s5_h4_w1500,15,6.56841598047092,210.321763462317,217.42073587606333,210.0109223350062,True,True,req
config_21_det1_b30_s5_h4_w1500,16,5.99684734319579,197.206183278909,234.31090160534808,223.19025578590518,True,True,req
config_21_det1_b30_s5_h4_w1500,17,5.50925993039002,185.62250063012,247.64588012814676,240.8150713952744,True,True,req
config_21_det1_b30_s5_h4_w1500,18,5.08897006822918,175.317193184827,258.70171852283215,253.6893222471577,True,True,req
config_21_det1_b30_s5_h4_w1500,19,4.72308712345199,166.110522527026,270.99975655995627,268.91429603334797,True,True,req
config_21_det1_b30_s5_h4_w1500,20,4.4019262322732,157.810856039111,281.1909864012951,285.1092310170106,True,True,req
config_22_det1_b30_s5_h12_w50,1,1143.99309910078,724.976931135836,,5.2006369802169425,True,False,req
config_22_det1_b30_s5_h12_w50,2,226.084029078955,415.578696008349,3.559564580113696,7.862180041184506,False,False,req
config_22_det1_b30_s5_h12_w50,3,95.9537592016972,309.044693901097,7.536179403384715,22.090201447700743,False,False,req
config_22_det1_b30_s5_h12_w50,4,55.3066653883184,243.601640148777,11.139950628256841,29.52665109693275,False,False,req
config_22_det1_b30_s5_h12_w50,5,36.993922117345,199.162959091226,16.417395499895832,30.862215976821883,False,False,req
config_22_det1_b30_s5_h12_w50,6,27.0813487792226,167.515272305283,20.064109748503668,31.3263048411395,False,False,req
config_22_det1_b30_s5_h12_w50,7,21.0130117246902,144.270449058323,24.439458361428553,44.24545598137735,False,False,req
config_22_det1_b30_s5_h12_w50,8,16.9791838231912,126.567457936793,28.40861225051305,50.07820259354363,False,True,req
config_22_det1_b30_s5_h12_w50,9,14.1386261548201,112.67074195811,37.39697514505686,58.52844073610709,True,True,req
config_22_det1_b30_s5_h12_w50,10,12.0436968582402,101.492859164877,42.92942900854843,63.91264644027816,True,True,req
config_22_det1_b30_s5_h12_w50,11,10.4441745847862,92.3147739934436,47.70202694854801,68.52439620310419,True,True,req
config_22_det1_b30_s5_h12_w50,12,9.18858802088564,84.6488737667435,54.09526665984742,72.37081507762643,True,True,req
config_22_det1_b30_s5_h12_w50,13,8.17952811343337,78.1526248923616,57.357374198964166,75.75521370029773,True,True,req
config_22_det1_b30_s5_h12_w50,14,7.35329010871709,72.5789333035372,62.167522670603496,77.49568482610283,True,True,req
config_22_det1_b30_s5_h12_w50,15,6.66553395622582,67.7448225492957,65.13979870248295,79.36675853977603,True,True,req
config_22_det1_b30_s5_h12_w50,16,6.08550710316677,63.5135734450523,68.56915396152996,83.85321864888536,True,True,req
config_22_det1_b30_s5_h12_w50,17,5.59016165342281,59.7788117000728,74.02030042495099,91.25108903459727,True,True,req
config_22_det1_b30_s5_h12_w50,18,5.1628769216908,56.4585920266622,78.53719739715697,104.76304791448811,True,True,req
config_22_det1_b30_s5_h12_w50,19,4.7910922066594,53.4876153308822,81.97760593601156,110.25006960189286,True,True,req
config_22_det1_b30_s5_h12_w50,20,4.46481413819361,50.8136682209736,87.15135764225873,117.84064551805167,True,True,req
config_23_det1_b30_s5_h12_w500,1,1371.96964499226,1562.09876717853,3.626999448580052,12.420099637281497,False,False,req
config_23_det1_b30_s5_h12_w500,2,259.641330065364,879.048720659531,12.525878212724248,27.983495135525867,False,False,req
config_23_det1_b30_s5_h12_w500,3,105.27554977829,661.976402363107,21.669765803995205,33.98822958025322,False,False,req
config_23_det1_b30_s5_h12_w500,4,59.8243642194367,522.325202955406,34.23858568924832,46.2544200590603,False,False,req
config_23_det1_b30_s5_h12_w500,5,40.4077641479295,425.720697172114,52.58454026612765,65.34922627698052,False,False,req
config_23_det1_b30_s5_h12_w500,6,30.0937750463872,358.05135977561,58.76202749225047,70.73314905332577,False,False,req
config_23_det1_b30_s5_h12_w500,7,23.5282591644182,308.420236242715,68.63617759607538,87.11553631050356,True,False,req
config_23_det1_b30_s5_h12_w500,8,19.0428108742971,270.599644012954,73.15543298347703,95.34207164206155,True,False,req
config_23_det1_b30_s5_h12_w500,9,15.852309192731,240.900973795346,78.16980324197374,104.32333578298235,True,True,req
config_23_det1_b30_s5_h12_w500,10,13.4989773933766,217.007292249313,86.13135865899507,112.39456120688797,True,True,req
config_23_det1_b30_s5_h12_w500,11,11.7063849801001,197.385914003329,94.24640709332107,123.81275793623925,True,True,req
config_23_det1_b30_s5_h12_w500,12,10.3024927250127,174.798447942669,97.79882873929411,140.71704962638876,True,True,req
config_23_det1_b30_s5_h12_w500,13,8.2343773807999,165.736766297224,107.1597346125037,146.21903803312802,True,True,req
config_23_det1_b30_s5_h12_w500,14,7.1387354334877,155.114313416779,118.43136373725783,155.5213095884648,True,True,req
config_23_det1_b30_s5_h12_w500,15,6.30992163133089,144.57194507965,132.04502872547346,164.69625303536472,True,True,req
config_23_det1_b30_s5_h12_w500,16,5.64079151507659,135.933108110648,144.52761063586124,174.33214196533646,True,True,req
config_23_det1_b30_s5_h12_w500,17,5.12956312475836,128.020670362398,150.2875684220828,185.80828960547242,True,True,req
config_23_det1_b30_s5_h12_w500,18,4.70918677317163,120.936071767983,161.12195704393199,193.79422738937413,True,True,req
config_23_det1_b30_s5_h12_w500,19,4.34538602141658,114.666952954547,168.99811216894307,201.30374713628933,True,True,req
config_23_det1_b30_s5_h12_w500,20,4.03167079521766,108.995763264335,177.66077554335584,213.15974382816492,True,True,req
config_24_det1_b30_s5_h12_w1500,1,1482.77218730659,2195.12941567296,9.361857454586671,20.201024107703052,False,False,req
config_24_det1_b30_s5_h12_w1500,2,276.168535055985,1274.88781758312,21.850663605483472,35.30223611897694,False,False,req
config_24_det1_b30_s5_h12_w1500,3,110.489999377789,954.913490984421,39.896646162302915,49.63156379764797,False,False,req
config_24_det1_b30_s5_h12_w1500,4,62.265165672113,754.396736282332,62.644591745816335,68.77602325665536,False,False,req
config_24_det1_b30_s5_h12_w1500,5,41.3983921590561,615.089943611065,71.31417022583942,86.81176419574584,False,False,req
config_24_det1_b30_s5_h12_w1500,6,30.5947542861908,517.737731419071,83.42216956540987,104.42543006588215,False,False,req
config_24_det1_b30_s5_h12_w1500,7,24.0675826659041,446.310779861523,93.96424711618303,116.74181204930629,True,False,req
config_24_det1_b30_s5_h12_w1500,8,19.5984247045618,391.790936353185,99.7778449718284,134.5058681598853,True,False,req
config_24_det1_b30_s5_h12_w1500,9,14.813237392189,347.069530043393,114.02492216616506,152.0505900825263,True,True,req
config_24_det1_b30_s5_h12_w1500,10,12.2749345250106,314.281592480616,125.65723257028313,165.6509319321808,True,True,req
config_24_det1_b30_s5_h12_w1500,11,10.3785968167878,286.18006793008,139.08207603785615,181.95099691339362,True,True,req
config_24_det1_b30_s5_h12_w1500,12,9.08425019280687,262.551262568411,154.67639009486155,197.02836442727957,True,True,req
config_24_det1_b30_s5_h12_w1500,13,8.07100869684366,242.465429921281,165.54420243044856,209.472243586909,True,True,req
config_24_det1_b30_s5_h12_w1500,14,7.24897508045351,225.256267238797,176.70294234486684,224.95924013523475,True,True,req
config_24_det1_b30_s5_h12_w1500,15,6.56841598047092,210.321763462317,190.70512647511313,237.9541009662718,True,True,req
config_24_det1_b30_s5_h12_w1500,16,5.99684734319579,197.206183278909,201.35777366143301,255.85880980641562,True,True,req
config_24_det1_b30_s5_h12_w1500,17,5.50925993039002,185.62250063012,214.62556218783553,268.5923413527149,True,True,req
config_24_det1_b30_s5_h12_w1500,18,5.08897006822918,175.317193184827,223.54507375471283,280.159242911757,True,True,req
config_24_det1_b30_s5_h12_w1500,19,4.72308712345199,166.110522527026,234.36875325008666,296.21530270321205,True,True,req
config_24_det1_b30_s5_h12_w1500,20,4.4019262322732,157.810856039111,243.09971090983314,313.5064038863924,True,True,req
config_25_det1_b30_s5_h24_w50,1,1143.99309910078,724.976931135836,,,True,True,req
config_25_det1_b30_s5_h24_w50,2,226.084029078955,415.578696008349,,8.356509438754916,True,False,req
config_25_det1_b30_s5_h24_w50,3,95.9537592016972,309.044693901097,7.4757775515326825,16.32754574331366,False,False,req
config_25_det1_b30_s5_h24_w50,4,55.3066653883184,243.601640148777,10.806953779858596,23.368354670365648,False,False,req
config_25_det1_b30_s5_h24_w50,5,36.993922117345,199.162959091226,16.174791343321864,25.792862384776143,False,False,req
config_25_det1_b30_s5_h24_w50,6,27.0813487792226,167.515272305283,19.983352446474036,28.78156962363241,False,False,req
config_25_det1_b30_s5_h24_w50,7,21.0130117246902,144.270449058323,23.95975271157864,30.366416482686923,False,False,req
config_25_det1_b30_s5_h24_w50,8,16.9791838231912,126.567457936793,26.65789517197485,41.839780711662435,False,True,req
config_25_det1_b30_s5_h24_w50,9,14.1386261548201,112.67074195811,29.74540720850868,61.78437808216572,True,True,req
config_25_det1_b30_s5_h24_w50,10,12.0436968582402,101.492859164877,32.8870244169338,68.59698517427715,True,True,req
config_25_det1_b30_s5_h24_w50,11,10.4441745847862,92.3147739934436,36.59363844987268,82.23343458648002,True,True,req
config_25_det1_b30_s5_h24_w50,12,9.18858802088564,84.6488737667435,43.65590309454152,90.668236276242,True,True,req
config_25_det1_b30_s5_h24_w50,13,8.17952811343337,78.1526248923616,49.549019919671466,94.68251261159287,True,True,req
config_25_det1_b30_s5_h24_w50,14,7.35329010871709,72.5789333035372,53.96233756056162,98.75725866430723,True,True,req
config_25_det1_b30_s5_h24_w50,15,6.66553395622582,67.7448225492957,57.90589240310523,102.91402061375743,True,True,req
config_25_det1_b30_s5_h24_w50,16,6.08550710316677,63.5135734450523,65.08656447378367,110.40839252017435,True,True,req
config_25_det1_b30_s5_h24_w50,17,5.59016165342281,59.7788117000728,71.57230522345917,118.7224778632926,True,True,req
config_25_det1_b30_s5_h24_w50,18,5.1628769216908,56.4585920266622,80.214979118616,127.40390872470645,True,True,req
config_25_det1_b30_s5_h24_w50,19,4.7910922066594,53.4876153308822,87.01988685543859,138.28537014891424,True,True,req
config_25_det1_b30_s5_h24_w50,20,4.46481413819361,50.8136682209736,89.97719788306861,142.55732487318917,True,True,req
config_26_det1_b30_s5_h24_w500,1,1371.96964499226,1562.09876717853,2.165005773664357,13.157260353128228,False,False,req
config_26_det1_b30_s5_h24_w500,2,259.641330065364,879.048720659531,12.500954963521789,27.837012231918855,False,False,req
config_26_det1_b30_s5_h24_w500,3,105.27554977829,661.976402363107,21.6043977004683,37.079660866841806,False,False,req
config_26_det1_b30_s5_h24_w500,4,59.8243642194367,522.325202955406,30.036432045101495,56.59913316474025,False,False,req
config_26_det1_b30_s5_h24_w500,5,40.4077641479295,425.720697172114,41.35885485600393,68.61308093213712,False,False,req
config_26_det1_b30_s5_h24_w500,6,30.0937750463872,358.05135977561,56.363697314849745,87.6372302449136,False,False,req
config_26_det1_b30_s5_h24_w500,7,23.5282591644182,308.420236242715,71.4751661418146,108.25334617614983,False,False,req
config_26_det1_b30_s5_h24_w500,8,19.0428108742971,270.599644012954,86.9335342373701,117.6321212863788,True,True,req
config_26_det1_b30_s5_h24_w500,9,15.852309192731,240.900973795346,96.04019333649381,127.50039319111485,True,True,req
config_26_det1_b30_s5_h24_w500,10,13.4989773933766,217.007292249313,101.533877351355,136.3595582458377,True,True,req
config_26_det1_b30_s5_h24_w500,11,11.7063849801001,197.385914003329,107.8866955807496,147.55935980705075,True,True,req
config_26_det1_b30_s5_h24_w500,12,10.3024927250127,174.798447942669,113.6141543534275,165.52710297544763,True,True,req
config_26_det1_b30_s5_h24_w500,13,8.2343773807999,165.736766297224,123.90123626188006,170.4149951833269,True,True,req
config_26_det1_b30_s5_h24_w500,14,7.1387354334877,155.114313416779,130.42809561210345,179.81082099590733,True,True,req
config_26_det1_b30_s5_h24_w500,15,6.30992163133089,144.57194507965,136.58258028061672,188.00813431722693,True,True,req
config_26_det1_b30_s5_h24_w500,16,5.64079151507659,135.933108110648,147.28718871080855,198.16767241124091,True,True,req
config_26_det1_b30_s5_h24_w500,17,5.12956312475836,128.020670362398,154.63068457169524,203.9336459352513,True,True,req
config_26_det1_b30_s5_h24_w500,18,4.70918677317163,120.936071767983,164.69054735742694,209.98064394923009,True,True,req
config_26_det1_b30_s5_h24_w500,19,4.34538602141658,114.666952954547,189.27300608732702,214.26380092980918,True,True,req
config_26_det1_b30_s5_h24_w500,20,4.03167079521766,108.995763264335,199.1030546950219,220.83639934978513,True,True,req
config_27_det1_b30_s5_h24_w1500,1,1482.77218730659,2195.12941567296,9.14801891121788,18.379019968431397,False,False,req
config_27_det1_b30_s5_h24_w1500,2,276.168535055985,1274.88781758312,21.123079794386044,35.50732670872309,False,False,req
config_27_det1_b30_s5_h24_w1500,3,110.489999377789,954.913490984421,34.910741541823484,57.01842574992754,False,False,req
config_27_det1_b30_s5_h24_w1500,4,62.265165672113,754.396736282332,55.395021211296594,74.73144892435401,False,False,req
config_27_det1_b30_s5_h24_w1500,5,41.3983921590561,615.089943611065,76.95448573670024,103.9671731712574,False,False,req
config_27_det1_b30_s5_h24_w1500,6,30.5947542861908,517.737731419071,97.4209085902793,116.90125747826666,False,False,req
config_27_det1_b30_s5_h24_w1500,7,24.0675826659041,446.310779861523,108.11453141357909,135.20224007841816,True,False,req
config_27_det1_b30_s5_h24_w1500,8,19.5984247045618,391.790936353185,114.07338324030233,157.4055424867738,True,True,req
config_27_det1_b30_s5_h24_w1500,9,14.813237392189,347.069530043393,131.61341692201782,173.19099608524687,True,True,req
config_27_det1_b30_s5_h24_w1500,10,12.2749345250106,314.281592480616,143.96440069220816,184.47899165246733,True,True,req
config_27_det1_b30_s5_h24_w1500,11,10.3785968167878,286.18006793008,154.21006146018993,201.76961697275766,True,True,req
config_27_det1_b30_s5_h24_w1500,12,9.08425019280687,262.551262568411,163.9544948724764,213.1170522793102,True,True,req
config_27_det1_b30_s5_h24_w1500,13,8.07100869684366,242.465429921281,176.77199297400028,221.42330939728194,True,True,req
config_27_det1_b30_s5_h24_w1500,14,7.24897508045351,225.256267238797,187.92199548985448,234.42463548488718,True,True,req
config_27_det1_b30_s5_h24_w1500,15,6.56841598047092,210.321763462317,209.31249564546627,248.16966922293753,True,True,req
config_27_det1_b30_s5_h24_w1500,16,5.99684734319579,197.206183278909,232.4907883479831,259.28415343445545,True,True,req
config_27_det1_b30_s5_h24_w1500,17,5.50925993039002,185.62250063012,248.06502563732045,288.30890069892433,True,True,req
config_27_det1_b30_s5_h24_w1500,18,5.08897006822918,175.317193184827,261.1107497042416,325.0745982762179,True,True,req
config_27_det1_b30_s5_h24_w1500,19,4.72308712345199,166.110522527026,277.51248720653194,368.72864721604935,True,True,req
config_27_det1_b30_s5_h24_w1500,20,4.4019262322732,157.810856039111,293.1027929280481,410.9747238104931,True,True,req
config_28_det1_b30_s20_h4_w50,1,1143.99309910078,724.976931135836,3.44468793942209,5.794609564069006,False,False,req
config_28_det1_b30_s20_h4_w50,2,226.084029078955,415.578696008349,8.941378529063625,10.043119535283845,False,False,req
config_28_det1_b30_s20_h4_w50,3,95.9537592016972,309.044693901097,11.861107663283391,12.513347873371059,False,False,req
config_28_det1_b30_s20_h4_w50,4,55.3066653883184,243.601640148777,13.559143593900023,14.277285281173029,False,False,req
config_28_det1_b30_s20_h4_w50,5,36.993922117345,199.162959091226,15.21329599396528,15.84079780187854,False,False,req
config_28_det1_b30_s20_h4_w50,6,27.0813487792226,167.515272305283,17.58378158986286,17.43521938491168,False,False,req
config_28_det1_b30_s20_h4_w50,7,21.0130117246902,144.270449058323,21.51764101847598,22.42253052177653,False,False,req
config_28_det1_b30_s20_h4_w50,8,16.9791838231912,126.567457936793,26.304778558277196,26.776339835757984,False,False,req
config_28_det1_b30_s20_h4_w50,9,14.1386261548201,112.67074195811,31.240044414180975,31.073909876293328,True,False,req
config_28_det1_b30_s20_h4_w50,10,12.0436968582402,101.492859164877,32.75197513128025,34.545547831811845,True,False,req
config_28_det1_b30_s20_h4_w50,11,10.4441745847862,92.3147739934436,35.796520431460934,37.09978941988754,True,False,req
config_28_det1_b30_s20_h4_w50,12,9.18858802088564,84.6488737667435,40.65255680765971,39.23658847300565,True,False,req
config_28_det1_b30_s20_h4_w50,13,8.17952811343337,78.1526248923616,43.611057944058174,41.22856867513108,True,False,req
config_28_det1_b30_s20_h4_w50,14,7.35329010871709,72.5789333035372,49.23112201646434,49.814334031481344,True,True,req
config_28_det1_b30_s20_h4_w50,15,6.66553395622582,67.7448225492957,53.26341967053937,53.317416244600594,True,True,req
config_28_det1_b30_s20_h4_w50,16,6.08550710316677,63.5135734450523,61.338286371564045,60.53764840989448,True,True,req
config_28_det1_b30_s20_h4_w50,17,5.59016165342281,59.7788117000728,66.0983159770353,67.29414814826025,True,True,req
config_28_det1_b30_s20_h4_w50,18,5.1628769216908,56.4585920266622,67.349416292942,69.5921250932891,True,True,req
config_28_det1_b30_s20_h4_w50,19,4.7910922066594,53.4876153308822,69.84366023484164,71.52838160478677,True,True,req
config_28_det1_b30_s20_h4_w50,20,4.46481413819361,50.8136682209736,73.99458341662584,73.70854004116484,True,True,req
config_29_det1_b30_s20_h4_w500,1,1371.96964499226,1562.09876717853,9.985833715819625,11.304960194534079,False,False,req
config_29_det1_b30_s20_h4_w500,2,259.641330065364,879.048720659531,14.311232476624788,16.647083077824774,False,False,req
config_29_det1_b30_s20_h4_w500,3,105.27554977829,661.976402363107,19.258280686499507,21.36021711031983,False,False,req
config_29_det1_b30_s20_h4_w500,4,59.8243642194367,522.325202955406,30.630407685827493,28.380369536001464,False,False,req
config_29_det1_b30_s20_h4_w500,5,40.4077641479295,425.720697172114,34.70352827883643,36.22048971231615,False,False,req
config_29_det1_b30_s20_h4_w500,6,30.0937750463872,358.05135977561,43.47675097106498,41.028963854818464,False,False,req
config_29_det1_b30_s20_h4_w500,7,23.5282591644182,308.420236242715,58.14032056155177,50.07913113263847,True,False,req
config_29_det1_b30_s20_h4_w500,8,19.0428108742971,270.599644012954,68.17428675827858,65.26998448751155,True,False,req
config_29_det1_b30_s20_h4_w500,9,15.852309192731,240.900973795346,76.54486511190676,72.3995364280739,True,False,req
config_29_det1_b30_s20_h4_w500,10,13.4989773933766,217.007292249313,82.65428830375349,77.74281558446414,True,False,req
config_29_det1_b30_s20_h4_w500,11,11.7063849801001,197.385914003329,92.36505757650515,86.5480487937192,True,False,req
config_29_det1_b30_s20_h4_w500,12,10.3024927250127,174.798447942669,98.89066191450479,105.64787109386856,True,True,req
config_29_det1_b30_s20_h4_w500,13,8.2343773807999,165.736766297224,120.30856387500711,111.30504044192149,True,True,req
config_29_det1_b30_s20_h4_w500,14,7.1387354334877,155.114313416779,130.45532850792685,116.08740379319559,True,True,req
config_29_det1_b30_s20_h4_w500,15,6.30992163133089,144.57194507965,142.30773262155816,125.94338730380233,True,True,req
config_29_det1_b30_s20_h4_w500,16,5.64079151507659,135.933108110648,161.39642296910495,133.45261336477787,True,True,req
config_29_det1_b30_s20_h4_w500,17,5.12956312475836,128.020670362398,174.64092924245068,138.91539681483195,True,True,req
config_29_det1_b30_s20_h4_w500,18,4.70918677317163,120.936071767983,179.13064366545441,149.79887961307767,True,True,req
config_29_det1_b30_s20_h4_w500,19,4.34538602141658,114.666952954547,193.5444214012782,162.4706939385959,True,True,req
config_29_det1_b30_s20_h4_w500,20,4.03167079521766,108.995763264335,212.54426663116035,171.015492313156,True,True,req
config_30_det1_b30_s20_h4_w1500,1,1482.77218730659,2195.12941567296,12.05667346327336,14.600098458572122,False,False,req
config_30_det1_b30_s20_h4_w1500,2,276.168535055985,1274.88781758312,18.689967228435687,22.152604248710805,False,False,req
config_30_det1_b30_s20_h4_w1500,3,110.489999377789,954.913490984421,32.22883607889059,30.924397730594528,False,False,req
config_30_det1_b30_s20_h4_w1500,4,62.265165672113,754.396736282332,42.297297490501684,39.66337573883494,False,False,req
config_30_det1_b30_s20_h4_w1500,5,41.3983921590561,615.089943611065,64.73425966982244,52.46676448000199,False,False,req
config_30_det1_b30_s20_h4_w1500,6,30.5947542861908,517.737731419071,77.84179388349166,69.40761755744104,False,False,req
config_30_det1_b30_s20_h4_w1500,7,24.0675826659041,446.310779861523,86.94032364213972,80.88961537181395,True,False,req
config_30_det1_b30_s20_h4_w1500,8,19.5984247045618,391.790936353185,99.94382832093459,91.40649776319697,True,False,req
config_30_det1_b30_s20_h4_w1500,9,14.813237392189,347.069530043393,124.13008124320406,101.28710726060955,True,False,req
config_30_det1_b30_s20_h4_w1500,10,12.2749345250106,314.281592480616,139.57916794779942,119.16424012680986,True,False,req
config_30_det1_b30_s20_h4_w1500,11,10.3785968167878,286.18006793008,165.2854223255437,130.46618218697304,True,False,req
config_30_det1_b30_s20_h4_w1500,12,9.08425019280687,262.551262568411,178.77362703212748,141.33299429990782,True,False,req
config_30_det1_b30_s20_h4_w1500,13,8.07100869684366,242.465429921281,201.64732345249604,151.05914496573115,True,False,req
config_30_det1_b30_s20_h4_w1500,14,7.24897508045351,225.256267238797,221.76110456975994,167.01326876761752,True,True,req
config_30_det1_b30_s20_h4_w1500,15,6.56841598047092,210.321763462317,230.75443296572516,181.09539766530665,True,True,req
config_30_det1_b30_s20_h4_w1500,16,5.99684734319579,197.206183278909,242.58866649353408,188.86576288170627,True,True,req
config_30_det1_b30_s20_h4_w1500,17,5.50925993039002,185.62250063012,252.64257525867117,202.3964447151514,True,True,req
config_30_det1_b30_s20_h4_w1500,18,5.08897006822918,175.317193184827,261.4871916344831,216.67996433552514,True,True,req
config_30_det1_b30_s20_h4_w1500,19,4.72308712345199,166.110522527026,275.9903178656011,230.52307669491333,True,True,req
config_30_det1_b30_s20_h4_w1500,20,4.4019262322732,157.810856039111,284.6242527926561,241.24075111804805,True,True,req
config_31_det1_b30_s20_h12_w50,1,1143.99309910078,724.976931135836,3.44468793942209,6.158845265145082,False,False,req
config_31_det1_b30_s20_h12_w50,2,226.084029078955,415.578696008349,8.941378529063625,10.677745548569698,False,False,req
config_31_det1_b30_s20_h12_w50,3,95.9537592016972,309.044693901097,11.861107663283391,13.266569827954775,False,False,req
config_31_det1_b30_s20_h12_w50,4,55.3066653883184,243.601640148777,13.559143593900023,15.081673481414455,False,False,req
config_31_det1_b30_s20_h12_w50,5,36.993922117345,199.162959091226,15.280490011776456,16.5811903975559,False,False,req
config_31_det1_b30_s20_h12_w50,6,27.0813487792226,167.515272305283,17.893864171832757,20.559313582899602,False,False,req
config_31_det1_b30_s20_h12_w50,7,21.0130117246902,144.270449058323,21.53219391980297,23.59047212329588,False,False,req
config_31_det1_b30_s20_h12_w50,8,16.9791838231912,126.567457936793,25.572218812609908,26.60172691762698,False,False,req
config_31_det1_b30_s20_h12_w50,9,14.1386261548201,112.67074195811,30.622138641838852,31.255613495818636,False,False,req
config_31_det1_b30_s20_h12_w50,10,12.0436968582402,101.492859164877,33.81045511376622,36.788366027862665,True,False,req
config_31_det1_b30_s20_h12_w50,11,10.4441745847862,92.3147739934436,36.058852935166975,40.89455189875541,True,False,req
config_31_det1_b30_s20_h12_w50,12,9.18858802088564,84.6488737667435,38.115205299197854,46.32821899231612,True,True,req
config_31_det1_b30_s20_h12_w50,13,8.17952811343337,78.1526248923616,42.634239467826795,49.98790728766308,True,True,req
config_31_det1_b30_s20_h12_w50,14,7.35329010871709,72.5789333035372,47.31990463853451,54.13111281878472,True,True,req
config_31_det1_b30_s20_h12_w50,15,6.66553395622582,67.7448225492957,50.48265419923956,59.79633245442398,True,True,req
config_31_det1_b30_s20_h12_w50,16,6.08550710316677,63.5135734450523,52.528581505690774,63.12903749464267,True,True,req
config_31_det1_b30_s20_h12_w50,17,5.59016165342281,59.7788117000728,53.41640080537062,66.46016758179293,True,True,req
config_31_det1_b30_s20_h12_w50,18,5.1628769216908,56.4585920266622,54.916071190499416,69.75038261543803,True,True,req
config_31_det1_b30_s20_h12_w50,19,4.7910922066594,53.4876153308822,59.4055668687708,71.49297780201913,True,True,req
config_31_det1_b30_s20_h12_w50,20,4.46481413819361,50.8136682209736,61.344485285965185,73.192078635601,True,True,req
config_32_det1_b30_s20_h12_w500,1,1371.96964499226,1562.09876717853,9.985833715819625,12.32555779670843,False,False,req
config_32_det1_b30_s20_h12_w500,2,259.641330065364,879.048720659531,14.313311112387659,17.60510934359682,False,False,req
config_32_det1_b30_s20_h12_w500,3,105.27554977829,661.976402363107,20.016902232863107,26.34550009014822,False,False,req
config_32_det1_b30_s20_h12_w500,4,59.8243642194367,522.325202955406,26.136007250534654,37.22293479832024,False,False,req
config_32_det1_b30_s20_h12_w500,5,40.4077641479295,425.720697172114,32.898797470424356,48.16700504494752,False,False,req
config_32_det1_b30_s20_h12_w500,6,30.0937750463872,358.05135977561,39.21156557700802,59.141164809293365,False,False,req
config_32_det1_b30_s20_h12_w500,7,23.5282591644182,308.420236242715,46.61684647206415,65.08937605323928,False,False,req
config_32_det1_b30_s20_h12_w500,8,19.0428108742971,270.599644012954,57.281597175707304,73.04111209144857,True,False,req
config_32_det1_b30_s20_h12_w500,9,15.852309192731,240.900973795346,64.74162783711883,87.12768966038038,True,False,req
config_32_det1_b30_s20_h12_w500,10,13.4989773933766,217.007292249313,75.32193239687894,94.97266441514164,True,True,req
config_32_det1_b30_s20_h12_w500,11,11.7063849801001,197.385914003329,82.29690152126021,104.1522977422966,True,True,req
config_32_det1_b30_s20_h12_w500,12,10.3024927250127,174.798447942669,89.43909054024792,120.42673418122554,True,True,req
config_32_det1_b30_s20_h12_w500,13,8.2343773807999,165.736766297224,103.47062606524294,127.9330404287076,True,True,req
config_32_det1_b30_s20_h12_w500,14,7.1387354334877,155.114313416779,112.38349609459763,133.30424114908473,True,True,req
config_32_det1_b30_s20_h12_w500,15,6.30992163133089,144.57194507965,124.20776719092714,142.62110949996148,True,True,req
config_32_det1_b30_s20_h12_w500,16,5.64079151507659,135.933108110648,133.1886498334015,156.27234391350962,True,True,req
config_32_det1_b30_s20_h12_w500,17,5.12956312475836,128.020670362398,139.5793404404025,163.5367738121579,True,True,req
config_32_det1_b30_s20_h12_w500,18,4.70918677317163,120.936071767983,149.54783552800458,173.957238519509,True,True,req
config_32_det1_b30_s20_h12_w500,19,4.34538602141658,114.666952954547,160.90008139974464,181.57382566511802,True,True,req
config_32_det1_b30_s20_h12_w500,20,4.03167079521766,108.995763264335,164.18324366390135,193.46856979881773,True,True,req
config_33_det1_b30_s20_h12_w1500,1,1482.77218730659,2195.12941567296,12.058021189233331,15.591660431140745,False,False,req
config_33_det1_b30_s20_h12_w1500,2,276.168535055985,1274.88781758312,19.20338186361975,29.260261020708615,False,False,req
config_33_det1_b30_s20_h12_w1500,3,110.489999377789,954.913490984421,29.186510154521727,46.22192526280142,False,False,req
config_33_det1_b30_s20_h12_w1500,4,62.265165672113,754.396736282332,38.86600539031507,54.22461041814869,False,False,req
config_33_det1_b30_s20_h12_w1500,5,41.3983921590561,615.089943611065,54.79490281951415,70.40059343184228,False,False,req
config_33_det1_b30_s20_h12_w1500,6,30.5947542861908,517.737731419071,71.1718439763928,85.8955319139347,False,False,req
config_33_det1_b30_s20_h12_w1500,7,24.0675826659041,446.310779861523,83.44418418919321,95.44249664937871,True,False,req
config_33_det1_b30_s20_h12_w1500,8,19.5984247045618,391.790936353185,91.08882996528412,114.33795240912404,True,False,req
config_33_det1_b30_s20_h12_w1500,9,14.813237392189,347.069530043393,109.5925989111998,129.7553110131185,True,False,req
config_33_det1_b30_s20_h12_w1500,10,12.2749345250106,314.281592480616,126.36051026944912,139.9466080232823,True,True,req
config_33_det1_b30_s20_h12_w1500,11,10.3785968167878,286.18006793008,139.8613369853632,156.4755705107563,True,True,req
config_33_det1_b30_s20_h12_w1500,12,9.08425019280687,262.551262568411,155.1319107154367,175.68299655281893,True,True,req
config_33_det1_b30_s20_h12_w1500,13,8.07100869684366,242.465429921281,165.34082224302622,187.4288716938894,True,True,req
config_33_det1_b30_s20_h12_w1500,14,7.24897508045351,225.256267238797,174.61434887583934,200.21816919994492,True,True,req
config_33_det1_b30_s20_h12_w1500,15,6.56841598047092,210.321763462317,186.59681356693457,216.06056571145868,True,True,req
config_33_det1_b30_s20_h12_w1500,16,5.99684734319579,197.206183278909,200.13299397595037,231.69346367800517,True,True,req
config_33_det1_b30_s20_h12_w1500,17,5.50925993039002,185.62250063012,213.9799348069814,244.93090011946907,True,True,req
config_33_det1_b30_s20_h12_w1500,18,5.08897006822918,175.317193184827,219.50948157198133,257.85157767815014,True,True,req
config_33_det1_b30_s20_h12_w1500,19,4.72308712345199,166.110522527026,230.84911197576656,273.31132533350234,True,True,req
config_33_det1_b30_s20_h12_w1500,20,4.4019262322732,157.810856039111,241.03341746183938,287.1841743550644,True,True,req
config_34_det1_b30_s20_h24_w50,1,1143.99309910078,724.976931135836,3.44468793942209,6.158845265145082,False,False,req
config_34_det1_b30_s20_h24_w50,2,226.084029078955,415.578696008349,8.941378529063625,10.677745548569698,False,False,req
config_34_det1_b30_s20_h24_w50,3,95.9537592016972,309.044693901097,11.861107663283391,13.266569827954775,False,False,req
config_34_det1_b30_s20_h24_w50,4,55.3066653883184,243.601640148777,13.559143593900023,15.081673481414455,False,False,req
config_34_det1_b30_s20_h24_w50,5,36.993922117345,199.162959091226,15.280490011776456,16.5811903975559,False,False,req
config_34_det1_b30_s20_h24_w50,6,27.0813487792226,167.515272305283,17.893864171832757,20.559313582899602,False,False,req
config_34_det1_b30_s20_h24_w50,7,21.0130117246902,144.270449058323,21.53219391980297,24.398901102303768,False,False,req
config_34_det1_b30_s20_h24_w50,8,16.9791838231912,126.567457936793,23.925747114771568,29.229452184397847,False,False,req
config_34_det1_b30_s20_h24_w50,9,14.1386261548201,112.67074195811,26.942770366092645,34.74247220622044,False,False,req
config_34_det1_b30_s20_h24_w50,10,12.0436968582402,101.492859164877,31.3799358667286,39.28207447424334,True,False,req
config_34_det1_b30_s20_h24_w50,11,10.4441745847862,92.3147739934436,34.714894137819286,45.147290893252936,True,True,req
config_34_det1_b30_s20_h24_w50,12,9.18858802088564,84.6488737667435,36.28327955133053,47.47727745985441,True,True,req
config_34_det1_b30_s20_h24_w50,13,8.17952811343337,78.1526248923616,38.87675237207964,50.23740154395815,True,True,req
config_34_det1_b30_s20_h24_w50,14,7.35329010871709,72.5789333035372,41.213248779973654,54.10811964124341,True,True,req
config_34_det1_b30_s20_h24_w50,15,6.66553395622582,67.7448225492957,46.59165563703441,54.70737407130576,True,True,req
config_34_det1_b30_s20_h24_w50,16,6.08550710316677,63.5135734450523,49.28040558883419,55.749663676115574,True,True,req
config_34_det1_b30_s20_h24_w50,17,5.59016165342281,59.7788117000728,50.88926581313588,57.99247269162515,True,True,req
config_34_det1_b30_s20_h24_w50,18,5.1628769216908,56.4585920266622,52.508150557794345,63.02587299408606,True,True,req
config_34_det1_b30_s20_h24_w50,19,4.7910922066594,53.4876153308822,53.94732963734163,68.94649445201853,True,True,req
config_34_det1_b30_s20_h24_w50,20,4.46481413819361,50.8136682209736,55.901836955506205,73.22113889141274,True,True,req
config_35_det1_b30_s20_h24_w500,1,1371.96964499226,1562.09876717853,9.985833715819625,12.32555779670843,False,False,req
config_35_det1_b30_s20_h24_w500,2,259.641330065364,879.048720659531,14.313311112387659,18.63067027779731,False,False,req
config_35_det1_b30_s20_h24_w500,3,105.27554977829,661.976402363107,20.016902232863107,28.94762295940722,False,False,req
config_35_det1_b30_s20_h24_w500,4,59.8243642194367,522.325202955406,26.136007250534654,40.15342295496114,False,False,req
config_35_det1_b30_s20_h24_w500,5,40.4077641479295,425.720697172114,32.8964340772674,47.93501721080322,False,False,req
config_35_det1_b30_s20_h24_w500,6,30.0937750463872,358.05135977561,40.37419813445216,49.755993357584565,False,False,req
config_35_det1_b30_s20_h24_w500,7,23.5282591644182,308.420236242715,48.84159472212184,64.46253660072647,False,False,req
config_35_det1_b30_s20_h24_w500,8,19.0428108742971,270.599644012954,53.71841746552107,72.86137865838114,True,True,req
config_35_det1_b30_s20_h24_w500,9,15.852309192731,240.900973795346,58.474407863611574,85.01427902940122,True,True,req
config_35_det1_b30_s20_h24_w500,10,13.4989773933766,217.007292249313,62.27621179515944,102.70700296636707,True,True,req
config_35_det1_b30_s20_h24_w500,11,11.7063849801001,197.385914003329,66.628403185962,109.57286572312408,True,True,req
config_35_det1_b30_s20_h24_w500,12,10.3024927250127,174.798447942669,74.21495066883612,122.91223500485577,True,True,req
config_35_det1_b30_s20_h24_w500,13,8.2343773807999,165.736766297224,93.031532811312,130.35355501694443,True,True,req
config_35_det1_b30_s20_h24_w500,14,7.1387354334877,155.114313416779,102.11512477754377,141.44159518056287,True,True,req
config_35_det1_b30_s20_h24_w500,15,6.30992163133089,144.57194507965,108.78468501790334,149.2729663141395,True,True,req
config_35_det1_b30_s20_h24_w500,16,5.64079151507659,135.933108110648,114.86774641589633,162.63821493835124,True,True,req
config_35_det1_b30_s20_h24_w500,17,5.12956312475836,128.020670362398,124.77480420296754,169.81908265366803,True,True,req
config_35_det1_b30_s20_h24_w500,18,4.70918677317163,120.936071767983,137.45258728012362,179.2085958689854,True,True,req
config_35_det1_b30_s20_h24_w500,19,4.34538602141658,114.666952954547,144.45971155962096,189.22179446353425,True,True,req
config_35_det1_b30_s20_h24_w500,20,4.03167079521766,108.995763264335,152.3346549906196,200.72886286951584,True,True,req
config_36_det1_b30_s20_h24_w1500,1,1482.77218730659,2195.12941567296,12.058021189233331,15.591660431140745,False,False,req
config_36_det1_b30_s20_h24_w1500,2,276.168535055985,1274.88781758312,19.20338186361975,33.21073433394691,False,False,req
config_36_det1_b30_s20_h24_w1500,3,110.489999377789,954.913490984421,29.189627866761167,46.184601059227525,False,False,req
config_36_det1_b30_s20_h24_w1500,4,62.265165672113,754.396736282332,39.37020288238301,51.04204516866462,False,False,req
config_36_det1_b30_s20_h24_w1500,5,41.3983921590561,615.089943611065,52.47930425415336,69.01292541980813,False,False,req
config_36_det1_b30_s20_h24_w1500,6,30.5947542861908,517.737731419071,59.464673336359965,86.45216620575026,False,False,req
config_36_det1_b30_s20_h24_w1500,7,24.0675826659041,446.310779861523,69.67119652338404,105.57314466757158,False,False,req
config_36_det1_b30_s20_h24_w1500,8,19.5984247045618,391.790936353185,81.01150158396577,118.31223262574706,False,False,req
config_36_det1_b30_s20_h24_w1500,9,14.813237392189,347.069530043393,100.41442577029346,134.2942916797947,True,True,req
config_36_det1_b30_s20_h24_w1500,10,12.2749345250106,314.281592480616,119.07998519902495,156.24385187904196,True,True,req
config_36_det1_b30_s20_h24_w1500,11,10.3785968167878,286.18006793008,128.90794933896734,167.4626450883898,True,True,req
config_36_det1_b30_s20_h24_w1500,12,9.08425019280687,262.551262568411,140.8499379757683,182.35797746313278,True,True,req
config_36_det1_b30_s20_h24_w1500,13,8.07100869684366,242.465429921281,152.47208232620451,203.2155909099715,True,True,req
config_36_det1_b30_s20_h24_w1500,14,7.24897508045351,225.256267238797,166.7032564002409,217.58517808486454,True,True,req
config_36_det1_b30_s20_h24_w1500,15,6.56841598047092,210.321763462317,178.05270774720364,228.92782402126466,True,True,req
config_36_det1_b30_s20_h24_w1500,16,5.99684734319579,197.206183278909,189.42795097638339,242.27623410295757,True,True,req
config_36_det1_b30_s20_h24_w1500,17,5.50925993039002,185.62250063012,199.2114698560859,257.67063655846476,True,True,req
config_36_det1_b30_s20_h24_w1500,18,5.08897006822918,175.317193184827,212.21618628705545,283.65117221686216,True,True,req
config_36_det1_b30_s20_h24_w1500,19,4.72308712345199,166.110522527026,217.3281409144553,323.55833236751056,True,True,req
config_36_det1_b30_s20_h24_w1500,20,4.4019262322732,157.810856039111,229.7653301619817,353.02471388149456,True,True,req
config_37_det2_b15_s5_h4_w50,1,1143.99309910078,724.976931135836,3.822940622086616,5.108901545342208,False,False,req
config_37_det2_b15_s5_h4_w50,2,226.084029078955,415.578696008349,7.329674276528254,10.356887804741346,False,False,req
config_37_det2_b15_s5_h4_w50,3,95.9537592016972,309.044693901097,10.082614988186348,11.748973359404642,False,False,req
config_37_det2_b15_s5_h4_w50,4,55.3066653883184,243.601640148777,12.939788444947622,21.37130962295011,False,False,req
config_37_det2_b15_s5_h4_w50,5,36.993922117345,199.162959091226,23.203369906114933,26.990588637523263,False,False,req
config_37_det2_b15_s5_h4_w50,6,27.0813487792226,167.515272305283,27.20394962133256,30.77748974494184,False,False,req
config_37_det2_b15_s5_h4_w50,7,21.0130117246902,144.270449058323,30.230346921595192,33.59408988200157,True,False,req
config_37_det2_b15_s5_h4_w50,8,16.9791838231912,126.567457936793,33.23037578782401,36.61802663989418,True,False,req
config_37_det2_b15_s5_h4_w50,9,14.1386261548201,112.67074195811,37.14633057248051,43.37798260638685,True,False,req
config_37_det2_b15_s5_h4_w50,10,12.0436968582402,101.492859164877,40.3774921831458,47.742102750088414,True,True,req
config_37_det2_b15_s5_h4_w50,11,10.4441745847862,92.3147739934436,47.4979512716075,52.35291181013717,True,True,req
config_37_det2_b15_s5_h4_w50,12,9.18858802088564,84.6488737667435,48.26338544901301,55.75951376222716,True,True,req
config_37_det2_b15_s5_h4_w50,13,8.17952811343337,78.1526248923616,51.18786843579248,58.98136464172391,True,True,req
config_37_det2_b15_s5_h4_w50,14,7.35329010871709,72.5789333035372,54.94182719022001,64.43586637114457,True,True,req
config_37_det2_b15_s5_h4_w50,15,6.66553395622582,67.7448225492957,58.05253116789999,67.46124720904588,True,True,req
config_37_det2_b15_s5_h4_w50,16,6.08550710316677,63.5135734450523,59.373128391554374,71.62926339841837,True,True,req
config_37_det2_b15_s5_h4_w50,17,5.59016165342281,59.7788117000728,67.1785856877026,77.15865068156647,True,True,req
config_37_det2_b15_s5_h4_w50,18,5.1628769216908,56.4585920266622,69.32214202547408,81.31299634744744,True,True,req
config_37_det2_b15_s5_h4_w50,19,4.7910922066594,53.4876153308822,70.66904821065584,84.35012670411349,True,True,req
config_37_det2_b15_s5_h4_w50,20,4.46481413819361,50.8136682209736,73.52725940085077,86.74788397995653,True,True,req
config_38_det2_b15_s5_h4_w500,1,1371.96964499226,1562.09876717853,7.845834882279896,11.239178128315254,False,False,req
config_38_det2_b15_s5_h4_w500,2,259.641330065364,879.048720659531,16.687147000011716,24.104602776233424,False,False,req
config_38_det2_b15_s5_h4_w500,3,105.27554977829,661.976402363107,30.496932222766272,31.96009816943621,False,False,req
config_38_det2_b15_s5_h4_w500,4,59.8243642194367,522.325202955406,42.57320019683745,42.64712622205627,False,False,req
config_38_det2_b15_s5_h4_w500,5,40.4077641479295,425.720697172114,50.26824420048904,49.27698626133704,False,False,req
config_38_det2_b15_s5_h4_w500,6,30.0937750463872,358.05135977561,56.38340957232012,59.282272856225745,False,False,req
config_38_det2_b15_s5_h4_w500,7,23.5282591644182,308.420236242715,65.34601269396626,68.01144297101774,True,False,req
config_38_det2_b15_s5_h4_w500,8,19.0428108742971,270.599644012954,72.09223865992787,80.70448794831673,True,False,req
config_38_det2_b15_s5_h4_w500,9,15.852309192731,240.900973795346,82.06603667169507,89.14605080989286,True,False,req
config_38_det2_b15_s5_h4_w500,10,13.4989773933766,217.007292249313,86.39314425925242,97.42397684291527,True,True,req
config_38_det2_b15_s5_h4_w500,11,11.7063849801001,197.385914003329,94.66784763054456,107.41541484918365,True,True,req
config_38_det2_b15_s5_h4_w500,12,10.3024927250127,174.798447942669,98.76791771341766,122.2678009080432,True,True,req
config_38_det2_b15_s5_h4_w500,13,8.2343773807999,165.736766297224,111.93959910247231,128.3297062257995,True,True,req
config_38_det2_b15_s5_h4_w500,14,7.1387354334877,155.114313416779,122.48848585343305,139.28668976052396,True,True,req
config_38_det2_b15_s5_h4_w500,15,6.30992163133089,144.57194507965,132.8862036146383,148.76324870970876,True,True,req
config_38_det2_b15_s5_h4_w500,16,5.64079151507659,135.933108110648,145.06565122959557,160.46501435930927,True,True,req
config_38_det2_b15_s5_h4_w500,17,5.12956312475836,128.020670362398,152.2625496561048,171.17031398256208,True,True,req
config_38_det2_b15_s5_h4_w500,18,4.70918677317163,120.936071767983,163.87194492448467,182.60981095098796,True,True,req
config_38_det2_b15_s5_h4_w500,19,4.34538602141658,114.666952954547,173.33390624905317,192.59810991919014,True,True,req
config_38_det2_b15_s5_h4_w500,20,4.03167079521766,108.995763264335,185.13166110756,204.3644178368088,True,True,req
config_39_det2_b15_s5_h4_w1500,1,1482.77218730659,2195.12941567296,11.832376134995034,15.827851243930745,False,False,req
config_39_det2_b15_s5_h4_w1500,2,276.168535055985,1274.88781758312,26.502167364198723,32.245555895347806,False,False,req
config_39_det2_b15_s5_h4_w1500,3,110.489999377789,954.913490984421,46.35192957148602,44.1176651127414,False,False,req
config_39_det2_b15_s5_h4_w1500,4,62.265165672113,754.396736282332,59.992177615085794,57.07802006902482,False,False,req
config_39_det2_b15_s5_h4_w1500,5,41.3983921590561,615.089943611065,72.79050332976135,67.9855159206724,False,False,req
config_39_det2_b15_s5_h4_w1500,6,30.5947542861908,517.737731419071,85.25351239098597,85.0175827402779,False,False,req
config_39_det2_b15_s5_h4_w1500,7,24.0675826659041,446.310779861523,95.8697677842186,93.74547122394766,True,False,req
config_39_det2_b15_s5_h4_w1500,8,19.5984247045618,391.790936353185,103.10902637230382,111.34997124931026,True,False,req
config_39_det2_b15_s5_h4_w1500,9,14.813237392189,347.069530043393,122.5801762566489,125.39339761991724,True,False,req
config_39_det2_b15_s5_h4_w1500,10,12.2749345250106,314.281592480616,137.50401398181478,137.69700533336874,True,False,req
config_39_det2_b15_s5_h4_w1500,11,10.3785968167878,286.18006793008,152.30480413010977,154.98535325062886,True,False,req
config_39_det2_b15_s5_h4_w1500,12,9.08425019280687,262.551262568411,170.56305041440442,168.13608492990298,True,True,req
config_39_det2_b15_s5_h4_w1500,13,8.07100869684366,242.465429921281,186.5412190077273,182.66559838495405,True,True,req
config_39_det2_b15_s5_h4_w1500,14,7.24897508045351,225.256267238797,204.3562894935107,199.83608213288767,True,True,req
config_39_det2_b15_s5_h4_w1500,15,6.56841598047092,210.321763462317,217.2723297564091,215.9048240673551,True,True,req
config_39_det2_b15_s5_h4_w1500,16,5.99684734319579,197.206183278909,235.9591625448965,229.68770767186376,True,True,req
config_39_det2_b15_s5_h4_w1500,17,5.50925993039002,185.62250063012,245.1895043747908,245.95638445780494,True,True,req
config_39_det2_b15_s5_h4_w1500,18,5.08897006822918,175.317193184827,258.0152907828871,260.49600924646296,True,True,req
config_39_det2_b15_s5_h4_w1500,19,4.72308712345199,166.110522527026,273.6639134047454,275.55138913740853,True,True,req
config_39_det2_b15_s5_h4_w1500,20,4.4019262322732,157.810856039111,286.2700162822195,290.5312542949936,True,True,req
config_40_det2_b15_s5_h12_w50,1,1143.99309910078,724.976931135836,3.822940622086616,5.108901545342208,False,False,req
config_40_det2_b15_s5_h12_w50,2,226.084029078955,415.578696008349,7.329674276528254,10.474307853027808,False,False,req
config_40_det2_b15_s5_h12_w50,3,95.9537592016972,309.044693901097,10.082614988186348,11.868071663079895,False,False,req
config_40_det2_b15_s5_h12_w50,4,55.3066653883184,243.601640148777,12.94098624525967,18.3984204485059,False,False,req
config_40_det2_b15_s5_h12_w50,5,36.993922117345,199.162959091226,16.384752820839257,32.311412457520326,False,False,req
config_40_det2_b15_s5_h12_w50,6,27.0813487792226,167.515272305283,22.596246922885225,40.18169203754367,False,False,req
config_40_det2_b15_s5_h12_w50,7,21.0130117246902,144.270449058323,26.66712161070257,49.24950126651031,True,False,req
config_40_det2_b15_s5_h12_w50,8,16.9791838231912,126.567457936793,33.91857713702036,53.89979939665824,True,True,req
config_40_det2_b15_s5_h12_w50,9,14.1386261548201,112.67074195811,40.95408862372596,57.354881004148204,True,True,req
config_40_det2_b15_s5_h12_w50,10,12.0436968582402,101.492859164877,49.71195404527969,66.65952201298776,True,True,req
config_40_det2_b15_s5_h12_w50,11,10.4441745847862,92.3147739934436,55.326904621531106,70.55569342724937,True,True,req
config_40_det2_b15_s5_h12_w50,12,9.18858802088564,84.6488737667435,59.476620406677455,75.49314786786942,True,True,req
config_40_det2_b15_s5_h12_w50,13,8.17952811343337,78.1526248923616,60.48381085050776,89.45230797904422,True,True,req
config_40_det2_b15_s5_h12_w50,14,7.35329010871709,72.5789333035372,62.12214882793415,103.65105489359748,True,True,req
config_40_det2_b15_s5_h12_w50,15,6.66553395622582,67.7448225492957,65.03308292707644,106.26635900206405,True,True,req
config_40_det2_b15_s5_h12_w50,16,6.08550710316677,63.5135734450523,67.67996287676287,110.52583747703521,True,True,req
config_40_det2_b15_s5_h12_w50,17,5.59016165342281,59.7788117000728,73.24889333635014,117.53952715765215,True,True,req
config_40_det2_b15_s5_h12_w50,18,5.1628769216908,56.4585920266622,80.0680733813422,122.89600493009436,True,True,req
config_40_det2_b15_s5_h12_w50,19,4.7910922066594,53.4876153308822,86.48099719013419,128.7572544881776,True,True,req
config_40_det2_b15_s5_h12_w50,20,4.46481413819361,50.8136682209736,94.18898223783926,133.9502258303434,True,True,req
config_41_det2_b15_s5_h12_w500,1,1371.96964499226,1562.09876717853,7.850167195671695,11.808773221634837,False,False,req
config_41_det2_b15_s5_h12_w500,2,259.641330065364,879.048720659531,15.244347313020654,23.537775489625183,False,False,req
config_41_det2_b15_s5_h12_w500,3,105.27554977829,661.976402363107,28.469534154952374,38.49322505324801,False,False,req
config_41_det2_b15_s5_h12_w500,4,59.8243642194367,522.325202955406,51.589886363511205,54.581621219967445,False,False,req
config_41_det2_b15_s5_h12_w500,5,40.4077641479295,425.720697172114,62.28454362841555,66.71318741448351,False,False,req
config_41_det2_b15_s5_h12_w500,6,30.0937750463872,358.05135977561,70.63699013264933,79.75429690618556,False,False,req
config_41_det2_b15_s5_h12_w500,7,23.5282591644182,308.420236242715,77.16595347042632,91.4332345211521,True,False,req
config_41_det2_b15_s5_h12_w500,8,19.0428108742971,270.599644012954,84.60934567174007,101.5164362034269,True,False,req
config_41_det2_b15_s5_h12_w500,9,15.852309192731,240.900973795346,91.67797649926617,112.09628252335379,True,True,req
config_41_det2_b15_s5_h12_w500,10,13.4989773933766,217.007292249313,95.51142798115836,126.51067467038325,True,True,req
config_41_det2_b15_s5_h12_w500,11,11.7063849801001,197.385914003329,101.00584918431429,135.23294552569487,True,True,req
config_41_det2_b15_s5_h12_w500,12,10.3024927250127,174.798447942669,104.89140012148013,146.41401448935443,True,True,req
config_41_det2_b15_s5_h12_w500,13,8.2343773807999,165.736766297224,121.38522139133009,153.68377977739442,True,True,req
config_41_det2_b15_s5_h12_w500,14,7.1387354334877,155.114313416779,139.09334625431305,159.1965373367147,True,True,req
config_41_det2_b15_s5_h12_w500,15,6.30992163133089,144.57194507965,155.904078772102,171.6017959955224,True,True,req
config_41_det2_b15_s5_h12_w500,16,5.64079151507659,135.933108110648,172.3013886414668,178.4577408737928,True,True,req
config_41_det2_b15_s5_h12_w500,17,5.12956312475836,128.020670362398,196.23333262555911,186.8812568629253,True,True,req
config_41_det2_b15_s5_h12_w500,18,4.70918677317163,120.936071767983,206.92169412606307,195.79434718318322,True,True,req
config_41_det2_b15_s5_h12_w500,19,4.34538602141658,114.666952954547,219.44178866184788,203.71112103499243,True,True,req
config_41_det2_b15_s5_h12_w500,20,4.03167079521766,108.995763264335,229.68313620193265,214.507468789939,True,True,req
config_42_det2_b15_s5_h12_w1500,1,1482.77218730659,2195.12941567296,12.166680936064692,17.94657000655,False,False,req
config_42_det2_b15_s5_h12_w1500,2,276.168535055985,1274.88781758312,27.38125042798448,40.193306345708855,False,False,req
config_42_det2_b15_s5_h12_w1500,3,110.489999377789,954.913490984421,51.85458875548045,58.53084550047095,False,False,req
config_42_det2_b15_s5_h12_w1500,4,62.265165672113,754.396736282332,74.39394380593086,74.2110192289528,False,False,req
config_42_det2_b15_s5_h12_w1500,5,41.3983921590561,615.089943611065,84.84560315655726,90.14931156143123,False,False,req
config_42_det2_b15_s5_h12_w1500,6,30.5947542861908,517.737731419071,93.85882949941363,108.80223024164329,False,False,req
config_42_det2_b15_s5_h12_w1500,7,24.0675826659041,446.310779861523,100.90939589827876,125.73733236394034,True,False,req
config_42_det2_b15_s5_h12_w1500,8,19.5984247045618,391.790936353185,107.98279331809202,142.2074563406887,True,False,req
config_42_det2_b15_s5_h12_w1500,9,14.813237392189,347.069530043393,123.97170129599021,153.13212795201116,True,False,req
config_42_det2_b15_s5_h12_w1500,10,12.2749345250106,314.281592480616,140.42582729762435,173.8403761756425,True,True,req
config_42_det2_b15_s5_h12_w1500,11,10.3785968167878,286.18006793008,160.30382178157132,186.385990621613,True,True,req
config_42_det2_b15_s5_h12_w1500,12,9.08425019280687,262.551262568411,170.64490014191588,199.79580895949186,True,True,req
config_42_det2_b15_s5_h12_w1500,13,8.07100869684366,242.465429921281,181.50897972888893,215.4085233792861,True,True,req
config_42_det2_b15_s5_h12_w1500,14,7.24897508045351,225.256267238797,191.32563500772997,230.19445584114314,True,True,req
config_42_det2_b15_s5_h12_w1500,15,6.56841598047092,210.321763462317,202.59362376167934,243.56258321927126,True,True,req
config_42_det2_b15_s5_h12_w1500,16,5.99684734319579,197.206183278909,216.87699726906138,258.35303957096295,True,True,req
config_42_det2_b15_s5_h12_w1500,17,5.50925993039002,185.62250063012,225.3616445478985,270.65520039341567,True,True,req
config_42_det2_b15_s5_h12_w1500,18,5.08897006822918,175.317193184827,238.5128781754888,287.4758468115191,True,True,req
config_42_det2_b15_s5_h12_w1500,19,4.72308712345199,166.110522527026,250.50976084332075,302.1842773871599,True,True,req
config_42_det2_b15_s5_h12_w1500,20,4.4019262322732,157.810856039111,257.7850875999015,317.60418238220143,True,True,req
config_43_det2_b15_s5_h24_w50,1,1143.99309910078,724.976931135836,3.822940622086616,5.108901545342208,False,False,req
config_43_det2_b15_s5_h24_w50,2,226.084029078955,415.578696008349,7.329674276528254,10.474307853027808,False,False,req
config_43_det2_b15_s5_h24_w50,3,95.9537592016972,309.044693901097,10.082614988186348,11.868071663079895,False,False,req
config_43_det2_b15_s5_h24_w50,4,55.3066653883184,243.601640148777,12.94098624525967,18.38781865801379,False,False,req
config_43_det2_b15_s5_h24_w50,5,36.993922117345,199.162959091226,16.384752820839257,28.14279437085095,False,False,req
config_43_det2_b15_s5_h24_w50,6,27.0813487792226,167.515272305283,22.596246922885225,30.39195411618016,True,False,req
config_43_det2_b15_s5_h24_w50,7,21.0130117246902,144.270449058323,26.66209622291541,33.83164014646644,True,False,req
config_43_det2_b15_s5_h24_w50,8,16.9791838231912,126.567457936793,29.07515907093201,36.51900703743189,True,False,req
config_43_det2_b15_s5_h24_w50,9,14.1386261548201,112.67074195811,34.773163143435774,51.18228575395983,True,True,req
config_43_det2_b15_s5_h24_w50,10,12.0436968582402,101.492859164877,37.59252419032273,66.8336806931954,True,True,req
config_43_det2_b15_s5_h24_w50,11,10.4441745847862,92.3147739934436,40.79203200381173,80.14169560846588,True,True,req
config_43_det2_b15_s5_h24_w50,12,9.18858802088564,84.6488737667435,46.227723013360716,90.29394813299751,True,True,req
config_43_det2_b15_s5_h24_w50,13,8.17952811343337,78.1526248923616,48.787184536515326,99.76751711966287,True,True,req
config_43_det2_b15_s5_h24_w50,14,7.35329010871709,72.5789333035372,56.04408421055696,108.96478992979542,True,True,req
config_43_det2_b15_s5_h24_w50,15,6.66553395622582,67.7448225492957,61.018840328213386,113.917851127712,True,True,req
config_43_det2_b15_s5_h24_w50,16,6.08550710316677,63.5135734450523,68.38704464297314,119.31902707540914,True,True,req
config_43_det2_b15_s5_h24_w50,17,5.59016165342281,59.7788117000728,78.57235121211532,126.03699930752256,True,True,req
config_43_det2_b15_s5_h24_w50,18,5.1628769216908,56.4585920266622,85.75867521714639,132.18867229582622,True,True,req
config_43_det2_b15_s5_h24_w50,19,4.7910922066594,53.4876153308822,92.2051537334004,140.32813915565504,True,True,req
config_43_det2_b15_s5_h24_w50,20,4.46481413819361,50.8136682209736,94.96048849389939,146.20528585215757,True,True,req
config_44_det2_b15_s5_h24_w500,1,1371.96964499226,1562.09876717853,7.850167195671695,11.808773221634837,False,False,req
config_44_det2_b15_s5_h24_w500,2,259.641330065364,879.048720659531,15.244347313020654,23.102367302941058,False,False,req
config_44_det2_b15_s5_h24_w500,3,105.27554977829,661.976402363107,26.850081471012334,31.831224842911713,False,False,req
config_44_det2_b15_s5_h24_w500,4,59.8243642194367,522.325202955406,35.8017440217652,43.36265530384411,False,False,req
config_44_det2_b15_s5_h24_w500,5,40.4077641479295,425.720697172114,47.41880824103449,63.35598925910636,False,False,req
config_44_det2_b15_s5_h24_w500,6,30.0937750463872,358.05135977561,62.57831393542015,81.49829062624565,False,False,req
config_44_det2_b15_s5_h24_w500,7,23.5282591644182,308.420236242715,79.21072133871778,97.35223139884022,False,False,req
config_44_det2_b15_s5_h24_w500,8,19.0428108742971,270.599644012954,93.34842489595395,109.50259826952865,True,False,req
config_44_det2_b15_s5_h24_w500,9,15.852309192731,240.900973795346,99.90744362492049,121.21927205138077,True,False,req
config_44_det2_b15_s5_h24_w500,10,13.4989773933766,217.007292249313,106.85606031011999,134.3002352732282,True,True,req
config_44_det2_b15_s5_h24_w500,11,11.7063849801001,197.385914003329,115.4298540600885,145.27687502375136,True,True,req
config_44_det2_b15_s5_h24_w500,12,10.3024927250127,174.798447942669,121.00127444232423,160.94636356390424,True,True,req
config_44_det2_b15_s5_h24_w500,13,8.2343773807999,165.736766297224,132.5252510530226,170.3628765964646,True,True,req
config_44_det2_b15_s5_h24_w500,14,7.1387354334877,155.114313416779,141.71787407851323,183.16312932586746,True,True,req
config_44_det2_b15_s5_h24_w500,15,6.30992163133089,144.57194507965,146.55692181993086,193.2604711838979,True,True,req
config_44_det2_b15_s5_h24_w500,16,5.64079151507659,135.933108110648,152.5839993613718,202.2757434515787,True,True,req
config_44_det2_b15_s5_h24_w500,17,5.12956312475836,128.020670362398,157.6500138316236,209.91818181271378,True,True,req
config_44_det2_b15_s5_h24_w500,18,4.70918677317163,120.936071767983,164.82743080095753,219.07962466748123,True,True,req
config_44_det2_b15_s5_h24_w500,19,4.34538602141658,114.666952954547,172.2484115392005,227.21770947705642,True,True,req
config_44_det2_b15_s5_h24_w500,20,4.03167079521766,108.995763264335,192.80785988473949,236.05582849543595,True,True,req
config_45_det2_b15_s5_h24_w1500,1,1482.77218730659,2195.12941567296,11.832376134995034,17.94657000655,False,False,req
config_45_det2_b15_s5_h24_w1500,2,276.168535055985,1274.88781758312,27.37825551418498,35.9875099861049,False,False,req
config_45_det2_b15_s5_h24_w1500,3,110.489999377789,954.913490984421,41.26966652397375,52.22170406066811,False,False,req
config_45_det2_b15_s5_h24_w1500,4,62.265165672113,754.396736282332,58.67113749536479,78.17528621629728,False,False,req
config_45_det2_b15_s5_h24_w1500,5,41.3983921590561,615.089943611065,88.71809496940294,95.556437148711,False,False,req
config_45_det2_b15_s5_h24_w1500,6,30.5947542861908,517.737731419071,101.12057619770349,114.67235160326233,False,False,req
config_45_det2_b15_s5_h24_w1500,7,24.0675826659041,446.310779861523,114.89415986995257,129.58000124333316,False,False,req
config_45_det2_b15_s5_h24_w1500,8,19.5984247045618,391.790936353185,124.48204455529587,149.8608382244452,True,False,req
config_45_det2_b15_s5_h24_w1500,9,14.813237392189,347.069530043393,141.49589334441242,169.8357335453552,True,True,req
config_45_det2_b15_s5_h24_w1500,10,12.2749345250106,314.281592480616,151.66661941391206,186.44152717556128,True,True,req
config_45_det2_b15_s5_h24_w1500,11,10.3785968167878,286.18006793008,162.22181239484001,202.32674000789473,True,True,req
config_45_det2_b15_s5_h24_w1500,12,9.08425019280687,262.551262568411,173.61929536264748,218.3076288940296,True,True,req
config_45_det2_b15_s5_h24_w1500,13,8.07100869684366,242.465429921281,182.19218714191769,234.2549863100274,True,True,req
config_45_det2_b15_s5_h24_w1500,14,7.24897508045351,225.256267238797,192.28983838061868,247.8176496942863,True,True,req
config_45_det2_b15_s5_h24_w1500,15,6.56841598047092,210.321763462317,201.95408925462903,261.76831093757534,True,True,req
config_45_det2_b15_s5_h24_w1500,16,5.99684734319579,197.206183278909,208.31879615947602,280.8296760394892,True,True,req
config_45_det2_b15_s5_h24_w1500,17,5.50925993039002,185.62250063012,228.08250517447996,305.9846174419739,True,True,req
config_45_det2_b15_s5_h24_w1500,18,5.08897006822918,175.317193184827,234.6874398949472,327.34782724191103,True,True,req
config_45_det2_b15_s5_h24_w1500,19,4.72308712345199,166.110522527026,249.08983207759493,353.0211435279448,True,True,req
config_45_det2_b15_s5_h24_w1500,20,4.4019262322732,157.810856039111,253.09383415818112,375.9881425435293,True,True,req
config_46_det2_b15_s20_h4_w50,1,1143.99309910078,724.976931135836,4.252778503519787,0.47971345613814087,False,False,req
config_46_det2_b15_s20_h4_w50,2,226.084029078955,415.578696008349,8.326951723169769,6.93722747212458,False,False,req
config_46_det2_b15_s20_h4_w50,3,95.9537592016972,309.044693901097,12.32598373356058,13.703389179323485,False,False,req
config_46_det2_b15_s20_h4_w50,4,55.3066653883184,243.601640148777,16.491418222821228,18.00574561077658,False,False,req
config_46_det2_b15_s20_h4_w50,5,36.993922117345,199.162959091226,19.75170562255321,21.242689919122768,True,False,req
config_46_det2_b15_s20_h4_w50,6,27.0813487792226,167.515272305283,22.17063091118518,23.42122701738745,True,False,req
config_46_det2_b15_s20_h4_w50,7,21.0130117246902,144.270449058323,24.30800022626296,25.77285151084373,True,False,req
config_46_det2_b15_s20_h4_w50,8,16.9791838231912,126.567457936793,27.16182753424371,32.83871000815957,True,False,req
config_46_det2_b15_s20_h4_w50,9,14.1386261548201,112.67074195811,31.313206079863495,36.46960206802372,True,False,req
config_46_det2_b15_s20_h4_w50,10,12.0436968582402,101.492859164877,42.75016228039374,40.682949438308924,True,False,req
config_46_det2_b15_s20_h4_w50,11,10.4441745847862,92.3147739934436,51.1713677264933,46.26897313535281,True,False,req
config_46_det2_b15_s20_h4_w50,12,9.18858802088564,84.6488737667435,53.18386385925716,53.04494674330441,True,True,req
config_46_det2_b15_s20_h4_w50,13,8.17952811343337,78.1526248923616,55.864625435064,56.11171334935336,True,True,req
config_46_det2_b15_s20_h4_w50,14,7.35329010871709,72.5789333035372,57.26889535341152,63.63112740632527,True,True,req
config_46_det2_b15_s20_h4_w50,15,6.66553395622582,67.7448225492957,63.94345451256133,66.06347988866466,True,True,req
config_46_det2_b15_s20_h4_w50,16,6.08550710316677,63.5135734450523,74.22850783223383,68.2839247187799,True,True,req
config_46_det2_b15_s20_h4_w50,17,5.59016165342281,59.7788117000728,78.15513018989861,70.23276567956013,True,True,req
config_46_det2_b15_s20_h4_w50,18,5.1628769216908,56.4585920266622,85.79467276585417,75.79001500857484,True,True,req
config_46_det2_b15_s20_h4_w50,19,4.7910922066594,53.4876153308822,88.3464423448958,79.2929591767138,True,True,req
config_46_det2_b15_s20_h4_w50,20,4.46481413819361,50.8136682209736,89.24706087597507,87.86360871322728,True,True,req
config_47_det2_b15_s20_h4_w500,1,1371.96964499226,1562.09876717853,9.023213119504604,7.81153794076429,False,False,req
config_47_det2_b15_s20_h4_w500,2,259.641330065364,879.048720659531,17.235163909867524,20.246650957627537,False,False,req
config_47_det2_b15_s20_h4_w500,3,105.27554977829,661.976402363107,23.533377891836945,24.91404975109426,False,False,req
config_47_det2_b15_s20_h4_w500,4,59.8243642194367,522.325202955406,28.041342246761296,33.81758233522911,False,False,req
config_47_det2_b15_s20_h4_w500,5,40.4077641479295,425.720697172114,49.92550825980643,45.14866415521062,False,False,req
config_47_det2_b15_s20_h4_w500,6,30.0937750463872,358.05135977561,55.367719611701546,51.562645151310846,False,False,req
config_47_det2_b15_s20_h4_w500,7,23.5282591644182,308.420236242715,64.33160479111336,60.24622291065226,False,False,req
config_47_det2_b15_s20_h4_w500,8,19.0428108742971,270.599644012954,83.90192414360948,70.3910745407399,True,False,req
config_47_det2_b15_s20_h4_w500,9,15.852309192731,240.900973795346,89.95914003034933,77.52972575083703,True,False,req
config_47_det2_b15_s20_h4_w500,10,13.4989773933766,217.007292249313,94.35052662810102,86.46270511035378,True,False,req
config_47_det2_b15_s20_h4_w500,11,11.7063849801001,197.385914003329,100.1360303259743,94.79909992833382,True,False,req
config_47_det2_b15_s20_h4_w500,12,10.3024927250127,174.798447942669,106.87675307204192,109.02984294576314,True,True,req
config_47_det2_b15_s20_h4_w500,13,8.2343773807999,165.736766297224,124.47642570204027,114.70163317397787,True,True,req
config_47_det2_b15_s20_h4_w500,14,7.1387354334877,155.114313416779,141.12434922593778,121.81684378835118,True,True,req
config_47_det2_b15_s20_h4_w500,15,6.30992163133089,144.57194507965,151.5129394914287,131.20031435218098,True,True,req
config_47_det2_b15_s20_h4_w500,16,5.64079151507659,135.933108110648,168.67547325493942,139.38942595995022,True,True,req
config_47_det2_b15_s20_h4_w500,17,5.12956312475836,128.020670362398,180.02494811676644,149.78285671820615,True,True,req
config_47_det2_b15_s20_h4_w500,18,4.70918677317163,120.936071767983,189.79738831477925,157.13834580465146,True,True,req
config_47_det2_b15_s20_h4_w500,19,4.34538602141658,114.666952954547,207.55624070491245,166.8322968665773,True,True,req
config_47_det2_b15_s20_h4_w500,20,4.03167079521766,108.995763264335,218.6940499876483,178.13210999455183,True,True,req
config_48_det2_b15_s20_h4_w1500,1,1482.77218730659,2195.12941567296,12.74868130435458,15.503060181783466,False,False,req
config_48_det2_b15_s20_h4_w1500,2,276.168535055985,1274.88781758312,22.93564638286874,25.108382564394706,False,False,req
config_48_det2_b15_s20_h4_w1500,3,110.489999377789,954.913490984421,32.28200543646568,36.502984467026806,False,False,req
config_48_det2_b15_s20_h4_w1500,4,62.265165672113,754.396736282332,54.51639546961996,49.211857057014214,False,False,req
config_48_det2_b15_s20_h4_w1500,5,41.3983921590561,615.089943611065,68.63473155043297,56.90586415300271,False,False,req
config_48_det2_b15_s20_h4_w1500,6,30.5947542861908,517.737731419071,87.89700720161068,74.79698105538752,False,False,req
config_48_det2_b15_s20_h4_w1500,7,24.0675826659041,446.310779861523,95.36837460605062,85.0604395415401,True,False,req
config_48_det2_b15_s20_h4_w1500,8,19.5984247045618,391.790936353185,106.07506991905937,93.28377605457446,True,False,req
config_48_det2_b15_s20_h4_w1500,9,14.813237392189,347.069530043393,128.21800098963396,111.91658333330231,True,False,req
config_48_det2_b15_s20_h4_w1500,10,12.2749345250106,314.281592480616,146.3695238087492,121.04174388982045,True,False,req
config_48_det2_b15_s20_h4_w1500,11,10.3785968167878,286.18006793008,167.8014161971757,131.73913090312655,True,False,req
config_48_det2_b15_s20_h4_w1500,12,9.08425019280687,262.551262568411,184.0445107696626,146.69152724907693,True,False,req
config_48_det2_b15_s20_h4_w1500,13,8.07100869684366,242.465429921281,204.48173988022612,158.28046047022568,True,False,req
config_48_det2_b15_s20_h4_w1500,14,7.24897508045351,225.256267238797,218.60125736651705,167.2626801371623,True,True,req
config_48_det2_b15_s20_h4_w1500,15,6.56841598047092,210.321763462317,234.28989343688443,183.24333775974867,True,True,req
config_48_det2_b15_s20_h4_w1500,16,5.99684734319579,197.206183278909,240.99981270163306,196.1769432312461,True,True,req
config_48_det2_b15_s20_h4_w1500,17,5.50925993039002,185.62250063012,249.75182403960758,205.2821466231835,True,True,req
config_48_det2_b15_s20_h4_w1500,18,5.08897006822918,175.317193184827,256.45749322906,222.9481099319351,True,True,req
config_48_det2_b15_s20_h4_w1500,19,4.72308712345199,166.110522527026,263.64855869130025,234.25159491927099,True,True,req
config_48_det2_b15_s20_h4_w1500,20,4.4019262322732,157.810856039111,273.4620504851734,246.43814019839633,True,True,req
config_49_det2_b15_s20_h12_w50,1,1143.99309910078,724.976931135836,4.252778503519787,0.47971345613814087,False,False,req
config_49_det2_b15_s20_h12_w50,2,226.084029078955,415.578696008349,8.326951723169769,6.93722747212458,False,False,req
config_49_det2_b15_s20_h12_w50,3,95.9537592016972,309.044693901097,12.32598373356058,13.98409364242102,False,False,req
config_49_det2_b15_s20_h12_w50,4,55.3066653883184,243.601640148777,16.491418222821228,18.63799546625119,False,False,req
config_49_det2_b15_s20_h12_w50,5,36.993922117345,199.162959091226,19.75170562255321,21.74846833687375,True,False,req
config_49_det2_b15_s20_h12_w50,6,27.0813487792226,167.515272305283,22.17762104013864,25.12777099147475,True,False,req
config_49_det2_b15_s20_h12_w50,7,21.0130117246902,144.270449058323,24.35327236738422,26.765198953118208,True,False,req
config_49_det2_b15_s20_h12_w50,8,16.9791838231912,126.567457936793,27.99440792372648,28.431353731400126,True,False,req
config_49_det2_b15_s20_h12_w50,9,14.1386261548201,112.67074195811,31.41501034537471,34.75594733279471,True,False,req
config_49_det2_b15_s20_h12_w50,10,12.0436968582402,101.492859164877,34.482834497761345,38.656071644697676,True,True,req
config_49_det2_b15_s20_h12_w50,11,10.4441745847862,92.3147739934436,38.04841488156898,52.52731075354991,True,True,req
config_49_det2_b15_s20_h12_w50,12,9.18858802088564,84.6488737667435,42.31652602707363,56.88410476574277,True,True,req
config_49_det2_b15_s20_h12_w50,13,8.17952811343337,78.1526248923616,50.4920030796957,58.267644323415034,True,True,req
config_49_det2_b15_s20_h12_w50,14,7.35329010871709,72.5789333035372,54.36972848010187,63.63204676104644,True,True,req
config_49_det2_b15_s20_h12_w50,15,6.66553395622582,67.7448225492957,57.51218457857429,65.70341981206153,True,True,req
config_49_det2_b15_s20_h12_w50,16,6.08550710316677,63.5135734450523,59.395693236126135,67.79103462110606,True,True,req
config_49_det2_b15_s20_h12_w50,17,5.59016165342281,59.7788117000728,63.023974604907295,74.56442432554549,True,True,req
config_49_det2_b15_s20_h12_w50,18,5.1628769216908,56.4585920266622,64.75693302651075,78.60350103525924,True,True,req
config_49_det2_b15_s20_h12_w50,19,4.7910922066594,53.4876153308822,71.78351046723752,86.60507707403764,True,True,req
config_49_det2_b15_s20_h12_w50,20,4.46481413819361,50.8136682209736,81.04688689271167,93.8739766181827,True,True,req
config_50_det2_b15_s20_h12_w500,1,1371.96964499226,1562.09876717853,9.023213119504604,8.221625447562056,False,False,req
config_50_det2_b15_s20_h12_w500,2,259.641330065364,879.048720659531,17.235163909867524,23.239962887233705,False,False,req
config_50_det2_b15_s20_h12_w500,3,105.27554977829,661.976402363107,23.60586526692042,26.291479132981465,False,False,req
config_50_det2_b15_s20_h12_w500,4,59.8243642194367,522.325202955406,30.837912948187657,33.10924153465313,False,False,req
config_50_det2_b15_s20_h12_w500,5,40.4077641479295,425.720697172114,42.3565210445806,49.33657238803685,False,False,req
config_50_det2_b15_s20_h12_w500,6,30.0937750463872,358.05135977561,53.71210641000779,56.89020456106657,False,False,req
config_50_det2_b15_s20_h12_w500,7,23.5282591644182,308.420236242715,63.21082086953151,69.37331169116838,True,False,req
config_50_det2_b15_s20_h12_w500,8,19.0428108742971,270.599644012954,69.65243624597778,81.65261401204496,True,False,req
config_50_det2_b15_s20_h12_w500,9,15.852309192731,240.900973795346,81.81273663067383,88.55226916911842,True,False,req
config_50_det2_b15_s20_h12_w500,10,13.4989773933766,217.007292249313,92.1806155056474,92.2626542811337,True,False,req
config_50_det2_b15_s20_h12_w500,11,11.7063849801001,197.385914003329,97.53146094978788,107.98763876018403,True,True,req
config_50_det2_b15_s20_h12_w500,12,10.3024927250127,174.798447942669,102.6807254308227,123.50169100281808,True,True,req
config_50_det2_b15_s20_h12_w500,13,8.2343773807999,165.736766297224,117.37748938313892,127.85869229131215,True,True,req
config_50_det2_b15_s20_h12_w500,14,7.1387354334877,155.114313416779,129.39619144747311,133.13445782783327,True,True,req
config_50_det2_b15_s20_h12_w500,15,6.30992163133089,144.57194507965,141.71874875964718,143.72017420050054,True,True,req
config_50_det2_b15_s20_h12_w500,16,5.64079151507659,135.933108110648,152.6222051341154,155.39625290420187,True,True,req
config_50_det2_b15_s20_h12_w500,17,5.12956312475836,128.020670362398,159.49849790306283,163.5645417123025,True,True,req
config_50_det2_b15_s20_h12_w500,18,4.70918677317163,120.936071767983,173.67605140989744,172.12361110550754,True,True,req
config_50_det2_b15_s20_h12_w500,19,4.34538602141658,114.666952954547,183.46826473989083,181.83476550001225,True,True,req
config_50_det2_b15_s20_h12_w500,20,4.03167079521766,108.995763264335,193.53743178000477,190.84619680080957,True,True,req
config_51_det2_b15_s20_h12_w1500,1,1482.77218730659,2195.12941567296,12.74868130435458,16.159204033615023,False,False,req
config_51_det2_b15_s20_h12_w1500,2,276.168535055985,1274.88781758312,22.99103901523374,27.6564255644145,False,False,req
config_51_det2_b15_s20_h12_w1500,3,110.489999377789,954.913490984421,33.84155544593067,41.33348975104812,False,False,req
config_51_det2_b15_s20_h12_w1500,4,62.265165672113,754.396736282332,51.756887222861465,54.95727772552056,False,False,req
config_51_det2_b15_s20_h12_w1500,5,41.3983921590561,615.089943611065,70.38864166184769,72.17365429988979,False,False,req
config_51_det2_b15_s20_h12_w1500,6,30.5947542861908,517.737731419071,83.47915233757467,86.7644793391858,False,False,req
config_51_det2_b15_s20_h12_w1500,7,24.0675826659041,446.310779861523,97.3658147144058,94.45308293009816,True,False,req
config_51_det2_b15_s20_h12_w1500,8,19.5984247045618,391.790936353185,104.1185458850738,112.2903169986917,True,False,req
config_51_det2_b15_s20_h12_w1500,9,14.813237392189,347.069530043393,121.52811431699433,127.3205309881761,True,False,req
config_51_det2_b15_s20_h12_w1500,10,12.2749345250106,314.281592480616,142.04816769126043,135.17256676395382,True,False,req
config_51_det2_b15_s20_h12_w1500,11,10.3785968167878,286.18006793008,157.65621441746103,149.85662916786683,True,False,req
config_51_det2_b15_s20_h12_w1500,12,9.08425019280687,262.551262568411,170.11546323992224,164.06747849589206,True,True,req
config_51_det2_b15_s20_h12_w1500,13,8.07100869684366,242.465429921281,190.55531057645413,178.18858221932553,True,True,req
config_51_det2_b15_s20_h12_w1500,14,7.24897508045351,225.256267238797,201.5330238998617,195.10794377016592,True,True,req
config_51_det2_b15_s20_h12_w1500,15,6.56841598047092,210.321763462317,215.85744717289697,205.9920407038421,True,True,req
config_51_det2_b15_s20_h12_w1500,16,5.99684734319579,197.206183278909,224.26313599579106,218.21344991137053,True,True,req
config_51_det2_b15_s20_h12_w1500,17,5.50925993039002,185.62250063012,239.16381821764855,233.89294500309796,True,True,req
config_51_det2_b15_s20_h12_w1500,18,5.08897006822918,175.317193184827,243.7820890558706,244.26632494062704,True,True,req
config_51_det2_b15_s20_h12_w1500,19,4.72308712345199,166.110522527026,255.90664259104767,257.68336243882294,True,True,req
config_51_det2_b15_s20_h12_w1500,20,4.4019262322732,157.810856039111,264.1630520257433,272.67438609692203,True,True,req
config_52_det2_b15_s20_h24_w50,1,1143.99309910078,724.976931135836,4.252778503519787,0.47971345613814087,False,False,req
config_52_det2_b15_s20_h24_w50,2,226.084029078955,415.578696008349,8.326951723169769,6.93722747212458,False,False,req
config_52_det2_b15_s20_h24_w50,3,95.9537592016972,309.044693901097,12.32598373356058,13.98409364242102,False,False,req
config_52_det2_b15_s20_h24_w50,4,55.3066653883184,243.601640148777,16.491418222821228,18.63799546625119,False,False,req
config_52_det2_b15_s20_h24_w50,5,36.993922117345,199.162959091226,19.75170562255321,21.74846833687375,True,False,req
config_52_det2_b15_s20_h24_w50,6,27.0813487792226,167.515272305283,22.17762104013864,25.12777099147475,True,False,req
config_52_det2_b15_s20_h24_w50,7,21.0130117246902,144.270449058323,24.35327236738422,26.765198953118208,True,False,req
config_52_det2_b15_s20_h24_w50,8,16.9791838231912,126.567457936793,27.99440792372648,28.431353731400126,True,False,req
config_52_det2_b15_s20_h24_w50,9,14.1386261548201,112.67074195811,31.41501034537471,34.75594733279471,True,False,req
config_52_det2_b15_s20_h24_w50,10,12.0436968582402,101.492859164877,34.482834497761345,38.65957675660715,True,True,req
config_52_det2_b15_s20_h24_w50,11,10.4441745847862,92.3147739934436,38.0437889148807,42.2785273513636,True,True,req
config_52_det2_b15_s20_h24_w50,12,9.18858802088564,84.6488737667435,41.17819659722849,46.14168261994787,True,True,req
config_52_det2_b15_s20_h24_w50,13,8.17952811343337,78.1526248923616,43.743409503604084,47.778770128583254,True,True,req
config_52_det2_b15_s20_h24_w50,14,7.35329010871709,72.5789333035372,48.371498581292684,50.41285922262295,True,True,req
config_52_det2_b15_s20_h24_w50,15,6.66553395622582,67.7448225492957,53.080809856293634,57.2746398941102,True,True,req
config_52_det2_b15_s20_h24_w50,16,6.08550710316677,63.5135734450523,55.5706161113947,58.515898480669335,True,True,req
config_52_det2_b15_s20_h24_w50,17,5.59016165342281,59.7788117000728,57.86456925442373,63.860914298183985,True,True,req
config_52_det2_b15_s20_h24_w50,18,5.1628769216908,56.4585920266622,60.46261965049148,67.17359879446686,True,True,req
config_52_det2_b15_s20_h24_w50,19,4.7910922066594,53.4876153308822,62.49596286961262,69.66569008486172,True,True,req
config_52_det2_b15_s20_h24_w50,20,4.46481413819361,50.8136682209736,63.332435410301414,70.88897922103266,True,True,req
config_53_det2_b15_s20_h24_w500,1,1371.96964499226,1562.09876717853,9.023213119504604,8.221625447562056,False,False,req
config_53_det2_b15_s20_h24_w500,2,259.641330065364,879.048720659531,17.235163909867524,23.239962887233705,False,False,req
config_53_det2_b15_s20_h24_w500,3,105.27554977829,661.976402363107,23.60586526692042,26.291479132981465,False,False,req
config_53_det2_b15_s20_h24_w500,4,59.8243642194367,522.325202955406,30.837912948187657,33.370748792917425,False,False,req
config_53_det2_b15_s20_h24_w500,5,40.4077641479295,425.720697172114,38.37020816988096,47.21996267469935,False,False,req
config_53_det2_b15_s20_h24_w500,6,30.0937750463872,358.05135977561,47.82246726173797,53.9605909437619,False,False,req
config_53_det2_b15_s20_h24_w500,7,23.5282591644182,308.420236242715,54.67545495924108,57.21898614096548,True,False,req
config_53_det2_b15_s20_h24_w500,8,19.0428108742971,270.599644012954,61.527289677020555,68.18800755998082,True,False,req
config_53_det2_b15_s20_h24_w500,9,15.852309192731,240.900973795346,66.77391987145879,80.85673982421008,True,True,req
config_53_det2_b15_s20_h24_w500,10,13.4989773933766,217.007292249313,71.69797329771603,90.99242756955108,True,True,req
config_53_det2_b15_s20_h24_w500,11,11.7063849801001,197.385914003329,75.79495613165827,96.41271635526094,True,True,req
config_53_det2_b15_s20_h24_w500,12,10.3024927250127,174.798447942669,81.42151665868181,110.0314794602991,True,True,req
config_53_det2_b15_s20_h24_w500,13,8.2343773807999,165.736766297224,88.49079495442825,120.29564645304316,True,True,req
config_53_det2_b15_s20_h24_w500,14,7.1387354334877,155.114313416779,95.77124662734404,129.3654915990608,True,True,req
config_53_det2_b15_s20_h24_w500,15,6.30992163133089,144.57194507965,103.93799734296725,134.5256510029882,True,True,req
config_53_det2_b15_s20_h24_w500,16,5.64079151507659,135.933108110648,112.91038426557586,146.38242978581823,True,True,req
config_53_det2_b15_s20_h24_w500,17,5.12956312475836,128.020670362398,120.63217295886606,158.56151540227745,True,True,req
config_53_det2_b15_s20_h24_w500,18,4.70918677317163,120.936071767983,130.32398405299173,167.8381619629788,True,True,req
config_53_det2_b15_s20_h24_w500,19,4.34538602141658,114.666952954547,138.7764009417067,176.96780545247958,True,True,req
config_53_det2_b15_s20_h24_w500,20,4.03167079521766,108.995763264335,150.6050448745548,188.13368104739894,True,True,req
config_54_det2_b15_s20_h24_w1500,1,1482.77218730659,2195.12941567296,12.74868130435458,16.159204033615023,False,False,req
config_54_det2_b15_s20_h24_w1500,2,276.168535055985,1274.88781758312,22.99103901523374,28.700799204900203,False,False,req
config_54_det2_b15_s20_h24_w1500,3,110.489999377789,954.913490984421,33.8330441284848,38.87994823813427,False,False,req
config_54_det2_b15_s20_h24_w1500,4,62.265165672113,754.396736282332,47.39711357245291,52.676687206011735,False,False,req
config_54_det2_b15_s20_h24_w1500,5,41.3983921590561,615.089943611065,58.03908489113177,61.313672007146984,False,False,req
config_54_det2_b15_s20_h24_w1500,6,30.5947542861908,517.737731419071,66.32665659446435,81.79763061971904,False,False,req
config_54_det2_b15_s20_h24_w1500,7,24.0675826659041,446.310779861523,75.33750974780092,94.61402578370715,False,False,req
config_54_det2_b15_s20_h24_w1500,8,19.5984247045618,391.790936353185,85.64293534787326,108.37709218793016,True,False,req
config_54_det2_b15_s20_h24_w1500,9,14.813237392189,347.069530043393,95.61352247750082,123.48625845727847,True,True,req
config_54_det2_b15_s20_h24_w1500,10,12.2749345250106,314.281592480616,106.86703842990025,138.7970429760263,True,True,req
config_54_det2_b15_s20_h24_w1500,11,10.3785968167878,286.18006793008,122.69165591251736,150.774108999007,True,True,req
config_54_det2_b15_s20_h24_w1500,12,9.08425019280687,262.551262568411,143.60640131971832,166.91660842069214,True,True,req
config_54_det2_b15_s20_h24_w1500,13,8.07100869684366,242.465429921281,155.03388070569176,179.81491641870724,True,True,req
config_54_det2_b15_s20_h24_w1500,14,7.24897508045351,225.256267238797,177.07695674793803,196.1965673898388,True,True,req
config_54_det2_b15_s20_h24_w1500,15,6.56841598047092,210.321763462317,195.26732033007698,210.53989790800014,True,True,req
config_54_det2_b15_s20_h24_w1500,16,5.99684734319579,197.206183278909,200.49786297004653,220.76135619462227,True,True,req
config_54_det2_b15_s20_h24_w1500,17,5.50925993039002,185.62250063012,215.91819116919672,237.8049241383459,True,True,req
config_54_det2_b15_s20_h24_w1500,18,5.08897006822918,175.317193184827,228.32715015959008,252.8487113539109,True,True,req
config_54_det2_b15_s20_h24_w1500,19,4.72308712345199,166.110522527026,235.8751759111397,260.97093016060023,True,True,req
config_54_det2_b15_s20_h24_w1500,20,4.4019262322732,157.810856039111,242.65519375351428,278.19432906193873,True,True,req
config_55_det2_b30_s5_h4_w50,1,1143.99309910078,724.976931135836,3.822940622086616,5.108901545342208,False,False,req
config_55_det2_b30_s5_h4_w50,2,226.084029078955,415.578696008349,7.329674276528254,11.007775660868093,False,False,req
config_55_det2_b30_s5_h4_w50,3,95.9537592016972,309.044693901097,10.11840525972349,12.599727179586072,False,False,req
config_55_det2_b30_s5_h4_w50,4,55.3066653883184,243.601640148777,12.547474845561556,13.810616387402845,False,False,req
config_55_det2_b30_s5_h4_w50,5,36.993922117345,199.162959091226,14.393092961556249,14.622008241004378,False,False,req
config_55_det2_b30_s5_h4_w50,6,27.0813487792226,167.515272305283,15.340831952668015,14.861161630236042,False,False,req
config_55_det2_b30_s5_h4_w50,7,21.0130117246902,144.270449058323,23.93100760519707,34.658752502073696,True,False,req
config_55_det2_b30_s5_h4_w50,8,16.9791838231912,126.567457936793,29.420896060453355,41.17951402093035,True,False,req
config_55_det2_b30_s5_h4_w50,9,14.1386261548201,112.67074195811,31.85416966426844,42.03911720053122,True,False,req
config_55_det2_b30_s5_h4_w50,10,12.0436968582402,101.492859164877,43.353781553631514,43.19802512847086,True,False,req
config_55_det2_b30_s5_h4_w50,11,10.4441745847862,92.3147739934436,45.570125905026856,47.888833510537715,True,True,req
config_55_det2_b30_s5_h4_w50,12,9.18858802088564,84.6488737667435,47.68272616996641,50.92174756427748,True,True,req
config_55_det2_b30_s5_h4_w50,13,8.17952811343337,78.1526248923616,50.29924825481987,52.96166892196657,True,True,req
config_55_det2_b30_s5_h4_w50,14,7.35329010871709,72.5789333035372,51.67989333386825,53.23440029717626,True,True,req
config_55_det2_b30_s5_h4_w50,15,6.66553395622582,67.7448225492957,53.038508416055585,62.84759641386455,True,True,req
config_55_det2_b30_s5_h4_w50,16,6.08550710316677,63.5135734450523,54.595488595670616,67.69412363713707,True,True,req
config_55_det2_b30_s5_h4_w50,17,5.59016165342281,59.7788117000728,57.287052420245885,69.59151438932766,True,True,req
config_55_det2_b30_s5_h4_w50,18,5.1628769216908,56.4585920266622,64.7953036492615,74.38295755749431,True,True,req
config_55_det2_b30_s5_h4_w50,19,4.7910922066594,53.4876153308822,68.86627893969587,80.08164193496535,True,True,req
config_55_det2_b30_s5_h4_w50,20,4.46481413819361,50.8136682209736,77.75640407709194,82.60028071986196,True,True,req
config_56_det2_b30_s5_h4_w500,1,1371.96964499226,1562.09876717853,7.845834882279896,11.583441846014507,False,False,req
config_56_det2_b30_s5_h4_w500,2,259.641330065364,879.048720659531,13.274340849925467,14.622042435993679,False,False,req
config_56_det2_b30_s5_h4_w500,3,105.27554977829,661.976402363107,21.787728771030725,27.238453975950986,False,False,req
config_56_det2_b30_s5_h4_w500,4,59.8243642194367,522.325202955406,42.44421485903585,39.69305197386566,False,False,req
config_56_det2_b30_s5_h4_w500,5,40.4077641479295,425.720697172114,47.64249547410379,47.724662125571925,False,False,req
config_56_det2_b30_s5_h4_w500,6,30.0937750463872,358.05135977561,53.31336957086843,50.94617134780591,False,False,req
config_56_det2_b30_s5_h4_w500,7,23.5282591644182,308.420236242715,55.942750870867975,61.71876841771878,True,False,req
config_56_det2_b30_s5_h4_w500,8,19.0428108742971,270.599644012954,65.45472767493575,71.41478400863507,True,False,req
config_56_det2_b30_s5_h4_w500,9,15.852309192731,240.900973795346,72.8037730821693,79.06388160848164,True,False,req
config_56_det2_b30_s5_h4_w500,10,13.4989773933766,217.007292249313,84.33322817845881,88.01768785306736,True,False,req
config_56_det2_b30_s5_h4_w500,11,11.7063849801001,197.385914003329,90.70610439766445,98.38466647411182,True,True,req
config_56_det2_b30_s5_h4_w500,12,10.3024927250127,174.798447942669,92.35908493182706,112.13242679478978,True,True,req
config_56_det2_b30_s5_h4_w500,13,8.2343773807999,165.736766297224,104.29951049208664,118.3281759439493,True,True,req
config_56_det2_b30_s5_h4_w500,14,7.1387354334877,155.114313416779,111.78468328293759,125.7184053527742,True,True,req
config_56_det2_b30_s5_h4_w500,15,6.30992163133089,144.57194507965,122.24656516419775,135.75183137704707,True,True,req
config_56_det2_b30_s5_h4_w500,16,5.64079151507659,135.933108110648,135.13479813381403,147.1760236738459,True,True,req
config_56_det2_b30_s5_h4_w500,17,5.12956312475836,128.020670362398,138.92377396335814,155.8489074214011,True,True,req
config_56_det2_b30_s5_h4_w500,18,4.70918677317163,120.936071767983,151.62823606512814,164.68589209630423,True,True,req
config_56_det2_b30_s5_h4_w500,19,4.34538602141658,114.666952954547,162.47621535337274,176.1211664672301,True,True,req
config_56_det2_b30_s5_h4_w500,20,4.03167079521766,108.995763264335,174.7972720992331,187.47829133588303,True,True,req
config_57_det2_b30_s5_h4_w1500,1,1482.77218730659,2195.12941567296,10.759559702887474,13.839729946787257,False,False,req
config_57_det2_b30_s5_h4_w1500,2,276.168535055985,1274.88781758312,17.949126023291495,28.453389516892358,False,False,req
config_57_det2_b30_s5_h4_w1500,3,110.489999377789,954.913490984421,45.25337970803948,43.78001113522014,False,False,req
config_57_det2_b30_s5_h4_w1500,4,62.265165672113,754.396736282332,53.60302580078852,50.88641640948987,False,False,req
config_57_det2_b30_s5_h4_w1500,5,41.3983921590561,615.089943611065,64.67415152129945,64.85200363134511,False,False,req
config_57_det2_b30_s5_h4_w1500,6,30.5947542861908,517.737731419071,77.90175463364096,74.44212097327694,False,False,req
config_57_det2_b30_s5_h4_w1500,7,24.0675826659041,446.310779861523,89.41033147796736,87.34016472963627,True,False,req
config_57_det2_b30_s5_h4_w1500,8,19.5984247045618,391.790936353185,93.8738803010602,98.08228157181772,True,False,req
config_57_det2_b30_s5_h4_w1500,9,14.813237392189,347.069530043393,110.18025332255422,117.19747876032906,True,False,req
config_57_det2_b30_s5_h4_w1500,10,12.2749345250106,314.281592480616,126.37656604151121,126.1249545754791,True,False,req
config_57_det2_b30_s5_h4_w1500,11,10.3785968167878,286.18006793008,138.26811414382163,140.83581358762723,True,False,req
config_57_det2_b30_s5_h4_w1500,12,9.08425019280687,262.551262568411,156.5759398644774,158.45361659208385,True,True,req
config_57_det2_b30_s5_h4_w1500,13,8.07100869684366,242.465429921281,172.8960624672137,166.86524420088872,True,True,req
config_57_det2_b30_s5_h4_w1500,14,7.24897508045351,225.256267238797,181.67785087896652,185.67525040002263,True,True,req
config_57_det2_b30_s5_h4_w1500,15,6.56841598047092,210.321763462317,202.4630566438123,200.15332664401726,True,True,req
config_57_det2_b30_s5_h4_w1500,16,5.99684734319579,197.206183278909,213.42025247540747,211.6161061660688,True,True,req
config_57_det2_b30_s5_h4_w1500,17,5.50925993039002,185.62250063012,235.37243242241527,229.87887813174814,True,True,req
config_57_det2_b30_s5_h4_w1500,18,5.08897006822918,175.317193184827,246.50585692839024,242.91950827383133,True,True,req
config_57_det2_b30_s5_h4_w1500,19,4.72308712345199,166.110522527026,256.43517428603883,254.23488428791373,True,True,req
config_57_det2_b30_s5_h4_w1500,20,4.4019262322732,157.810856039111,259.6907856791739,271.828977586194,True,True,req
config_58_det2_b30_s5_h12_w50,1,1143.99309910078,724.976931135836,3.822940622086616,5.108901545342208,False,False,req
config_58_det2_b30_s5_h12_w50,2,226.084029078955,415.578696008349,7.329674276528254,14.093265235565532,False,False,req
config_58_det2_b30_s5_h12_w50,3,95.9537592016972,309.044693901097,10.112523176734875,14.74591892694382,False,False,req
config_58_det2_b30_s5_h12_w50,4,55.3066653883184,243.601640148777,12.744101576807994,17.345240701702583,False,False,req
config_58_det2_b30_s5_h12_w50,5,36.993922117345,199.162959091226,15.189869156776828,24.82823745254584,False,False,req
config_58_det2_b30_s5_h12_w50,6,27.0813487792226,167.515272305283,19.994833707735605,49.867919296878625,False,False,req
config_58_det2_b30_s5_h12_w50,7,21.0130117246902,144.270449058323,25.575366566287958,53.67149499501574,False,True,req
config_58_det2_b30_s5_h12_w50,8,16.9791838231912,126.567457936793,38.15522736139833,55.74160362781106,True,True,req
config_58_det2_b30_s5_h12_w50,9,14.1386261548201,112.67074195811,47.60123291470506,57.97196197300898,True,True,req
config_58_det2_b30_s5_h12_w50,10,12.0436968582402,101.492859164877,51.276889287475306,59.88031709167879,True,True,req
config_58_det2_b30_s5_h12_w50,11,10.4441745847862,92.3147739934436,52.490593204878145,70.85145287854019,True,True,req
config_58_det2_b30_s5_h12_w50,12,9.18858802088564,84.6488737667435,53.96499212452458,76.11732637842714,True,True,req
config_58_det2_b30_s5_h12_w50,13,8.17952811343337,78.1526248923616,58.37397429505721,84.02139170407074,True,True,req
config_58_det2_b30_s5_h12_w50,14,7.35329010871709,72.5789333035372,65.75925315117257,90.79033531225178,True,True,req
config_58_det2_b30_s5_h12_w50,15,6.66553395622582,67.7448225492957,70.90744231038093,94.78334249164718,True,True,req
config_58_det2_b30_s5_h12_w50,16,6.08550710316677,63.5135734450523,80.1428747612662,96.61514122480435,True,True,req
config_58_det2_b30_s5_h12_w50,17,5.59016165342281,59.7788117000728,86.07624164076869,103.22699037396501,True,True,req
config_58_det2_b30_s5_h12_w50,18,5.1628769216908,56.4585920266622,91.88282415663986,104.28983098664136,True,True,req
config_58_det2_b30_s5_h12_w50,19,4.7910922066594,53.4876153308822,93.84288428301612,120.52182288559473,True,True,req
config_58_det2_b30_s5_h12_w50,20,4.46481413819361,50.8136682209736,97.01585380178278,126.56666419761213,True,True,req
config_59_det2_b30_s5_h12_w500,1,1371.96964499226,1562.09876717853,7.850167195671695,14.585647911560185,False,False,req
config_59_det2_b30_s5_h12_w500,2,259.641330065364,879.048720659531,13.610405027037219,20.426260671008777,False,False,req
config_59_det2_b30_s5_h12_w500,3,105.27554977829,661.976402363107,22.334594802682226,43.93044929203434,False,False,req
config_59_det2_b30_s5_h12_w500,4,59.8243642194367,522.325202955406,48.82232455547359,54.730917907522795,False,False,req
config_59_det2_b30_s5_h12_w500,5,40.4077641479295,425.720697172114,57.597728904879574,69.952318582017,False,False,req
config_59_det2_b30_s5_h12_w500,6,30.0937750463872,358.05135977561,61.748193293407375,76.39470122331784,False,False,req
config_59_det2_b30_s5_h12_w500,7,23.5282591644182,308.420236242715,73.01776068190534,84.33647120315149,False,False,req
config_59_det2_b30_s5_h12_w500,8,19.0428108742971,270.599644012954,87.14704168817207,96.70169817824066,True,True,req
config_59_det2_b30_s5_h12_w500,9,15.852309192731,240.900973795346,89.93053638781434,108.01872773582674,True,True,req
config_59_det2_b30_s5_h12_w500,10,13.4989773933766,217.007292249313,94.28834697352585,119.0200033374409,True,True,req
config_59_det2_b30_s5_h12_w500,11,11.7063849801001,197.385914003329,94.63596545887475,123.55562759790065,True,True,req
config_59_det2_b30_s5_h12_w500,12,10.3024927250127,174.798447942669,96.58483770758224,137.87550009982837,True,True,req
config_59_det2_b30_s5_h12_w500,13,8.2343773807999,165.736766297224,119.5932662541388,141.278663758309,True,True,req
config_59_det2_b30_s5_h12_w500,14,7.1387354334877,155.114313416779,127.53597520786917,151.05921318770626,True,True,req
config_59_det2_b30_s5_h12_w500,15,6.30992163133089,144.57194507965,144.98932451122815,157.51581490264542,True,True,req
config_59_det2_b30_s5_h12_w500,16,5.64079151507659,135.933108110648,152.36961885494102,166.79254829478046,True,True,req
config_59_det2_b30_s5_h12_w500,17,5.12956312475836,128.020670362398,168.90621575958127,175.11249955385824,True,True,req
config_59_det2_b30_s5_h12_w500,18,4.70918677317163,120.936071767983,177.59870104004455,184.51118228684376,True,True,req
config_59_det2_b30_s5_h12_w500,19,4.34538602141658,114.666952954547,186.04395761933972,193.21680036799194,True,True,req
config_59_det2_b30_s5_h12_w500,20,4.03167079521766,108.995763264335,199.51582713603895,202.28759436340462,True,True,req
config_60_det2_b30_s5_h12_w1500,1,1482.77218730659,2195.12941567296,10.748354525228502,18.57434049973242,False,False,req
config_60_det2_b30_s5_h12_w1500,2,276.168535055985,1274.88781758312,20.3032047962877,37.31823113439328,False,False,req
config_60_det2_b30_s5_h12_w1500,3,110.489999377789,954.913490984421,42.70373959034501,55.02460699541615,False,False,req
config_60_det2_b30_s5_h12_w1500,4,62.265165672113,754.396736282332,62.22563278103325,71.65768887565382,False,False,req
config_60_det2_b30_s5_h12_w1500,5,41.3983921590561,615.089943611065,85.95556628281847,87.36671030458022,False,False,req
config_60_det2_b30_s5_h12_w1500,6,30.5947542861908,517.737731419071,89.05354218109463,108.69327128310299,False,False,req
config_60_det2_b30_s5_h12_w1500,7,24.0675826659041,446.310779861523,95.95115865492309,120.70669582366452,True,False,req
config_60_det2_b30_s5_h12_w1500,8,19.5984247045618,391.790936353185,100.35495745657566,135.65283784966192,True,False,req
config_60_det2_b30_s5_h12_w1500,9,14.813237392189,347.069530043393,115.77856702919298,149.2805766185124,True,False,req
config_60_det2_b30_s5_h12_w1500,10,12.2749345250106,314.281592480616,128.95158566083802,159.05236297102493,True,True,req
config_60_det2_b30_s5_h12_w1500,11,10.3785968167878,286.18006793008,146.32520383644706,173.17267795148544,True,True,req
config_60_det2_b30_s5_h12_w1500,12,9.08425019280687,262.551262568411,165.4947087103123,186.4101176021421,True,True,req
config_60_det2_b30_s5_h12_w1500,13,8.07100869684366,242.465429921281,175.57872166068415,198.58367603831107,True,True,req
config_60_det2_b30_s5_h12_w1500,14,7.24897508045351,225.256267238797,184.5954096877216,217.17463211280761,True,True,req
config_60_det2_b30_s5_h12_w1500,15,6.56841598047092,210.321763462317,193.47767241266425,230.96224739602405,True,True,req
config_60_det2_b30_s5_h12_w1500,16,5.99684734319579,197.206183278909,207.66837546113433,241.69113381890259,True,True,req
config_60_det2_b30_s5_h12_w1500,17,5.50925993039002,185.62250063012,220.89984847336487,256.6051306103515,True,True,req
config_60_det2_b30_s5_h12_w1500,18,5.08897006822918,175.317193184827,231.67404964254794,268.0669821974434,True,True,req
config_60_det2_b30_s5_h12_w1500,19,4.72308712345199,166.110522527026,241.8455056665538,282.05132757866767,True,True,req
config_60_det2_b30_s5_h12_w1500,20,4.4019262322732,157.810856039111,249.9969638704527,297.6962797886463,True,True,req
config_61_det2_b30_s5_h24_w50,1,1143.99309910078,724.976931135836,3.822940622086616,5.108901545342208,False,False,req
config_61_det2_b30_s5_h24_w50,2,226.084029078955,415.578696008349,7.329674276528254,14.093265235565532,False,False,req
config_61_det2_b30_s5_h24_w50,3,95.9537592016972,309.044693901097,10.112523176734875,14.74591892694382,False,False,req
config_61_det2_b30_s5_h24_w50,4,55.3066653883184,243.601640148777,12.744101576807994,15.031604205805845,False,False,req
config_61_det2_b30_s5_h24_w50,5,36.993922117345,199.162959091226,15.189869156776828,19.023672752652157,False,False,req
config_61_det2_b30_s5_h24_w50,6,27.0813487792226,167.515272305283,17.399285186466713,35.603488242024824,False,False,req
config_61_det2_b30_s5_h24_w50,7,21.0130117246902,144.270449058323,20.5206755493088,47.43229253367372,False,True,req
config_61_det2_b30_s5_h24_w50,8,16.9791838231912,126.567457936793,25.046399441835945,60.276557424922665,True,True,req
config_61_det2_b30_s5_h24_w50,9,14.1386261548201,112.67074195811,35.89909991907875,81.61457820144634,True,True,req
config_61_det2_b30_s5_h24_w50,10,12.0436968582402,101.492859164877,42.63177658742361,88.99891385105025,True,True,req
config_61_det2_b30_s5_h24_w50,11,10.4441745847862,92.3147739934436,46.20427875208095,92.30615815498624,True,True,req
config_61_det2_b30_s5_h24_w50,12,9.18858802088564,84.6488737667435,48.56324098533787,94.95987134925292,True,True,req
config_61_det2_b30_s5_h24_w50,13,8.17952811343337,78.1526248923616,55.611342143487235,107.01010427369307,True,True,req
config_61_det2_b30_s5_h24_w50,14,7.35329010871709,72.5789333035372,61.20816428386004,115.05578429614046,True,True,req
config_61_det2_b30_s5_h24_w50,15,6.66553395622582,67.7448225492957,74.68808723618513,118.97479343214772,True,True,req
config_61_det2_b30_s5_h24_w50,16,6.08550710316677,63.5135734450523,79.20023595293135,124.30799753032787,True,True,req
config_61_det2_b30_s5_h24_w50,17,5.59016165342281,59.7788117000728,86.4701530876406,128.66020493273484,True,True,req
config_61_det2_b30_s5_h24_w50,18,5.1628769216908,56.4585920266622,90.13044982752007,130.12391690231277,True,True,req
config_61_det2_b30_s5_h24_w50,19,4.7910922066594,53.4876153308822,92.05888008648475,131.18379970695906,True,True,req
config_61_det2_b30_s5_h24_w50,20,4.46481413819361,50.8136682209736,93.08488158963064,132.64052694741864,True,True,req
config_62_det2_b30_s5_h24_w500,1,1371.96964499226,1562.09876717853,7.850167195671695,14.585647911560185,False,False,req
config_62_det2_b30_s5_h24_w500,2,259.641330065364,879.048720659531,13.610405027037219,22.91783421268249,False,False,req
config_62_det2_b30_s5_h24_w500,3,105.27554977829,661.976402363107,21.61809716418168,41.67015568725415,False,False,req
config_62_det2_b30_s5_h24_w500,4,59.8243642194367,522.325202955406,36.7476036633683,55.814047290982224,False,False,req
config_62_det2_b30_s5_h24_w500,5,40.4077641479295,425.720697172114,47.17405404456987,76.70122798886598,False,False,req
config_62_det2_b30_s5_h24_w500,6,30.0937750463872,358.05135977561,55.55533615234454,96.57619624190816,False,False,req
config_62_det2_b30_s5_h24_w500,7,23.5282591644182,308.420236242715,74.34087284260254,111.6642846760871,True,False,req
config_62_det2_b30_s5_h24_w500,8,19.0428108742971,270.599644012954,86.62861752908215,118.4100658493375,True,True,req
config_62_det2_b30_s5_h24_w500,9,15.852309192731,240.900973795346,97.81726166968464,130.88102527783687,True,True,req
config_62_det2_b30_s5_h24_w500,10,13.4989773933766,217.007292249313,101.97341204396805,144.78571560911817,True,True,req
config_62_det2_b30_s5_h24_w500,11,11.7063849801001,197.385914003329,109.65759682605973,150.81846132943332,True,True,req
config_62_det2_b30_s5_h24_w500,12,10.3024927250127,174.798447942669,119.39281961240383,166.51008895025618,True,True,req
config_62_det2_b30_s5_h24_w500,13,8.2343773807999,165.736766297224,125.96643462755375,170.05031526645936,True,True,req
config_62_det2_b30_s5_h24_w500,14,7.1387354334877,155.114313416779,130.65381218659059,179.04545900102826,True,True,req
config_62_det2_b30_s5_h24_w500,15,6.30992163133089,144.57194507965,138.06553898622042,190.65763017630437,True,True,req
config_62_det2_b30_s5_h24_w500,16,5.64079151507659,135.933108110648,168.88458830416312,194.01614695116945,True,True,req
config_62_det2_b30_s5_h24_w500,17,5.12956312475836,128.020670362398,187.58754622842102,200.82803243350045,True,True,req
config_62_det2_b30_s5_h24_w500,18,4.70918677317163,120.936071767983,196.5544418503716,206.1892301045598,True,True,req
config_62_det2_b30_s5_h24_w500,19,4.34538602141658,114.666952954547,207.79280211574007,211.10018356221295,True,True,req
config_62_det2_b30_s5_h24_w500,20,4.03167079521766,108.995763264335,219.67428856276186,224.8840318425872,True,True,req
config_63_det2_b30_s5_h24_w1500,1,1482.77218730659,2195.12941567296,10.759559702887474,21.22131298953955,False,False,req
config_63_det2_b30_s5_h24_w1500,2,276.168535055985,1274.88781758312,20.296209621503223,41.78379320980804,False,False,req
config_63_det2_b30_s5_h24_w1500,3,110.489999377789,954.913490984421,39.075764547862654,62.31672628596595,False,False,req
config_63_det2_b30_s5_h24_w1500,4,62.265165672113,754.396736282332,65.90354599716164,91.1489680413333,False,False,req
config_63_det2_b30_s5_h24_w1500,5,41.3983921590561,615.089943611065,89.95477343581545,109.04868930385585,False,False,req
config_63_det2_b30_s5_h24_w1500,6,30.5947542861908,517.737731419071,99.13475487940644,120.02926182579165,False,False,req
config_63_det2_b30_s5_h24_w1500,7,24.0675826659041,446.310779861523,113.95753954629085,144.20517799687747,False,False,req
config_63_det2_b30_s5_h24_w1500,8,19.5984247045618,391.790936353185,126.5521505370634,156.20826180313114,True,False,req
config_63_det2_b30_s5_h24_w1500,9,14.813237392189,347.069530043393,134.2489137137926,174.00727195851456,True,True,req
config_63_det2_b30_s5_h24_w1500,10,12.2749345250106,314.281592480616,147.83389233265228,185.63718721683375,True,True,req
config_63_det2_b30_s5_h24_w1500,11,10.3785968167878,286.18006793008,160.72066433549995,202.19357817585492,True,True,req
config_63_det2_b30_s5_h24_w1500,12,9.08425019280687,262.551262568411,176.4618899680923,214.64564790991378,True,True,req
config_63_det2_b30_s5_h24_w1500,13,8.07100869684366,242.465429921281,193.55883041941885,225.81863113274483,True,True,req
config_63_det2_b30_s5_h24_w1500,14,7.24897508045351,225.256267238797,208.2414163897278,233.598631916656,True,True,req
config_63_det2_b30_s5_h24_w1500,15,6.56841598047092,210.321763462317,227.6504478117469,241.57717595924586,True,True,req
config_63_det2_b30_s5_h24_w1500,16,5.99684734319579,197.206183278909,243.7051326227387,258.28673504460113,True,True,req
config_63_det2_b30_s5_h24_w1500,17,5.50925993039002,185.62250063012,255.7079605939383,280.62372494142403,True,True,req
config_63_det2_b30_s5_h24_w1500,18,5.08897006822918,175.317193184827,272.72790164068897,306.53396132312065,True,True,req
config_63_det2_b30_s5_h24_w1500,19,4.72308712345199,166.110522527026,284.9561223533663,336.06542021854415,True,True,req
config_63_det2_b30_s5_h24_w1500,20,4.4019262322732,157.810856039111,294.1043418395738,366.57498853880116,True,True,req
config_64_det2_b30_s20_h4_w50,1,1143.99309910078,724.976931135836,4.252778503519787,0.47971345613814087,False,False,req
config_64_det2_b30_s20_h4_w50,2,226.084029078955,415.578696008349,8.326951723169769,6.93722747212458,False,False,req
config_64_det2_b30_s20_h4_w50,3,95.9537592016972,309.044693901097,12.32598373356058,13.703389179323485,False,False,req
config_64_det2_b30_s20_h4_w50,4,55.3066653883184,243.601640148777,16.491418222821228,18.00574561077658,False,False,req
config_64_det2_b30_s20_h4_w50,5,36.993922117345,199.162959091226,19.912605931921618,21.53831179549595,False,False,req
config_64_det2_b30_s20_h4_w50,6,27.0813487792226,167.515272305283,22.857424942455786,24.48145982166913,True,False,req
config_64_det2_b30_s20_h4_w50,7,21.0130117246902,144.270449058323,25.507153408406825,28.0108171069678,True,False,req
config_64_det2_b30_s20_h4_w50,8,16.9791838231912,126.567457936793,27.92192462922282,30.176710804857443,True,False,req
config_64_det2_b30_s20_h4_w50,9,14.1386261548201,112.67074195811,29.773509618451097,31.571820900923655,True,False,req
config_64_det2_b30_s20_h4_w50,10,12.0436968582402,101.492859164877,31.511678390717304,32.40655604966378,True,False,req
config_64_det2_b30_s20_h4_w50,11,10.4441745847862,92.3147739934436,40.91633995117353,49.737931953389456,True,True,req
config_64_det2_b30_s20_h4_w50,12,9.18858802088564,84.6488737667435,50.543781763932145,54.091911363899875,True,True,req
config_64_det2_b30_s20_h4_w50,13,8.17952811343337,78.1526248923616,53.45184631984194,56.29314234433888,True,True,req
config_64_det2_b30_s20_h4_w50,14,7.35329010871709,72.5789333035372,56.188841196451094,58.45387818613919,True,True,req
config_64_det2_b30_s20_h4_w50,15,6.66553395622582,67.7448225492957,57.986971597075154,59.35748373204511,True,True,req
config_64_det2_b30_s20_h4_w50,16,6.08550710316677,63.5135734450523,66.27460203577235,61.50808788281424,True,True,req
config_64_det2_b30_s20_h4_w50,17,5.59016165342281,59.7788117000728,70.92127237296296,63.69371142428426,True,True,req
config_64_det2_b30_s20_h4_w50,18,5.1628769216908,56.4585920266622,75.60225443067158,66.8019002349484,True,True,req
config_64_det2_b30_s20_h4_w50,19,4.7910922066594,53.4876153308822,78.29443067677292,84.04495581069826,True,True,req
config_64_det2_b30_s20_h4_w50,20,4.46481413819361,50.8136682209736,80.0733593338009,90.36698581340421,True,True,req
config_65_det2_b30_s20_h4_w500,1,1371.96964499226,1562.09876717853,9.023213119504604,7.81153794076429,False,False,req
config_65_det2_b30_s20_h4_w500,2,259.641330065364,879.048720659531,17.235163909867524,20.307655576161423,False,False,req
config_65_det2_b30_s20_h4_w500,3,105.27554977829,661.976402363107,23.87041840856586,26.615895156841898,False,False,req
config_65_det2_b30_s20_h4_w500,4,59.8243642194367,522.325202955406,29.013494705050615,30.116156378263142,False,False,req
config_65_det2_b30_s20_h4_w500,5,40.4077641479295,425.720697172114,39.584086133192464,40.44403386162166,False,False,req
config_65_det2_b30_s20_h4_w500,6,30.0937750463872,358.05135977561,53.69852768000255,53.116832313307235,False,False,req
config_65_det2_b30_s20_h4_w500,7,23.5282591644182,308.420236242715,65.21967398722566,58.25362542365926,False,False,req
config_65_det2_b30_s20_h4_w500,8,19.0428108742971,270.599644012954,77.21901239332188,65.94197354492812,True,False,req
config_65_det2_b30_s20_h4_w500,9,15.852309192731,240.900973795346,79.69327998645808,71.45377439295982,True,False,req
config_65_det2_b30_s20_h4_w500,10,13.4989773933766,217.007292249313,80.93445418979483,76.54153692603775,True,False,req
config_65_det2_b30_s20_h4_w500,11,11.7063849801001,197.385914003329,95.06151758203737,97.49254707982098,True,False,req
config_65_det2_b30_s20_h4_w500,12,10.3024927250127,174.798447942669,109.0738295452519,106.15570070263145,True,True,req
config_65_det2_b30_s20_h4_w500,13,8.2343773807999,165.736766297224,115.7079985591124,115.14235349967642,True,True,req
config_65_det2_b30_s20_h4_w500,14,7.1387354334877,155.114313416779,135.92822375757322,119.57016414130148,True,True,req
config_65_det2_b30_s20_h4_w500,15,6.30992163133089,144.57194507965,150.43030409092742,125.41236626071253,True,True,req
config_65_det2_b30_s20_h4_w500,16,5.64079151507659,135.933108110648,160.7848761198916,139.06620625523018,True,True,req
config_65_det2_b30_s20_h4_w500,17,5.12956312475836,128.020670362398,165.3244243231404,151.7437487271808,True,True,req
config_65_det2_b30_s20_h4_w500,18,4.70918677317163,120.936071767983,192.85071586880645,159.36244068161105,True,True,req
config_65_det2_b30_s20_h4_w500,19,4.34538602141658,114.666952954547,199.55327539838134,164.3813613048768,True,True,req
config_65_det2_b30_s20_h4_w500,20,4.03167079521766,108.995763264335,210.41790098647868,174.39561905175384,True,True,req
config_66_det2_b30_s20_h4_w1500,1,1482.77218730659,2195.12941567296,12.74868130435458,15.503060181783466,False,False,req
config_66_det2_b30_s20_h4_w1500,2,276.168535055985,1274.88781758312,23.054302743739616,26.910571807377117,False,False,req
config_66_det2_b30_s20_h4_w1500,3,110.489999377789,954.913490984421,30.675916856713506,30.871667836383573,False,False,req
config_66_det2_b30_s20_h4_w1500,4,62.265165672113,754.396736282332,54.34260644282716,51.41371290813376,False,False,req
config_66_det2_b30_s20_h4_w1500,5,41.3983921590561,615.089943611065,70.14803543222004,59.61616286712857,False,False,req
config_66_det2_b30_s20_h4_w1500,6,30.5947542861908,517.737731419071,77.75550060928167,68.90875035146117,False,False,req
config_66_det2_b30_s20_h4_w1500,7,24.0675826659041,446.310779861523,82.14149301662346,77.52022236165219,False,False,req
config_66_det2_b30_s20_h4_w1500,8,19.5984247045618,391.790936353185,108.02316308963042,95.5734088861076,True,False,req
config_66_det2_b30_s20_h4_w1500,9,14.813237392189,347.069530043393,127.08390584570495,106.29162393831626,True,False,req
config_66_det2_b30_s20_h4_w1500,10,12.2749345250106,314.281592480616,144.8410971260114,122.92225586162625,True,False,req
config_66_det2_b30_s20_h4_w1500,11,10.3785968167878,286.18006793008,160.84229249658048,129.54273747815174,True,False,req
config_66_det2_b30_s20_h4_w1500,12,9.08425019280687,262.551262568411,183.06707559434784,140.95120806703133,True,False,req
config_66_det2_b30_s20_h4_w1500,13,8.07100869684366,242.465429921281,201.17000480522273,160.0853201334283,True,True,req
config_66_det2_b30_s20_h4_w1500,14,7.24897508045351,225.256267238797,210.25641422373357,169.01459092174395,True,True,req
config_66_det2_b30_s20_h4_w1500,15,6.56841598047092,210.321763462317,230.6165498301359,181.8686759114328,True,True,req
config_66_det2_b30_s20_h4_w1500,16,5.99684734319579,197.206183278909,239.00994574842835,192.24039854654208,True,True,req
config_66_det2_b30_s20_h4_w1500,17,5.50925993039002,185.62250063012,242.15247434897984,208.9747027486554,True,True,req
config_66_det2_b30_s20_h4_w1500,18,5.08897006822918,175.317193184827,253.93589250044982,225.12535705443955,True,True,req
config_66_det2_b30_s20_h4_w1500,19,4.72308712345199,166.110522527026,264.23908313411084,230.88983363885424,True,True,req
config_66_det2_b30_s20_h4_w1500,20,4.4019262322732,157.810856039111,270.51315176489624,243.63927399607257,True,True,req
config_67_det2_b30_s20_h12_w50,1,1143.99309910078,724.976931135836,4.252778503519787,0.47971345613814087,False,False,req
config_67_det2_b30_s20_h12_w50,2,226.084029078955,415.578696008349,8.326951723169769,6.93722747212458,False,False,req
config_67_det2_b30_s20_h12_w50,3,95.9537592016972,309.044693901097,12.32598373356058,13.98409364242102,False,False,req
config_67_det2_b30_s20_h12_w50,4,55.3066653883184,243.601640148777,16.491418222821228,18.777722838512663,False,False,req
config_67_det2_b30_s20_h12_w50,5,36.993922117345,199.162959091226,19.921793970423447,23.2232399763685,False,False,req
config_67_det2_b30_s20_h12_w50,6,27.0813487792226,167.515272305283,23.21361400127089,30.248865681211914,True,False,req
config_67_det2_b30_s20_h12_w50,7,21.0130117246902,144.270449058323,26.10432674864456,31.822898595193998,True,False,req
config_67_det2_b30_s20_h12_w50,8,16.9791838231912,126.567457936793,28.51362612857228,32.952463868427195,True,False,req
config_67_det2_b30_s20_h12_w50,9,14.1386261548201,112.67074195811,30.544424613994615,34.12664464901289,True,False,req
config_67_det2_b30_s20_h12_w50,10,12.0436968582402,101.492859164877,33.46299261871239,35.36198347095367,True,False,req
config_67_det2_b30_s20_h12_w50,11,10.4441745847862,92.3147739934436,38.65323240040863,42.363709410295975,True,True,req
config_67_det2_b30_s20_h12_w50,12,9.18858802088564,84.6488737667435,41.016086783114744,54.13959618430857,True,True,req
config_67_det2_b30_s20_h12_w50,13,8.17952811343337,78.1526248923616,49.191923879840274,59.958918227399664,True,True,req
config_67_det2_b30_s20_h12_w50,14,7.35329010871709,72.5789333035372,64.81546786840315,71.1317290314245,True,True,req
config_67_det2_b30_s20_h12_w50,15,6.66553395622582,67.7448225492957,67.79335420968637,75.30909556620634,True,True,req
config_67_det2_b30_s20_h12_w50,16,6.08550710316677,63.5135734450523,71.50161449226164,76.55628566616852,True,True,req
config_67_det2_b30_s20_h12_w50,17,5.59016165342281,59.7788117000728,74.51925170719309,82.7398062704202,True,True,req
config_67_det2_b30_s20_h12_w50,18,5.1628769216908,56.4585920266622,76.37947941037567,89.0956133569125,True,True,req
config_67_det2_b30_s20_h12_w50,19,4.7910922066594,53.4876153308822,77.59177710943344,94.04532159490385,True,True,req
config_67_det2_b30_s20_h12_w50,20,4.46481413819361,50.8136682209736,80.17805731620092,96.533663745406,True,True,req
config_68_det2_b30_s20_h12_w500,1,1371.96964499226,1562.09876717853,9.023213119504604,8.221625447562056,False,False,req
config_68_det2_b30_s20_h12_w500,2,259.641330065364,879.048720659531,17.235163909867524,26.1424917519352,False,False,req
config_68_det2_b30_s20_h12_w500,3,105.27554977829,661.976402363107,24.08196161030077,31.131782393560442,False,False,req
config_68_det2_b30_s20_h12_w500,4,59.8243642194367,522.325202955406,30.989625280083658,33.07890377566947,False,False,req
config_68_det2_b30_s20_h12_w500,5,40.4077641479295,425.720697172114,35.315476423234045,54.65116535811474,False,False,req
config_68_det2_b30_s20_h12_w500,6,30.0937750463872,358.05135977561,46.310742544252086,66.85996092580372,False,False,req
config_68_det2_b30_s20_h12_w500,7,23.5282591644182,308.420236242715,59.82776842737827,74.12465767205944,False,False,req
config_68_det2_b30_s20_h12_w500,8,19.0428108742971,270.599644012954,71.44079979255551,80.52603849066462,True,False,req
config_68_det2_b30_s20_h12_w500,9,15.852309192731,240.900973795346,79.97710844360404,91.94870256168805,True,False,req
config_68_det2_b30_s20_h12_w500,10,13.4989773933766,217.007292249313,84.65069919971128,104.84237990908065,True,True,req
config_68_det2_b30_s20_h12_w500,11,11.7063849801001,197.385914003329,91.13639678769643,118.08837445132164,True,True,req
config_68_det2_b30_s20_h12_w500,12,10.3024927250127,174.798447942669,98.39544034433483,129.29226023067102,True,True,req
config_68_det2_b30_s20_h12_w500,13,8.2343773807999,165.736766297224,112.02078930319635,131.71299680660894,True,True,req
config_68_det2_b30_s20_h12_w500,14,7.1387354334877,155.114313416779,125.50860677658724,135.75123797266497,True,True,req
config_68_det2_b30_s20_h12_w500,15,6.30992163133089,144.57194507965,131.901746945301,155.4298653912933,True,True,req
config_68_det2_b30_s20_h12_w500,16,5.64079151507659,135.933108110648,148.15269431682074,161.74983685377313,True,True,req
config_68_det2_b30_s20_h12_w500,17,5.12956312475836,128.020670362398,154.08694785737046,172.0832768361489,True,True,req
config_68_det2_b30_s20_h12_w500,18,4.70918677317163,120.936071767983,158.27707333800572,180.98960605515444,True,True,req
config_68_det2_b30_s20_h12_w500,19,4.34538602141658,114.666952954547,166.8622477441264,185.31874567889778,True,True,req
config_68_det2_b30_s20_h12_w500,20,4.03167079521766,108.995763264335,172.2979291485794,196.44576223477054,True,True,req
config_69_det2_b30_s20_h12_w1500,1,1482.77218730659,2195.12941567296,12.74868130435458,16.159204033615023,False,False,req
config_69_det2_b30_s20_h12_w1500,2,276.168535055985,1274.88781758312,23.154586478708705,31.37627885839874,False,False,req
config_69_det2_b30_s20_h12_w1500,3,110.489999377789,954.913490984421,32.53261248347572,39.067056134293,False,False,req
config_69_det2_b30_s20_h12_w1500,4,62.265165672113,754.396736282332,48.4953077627104,66.8050362996683,False,False,req
config_69_det2_b30_s20_h12_w1500,5,41.3983921590561,615.089943611065,69.7873188695482,75.77759480875596,False,False,req
config_69_det2_b30_s20_h12_w1500,6,30.5947542861908,517.737731419071,78.67882100667242,86.10250214134314,False,False,req
config_69_det2_b30_s20_h12_w1500,7,24.0675826659041,446.310779861523,85.42013903511149,102.27579863345537,False,False,req
config_69_det2_b30_s20_h12_w1500,8,19.5984247045618,391.790936353185,98.79913650938452,123.07093550740022,True,False,req
config_69_det2_b30_s20_h12_w1500,9,14.813237392189,347.069530043393,125.85399521314814,132.28106608447197,True,False,req
config_69_det2_b30_s20_h12_w1500,10,12.2749345250106,314.281592480616,135.0395363917134,142.35726379625154,True,False,req
config_69_det2_b30_s20_h12_w1500,11,10.3785968167878,286.18006793008,150.0705713619059,159.2410951635566,True,True,req
config_69_det2_b30_s20_h12_w1500,12,9.08425019280687,262.551262568411,162.18312266625583,171.06052778670673,True,True,req
config_69_det2_b30_s20_h12_w1500,13,8.07100869684366,242.465429921281,177.88530558886657,183.28139794680018,True,True,req
config_69_det2_b30_s20_h12_w1500,14,7.24897508045351,225.256267238797,186.91856144083474,196.4312255953439,True,True,req
config_69_det2_b30_s20_h12_w1500,15,6.56841598047092,210.321763462317,198.19466791235553,214.0859348486023,True,True,req
config_69_det2_b30_s20_h12_w1500,16,5.99684734319579,197.206183278909,208.15540068259898,226.31824630619403,True,True,req
config_69_det2_b30_s20_h12_w1500,17,5.50925993039002,185.62250063012,221.7131373594667,238.69317532020983,True,True,req
config_69_det2_b30_s20_h12_w1500,18,5.08897006822918,175.317193184827,232.53216922013655,253.63442359690322,True,True,req
config_69_det2_b30_s20_h12_w1500,19,4.72308712345199,166.110522527026,239.4019371266657,267.9655994712754,True,True,req
config_69_det2_b30_s20_h12_w1500,20,4.4019262322732,157.810856039111,246.81163251444298,280.0445029117892,True,True,req
config_70_det2_b30_s20_h24_w50,1,1143.99309910078,724.976931135836,4.252778503519787,0.47971345613814087,False,False,req
config_70_det2_b30_s20_h24_w50,2,226.084029078955,415.578696008349,8.326951723169769,6.93722747212458,False,False,req
config_70_det2_b30_s20_h24_w50,3,95.9537592016972,309.044693901097,12.32598373356058,13.98409364242102,False,False,req
config_70_det2_b30_s20_h24_w50,4,55.3066653883184,243.601640148777,16.491418222821228,18.777722838512663,False,False,req
config_70_det2_b30_s20_h24_w50,5,36.993922117345,199.162959091226,19.921793970423447,23.2232399763685,False,False,req
config_70_det2_b30_s20_h24_w50,6,27.0813487792226,167.515272305283,23.21361400127089,30.248865681211914,True,False,req
config_70_det2_b30_s20_h24_w50,7,21.0130117246902,144.270449058323,26.10432674864456,31.822898595193998,True,False,req
config_70_det2_b30_s20_h24_w50,8,16.9791838231912,126.567457936793,28.51362612857228,32.94742592373492,True,False,req
config_70_det2_b30_s20_h24_w50,9,14.1386261548201,112.67074195811,30.539431478008886,34.13657679088517,True,False,req
config_70_det2_b30_s20_h24_w50,10,12.0436968582402,101.492859164877,33.46299261871239,37.04487650134631,True,False,req
config_70_det2_b30_s20_h24_w50,11,10.4441745847862,92.3147739934436,37.22503022161298,42.51165575462805,True,True,req
config_70_det2_b30_s20_h24_w50,12,9.18858802088564,84.6488737667435,39.64289185970166,46.73564886679118,True,True,req
config_70_det2_b30_s20_h24_w50,13,8.17952811343337,78.1526248923616,42.18312310628506,53.74452413967399,True,True,req
config_70_det2_b30_s20_h24_w50,14,7.35329010871709,72.5789333035372,44.29811367315769,57.47641581553254,True,True,req
config_70_det2_b30_s20_h24_w50,15,6.66553395622582,67.7448225492957,49.32516472349585,64.54018806139318,True,True,req
config_70_det2_b30_s20_h24_w50,16,6.08550710316677,63.5135734450523,55.871946225274804,69.03659808391488,True,True,req
config_70_det2_b30_s20_h24_w50,17,5.59016165342281,59.7788117000728,61.50839678450414,72.06773116312182,True,True,req
config_70_det2_b30_s20_h24_w50,18,5.1628769216908,56.4585920266622,67.32976217840071,76.84270613474717,True,True,req
config_70_det2_b30_s20_h24_w50,19,4.7910922066594,53.4876153308822,69.27811613345155,78.95989637854846,True,True,req
config_70_det2_b30_s20_h24_w50,20,4.46481413819361,50.8136682209736,70.30421306721242,89.03576208780129,True,True,req
config_71_det2_b30_s20_h24_w500,1,1371.96964499226,1562.09876717853,9.023213119504604,8.221625447562056,False,False,req
config_71_det2_b30_s20_h24_w500,2,259.641330065364,879.048720659531,17.235163909867524,26.1424917519352,False,False,req
config_71_det2_b30_s20_h24_w500,3,105.27554977829,661.976402363107,24.08196161030077,31.182380842392387,False,False,req
config_71_det2_b30_s20_h24_w500,4,59.8243642194367,522.325202955406,30.989625280083658,33.312113037152116,False,False,req
config_71_det2_b30_s20_h24_w500,5,40.4077641479295,425.720697172114,35.315476423234045,48.71192230860942,False,False,req
config_71_det2_b30_s20_h24_w500,6,30.0937750463872,358.05135977561,40.25837645757712,64.88730133855161,False,False,req
config_71_det2_b30_s20_h24_w500,7,23.5282591644182,308.420236242715,49.198992621800706,78.51575558446852,False,False,req
config_71_det2_b30_s20_h24_w500,8,19.0428108742971,270.599644012954,54.709614100265775,90.3342592972222,False,True,req
config_71_det2_b30_s20_h24_w500,9,15.852309192731,240.900973795346,63.028742451361026,98.29668730995522,True,True,req
config_71_det2_b30_s20_h24_w500,10,13.4989773933766,217.007292249313,69.66905408588681,111.70944535067548,True,True,req
config_71_det2_b30_s20_h24_w500,11,11.7063849801001,197.385914003329,75.74792928962921,124.76271211116459,True,True,req
config_71_det2_b30_s20_h24_w500,12,10.3024927250127,174.798447942669,82.9883105054896,143.0254396563384,True,True,req
config_71_det2_b30_s20_h24_w500,13,8.2343773807999,165.736766297224,103.22453445711871,148.75012138183658,True,True,req
config_71_det2_b30_s20_h24_w500,14,7.1387354334877,155.114313416779,117.98316687844358,154.80083530495278,True,True,req
config_71_det2_b30_s20_h24_w500,15,6.30992163133089,144.57194507965,127.51545614377716,163.49622404746165,True,True,req
config_71_det2_b30_s20_h24_w500,16,5.64079151507659,135.933108110648,132.78233347600627,171.07221915514708,True,True,req
config_71_det2_b30_s20_h24_w500,17,5.12956312475836,128.020670362398,146.7278034510009,183.35887322103855,True,True,req
config_71_det2_b30_s20_h24_w500,18,4.70918677317163,120.936071767983,160.54538558717076,191.04841954622685,True,True,req
config_71_det2_b30_s20_h24_w500,19,4.34538602141658,114.666952954547,168.69090323231225,200.0097046256617,True,True,req
config_71_det2_b30_s20_h24_w500,20,4.03167079521766,108.995763264335,175.0749006377937,209.109577202427,True,True,req
config_72_det2_b30_s20_h24_w1500,1,1482.77218730659,2195.12941567296,12.74868130435458,16.159204033615023,False,False,req
config_72_det2_b30_s20_h24_w1500,2,276.168535055985,1274.88781758312,23.154586478708705,31.46385028886325,False,False,req
config_72_det2_b30_s20_h24_w1500,3,110.489999377789,954.913490984421,32.53261248347572,42.230254261607286,False,False,req
config_72_det2_b30_s20_h24_w1500,4,62.265165672113,754.396736282332,41.419897090649556,61.973501393740854,False,False,req
config_72_det2_b30_s20_h24_w1500,5,41.3983921590561,615.089943611065,51.61187726676874,83.25638038613016,False,False,req
config_72_det2_b30_s20_h24_w1500,6,30.5947542861908,517.737731419071,63.85462688795542,98.26830681862793,False,False,req
config_72_det2_b30_s20_h24_w1500,7,24.0675826659041,446.310779861523,76.01880843653834,108.4529937218066,False,False,req
config_72_det2_b30_s20_h24_w1500,8,19.5984247045618,391.790936353185,86.05456352093002,133.98222425630448,True,False,req
config_72_det2_b30_s20_h24_w1500,9,14.813237392189,347.069530043393,114.47228800990317,150.55172145589478,True,True,req
config_72_det2_b30_s20_h24_w1500,10,12.2749345250106,314.281592480616,128.82464082361471,158.13676833677866,True,True,req
config_72_det2_b30_s20_h24_w1500,11,10.3785968167878,286.18006793008,151.13757070225054,174.9740734762979,True,True,req
config_72_det2_b30_s20_h24_w1500,12,9.08425019280687,262.551262568411,161.36734748186615,193.1248984178086,True,True,req
config_72_det2_b30_s20_h24_w1500,13,8.07100869684366,242.465429921281,174.79923007076812,206.94468866503115,True,True,req
config_72_det2_b30_s20_h24_w1500,14,7.24897508045351,225.256267238797,184.43108845552285,217.01433324398954,True,True,req
config_72_det2_b30_s20_h24_w1500,15,6.56841598047092,210.321763462317,193.24424312253134,232.5359201643193,True,True,req
config_72_det2_b30_s20_h24_w1500,16,5.99684734319579,197.206183278909,204.68822837020534,246.21856539352274,True,True,req
config_72_det2_b30_s20_h24_w1500,17,5.50925993039002,185.62250063012,213.7012290039011,266.367738703887,True,True,req
config_72_det2_b30_s20_h24_w1500,18,5.08897006822918,175.317193184827,226.330519741962,293.14117285400596,True,True,req
config_72_det2_b30_s20_h24_w1500,19,4.72308712345199,166.110522527026,231.92505674127673,325.07949027891624,True,True,req
config_72_det2_b30_s20_h24_w1500,20,4.4019262322732,157.810856039111,236.04534345474104,354.880308460942,True,True,req
config_73_det1_b10_s8_h10_w250,1,1322.68273568211,1231.55614540992,5.515750175633411,8.327041791656866,False,False,req
config_73_det1_b10_s8_h10_w250,2,252.93209269631,694.862830042474,10.924090351145948,17.553187032559073,False,False,req
config_73_det1_b10_s8_h10_w250,3,104.998977908618,525.24000926827,16.279707460516605,21.94522442355056,False,False,req
config_73_det1_b10_s8_h10_w250,4,59.7200348642112,414.304889211797,22.80138976027558,30.02072409186694,False,False,req
config_73_det1_b10_s8_h10_w250,5,39.8568210825817,338.841406453851,30.117575848663513,41.359924746063065,False,False,req
config_73_det1_b10_s8_h10_w250,6,29.1032232969694,285.270286428345,39.42973338738165,49.50552368170647,False,False,req
config_73_det1_b10_s8_h10_w250,7,22.5780158271681,245.899008295199,48.4770860819831,59.29351461163353,False,False,req
config_73_det1_b10_s8_h10_w250,8,18.2704668808745,215.87945345554,56.83319342602525,66.02249521943259,True,False,req
config_73_det1_b10_s8_h10_w250,9,15.2425257500057,192.266813750414,65.92909353995397,77.73142784614213,True,False,req
config_73_det1_b10_s8_h10_w250,10,13.0104568662737,173.233610024881,73.20662111448662,85.36679023484484,True,True,req
config_73_det1_b10_s8_h10_w250,11,11.3050806069729,157.581691801359,80.71758405081262,93.96173356744755,True,True,req
config_73_det1_b10_s8_h10_w250,12,9.96424838716288,144.494696357211,86.52663101612127,101.67252797311791,True,True,req
config_73_det1_b10_s8_h10_w250,13,8.88536700979521,133.398136789257,91.59909865822917,109.88797161452912,True,True,req
config_73_det1_b10_s8_h10_w250,14,8.00069163608761,123.875447271731,96.40819006241695,116.14449692803645,True,True,req
config_73_det1_b10_s8_h10_w250,15,7.26352017039033,115.570070080883,100.75538591890097,124.04103106992012,True,True,req
config_73_det1_b10_s8_h10_w250,16,6.12354953275908,107.311001938117,110.4776178312452,135.87194926555745,True,True,req
config_73_det1_b10_s8_h10_w250,17,5.33231413765071,101.419455756059,116.8870426356622,143.76285932820835,True,True,req
config_73_det1_b10_s8_h10_w250,18,4.76253492535128,96.2835680439318,122.11429402635694,152.1447912351915,True,True,req
config_73_det1_b10_s8_h10_w250,19,4.30879220439916,91.0479780688807,130.7492948780647,159.24247322174378,True,True,req
config_73_det1_b10_s8_h10_w250,20,3.94463241538417,86.7228654737704,136.7800875391671,166.71165642776418,True,True,req
config_74_det1_b10_s8_h10_w1000,1,1437.86820833333,1946.65627034505,9.108656596886282,14.417797161841332,False,False,req
config_74_det1_b10_s8_h10_w1000,2,270.273583333333,1110.42730712891,17.91224092624929,27.42361892602798,False,False,req
config_74_det1_b10_s8_h10_w1000,3,108.843,838.393432617188,31.36580741826998,40.33531176277183,False,False,req
config_74_det1_b10_s8_h10_w1000,4,61.6362135416667,660.314829508464,49.5505385944492,54.44227562290173,False,False,req
config_74_det1_b10_s8_h10_w1000,5,41.4805494791667,537.798126220703,66.29082798547624,67.03321844429072,False,False,req
config_74_det1_b10_s8_h10_w1000,6,30.7686484375,452.795272827148,79.61972353003996,81.40821134873312,False,False,req
config_74_det1_b10_s8_h10_w1000,7,24.04661328125,390.392094930013,89.0502575796387,95.97686374850971,True,False,req
config_74_det1_b10_s8_h10_w1000,8,19.4677135416667,342.550003051758,97.56362731571639,108.8506807256824,True,False,req
config_74_det1_b10_s8_h10_w1000,9,16.21081640625,304.876281738281,105.02290550425444,121.77018153518173,True,False,req
config_74_det1_b10_s8_h10_w1000,10,12.85248046875,271.698257446289,115.0487261506571,137.50792396359483,True,True,req
config_74_det1_b10_s8_h10_w1000,11,10.4575859375,248.922744750977,127.69933399504392,150.89808462815043,True,True,req
config_74_det1_b10_s8_h10_w1000,12,8.91555078125,228.986923217773,138.61708408417775,164.94648542953425,True,True,req
config_74_det1_b10_s8_h10_w1000,13,7.87199609375,211.807258605957,148.7462625580892,178.82703856582265,True,True,req
config_74_det1_b10_s8_h10_w1000,14,7.05954296875,196.793830871582,157.97752565194554,192.0054505881423,True,True,req
config_74_det1_b10_s8_h10_w1000,15,6.37659375,183.734001159668,168.99394713026462,206.66296703677816,True,True,req
config_74_det1_b10_s8_h10_w1000,16,5.808765625,172.296012878418,177.72636192254154,221.9851440224473,True,True,req
config_74_det1_b10_s8_h10_w1000,17,5.32770703125,162.19344329834,188.60195813169892,235.08296112460195,True,True,req
config_74_det1_b10_s8_h10_w1000,18,4.91498046875,153.208526611328,203.8813891293988,247.3370170435473,True,True,req
config_74_det1_b10_s8_h10_w1000,19,4.55701953125,145.16609954834,215.61888638676038,261.86149859122946,True,True,req
config_74_det1_b10_s8_h10_w1000,20,4.24378515625,137.92414855957,228.88197771389127,272.2697676733296,True,True,req
config_75_det1_b10_s8_h15_w250,1,1322.68273568211,1231.55614540992,5.515750175633411,8.327041791656866,False,False,req
config_75_det1_b10_s8_h15_w250,2,252.93209269631,694.862830042474,10.924090351145948,17.079955357084515,False,False,req
config_75_det1_b10_s8_h15_w250,3,104.998977908618,525.24000926827,16.279968519625584,20.52408036916636,False,False,req
config_75_det1_b10_s8_h15_w250,4,59.7200348642112,414.304889211797,22.73744433747997,27.88597990030115,False,False,req
config_75_det1_b10_s8_h15_w250,5,39.8568210825817,338.841406453851,28.594035654310847,35.77130658782259,False,False,req
config_75_det1_b10_s8_h15_w250,6,29.1032232969694,285.270286428345,33.63877784640815,45.07444813860731,False,False,req
config_75_det1_b10_s8_h15_w250,7,22.5780158271681,245.899008295199,37.61373917865651,59.74388148588941,False,False,req
config_75_det1_b10_s8_h15_w250,8,18.2704668808745,215.87945345554,44.07106051594402,66.51350144895395,True,False,req
config_75_det1_b10_s8_h15_w250,9,15.2425257500057,192.266813750414,51.397080413190785,79.45476936597325,True,True,req
config_75_det1_b10_s8_h15_w250,10,13.0104568662737,173.233610024881,63.88673864739066,87.7153115197113,True,True,req
config_75_det1_b10_s8_h15_w250,11,11.3050806069729,157.581691801359,75.18436921993826,96.67856801736819,True,True,req
config_75_det1_b10_s8_h15_w250,12,9.96424838716288,144.494696357211,83.42218454943504,103.30003872216118,True,True,req
config_75_det1_b10_s8_h15_w250,13,8.88536700979521,133.398136789257,90.92704699373009,111.25174661550263,True,True,req
config_75_det1_b10_s8_h15_w250,14,8.00069163608761,123.875447271731,96.25917813382785,119.1183232942961,True,True,req
config_75_det1_b10_s8_h15_w250,15,7.26352017039033,115.570070080883,101.57764709269894,131.84141257376018,True,True,req
config_75_det1_b10_s8_h15_w250,16,6.12354953275908,107.311001938117,108.35425304425193,141.51899656543955,True,True,req
config_75_det1_b10_s8_h15_w250,17,5.33231413765071,101.419455756059,114.55156129204195,149.4152630534556,True,True,req
config_75_det1_b10_s8_h15_w250,18,4.76253492535128,96.2835680439318,120.37484706347735,155.2591337445598,True,True,req
config_75_det1_b10_s8_h15_w250,19,4.30879220439916,91.0479780688807,127.55995747098696,161.68722807390267,True,True,req
config_75_det1_b10_s8_h15_w250,20,3.94463241538417,86.7228654737704,134.8466629175524,169.623664327829,True,True,req
config_76_det1_b10_s8_h15_w1000,1,1437.86820833333,1946.65627034505,9.109150619020413,13.858512726840495,False,False,req
config_76_det1_b10_s8_h15_w1000,2,270.273583333333,1110.42730712891,17.91224092624929,25.366294073041097,False,False,req
config_76_det1_b10_s8_h15_w1000,3,108.843,838.393432617188,28.337781758634527,36.63253164879544,False,False,req
config_76_det1_b10_s8_h15_w1000,4,61.6362135416667,660.314829508464,37.888182524370315,53.95447502293021,False,False,req
config_76_det1_b10_s8_h15_w1000,5,41.4805494791667,537.798126220703,53.328213686565576,68.57902649498605,False,False,req
config_76_det1_b10_s8_h15_w1000,6,30.7686484375,452.795272827148,73.43814318867274,83.93809251466226,False,False,req
config_76_det1_b10_s8_h15_w1000,7,24.04661328125,390.392094930013,89.04324721729324,98.02864568584022,True,False,req
config_76_det1_b10_s8_h15_w1000,8,19.4677135416667,342.550003051758,99.98665848501989,111.07489427809008,True,False,req
config_76_det1_b10_s8_h15_w1000,9,16.21081640625,304.876281738281,105.36485696537214,125.26887765256514,True,True,req
config_76_det1_b10_s8_h15_w1000,10,12.85248046875,271.698257446289,112.5297894510111,140.4667764198274,True,True,req
config_76_det1_b10_s8_h15_w1000,11,10.4575859375,248.922744750977,125.35702114361206,155.3413937465192,True,True,req
config_76_det1_b10_s8_h15_w1000,12,8.91555078125,228.986923217773,134.48613171996584,169.02111554477446,True,True,req
config_76_det1_b10_s8_h15_w1000,13,7.87199609375,211.807258605957,145.54922325072326,181.4188638666516,True,True,req
config_76_det1_b10_s8_h15_w1000,14,7.05954296875,196.793830871582,153.46014230990983,194.92087782254396,True,True,req
config_76_det1_b10_s8_h15_w1000,15,6.37659375,183.734001159668,164.574666438469,209.35141575298164,True,True,req
config_76_det1_b10_s8_h15_w1000,16,5.808765625,172.296012878418,172.6843258344222,222.01940293086497,True,True,req
config_76_det1_b10_s8_h15_w1000,17,5.32770703125,162.19344329834,181.9386915969223,235.4875999330373,True,True,req
config_76_det1_b10_s8_h15_w1000,18,4.91498046875,153.208526611328,192.35034225773208,247.4742719512026,True,True,req
config_76_det1_b10_s8_h15_w1000,19,4.55701953125,145.16609954834,201.47809020668558,259.5757971083676,True,True,req
config_76_det1_b10_s8_h15_w1000,20,4.24378515625,137.92414855957,212.4877872307541,272.1982809766929,True,True,req
config_77_det1_b10_s12_h10_w250,1,1322.68273568211,1231.55614540992,5.286764133191492,5.664218834049405,False,False,req
config_77_det1_b10_s12_h10_w250,2,252.93209269631,694.862830042474,8.877372922210714,11.240829595719347,False,False,req
config_77_det1_b10_s12_h10_w250,3,104.998977908618,525.24000926827,15.012719607053214,15.57898424159932,False,False,req
config_77_det1_b10_s12_h10_w250,4,59.7200348642112,414.304889211797,18.55733682401653,19.21022839531066,False,False,req
config_77_det1_b10_s12_h10_w250,5,39.8568210825817,338.841406453851,22.431348042415994,22.07194769384886,False,False,req
config_77_det1_b10_s12_h10_w250,6,29.1032232969694,285.270286428345,27.748150839290176,29.908023588996983,False,False,req
config_77_det1_b10_s12_h10_w250,7,22.5780158271681,245.899008295199,33.20557746825072,33.581555577429704,False,False,req
config_77_det1_b10_s12_h10_w250,8,18.2704668808745,215.87945345554,37.12377775765823,40.132142666446306,False,False,req
config_77_det1_b10_s12_h10_w250,9,15.2425257500057,192.266813750414,42.13109748155156,45.984615633926964,True,False,req
config_77_det1_b10_s12_h10_w250,10,13.0104568662737,173.233610024881,48.89707941176037,50.17435475419689,True,False,req
config_77_det1_b10_s12_h10_w250,11,11.3050806069729,157.581691801359,55.09901428337897,55.967699389915964,True,False,req
config_77_det1_b10_s12_h10_w250,12,9.96424838716288,144.494696357211,64.63335729327387,61.7767340914037,True,True,req
config_77_det1_b10_s12_h10_w250,13,8.88536700979521,133.398136789257,68.84211193012602,68.90282559518151,True,True,req
config_77_det1_b10_s12_h10_w250,14,8.00069163608761,123.875447271731,73.06167172327771,73.91923210504828,True,True,req
config_77_det1_b10_s12_h10_w250,15,7.26352017039033,115.570070080883,77.03888547350617,81.6040708237034,True,True,req
config_77_det1_b10_s12_h10_w250,16,6.12354953275908,107.311001938117,84.7169982451377,87.1486305432022,True,True,req
config_77_det1_b10_s12_h10_w250,17,5.33231413765071,101.419455756059,94.83199427877118,92.55881823647779,True,True,req
config_77_det1_b10_s12_h10_w250,18,4.76253492535128,96.2835680439318,102.65133272934702,96.51857255068695,True,True,req
config_77_det1_b10_s12_h10_w250,19,4.30879220439916,91.0479780688807,107.61936925520837,103.60787809224632,True,True,req
config_77_det1_b10_s12_h10_w250,20,3.94463241538417,86.7228654737704,114.08034285099252,109.81557348826055,True,True,req
config_78_det1_b10_s12_h10_w1000,1,1437.86820833333,1946.65627034505,7.746297502678296,10.878545399087141,False,False,req
config_78_det1_b10_s12_h10_w1000,2,270.273583333333,1110.42730712891,16.350160549670452,21.32440796364579,False,False,req
config_78_det1_b10_s12_h10_w1000,3,108.843,838.393432617188,24.433632046832496,28.228671151862603,False,False,req
config_78_det1_b10_s12_h10_w1000,4,61.6362135416667,660.314829508464,35.347459243911715,37.53654719070469,False,False,req
config_78_det1_b10_s12_h10_w1000,5,41.4805494791667,537.798126220703,45.0238811632227,48.168385638300144,False,False,req
config_78_det1_b10_s12_h10_w1000,6,30.7686484375,452.795272827148,56.97877565374672,57.58809664331684,False,False,req
config_78_det1_b10_s12_h10_w1000,7,24.04661328125,390.392094930013,69.63409994392116,66.20017277167787,False,False,req
config_78_det1_b10_s12_h10_w1000,8,19.4677135416667,342.550003051758,81.35435375565342,78.14793903232508,True,False,req
config_78_det1_b10_s12_h10_w1000,9,16.21081640625,304.876281738281,90.38365103822704,87.75155767848227,True,False,req
config_78_det1_b10_s12_h10_w1000,10,12.85248046875,271.698257446289,103.11978363911446,100.94179497226223,True,False,req
config_78_det1_b10_s12_h10_w1000,11,10.4575859375,248.922744750977,113.26786632433166,111.00238410853065,True,True,req
config_78_det1_b10_s12_h10_w1000,12,8.91555078125,228.986923217773,124.87938553082151,118.55416512904321,True,True,req
config_78_det1_b10_s12_h10_w1000,13,7.87199609375,211.807258605957,133.30586519146277,129.3683692342658,True,True,req
config_78_det1_b10_s12_h10_w1000,14,7.05954296875,196.793830871582,144.2698234020006,139.1682385140773,True,True,req
config_78_det1_b10_s12_h10_w1000,15,6.37659375,183.734001159668,156.33014833287203,151.28166794279983,True,True,req
config_78_det1_b10_s12_h10_w1000,16,5.808765625,172.296012878418,166.4565133400713,161.72775048759496,True,True,req
config_78_det1_b10_s12_h10_w1000,17,5.32770703125,162.19344329834,178.26808385749317,174.17020331337454,True,True,req
config_78_det1_b10_s12_h10_w1000,18,4.91498046875,153.208526611328,188.633694851512,183.72250739150664,True,True,req
config_78_det1_b10_s12_h10_w1000,19,4.55701953125,145.16609954834,201.04549996345492,195.24386105016922,True,True,req
config_78_det1_b10_s12_h10_w1000,20,4.24378515625,137.92414855957,211.19508819519874,206.3352954941705,True,True,req
config_79_det1_b10_s12_h15_w250,1,1322.68273568211,1231.55614540992,5.286764133191492,5.664218834049405,False,False,req
config_79_det1_b10_s12_h15_w250,2,252.93209269631,694.862830042474,8.877372922210714,11.240829595719347,False,False,req
config_79_det1_b10_s12_h15_w250,3,104.998977908618,525.24000926827,15.012719607053214,15.57898424159932,False,False,req
config_79_det1_b10_s12_h15_w250,4,59.7200348642112,414.304889211797,18.55733682401653,18.768174524977116,False,False,req
config_79_det1_b10_s12_h15_w250,5,39.8568210825817,338.841406453851,22.431348042415994,21.59416298447337,False,False,req
config_79_det1_b10_s12_h15_w250,6,29.1032232969694,285.270286428345,27.056826772554093,26.8351145889113,False,False,req
config_79_det1_b10_s12_h15_w250,7,22.5780158271681,245.899008295199,32.20327429004696,31.401080793501357,False,False,req
config_79_det1_b10_s12_h15_w250,8,18.2704668808745,215.87945345554,35.51890165813127,37.286832461339486,False,False,req
config_79_det1_b10_s12_h15_w250,9,15.2425257500057,192.266813750414,38.567718042425064,41.34003356312135,False,False,req
config_79_det1_b10_s12_h15_w250,10,13.0104568662737,173.233610024881,41.99023547207136,46.88981099343439,True,False,req
config_79_det1_b10_s12_h15_w250,11,11.3050806069729,157.581691801359,47.54993033643687,51.46123176722454,True,True,req
config_79_det1_b10_s12_h15_w250,12,9.96424838716288,144.494696357211,50.86783733362369,56.2168246613058,True,True,req
config_79_det1_b10_s12_h15_w250,13,8.88536700979521,133.398136789257,55.30016613899094,63.447946184254064,True,True,req
config_79_det1_b10_s12_h15_w250,14,8.00069163608761,123.875447271731,60.27344668259813,71.12005069676984,True,True,req
config_79_det1_b10_s12_h15_w250,15,7.26352017039033,115.570070080883,64.86077686090415,79.40546676884266,True,True,req
config_79_det1_b10_s12_h15_w250,16,6.12354953275908,107.311001938117,75.07194798991165,87.73950989846149,True,True,req
config_79_det1_b10_s12_h15_w250,17,5.33231413765071,101.419455756059,83.9777385349501,91.94628360866166,True,True,req
config_79_det1_b10_s12_h15_w250,18,4.76253492535128,96.2835680439318,91.51925647400965,98.28908375863064,True,True,req
config_79_det1_b10_s12_h15_w250,19,4.30879220439916,91.0479780688807,100.16058807124577,102.37753313919352,True,True,req
config_79_det1_b10_s12_h15_w250,20,3.94463241538417,86.7228654737704,108.43022391535182,106.32307624249151,True,True,req
config_80_det1_b10_s12_h15_w1000,1,1437.86820833333,1946.65627034505,7.746297502678296,10.878545399087141,False,False,req
config_80_det1_b10_s12_h15_w1000,2,270.273583333333,1110.42730712891,16.35199529109521,20.978235745648394,False,False,req
config_80_det1_b10_s12_h15_w1000,3,108.843,838.393432617188,23.739015881034327,25.21253408525212,False,False,req
config_80_det1_b10_s12_h15_w1000,4,61.6362135416667,660.314829508464,32.841945359555055,36.00019270781755,False,False,req
config_80_det1_b10_s12_h15_w1000,5,41.4805494791667,537.798126220703,41.284281209680756,44.27780341209351,False,False,req
config_80_det1_b10_s12_h15_w1000,6,30.7686484375,452.795272827148,46.878202557265354,56.11381180244308,False,False,req
config_80_det1_b10_s12_h15_w1000,7,24.04661328125,390.392094930013,56.59195062020746,66.7436841581284,False,False,req
config_80_det1_b10_s12_h15_w1000,8,19.4677135416667,342.550003051758,66.31499736107963,78.49050499901246,False,False,req
config_80_det1_b10_s12_h15_w1000,9,16.21081640625,304.876281738281,78.28375549882618,91.54478617048598,True,False,req
config_80_det1_b10_s12_h15_w1000,10,12.85248046875,271.698257446289,91.27021663414875,103.36320032078899,True,True,req
config_80_det1_b10_s12_h15_w1000,11,10.4575859375,248.922744750977,106.46222726081459,112.59032552922909,True,True,req
config_80_det1_b10_s12_h15_w1000,12,8.91555078125,228.986923217773,116.67872276993018,121.87456666589628,True,True,req
config_80_det1_b10_s12_h15_w1000,13,7.87199609375,211.807258605957,125.89121571596822,134.18501841363167,True,True,req
config_80_det1_b10_s12_h15_w1000,14,7.05954296875,196.793830871582,136.4726824516744,143.1221263661058,True,True,req
config_80_det1_b10_s12_h15_w1000,15,6.37659375,183.734001159668,145.25928068457452,155.63726970819752,True,True,req
config_80_det1_b10_s12_h15_w1000,16,5.808765625,172.296012878418,157.50595667748217,165.8567110825218,True,True,req
config_80_det1_b10_s12_h15_w1000,17,5.32770703125,162.19344329834,166.47546949759428,177.47841418042927,True,True,req
config_80_det1_b10_s12_h15_w1000,18,4.91498046875,153.208526611328,177.5798060028223,187.05674644045556,True,True,req
config_80_det1_b10_s12_h15_w1000,19,4.55701953125,145.16609954834,188.7498896246918,197.6156447641622,True,True,req
config_80_det1_b10_s12_h15_w1000,20,4.24378515625,137.92414855957,201.82658604191204,208.40698364818132,True,True,req
config_81_det2_b10_s8_h10_w250,1,1322.68273568211,1231.55614540992,6.719086619474405,10.46864431953292,False,False,req
config_81_det2_b10_s8_h10_w250,2,252.93209269631,694.862830042474,12.218128607387738,16.643598619289037,False,False,req
config_81_det2_b10_s8_h10_w250,3,104.998977908618,525.24000926827,17.944160300467917,24.629260770699375,False,False,req
config_81_det2_b10_s8_h10_w250,4,59.7200348642112,414.304889211797,25.201697749247856,34.48591560333001,False,False,req
config_81_det2_b10_s8_h10_w250,5,39.8568210825817,338.841406453851,32.66888236533353,43.35891920931609,False,False,req
config_81_det2_b10_s8_h10_w250,6,29.1032232969694,285.270286428345,44.07083360908891,53.94461369981457,False,False,req
config_81_det2_b10_s8_h10_w250,7,22.5780158271681,245.899008295199,56.8420959764856,59.85304097444748,True,False,req
config_81_det2_b10_s8_h10_w250,8,18.2704668808745,215.87945345554,64.55677249522314,71.69085279866601,True,False,req
config_81_det2_b10_s8_h10_w250,9,15.2425257500057,192.266813750414,73.60401398701023,78.04875639624245,True,False,req
config_81_det2_b10_s8_h10_w250,10,13.0104568662737,173.233610024881,79.28506716273877,87.67664098834992,True,True,req
config_81_det2_b10_s8_h10_w250,11,11.3050806069729,157.581691801359,83.6641911154348,94.07037443968329,True,True,req
config_81_det2_b10_s8_h10_w250,12,9.96424838716288,144.494696357211,92.01473998767807,100.84912431449268,True,True,req
config_81_det2_b10_s8_h10_w250,13,8.88536700979521,133.398136789257,95.49370332644975,109.76886417225363,True,True,req
config_81_det2_b10_s8_h10_w250,14,8.00069163608761,123.875447271731,100.74226707296198,118.09673559558425,True,True,req
config_81_det2_b10_s8_h10_w250,15,7.26352017039033,115.570070080883,104.69215526962847,124.41815158747715,True,True,req
config_81_det2_b10_s8_h10_w250,16,6.12354953275908,107.311001938117,108.10108919946695,134.30124141066025,True,True,req
config_81_det2_b10_s8_h10_w250,17,5.33231413765071,101.419455756059,113.14575524762542,139.29579607998065,True,True,req
config_81_det2_b10_s8_h10_w250,18,4.76253492535128,96.2835680439318,118.51952148157797,147.84389017173186,True,True,req
config_81_det2_b10_s8_h10_w250,19,4.30879220439916,91.0479780688807,130.01596910465355,157.29619529904582,True,True,req
config_81_det2_b10_s8_h10_w250,20,3.94463241538417,86.7228654737704,138.40249817109517,163.0184848073644,True,True,req
config_82_det2_b10_s8_h10_w1000,1,1437.86820833333,1946.65627034505,10.497030003238482,14.501522908531594,False,False,req
config_82_det2_b10_s8_h10_w1000,2,270.273583333333,1110.42730712891,20.068993151404257,30.221852147448246,False,False,req
config_82_det2_b10_s8_h10_w1000,3,108.843,838.393432617188,38.13348102389815,42.2632627112484,False,False,req
config_82_det2_b10_s8_h10_w1000,4,61.6362135416667,660.314829508464,57.52782696226236,57.30093694696449,False,False,req
config_82_det2_b10_s8_h10_w1000,5,41.4805494791667,537.798126220703,70.52219420154196,69.91472931364319,False,False,req
config_82_det2_b10_s8_h10_w1000,6,30.7686484375,452.795272827148,82.96639304561818,82.27606805748557,False,False,req
config_82_det2_b10_s8_h10_w1000,7,24.04661328125,390.392094930013,92.20402580690282,97.05166243066398,True,False,req
config_82_det2_b10_s8_h10_w1000,8,19.4677135416667,342.550003051758,98.56960167820505,107.39598203998757,True,False,req
config_82_det2_b10_s8_h10_w1000,9,16.21081640625,304.876281738281,105.79106879179884,121.17316087594095,True,True,req
config_82_det2_b10_s8_h10_w1000,10,12.85248046875,271.698257446289,113.20923272860742,136.22168502930148,True,True,req
config_82_det2_b10_s8_h10_w1000,11,10.4575859375,248.922744750977,122.40851538552737,149.4527563776891,True,True,req
config_82_det2_b10_s8_h10_w1000,12,8.91555078125,228.986923217773,132.98296194124518,161.99392564057595,True,True,req
config_82_det2_b10_s8_h10_w1000,13,7.87199609375,211.807258605957,143.96175186486164,176.44931204802762,True,True,req
config_82_det2_b10_s8_h10_w1000,14,7.05954296875,196.793830871582,157.1859258260032,190.72619627215462,True,True,req
config_82_det2_b10_s8_h10_w1000,15,6.37659375,183.734001159668,166.5127747851998,201.92280909628147,True,True,req
config_82_det2_b10_s8_h10_w1000,16,5.808765625,172.296012878418,180.6895857233861,216.5286451411606,True,True,req
config_82_det2_b10_s8_h10_w1000,17,5.32770703125,162.19344329834,195.53585562073604,231.51930265098846,True,True,req
config_82_det2_b10_s8_h10_w1000,18,4.91498046875,153.208526611328,206.90267102620447,244.80406848017142,True,True,req
config_82_det2_b10_s8_h10_w1000,19,4.55701953125,145.16609954834,216.19056344397234,259.1770389135581,True,True,req
config_82_det2_b10_s8_h10_w1000,20,4.24378515625,137.92414855957,233.4018322074139,265.85907660095245,True,True,req
config_83_det2_b10_s8_h15_w250,1,1322.68273568211,1231.55614540992,6.719086619474405,10.46864431953292,False,False,req
config_83_det2_b10_s8_h15_w250,2,252.93209269631,694.862830042474,12.218128607387738,16.22308968380835,False,False,req
config_83_det2_b10_s8_h15_w250,3,104.998977908618,525.24000926827,17.94937015298556,24.43621259751828,False,False,req
config_83_det2_b10_s8_h15_w250,4,59.7200348642112,414.304889211797,25.19856284482201,30.026053270451644,False,False,req
config_83_det2_b10_s8_h15_w250,5,39.8568210825817,338.841406453851,30.983299937224245,40.85994829903728,False,False,req
config_83_det2_b10_s8_h15_w250,6,29.1032232969694,285.270286428345,36.84427872818248,53.77738953314859,False,False,req
config_83_det2_b10_s8_h15_w250,7,22.5780158271681,245.899008295199,42.24199776288995,64.06728982093749,True,False,req
config_83_det2_b10_s8_h15_w250,8,18.2704668808745,215.87945345554,47.94922183935835,73.36225102189817,True,False,req
config_83_det2_b10_s8_h15_w250,9,15.2425257500057,192.266813750414,59.26766297906473,83.85930702670991,True,True,req
config_83_det2_b10_s8_h15_w250,10,13.0104568662737,173.233610024881,67.02287575895262,92.37295532243189,True,True,req
config_83_det2_b10_s8_h15_w250,11,11.3050806069729,157.581691801359,78.84028078970799,98.7193211838493,True,True,req
config_83_det2_b10_s8_h15_w250,12,9.96424838716288,144.494696357211,86.78744940946241,105.14960433433245,True,True,req
config_83_det2_b10_s8_h15_w250,13,8.88536700979521,133.398136789257,95.34171896394568,115.01174909788807,True,True,req
config_83_det2_b10_s8_h15_w250,14,8.00069163608761,123.875447271731,100.20380668916725,121.46749976845658,True,True,req
config_83_det2_b10_s8_h15_w250,15,7.26352017039033,115.570070080883,103.78396010463275,130.1632715092856,True,True,req
config_83_det2_b10_s8_h15_w250,16,6.12354953275908,107.311001938117,109.16673237911507,139.17322180170532,True,True,req
config_83_det2_b10_s8_h15_w250,17,5.33231413765071,101.419455756059,114.49990107953029,144.5670385630448,True,True,req
config_83_det2_b10_s8_h15_w250,18,4.76253492535128,96.2835680439318,120.99702257585606,154.36012636400346,True,True,req
config_83_det2_b10_s8_h15_w250,19,4.30879220439916,91.0479780688807,125.06721093076314,162.6588240937317,True,True,req
config_83_det2_b10_s8_h15_w250,20,3.94463241538417,86.7228654737704,136.38385596054493,169.22300785912324,True,True,req
config_84_det2_b10_s8_h15_w1000,1,1437.86820833333,1946.65627034505,10.497030003238482,14.501522908531594,False,False,req
config_84_det2_b10_s8_h15_w1000,2,270.273583333333,1110.42730712891,20.068993151404257,26.123841016290932,False,False,req
config_84_det2_b10_s8_h15_w1000,3,108.843,838.393432617188,31.74824207731824,40.69319165686346,False,False,req
config_84_det2_b10_s8_h15_w1000,4,61.6362135416667,660.314829508464,43.24056399955949,57.194720400284034,False,False,req
config_84_det2_b10_s8_h15_w1000,5,41.4805494791667,537.798126220703,62.02961288771679,72.74424289935251,False,False,req
config_84_det2_b10_s8_h15_w1000,6,30.7686484375,452.795272827148,78.6809085801632,88.0691965161486,False,False,req
config_84_det2_b10_s8_h15_w1000,7,24.04661328125,390.392094930013,92.52740877707535,99.2655397154521,True,False,req
config_84_det2_b10_s8_h15_w1000,8,19.4677135416667,342.550003051758,101.87077537252772,113.262937205621,True,False,req
config_84_det2_b10_s8_h15_w1000,9,16.21081640625,304.876281738281,107.44507931703734,125.97590830084228,True,True,req
config_84_det2_b10_s8_h15_w1000,10,12.85248046875,271.698257446289,114.04687675347458,141.88731865267047,True,True,req
config_84_det2_b10_s8_h15_w1000,11,10.4575859375,248.922744750977,124.72925634705312,157.27397803408758,True,True,req
config_84_det2_b10_s8_h15_w1000,12,8.91555078125,228.986923217773,134.36304747875351,169.7821275439006,True,True,req
config_84_det2_b10_s8_h15_w1000,13,7.87199609375,211.807258605957,144.4921004184427,181.81615791171527,True,True,req
config_84_det2_b10_s8_h15_w1000,14,7.05954296875,196.793830871582,157.18755163462814,196.73234425934587,True,True,req
config_84_det2_b10_s8_h15_w1000,15,6.37659375,183.734001159668,169.9593374571956,208.46594112974697,True,True,req
config_84_det2_b10_s8_h15_w1000,16,5.808765625,172.296012878418,178.7954099274115,221.44432144446603,True,True,req
config_84_det2_b10_s8_h15_w1000,17,5.32770703125,162.19344329834,192.04126798975034,235.52686506355633,True,True,req
config_84_det2_b10_s8_h15_w1000,18,4.91498046875,153.208526611328,200.41404017682993,245.69649016169885,True,True,req
config_84_det2_b10_s8_h15_w1000,19,4.55701953125,145.16609954834,216.66013772214254,258.8559310805058,True,True,req
config_84_det2_b10_s8_h15_w1000,20,4.24378515625,137.92414855957,226.42571445546258,266.7167531087781,True,True,req
config_85_det2_b10_s12_h10_w250,1,1322.68273568211,1231.55614540992,6.992147381169821,8.509178867552379,False,False,req
config_85_det2_b10_s12_h10_w250,2,252.93209269631,694.862830042474,13.07277227675905,15.889631052985466,False,False,req
config_85_det2_b10_s12_h10_w250,3,104.998977908618,525.24000926827,17.54284398266142,21.75994568263237,False,False,req
config_85_det2_b10_s12_h10_w250,4,59.7200348642112,414.304889211797,24.020041111538507,32.27218423038639,False,False,req
config_85_det2_b10_s12_h10_w250,5,39.8568210825817,338.841406453851,30.594613496496404,35.989045208229676,False,False,req
config_85_det2_b10_s12_h10_w250,6,29.1032232969694,285.270286428345,37.59856878925047,47.78016659079837,False,False,req
config_85_det2_b10_s12_h10_w250,7,22.5780158271681,245.899008295199,47.591920270146694,56.879573442493395,True,False,req
config_85_det2_b10_s12_h10_w250,8,18.2704668808745,215.87945345554,56.635915062793856,62.7385358053565,True,False,req
config_85_det2_b10_s12_h10_w250,9,15.2425257500057,192.266813750414,65.52343760060212,71.70914777767199,True,False,req
config_85_det2_b10_s12_h10_w250,10,13.0104568662737,173.233610024881,76.9561457909633,80.41462907608566,True,False,req
config_85_det2_b10_s12_h10_w250,11,11.3050806069729,157.581691801359,86.351226829733,87.66906167514284,True,False,req
config_85_det2_b10_s12_h10_w250,12,9.96424838716288,144.494696357211,92.40118167534439,94.99818090363624,True,True,req
config_85_det2_b10_s12_h10_w250,13,8.88536700979521,133.398136789257,98.47335870680962,103.2593543650593,True,True,req
config_85_det2_b10_s12_h10_w250,14,8.00069163608761,123.875447271731,101.3095930935357,108.33701461694017,True,True,req
config_85_det2_b10_s12_h10_w250,15,7.26352017039033,115.570070080883,106.83102045078272,115.1917928451888,True,True,req
config_85_det2_b10_s12_h10_w250,16,6.12354953275908,107.311001938117,110.75158394904436,123.98230496504104,True,True,req
config_85_det2_b10_s12_h10_w250,17,5.33231413765071,101.419455756059,119.33296863305537,130.35161945462912,True,True,req
config_85_det2_b10_s12_h10_w250,18,4.76253492535128,96.2835680439318,126.63402545436901,136.42679365790937,True,True,req
config_85_det2_b10_s12_h10_w250,19,4.30879220439916,91.0479780688807,133.16149421535744,144.72189374029688,True,True,req
config_85_det2_b10_s12_h10_w250,20,3.94463241538417,86.7228654737704,142.76338388318547,151.30792279322324,True,True,req
config_86_det2_b10_s12_h10_w1000,1,1437.86820833333,1946.65627034505,10.902723283657162,14.613629958212146,False,False,req
config_86_det2_b10_s12_h10_w1000,2,270.273583333333,1110.42730712891,19.774361557329733,28.504489168862115,False,False,req
config_86_det2_b10_s12_h10_w1000,3,108.843,838.393432617188,30.33137608154302,37.188509089950536,False,False,req
config_86_det2_b10_s12_h10_w1000,4,61.6362135416667,660.314829508464,49.24299823325139,53.36258872093819,False,False,req
config_86_det2_b10_s12_h10_w1000,5,41.4805494791667,537.798126220703,70.03322336577119,64.95599696461187,False,False,req
config_86_det2_b10_s12_h10_w1000,6,30.7686484375,452.795272827148,80.63297945009845,75.43100517470695,False,False,req
config_86_det2_b10_s12_h10_w1000,7,24.04661328125,390.392094930013,95.02712967884487,89.51717921717596,True,False,req
config_86_det2_b10_s12_h10_w1000,8,19.4677135416667,342.550003051758,102.04971793471825,98.98255086125029,True,False,req
config_86_det2_b10_s12_h10_w1000,9,16.21081640625,304.876281738281,107.72654262581302,110.51928979443665,True,False,req
config_86_det2_b10_s12_h10_w1000,10,12.85248046875,271.698257446289,120.06381538119172,124.07076788850966,True,False,req
config_86_det2_b10_s12_h10_w1000,11,10.4575859375,248.922744750977,134.28551826860058,134.92987077655482,True,True,req
config_86_det2_b10_s12_h10_w1000,12,8.91555078125,228.986923217773,145.8607945573069,147.46799558623636,True,True,req
config_86_det2_b10_s12_h10_w1000,13,7.87199609375,211.807258605957,155.0722577990302,159.07471602293614,True,True,req
config_86_det2_b10_s12_h10_w1000,14,7.05954296875,196.793830871582,167.659890436297,172.74531268765458,True,True,req
config_86_det2_b10_s12_h10_w1000,15,6.37659375,183.734001159668,176.98510601177716,182.62220794123954,True,True,req
config_86_det2_b10_s12_h10_w1000,16,5.808765625,172.296012878418,186.75207859917145,200.31893667072242,True,True,req
config_86_det2_b10_s12_h10_w1000,17,5.32770703125,162.19344329834,198.42419137348708,209.7633024519674,True,True,req
config_86_det2_b10_s12_h10_w1000,18,4.91498046875,153.208526611328,214.53937413807176,225.30790968509444,True,True,req
config_86_det2_b10_s12_h10_w1000,19,4.55701953125,145.16609954834,223.31944919529263,234.0444609945346,True,True,req
config_86_det2_b10_s12_h10_w1000,20,4.24378515625,137.92414855957,234.91285322670427,250.83180232090896,True,True,req
config_87_det2_b10_s12_h15_w250,1,1322.68273568211,1231.55614540992,6.992147381169821,8.509178867552379,False,False,req
config_87_det2_b10_s12_h15_w250,2,252.93209269631,694.862830042474,13.07277227675905,15.889631052985466,False,False,req
config_87_det2_b10_s12_h15_w250,3,104.998977908618,525.24000926827,17.54284398266142,21.75975356018537,False,False,req
config_87_det2_b10_s12_h15_w250,4,59.7200348642112,414.304889211797,24.020041111538507,29.520211296669267,False,False,req
config_87_det2_b10_s12_h15_w250,5,39.8568210825817,338.841406453851,30.594613496496404,34.71673047681765,False,False,req
config_87_det2_b10_s12_h15_w250,6,29.1032232969694,285.270286428345,37.58799509151825,40.83223689004123,False,False,req
config_87_det2_b10_s12_h15_w250,7,22.5780158271681,245.899008295199,41.95829328035162,53.8030377859838,False,False,req
config_87_det2_b10_s12_h15_w250,8,18.2704668808745,215.87945345554,46.26077577170535,59.797958786232826,True,False,req
config_87_det2_b10_s12_h15_w250,9,15.2425257500057,192.266813750414,51.56695041400064,69.11497234881729,True,True,req
config_87_det2_b10_s12_h15_w250,10,13.0104568662737,173.233610024881,57.47542844555402,77.37532794760872,True,True,req
config_87_det2_b10_s12_h15_w250,11,11.3050806069729,157.581691801359,62.85274755330907,87.76526006911845,True,True,req
config_87_det2_b10_s12_h15_w250,12,9.96424838716288,144.494696357211,72.44425356782965,93.95940014176335,True,True,req
config_87_det2_b10_s12_h15_w250,13,8.88536700979521,133.398136789257,79.8947299576136,102.16554872960954,True,True,req
config_87_det2_b10_s12_h15_w250,14,8.00069163608761,123.875447271731,92.3462959462912,108.55606040198768,True,True,req
config_87_det2_b10_s12_h15_w250,15,7.26352017039033,115.570070080883,97.7695585008158,114.39770636783861,True,True,req
config_87_det2_b10_s12_h15_w250,16,6.12354953275908,107.311001938117,105.86412747532144,124.22085573686891,True,True,req
config_87_det2_b10_s12_h15_w250,17,5.33231413765071,101.419455756059,112.91399978400473,130.88302782340506,True,True,req
config_87_det2_b10_s12_h15_w250,18,4.76253492535128,96.2835680439318,120.05877073565078,135.67999750229296,True,True,req
config_87_det2_b10_s12_h15_w250,19,4.30879220439916,91.0479780688807,127.37144003312167,142.35345837425626,True,True,req
config_87_det2_b10_s12_h15_w250,20,3.94463241538417,86.7228654737704,133.8630925817701,151.54875957188756,True,True,req
config_88_det2_b10_s12_h15_w1000,1,1437.86820833333,1946.65627034505,10.902723283657162,14.613629958212146,False,False,req
config_88_det2_b10_s12_h15_w1000,2,270.273583333333,1110.42730712891,19.774361557329733,27.103158641260492,False,False,req
config_88_det2_b10_s12_h15_w1000,3,108.843,838.393432617188,30.33137608154302,35.929517229338515,False,False,req
config_88_det2_b10_s12_h15_w1000,4,61.6362135416667,660.314829508464,40.98001189604512,49.59202934948317,False,False,req
config_88_det2_b10_s12_h15_w1000,5,41.4805494791667,537.798126220703,51.419095431561225,64.66895109796594,False,False,req
config_88_det2_b10_s12_h15_w1000,6,30.7686484375,452.795272827148,65.28320515262712,75.27022236582006,False,False,req
config_88_det2_b10_s12_h15_w1000,7,24.04661328125,390.392094930013,82.20885825140743,89.95304539035907,True,False,req
config_88_det2_b10_s12_h15_w1000,8,19.4677135416667,342.550003051758,97.13802744033872,100.30445798501015,True,False,req
config_88_det2_b10_s12_h15_w1000,9,16.21081640625,304.876281738281,102.97678183562653,111.86496994144325,True,False,req
config_88_det2_b10_s12_h15_w1000,10,12.85248046875,271.698257446289,114.67845681876493,128.17474421880294,True,True,req
config_88_det2_b10_s12_h15_w1000,11,10.4575859375,248.922744750977,127.81542193074094,140.47178591763148,True,True,req
config_88_det2_b10_s12_h15_w1000,12,8.91555078125,228.986923217773,138.98889553965574,151.9447770664651,True,True,req
config_88_det2_b10_s12_h15_w1000,13,7.87199609375,211.807258605957,149.70175628005614,163.70603311355933,True,True,req
config_88_det2_b10_s12_h15_w1000,14,7.05954296875,196.793830871582,159.73492104107982,175.51110680270668,True,True,req
config_88_det2_b10_s12_h15_w1000,15,6.37659375,183.734001159668,166.4351909236078,189.4532887313153,True,True,req
config_88_det2_b10_s12_h15_w1000,16,5.808765625,172.296012878418,179.1899791034954,203.40516149356247,True,True,req
config_88_det2_b10_s12_h15_w1000,17,5.32770703125,162.19344329834,189.53690273928189,216.8725784366889,True,True,req
config_88_det2_b10_s12_h15_w1000,18,4.91498046875,153.208526611328,198.11296931576973,226.63466379469259,True,True,req
config_88_det2_b10_s12_h15_w1000,19,4.55701953125,145.16609954834,209.65091024526143,241.64759407497155,True,True,req
config_88_det2_b10_s12_h15_w1000,20,4.24378515625,137.92414855957,219.634440605293,251.10735585933494,True,True,req
config_89_det1_b10_s5_h15_w250,1,1322.68273568211,1231.55614540992,5.416641025580336,8.585758557052486,False,False,req
config_89_det1_b10_s5_h15_w250,2,252.93209269631,694.862830042474,10.39547377467713,16.728262013729935,False,False,req
config_89_det1_b10_s5_h15_w250,3,104.998977908618,525.24000926827,18.505441767220795,23.191741525810432,False,False,req
config_89_det1_b10_s5_h15_w250,4,59.7200348642112,414.304889211797,24.90387269080855,29.805274281576406,False,False,req
config_89_det1_b10_s5_h15_w250,5,39.8568210825817,338.841406453851,30.96586628854423,46.84499839897532,False,False,req
config_89_det1_b10_s5_h15_w250,6,29.1032232969694,285.270286428345,38.8905499446845,58.42215226264778,False,False,req
config_89_det1_b10_s5_h15_w250,7,22.5780158271681,245.899008295199,54.37210107214912,69.24963086544216,True,False,req
config_89_det1_b10_s5_h15_w250,8,18.2704668808745,215.87945345554,64.29243637474006,80.68906911719827,True,False,req
config_89_det1_b10_s5_h15_w250,9,15.2425257500057,192.266813750414,72.88471290332424,89.88675861883105,True,False,req
config_89_det1_b10_s5_h15_w250,10,13.0104568662737,173.233610024881,79.87568387813653,98.1364757620733,True,True,req
config_89_det1_b10_s5_h15_w250,11,11.3050806069729,157.581691801359,84.2135047067868,106.0937176116789,True,True,req
config_89_det1_b10_s5_h15_w250,12,9.96424838716288,144.494696357211,94.28609852464996,113.76905102980433,True,True,req
config_89_det1_b10_s5_h15_w250,13,8.88536700979521,133.398136789257,98.67652393046686,122.34834149536587,True,True,req
config_89_det1_b10_s5_h15_w250,14,8.00069163608761,123.875447271731,102.38097662651982,131.57322032068515,True,True,req
config_89_det1_b10_s5_h15_w250,15,7.26352017039033,115.570070080883,104.7547773373606,139.56599354984564,True,True,req
config_89_det1_b10_s5_h15_w250,16,6.12354953275908,107.311001938117,111.58461357244157,149.31846126651587,True,True,req
config_89_det1_b10_s5_h15_w250,17,5.33231413765071,101.419455756059,119.21035749184436,155.25281219496298,True,True,req
config_89_det1_b10_s5_h15_w250,18,4.76253492535128,96.2835680439318,126.46769048302856,162.76944729347156,True,True,req
config_89_det1_b10_s5_h15_w250,19,4.30879220439916,91.0479780688807,135.88030246221203,169.32463478314207,True,True,req
config_89_det1_b10_s5_h15_w250,20,3.94463241538417,86.7228654737704,143.3553229256281,176.15858937647948,True,True,req
config_90_det1_b10_s5_h15_w1000,1,1437.86820833333,1946.65627034505,8.272129411463531,12.932333509463788,False,False,req
config_90_det1_b10_s5_h15_w1000,2,270.273583333333,1110.42730712891,18.78411230268814,28.4795079838118,False,False,req
config_90_det1_b10_s5_h15_w1000,3,108.843,838.393432617188,27.951545127237598,42.92575421585507,False,False,req
config_90_det1_b10_s5_h15_w1000,4,61.6362135416667,660.314829508464,48.28345860644202,59.45620972615055,False,False,req
config_90_det1_b10_s5_h15_w1000,5,41.4805494791667,537.798126220703,68.41925441715951,75.32358445400749,False,False,req
config_90_det1_b10_s5_h15_w1000,6,30.7686484375,452.795272827148,79.52690032309822,90.4856418168098,False,False,req
config_90_det1_b10_s5_h15_w1000,7,24.04661328125,390.392094930013,89.40553883848582,103.50162263891754,True,False,req
config_90_det1_b10_s5_h15_w1000,8,19.4677135416667,342.550003051758,97.23302872481139,118.7453382125893,True,False,req
config_90_det1_b10_s5_h15_w1000,9,16.21081640625,304.876281738281,103.93293851485838,132.7270337426069,True,True,req
config_90_det1_b10_s5_h15_w1000,10,12.85248046875,271.698257446289,112.14307261757683,149.10080077473316,True,True,req
config_90_det1_b10_s5_h15_w1000,11,10.4575859375,248.922744750977,121.39381110666227,161.47926152536672,True,True,req
config_90_det1_b10_s5_h15_w1000,12,8.91555078125,228.986923217773,129.80251848695215,172.8807834253934,True,True,req
config_90_det1_b10_s5_h15_w1000,13,7.87199609375,211.807258605957,138.02925887490505,186.50568579357932,True,True,req
config_90_det1_b10_s5_h15_w1000,14,7.05954296875,196.793830871582,145.6007430918156,198.91237252731275,True,True,req
config_90_det1_b10_s5_h15_w1000,15,6.37659375,183.734001159668,153.77596889992634,211.81173178608927,True,True,req
config_90_det1_b10_s5_h15_w1000,16,5.808765625,172.296012878418,161.7856220434931,224.71294960954572,True,True,req
config_90_det1_b10_s5_h15_w1000,17,5.32770703125,162.19344329834,171.06111237410641,237.38132415073338,True,True,req
config_90_det1_b10_s5_h15_w1000,18,4.91498046875,153.208526611328,180.8027431883832,248.08448101850755,True,True,req
config_90_det1_b10_s5_h15_w1000,19,4.55701953125,145.16609954834,190.77032074664493,259.36096146747553,True,True,req
config_90_det1_b10_s5_h15_w1000,20,4.24378515625,137.92414855957,198.48150977414048,271.0418018190798,True,True,req
config_91_det1_b10_s5_h24_w250,1,1322.68273568211,1231.55614540992,5.416641025580336,8.585758557052486,False,False,req
config_91_det1_b10_s5_h24_w250,2,252.93209269631,694.862830042474,10.396026885305751,16.725063527532562,False,False,req
config_91_det1_b10_s5_h24_w250,3,104.998977908618,525.24000926827,18.51654327891683,23.62051809338652,False,False,req
config_91_det1_b10_s5_h24_w250,4,59.7200348642112,414.304889211797,24.905679573141544,28.91816686790503,False,False,req
config_91_det1_b10_s5_h24_w250,5,39.8568210825817,338.841406453851,30.96586628854423,37.149890645868666,False,False,req
config_91_det1_b10_s5_h24_w250,6,29.1032232969694,285.270286428345,37.05516664380286,43.608088412586945,True,False,req
config_91_det1_b10_s5_h24_w250,7,22.5780158271681,245.899008295199,42.07575756893749,52.51258777664647,True,False,req
config_91_det1_b10_s5_h24_w250,8,18.2704668808745,215.87945345554,45.69001395272275,73.28311452851877,True,False,req
config_91_det1_b10_s5_h24_w250,9,15.2425257500057,192.266813750414,53.017326177392235,86.82369708207546,True,True,req
config_91_det1_b10_s5_h24_w250,10,13.0104568662737,173.233610024881,60.06523016687775,95.9415004775769,True,True,req
config_91_det1_b10_s5_h24_w250,11,11.3050806069729,157.581691801359,71.40910218592585,108.54005437062291,True,True,req
config_91_det1_b10_s5_h24_w250,12,9.96424838716288,144.494696357211,86.2182832988456,118.14829670329101,True,True,req
config_91_det1_b10_s5_h24_w250,13,8.88536700979521,133.398136789257,95.27333244407902,128.91005095069627,True,True,req
config_91_det1_b10_s5_h24_w250,14,8.00069163608761,123.875447271731,103.12408942358931,138.8404729056577,True,True,req
config_91_det1_b10_s5_h24_w250,15,7.26352017039033,115.570070080883,107.30885422202793,147.0728846619178,True,True,req
config_91_det1_b10_s5_h24_w250,16,6.12354953275908,107.311001938117,113.52827254330379,158.13668270412995,True,True,req
config_91_det1_b10_s5_h24_w250,17,5.33231413765071,101.419455756059,120.26917235702773,164.95829018270044,True,True,req
config_91_det1_b10_s5_h24_w250,18,4.76253492535128,96.2835680439318,126.72644263881507,170.26686162218022,True,True,req
config_91_det1_b10_s5_h24_w250,19,4.30879220439916,91.0479780688807,135.22403920079367,176.11676603258925,True,True,req
config_91_det1_b10_s5_h24_w250,20,3.94463241538417,86.7228654737704,146.21781554698913,180.5556508546757,True,True,req
config_92_det1_b10_s5_h24_w1000,1,1437.86820833333,1946.65627034505,8.272129411463531,12.932333509463788,False,False,req
config_92_det1_b10_s5_h24_w1000,2,270.273583333333,1110.42730712891,18.846030749205518,26.55937452200258,False,False,req
config_92_det1_b10_s5_h24_w1000,3,108.843,838.393432617188,27.951545127237598,38.276949656418545,False,False,req
config_92_det1_b10_s5_h24_w1000,4,61.6362135416667,660.314829508464,38.37572637749024,52.92972109316277,False,False,req
config_92_det1_b10_s5_h24_w1000,5,41.4805494791667,537.798126220703,48.32348161091044,73.46534812413265,False,False,req
config_92_det1_b10_s5_h24_w1000,6,30.7686484375,452.795272827148,63.434938125610245,93.3452750544986,False,False,req
config_92_det1_b10_s5_h24_w1000,7,24.04661328125,390.392094930013,81.59593969677657,106.83897729501365,False,False,req
config_92_det1_b10_s5_h24_w1000,8,19.4677135416667,342.550003051758,96.75982658968888,122.2223467928658,True,False,req
config_92_det1_b10_s5_h24_w1000,9,16.21081640625,304.876281738281,105.51487908505288,136.66478184675898,True,True,req
config_92_det1_b10_s5_h24_w1000,10,12.85248046875,271.698257446289,116.76344343253253,152.73712097915163,True,True,req
config_92_det1_b10_s5_h24_w1000,11,10.4575859375,248.922744750977,127.41925269884976,165.219529885409,True,True,req
config_92_det1_b10_s5_h24_w1000,12,8.91555078125,228.986923217773,138.01135319643492,177.1169693545295,True,True,req
config_92_det1_b10_s5_h24_w1000,13,7.87199609375,211.807258605957,146.68480214581044,190.4582740829777,True,True,req
config_92_det1_b10_s5_h24_w1000,14,7.05954296875,196.793830871582,155.45410876060998,203.79047995974253,True,True,req
config_92_det1_b10_s5_h24_w1000,15,6.37659375,183.734001159668,161.86795759026688,217.567227796631,True,True,req
config_92_det1_b10_s5_h24_w1000,16,5.808765625,172.296012878418,169.84515272087626,229.79943852073364,True,True,req
config_92_det1_b10_s5_h24_w1000,17,5.32770703125,162.19344329834,175.46168860086428,241.68946731521237,True,True,req
config_92_det1_b10_s5_h24_w1000,18,4.91498046875,153.208526611328,182.89582265444022,252.9608967365861,True,True,req
config_92_det1_b10_s5_h24_w1000,19,4.55701953125,145.16609954834,188.92667228319033,267.27353861623567,True,True,req
config_92_det1_b10_s5_h24_w1000,20,4.24378515625,137.92414855957,197.35725854399172,283.768783029815,True,True,req
config_93_det2_b10_s5_h15_w250,1,1322.68273568211,1231.55614540992,6.414602481837826,9.178623262777483,False,False,req
config_93_det2_b10_s5_h15_w250,2,252.93209269631,694.862830042474,12.772710166601291,16.86132779469043,False,False,req
config_93_det2_b10_s5_h15_w250,3,104.998977908618,525.24000926827,18.894043373507955,22.069002582808313,False,False,req
config_93_det2_b10_s5_h15_w250,4,59.7200348642112,414.304889211797,26.75082942639349,32.4406515810025,False,False,req
config_93_det2_b10_s5_h15_w250,5,39.8568210825817,338.841406453851,34.18284474703649,50.654870200208784,False,False,req
config_93_det2_b10_s5_h15_w250,6,29.1032232969694,285.270286428345,45.158558159002375,61.74255319469709,False,False,req
config_93_det2_b10_s5_h15_w250,7,22.5780158271681,245.899008295199,62.50604270788545,73.92609738786432,True,False,req
config_93_det2_b10_s5_h15_w250,8,18.2704668808745,215.87945345554,70.94462893693927,82.64566458683721,True,False,req
config_93_det2_b10_s5_h15_w250,9,15.2425257500057,192.266813750414,77.83718504031347,94.92982868940615,True,True,req
config_93_det2_b10_s5_h15_w250,10,13.0104568662737,173.233610024881,83.73030738627442,101.88898799674085,True,True,req
config_93_det2_b10_s5_h15_w250,11,11.3050806069729,157.581691801359,89.91726127390668,108.67910185751239,True,True,req
config_93_det2_b10_s5_h15_w250,12,9.96424838716288,144.494696357211,95.67770834943738,116.93002311449168,True,True,req
config_93_det2_b10_s5_h15_w250,13,8.88536700979521,133.398136789257,100.62213908976493,126.49014212797594,True,True,req
config_93_det2_b10_s5_h15_w250,14,8.00069163608761,123.875447271731,104.33695354475324,135.39438821868177,True,True,req
config_93_det2_b10_s5_h15_w250,15,7.26352017039033,115.570070080883,106.0397279456043,143.86518216333266,True,True,req
config_93_det2_b10_s5_h15_w250,16,6.12354953275908,107.311001938117,112.4763535025128,150.1058284085672,True,True,req
config_93_det2_b10_s5_h15_w250,17,5.33231413765071,101.419455756059,124.30544163247419,156.85711385419108,True,True,req
config_93_det2_b10_s5_h15_w250,18,4.76253492535128,96.2835680439318,133.77094010534077,164.65920614003537,True,True,req
config_93_det2_b10_s5_h15_w250,19,4.30879220439916,91.0479780688807,141.1887243687997,170.9564393834484,True,True,req
config_93_det2_b10_s5_h15_w250,20,3.94463241538417,86.7228654737704,162.09909092212015,178.52296382009544,True,True,req
config_94_det2_b10_s5_h15_w1000,1,1437.86820833333,1946.65627034505,10.843759726220421,15.577656274292353,False,False,req
config_94_det2_b10_s5_h15_w1000,2,270.273583333333,1110.42730712891,23.18085147271342,28.957760186174617,False,False,req
config_94_det2_b10_s5_h15_w1000,3,108.843,838.393432617188,35.470711509638484,46.63135613511578,False,False,req
config_94_det2_b10_s5_h15_w1000,4,61.6362135416667,660.314829508464,62.13033779885636,62.94715144468413,False,False,req
config_94_det2_b10_s5_h15_w1000,5,41.4805494791667,537.798126220703,79.20915587859777,78.80676604835399,False,False,req
config_94_det2_b10_s5_h15_w1000,6,30.7686484375,452.795272827148,90.55350559199792,95.93265280914522,False,False,req
config_94_det2_b10_s5_h15_w1000,7,24.04661328125,390.392094930013,101.02000235101957,108.88127740545866,True,False,req
config_94_det2_b10_s5_h15_w1000,8,19.4677135416667,342.550003051758,105.85582589068964,125.29705115355979,True,False,req
config_94_det2_b10_s5_h15_w1000,9,16.21081640625,304.876281738281,111.23451084433182,138.6682250513393,True,True,req
config_94_det2_b10_s5_h15_w1000,10,12.85248046875,271.698257446289,117.89286561912424,155.14963655201458,True,True,req
config_94_det2_b10_s5_h15_w1000,11,10.4575859375,248.922744750977,128.88954320355947,166.24240584159026,True,True,req
config_94_det2_b10_s5_h15_w1000,12,8.91555078125,228.986923217773,138.5406428533599,180.57095789005865,True,True,req
config_94_det2_b10_s5_h15_w1000,13,7.87199609375,211.807258605957,147.05737259088144,192.3942674994935,True,True,req
config_94_det2_b10_s5_h15_w1000,14,7.05954296875,196.793830871582,155.796675724056,204.63351726657316,True,True,req
config_94_det2_b10_s5_h15_w1000,15,6.37659375,183.734001159668,165.33858778612787,216.2681944818619,True,True,req
config_94_det2_b10_s5_h15_w1000,16,5.808765625,172.296012878418,177.7456789598242,229.7331997242792,True,True,req
config_94_det2_b10_s5_h15_w1000,17,5.32770703125,162.19344329834,191.16352438568282,242.14683045623372,True,True,req
config_94_det2_b10_s5_h15_w1000,18,4.91498046875,153.208526611328,200.09122572244667,253.83602263841297,True,True,req
config_94_det2_b10_s5_h15_w1000,19,4.55701953125,145.16609954834,208.9498444603393,264.65686117436417,True,True,req
config_94_det2_b10_s5_h15_w1000,20,4.24378515625,137.92414855957,220.11841194633809,273.0771945195473,True,True,req
config_95_det2_b10_s5_h24_w250,1,1322.68273568211,1231.55614540992,6.414602481837826,9.178623262777483,False,False,req
config_95_det2_b10_s5_h24_w250,2,252.93209269631,694.862830042474,12.772710166601291,16.86132779469043,False,False,req
config_95_det2_b10_s5_h24_w250,3,104.998977908618,525.24000926827,18.894043373507955,22.069002582808313,False,False,req
config_95_det2_b10_s5_h24_w250,4,59.7200348642112,414.304889211797,26.75082942639349,31.789021296667816,False,False,req
config_95_det2_b10_s5_h24_w250,5,39.8568210825817,338.841406453851,34.189177746766596,39.278255753024474,False,False,req
config_95_det2_b10_s5_h24_w250,6,29.1032232969694,285.270286428345,39.15034961529718,44.951778329672344,True,False,req
config_95_det2_b10_s5_h24_w250,7,22.5780158271681,245.899008295199,45.69556187421269,61.84105331412135,True,False,req
config_95_det2_b10_s5_h24_w250,8,18.2704668808745,215.87945345554,50.27285922841469,78.56162469679454,True,False,req
config_95_det2_b10_s5_h24_w250,9,15.2425257500057,192.266813750414,55.7731913646691,89.53556780842895,True,True,req
config_95_det2_b10_s5_h24_w250,10,13.0104568662737,173.233610024881,67.57124295882087,96.95210487085306,True,True,req
config_95_det2_b10_s5_h24_w250,11,11.3050806069729,157.581691801359,80.7020376136811,112.55452185003003,True,True,req
config_95_det2_b10_s5_h24_w250,12,9.96424838716288,144.494696357211,89.73617372609553,124.4921688746369,True,True,req
config_95_det2_b10_s5_h24_w250,13,8.88536700979521,133.398136789257,95.20133147119786,135.2927877481526,True,True,req
config_95_det2_b10_s5_h24_w250,14,8.00069163608761,123.875447271731,99.73378613700686,144.33282101525705,True,True,req
config_95_det2_b10_s5_h24_w250,15,7.26352017039033,115.570070080883,107.34504484501264,150.5950503650251,True,True,req
config_95_det2_b10_s5_h24_w250,16,6.12354953275908,107.311001938117,121.61690512059214,161.6814039674597,True,True,req
config_95_det2_b10_s5_h24_w250,17,5.33231413765071,101.419455756059,129.69031639512127,167.16151121993764,True,True,req
config_95_det2_b10_s5_h24_w250,18,4.76253492535128,96.2835680439318,138.74143306885654,172.9807431479007,True,True,req
config_95_det2_b10_s5_h24_w250,19,4.30879220439916,91.0479780688807,146.76146595373353,182.270277792806,True,True,req
config_95_det2_b10_s5_h24_w250,20,3.94463241538417,86.7228654737704,151.9657627742366,187.33284030184234,True,True,req
config_96_det2_b10_s5_h24_w1000,1,1437.86820833333,1946.65627034505,10.843759726220421,15.578619162172235,False,False,req
config_96_det2_b10_s5_h24_w1000,2,270.273583333333,1110.42730712891,23.18085147271342,28.958364508376505,False,False,req
config_96_det2_b10_s5_h24_w1000,3,108.843,838.393432617188,34.70500504250071,37.872904232445656,False,False,req
config_96_det2_b10_s5_h24_w1000,4,61.6362135416667,660.314829508464,45.29899419413195,50.766720152083884,False,False,req
config_96_det2_b10_s5_h24_w1000,5,41.4805494791667,537.798126220703,60.74790428483932,72.02934384679622,False,False,req
config_96_det2_b10_s5_h24_w1000,6,30.7686484375,452.795272827148,79.4342456060357,90.23085323214005,False,False,req
config_96_det2_b10_s5_h24_w1000,7,24.04661328125,390.392094930013,93.8015494571148,107.67146261248202,False,False,req
config_96_det2_b10_s5_h24_w1000,8,19.4677135416667,342.550003051758,104.65159571698422,125.70725284034597,True,False,req
config_96_det2_b10_s5_h24_w1000,9,16.21081640625,304.876281738281,116.53706539599798,142.38981032129135,True,False,req
config_96_det2_b10_s5_h24_w1000,10,12.85248046875,271.698257446289,129.51520824469483,158.75788256895396,True,True,req
config_96_det2_b10_s5_h24_w1000,11,10.4575859375,248.922744750977,142.5952614336582,171.06832212111433,True,True,req
config_96_det2_b10_s5_h24_w1000,12,8.91555078125,228.986923217773,153.21218728721723,183.40261948329237,True,True,req
config_96_det2_b10_s5_h24_w1000,13,7.87199609375,211.807258605957,161.6948163636945,199.4246132975789,True,True,req
config_96_det2_b10_s5_h24_w1000,14,7.05954296875,196.793830871582,168.65050564868034,215.74631128557758,True,True,req
config_96_det2_b10_s5_h24_w1000,15,6.37659375,183.734001159668,174.3246133893127,229.98926001494553,True,True,req
config_96_det2_b10_s5_h24_w1000,16,5.808765625,172.296012878418,181.46160827507782,242.77691806356808,True,True,req
config_96_det2_b10_s5_h24_w1000,17,5.32770703125,162.19344329834,186.78555365861558,253.85396884823368,True,True,req
config_96_det2_b10_s5_h24_w1000,18,4.91498046875,153.208526611328,193.40827211425633,266.65291370785525,True,True,req
config_96_det2_b10_s5_h24_w1000,19,4.55701953125,145.16609954834,199.80121718570408,275.9795307425695,True,True,req
config_96_det2_b10_s5_h24_w1000,20,4.24378515625,137.92414855957,205.86054813338515,285.67306974543084,True,True,req
