Theta_deg,config_01_det1_b15_s5_h4_w50,config_02_det1_b15_s5_h4_w500,config_03_det1_b15_s5_h4_w1500,config_04_det1_b15_s5_h12_w50,config_05_det1_b15_s5_h12_w500,config_06_det1_b15_s5_h12_w1500,config_07_det1_b15_s5_h24_w50,config_08_det1_b15_s5_h24_w500,config_09_det1_b15_s5_h24_w1500,config_10_det1_b15_s20_h4_w50,config_11_det1_b15_s20_h4_w500,config_12_det1_b15_s20_h4_w1500,config_13_det1_b15_s20_h12_w50,config_14_det1_b15_s20_h12_w500,config_15_det1_b15_s20_h12_w1500,config_16_det1_b15_s20_h24_w50,config_17_det1_b15_s20_h24_w500,config_18_det1_b15_s20_h24_w1500,config_19_det1_b30_s5_h4_w50,config_20_det1_b30_s5_h4_w500,config_21_det1_b30_s5_h4_w1500,config_22_det1_b30_s5_h12_w50,config_23_det1_b30_s5_h12_w500,config_24_det1_b30_s5_h12_w1500,config_25_det1_b30_s5_h24_w50,config_26_det1_b30_s5_h24_w500,config_27_det1_b30_s5_h24_w1500,config_28_det1_b30_s20_h4_w50,config_29_det1_b30_s20_h4_w500,config_30_det1_b30_s20_h4_w1500,config_31_det1_b30_s20_h12_w50,config_32_det1_b30_s20_h12_w500,config_33_det1_b30_s20_h12_w1500,config_34_det1_b30_s20_h24_w50,config_35_det1_b30_s20_h24_w500,config_36_det1_b30_s20_h24_w1500,config_37_det2_b15_s5_h4_w50,config_38_det2_b15_s5_h4_w500,config_39_det2_b15_s5_h4_w1500,config_40_det2_b15_s5_h12_w50,config_41_det2_b15_s5_h12_w500,config_42_det2_b15_s5_h12_w1500,config_43_det2_b15_s5_h24_w50,config_44_det2_b15_s5_h24_w500,config_45_det2_b15_s5_h24_w1500,config_46_det2_b15_s20_h4_w50,config_47_det2_b15_s20_h4_w500,config_48_det2_b15_s20_h4_w1500,config_49_det2_b15_s20_h12_w50,config_50_det2_b15_s20_h12_w500,config_51_det2_b15_s20_h12_w1500,config_52_det2_b15_s20_h24_w50,config_53_det2_b15_s20_h24_w500,config_54_det2_b15_s20_h24_w1500,config_55_det2_b30_s5_h4_w50,config_56_det2_b30_s5_h4_w500,config_57_det2_b30_s5_h4_w1500,config_58_det2_b30_s5_h12_w50,config_59_det2_b30_s5_h12_w500,config_60_det2_b30_s5_h12_w1500,config_61_det2_b30_s5_h24_w50,config_62_det2_b30_s5_h24_w500,config_63_det2_b30_s5_h24_w1500,config_64_det2_b30_s20_h4_w50,config_65_det2_b30_s20_h4_w500,config_66_det2_b30_s20_h4_w1500,config_67_det2_b30_s20_h12_w50,config_68_det2_b30_s20_h12_w500,config_69_det2_b30_s20_h12_w1500,config_70_det2_b30_s20_h24_w50,config_71_det2_b30_s20_h24_w500,config_72_det2_b30_s20_h24_w1500,config_73_det1_b10_s8_h10_w250,config_74_det1_b10_s8_h10_w1000,config_75_det1_b10_s8_h15_w250,config_76_det1_b10_s8_h15_w1000,config_77_det1_b10_s12_h10_w250,config_78_det1_b10_s12_h10_w1000,config_79_det1_b10_s12_h15_w250,config_80_det1_b10_s12_h15_w1000,config_81_det2_b10_s8_h10_w250,config_82_det2_b10_s8_h10_w1000,config_83_det2_b10_s8_h15_w250,config_84_det2_b10_s8_h15_w1000,config_85_det2_b10_s12_h10_w250,config_86_det2_b10_s12_h10_w1000,config_87_det2_b10_s12_h15_w250,config_88_det2_b10_s12_h15_w1000,config_89_det1_b10_s5_h15_w250,config_90_det1_b10_s5_h15_w1000,config_91_det1_b10_s5_h24_w250,config_92_det1_b10_s5_h24_w1000,config_93_det2_b10_s5_h15_w250,config_94_det2_b10_s5_h15_w1000,config_95_det2_b10_s5_h24_w250,config_96_det2_b10_s5_h24_w1000
0.0,33.65578575851474,50.35322694372114,87.72051478460291,47.693774449097674,70.97567051490456,85.433064692344,47.68715902109582,70.86499512454485,88.29340914315442,12.525224548885342,12.753818577575165,65.33629962635857,12.525299144488029,42.43580204596558,73.42259232709527,12.525299144488029,42.53534874665873,73.84957808006999,44.5085873221638,54.686576983853065,91.30649025895113,57.48921012126493,90.53980109337687,100.19803735167059,57.066982734675896,98.82286316480068,120.91002912029363,18.075155600989994,34.68807430399,75.09638944699557,18.144978317543757,89.19091283552594,98.4933361154597,18.144979020388746,89.82356374155366,117.933325863001,36.4841384904971,49.60979425305368,82.50123074885695,41.081487412352644,65.24718289061236,99.22398260623959,41.075167723906695,62.63966086630155,100.43537752725223,10.125277773967488,51.6870416978642,55.621101017510114,10.125277773967488,59.7154197363235,86.39668834254516,10.125277773967488,59.749749491016466,87.25827011433223,37.66052284917293,50.963180027207166,84.94233589096802,61.073035151411105,89.87973594484842,100.35185318617066,61.116704465251935,98.30484962183678,122.59189703882573,10.125369113586945,60.90127069321555,63.7821844226961,11.077967501460853,73.53815214755257,100.81828630275153,11.077860017615633,77.19093252761903,106.02645128071869,51.436954047169095,67.98695950232455,51.476321848958506,68.58124613543986,17.797679871674408,52.9902141002076,17.797673586314676,53.59815934682118,52.28522188008654,60.51596387235729,52.27464414807258,61.05790556754442,49.65883710025318,62.1992193646528,49.698427462794484,65.65346518751684,53.13194037051995,68.30957919987144,53.11321175797429,73.80169956707725,47.9948336968201,95.25019466018806,46.64312660178593,62.0291675922022
1.0,33.65808300835415,50.51730208662707,92.19514517301435,47.5823431132645,69.73116536390991,84.92666331536613,47.577422631520534,69.73787661468879,87.79262756033513,12.527020795065361,12.716479198918883,65.45134586897026,12.527094603447638,34.54099468947175,74.17157072305274,12.527094603447638,34.66732012036772,74.68188382645373,45.145464710049126,54.03189306428598,93.24979743871918,58.78667091207861,92.85657909589952,100.2586487709471,58.11492302603427,98.84204613773936,119.71476864232791,18.076400360691284,37.785801976536014,76.74940008519052,18.07653530920207,89.65643870002164,98.88164318568491,18.07653530278412,90.37951841392432,118.66476089719902,36.91965265226681,59.26744533648386,84.6544723443961,40.84916314904387,63.953502806648586,99.30520271158461,40.843293252786815,61.75934453489784,100.04471530797724,10.12749969143421,52.10253644229928,56.16580507337494,10.12749969143421,61.12131350999019,86.47933555643444,10.12749969143421,61.157386892815765,87.49052696916917,37.51505244287754,51.01522279302399,84.24666572161067,62.95486149292995,92.39690207775168,100.3518308571086,62.993488141855096,98.6923978620824,124.06237651264391,10.1274997566421,61.114975402766966,63.96517236102343,11.012148773362423,74.97555374779563,100.30280282317193,11.012068718477337,78.78515687220604,104.94248814956227,51.36662606318339,67.49024571522177,51.38015342306235,68.17392397138528,17.888665424085687,46.860063526323536,17.88862671596459,46.788763105017864,50.03637446771398,60.30408380384797,50.05291633071412,60.460722164104006,50.35679435913129,61.932915073709914,50.38187409253038,63.94065123825061,52.097037456069465,66.95932204997841,52.081340669640085,74.4886528988531,46.00447358203971,99.0969845750421,45.83568441428186,63.050934847330915
2.0,33.44593976675595,49.109951018448434,90.17523442700393,46.45528110308531,67.90819092900958,80.5885111288534,46.41530918003253,68.09740603580855,81.85796500104611,12.509996003196804,12.545890641133262,64.12083427073044,12.51011578401839,14.760407457080042,73.818000047696,12.51011578401839,14.780947617094935,74.63261908819503,44.98293060831371,51.83548518431991,87.55332940962268,59.89772833296936,90.01983096276906,90.11324109204507,59.46183882678971,90.10464905086208,90.36203125628803,18.08262287390853,31.392287769418484,76.92049180685493,18.08262287390853,86.2745889649601,98.5795657873709,18.08262287390853,87.00749623585902,112.91097219934653,36.11765215690649,62.922169465161794,84.68208030778402,39.32840226826117,63.19568190429111,81.69796863491892,39.320319632000725,62.81160667752479,82.50955189605446,10.131942064579722,51.31644526620412,55.9885738662275,10.131942064579722,61.322853635338625,82.27410150776223,10.131942064579722,61.338269555742045,83.38782047358195,36.328445018360505,50.357377114225145,82.94424747499966,60.944657167854835,81.19369047388754,83.06659497457595,60.96907744576764,81.84919528484967,90.54644465442631,10.131942064579722,59.8040064771806,63.36890164079095,10.184160842823331,77.72892830650143,99.72713824281307,10.184157682326088,83.32171224052786,100.75204357882019,51.01411036254528,64.27357944083002,51.08797224390604,68.29298409161345,18.227382138448554,43.551907108794445,18.22733337355078,42.75786595412103,51.01609814373912,63.37813066430964,51.02089155544653,65.90970701515589,47.72495812142239,65.51403868986556,47.74732281107571,65.89314916129733,49.761740360166115,64.65224176472896,49.753465582718945,78.08102853962227,43.53415381280698,83.04982301073468,43.543583073354135,76.70440853937961
3.0000000000000004,35.94081827932865,48.18727195873852,89.48865513559169,44.09642397140508,60.09450308119837,72.64077996051617,44.09551729273864,62.482307953927084,85.14300539350631,12.543175435271564,12.612737239795724,57.279492482449875,12.54326250701619,14.674187573006586,74.35262793917592,12.54326250701619,14.668842102120799,78.1477790221136,43.733277042466405,53.80434865783988,86.71287200375437,54.53826573677635,84.29369582712974,90.16266549964016,54.315615801510205,90.09575495681156,90.17170823994495,18.09381800505355,34.73469090239451,76.0961215624384,18.09381800505355,81.20380413656139,100.50840957049503,18.09381800505355,81.7986760835218,114.50277109717823,35.08924543671609,50.74218991324112,82.43279092342631,38.04197592048198,62.67675878258894,63.75320593827456,38.03456299335209,62.67754337176229,71.94718718193724,10.138601974631413,47.408882082246535,55.88247873257575,10.138601974631413,64.57442409490572,78.38176198713673,10.138601974631413,64.59392736702344,79.81223078937946,35.82367437886605,47.029707575551235,72.18347097019502,47.31756281472293,72.59661751866471,72.59679768658685,47.30629168745471,72.59666831198247,74.43148914706326,10.138601974631412,57.61692149683496,62.12790488309678,10.156413139942206,91.83108330860192,99.42340006935679,10.15640944732277,95.95049344779906,100.28939136617014,58.045042036291996,73.51401889141832,58.100796131087165,75.3834360584219,19.05872314200715,51.06396493853434,19.05872007262062,49.378552521959335,51.254413905378094,70.72157732977651,51.256800278742745,70.04535272585224,46.57406264489757,65.83390317128315,46.586145624301125,65.90542649068722,48.84329512655597,68.9429619989235,48.840235445926375,73.30885996434944,42.510245704513125,61.25553840714737,42.5107031743581,76.34427432524654
4.0,33.92545673970873,51.12400272765671,83.96064732891527,35.63034239127289,53.07735068250739,72.9957326759847,35.63010722436386,53.09633669672195,88.80178208316183,12.552141251595284,12.831202118566736,55.139616924063546,12.55225121386241,20.2749109249265,82.18403937965758,12.55225121386241,20.264190353722725,85.22249370828504,35.54713756114496,54.35630275882932,81.19681989648635,54.80028989946216,55.944855802769716,90.24613043764911,54.54799534683229,88.95337316771018,90.25083754528123,18.10997653228739,40.56569408611985,74.1641020398301,18.10997653228739,76.33402184975309,106.25952174823985,18.10997653228739,77.50552137135007,114.37712482214957,33.2087172723973,57.14432735940623,81.93120719991835,36.98617136336122,62.63576734665496,79.14114915754267,36.97298741503466,62.64555301866359,72.26451308484178,10.147475285593048,42.955482512424766,56.4790308406178,10.147476195195772,68.32366878693779,79.33864110752569,10.147476194798077,68.34636418572589,85.78577328290216,34.81180802126856,37.58324094593227,72.5958089037595,37.582976857890465,72.65875920927863,72.66951689283131,37.58296410888605,72.66265308942133,72.70778238343546,10.15079683285199,54.121027512335644,60.571091653804565,10.250781622300947,94.62842918450391,97.55755458830832,10.25075794597657,95.50705364306694,100.06585275631477,57.48602088735889,80.31507686626274,57.51519432498565,78.68382424080296,19.788941312436837,60.582399629792526,19.78879318315663,56.54281230496522,50.29449301398448,74.4539488567251,50.29489065135979,73.1680650307657,46.171238891362556,67.77025408883875,46.18857329847564,66.21028487805849,42.41317789290942,70.31435645020252,41.981570228377024,74.40686089919004,45.65778558460224,64.09656892981117,46.461140048962065,76.07286606535398
5.0,32.72555096309185,50.80885000575503,74.4597153184255,32.74831327117658,52.91761289513864,75.62963564985779,32.748254256902,53.04381740730627,82.66102615083923,12.575422458112492,13.877507361707277,54.79287048865472,12.575509571598811,36.19294423081162,83.17104284208087,12.575509571598811,36.17071850102538,83.99352247629531,27.64988697987751,52.81447969777264,67.92781788202123,44.8388052436778,55.31318425270537,90.31815201819134,42.85988166124847,61.75525279741981,90.35637026727142,18.13108518539362,40.80771067815837,71.7697250403772,18.13108518539362,74.50428751024475,106.4770359256639,18.13108518539362,78.20477434808406,110.42059630932509,27.649918943171727,59.399106526421185,81.15749176549231,31.976833182188344,54.02079728803475,80.31882613976032,31.948021284803133,58.145379341912374,80.09076751051425,10.009084304502673,42.26170284758026,63.525824168907484,10.009144361797764,67.93764360635474,80.19861706800931,10.009144324484055,67.95795346832564,87.14682361590235,35.482025741517006,37.69054693064351,72.65046545669891,37.662979170532964,72.70088644190234,72.75489571348832,37.662979170532964,72.72138069998702,72.75545963419391,10.027457948829158,48.886964890516474,65.86405591772385,10.318578705816305,92.77335135313697,94.6007052321932,10.318652857991474,93.19744496850693,95.34662185024719,47.15083891008144,79.53355748338365,47.132463015670965,71.38894742708105,20.926900585470875,79.34612336803552,20.926788621222986,79.09384823213033,46.88543170496782,74.3168412144706,46.885205271579146,73.73991630970829,45.33572737358288,71.75472326359828,45.35802826881233,73.67151386174865,42.52143040352079,76.36596419062532,40.53828773596925,69.88027175404373,43.75629792495954,75.1167920377101,45.355516434354385,76.90750649044776
6.000000000000001,32.781762694110434,50.9447506062045,71.49697088791812,32.78539776730744,53.06664976766154,85.17845217451534,32.78539272008843,53.19774689203593,79.28285211457253,12.58972795575822,19.361471978017658,62.17565449795247,12.589811937605814,50.353171941167325,89.2911536527565,12.589811937605814,50.34058184566953,95.59697569628788,23.323191248197578,52.47027885697454,59.089810628987856,28.235885073265734,55.38189386024874,85.61266026386971,27.294911912452203,56.36983714669479,90.50066097067909,18.03902020620854,40.33982124488593,70.2332513640351,18.03902020620854,70.79602572210423,100.20814056929892,18.03902020620854,72.35329991009002,100.40007281395467,23.32314101724908,57.00683108169862,81.39210566868327,24.494049306072675,57.18779804604136,80.24670275074203,24.485261602859207,58.289825964252046,80.45527455772644,10.022681465277435,42.168858157077736,68.02539699770081,10.022940719032839,66.19207962677676,83.04601864613066,10.022940522219402,66.21362507243781,88.01197269968917,30.260958239419566,37.869260574063695,72.11444608392513,37.75314283951346,71.20531492408215,72.87476174599593,37.75311049014245,72.74180714453766,72.87418811776944,10.079679528950109,49.54459904801242,91.952876429674,10.876994682554969,90.5776937597532,91.51245869899984,10.876676793958715,90.71080507628318,91.87997168710599,49.336506322694795,78.84124892242177,49.33618441284676,68.74615474893508,22.16618995886848,79.2825629059857,22.16695998710776,79.3998720676048,41.1212921548874,74.56599825240097,41.123253155416805,73.86073423004362,43.35083705839806,72.44807927422609,43.362150537985706,72.50748267791829,40.63148010244861,75.29561489738535,40.519674823977546,73.3613501203898,44.8550158606196,92.70315490483674,44.942998568761205,77.02164855948705
7.0,32.83286481180371,50.516317756540374,70.12121026243788,32.84845886795909,53.28829256797809,73.93840321895738,32.84845886795909,53.124769618357355,73.96263267332725,12.58984465018115,39.23856014383373,101.27463850434921,12.59073746627587,50.437112394269036,98.15150245853295,12.590736962844334,50.46044249645945,98.16903976112252,20.196533379865865,52.210728767646074,53.48136633959569,20.956253490492575,55.49244190475985,62.850023514791374,20.803970694017988,56.20176257342367,90.65509590085101,18.056473908269023,44.55660390668664,86.40362561460725,18.056473908269023,69.71198940092704,85.69792558037089,18.056473908269023,70.89744206971856,85.70773439540619,22.727107763285627,60.40605719943514,81.29292107247177,22.847317009146742,50.2041604489139,80.84255535118656,22.8463509001067,51.62705812694459,90.96968197204,10.056594750899151,41.54266507571578,75.6668028960166,10.057312602908679,63.9725232753686,80.74773409861517,10.05731206913486,63.98481285177555,81.04837555487386,21.86474137097909,37.95552697104549,71.26806489995901,37.76452429434089,43.55946178965212,73.00124142780037,37.76446656145748,59.83645619701258,73.0013612911199,10.233647998952682,50.74011782473763,95.39729843564243,12.52196456515503,85.28809378869363,87.09390545714759,12.520861482596379,85.32600005494014,86.30279706383588,49.000763936284876,74.45430851577812,48.9939010786369,77.56657158784013,26.143735462845818,76.35376121711563,26.148995835449053,79.57319191065162,40.41289906564492,74.70898867478392,40.404747529293694,74.15568102156416,49.111390762517445,71.23473027228205,49.12366750670485,72.05928258195252,40.71776472296268,71.24490429412816,40.715648961347355,72.38508885101265,44.898569874914706,93.27279699602693,44.889749733868264,76.28913306434542
8.0,32.55696035943573,50.37614674329438,67.73686287802363,32.922664259872796,53.43260339749121,58.491969561230206,32.92266666217091,53.109244542611926,84.65317230708864,12.645732178104721,53.3859937572173,106.93976355578718,12.64878740111979,49.33770193369942,93.02261553628051,12.648785367882862,49.33535543616579,98.26613733900098,20.239648399172335,52.08806640227717,52.37974522505676,20.35793230449324,55.60301578393553,62.053475052672205,20.330452810624188,56.07622684892069,90.84077455728605,18.095061480967672,61.16044882058637,88.37781335859376,18.11124024456613,77.74089472757383,85.87559701766382,18.111123899012515,82.11541533366383,85.87558294303167,22.78346674442963,60.03569974845636,80.60855439000966,22.79482198637661,47.46333479221501,81.3939872502674,22.794731409587516,46.61381728373925,121.59585527278846,10.077367929251368,46.056230813712986,84.25556543023109,10.078928407775573,78.91747335278565,80.72206306194367,10.078927358928937,79.0649014094759,80.72078672452528,17.906296557839568,38.509294574461336,70.60804693634798,37.85941767111529,38.26147996117221,73.16748765674546,37.85903736977295,45.0808533648949,73.16749723904755,10.665457086083459,46.7689882643898,91.1631588696923,17.192332552294225,74.05580131012557,91.85780461122367,17.189238070135527,74.06284042638605,93.82393910926561,45.26269344480013,65.79259318078597,45.2675419496284,77.80538958467969,23.230923559705047,77.42248625866694,23.233280260320047,79.48866749270815,40.48714759172288,74.48746448723166,40.50369447229505,74.15070965869363,50.464657956470745,68.34984955429623,50.464691884194885,69.3652410004184,41.34530293896415,68.17929532066465,41.344622091999746,69.83825186263061,44.79485033071938,83.61535483085038,44.78151171834666,73.2537355620494
9.0,28.593270912992857,50.231535052073546,56.16141386535964,33.000657259032984,65.12077248093487,93.66110094432055,33.00066610021924,52.8904378202884,73.14147002045311,12.525368953820461,58.71990994110933,128.29875208059397,12.534216328222655,48.159253028394346,87.66124744008286,12.534215191689446,48.15213397302815,90.4032421081083,20.40525945165373,55.21772902852381,55.86189487599173,20.289967909220753,55.75008726291504,58.59750463459928,20.284151714634234,56.03596399786164,90.99501661813457,18.14158069789505,69.57614681108498,92.32704173028313,18.26094272493546,66.54930561393103,86.09249787374733,18.26086801495514,70.450692831999,86.08572591368622,22.82607166765731,59.34787830918792,65.23629885080071,22.827107156159226,48.80478427139394,59.4854975181512,22.827097093198688,44.31802644887966,129.33621165227868,10.101421213456867,69.76514774551868,83.01692810879757,10.104900513332117,76.78329530305137,80.9421821689089,10.104898714164834,77.20849569935558,80.93089204315726,16.051256124758694,38.58866495483719,70.07199426781263,37.72806166922485,38.06872379220637,73.33529889211978,37.72150693431646,45.95043770464986,73.33582986195691,12.156103313193324,45.37566105504739,71.477008517148,27.604589798899696,51.78930940475373,65.51279091064626,27.599079495522425,52.07800795073197,65.51762641375878,45.34068506574035,92.30946845655171,45.197951630517714,78.32740849263493,25.849413922825093,76.75253111121414,25.876871039825346,78.68972104919482,40.59605868069105,71.17135215175837,41.46670454378914,74.19827119359556,50.584885485528154,70.79275113976284,50.58491984651942,68.79578746593867,41.42551633900848,78.10844192791548,41.43854233655793,63.73830523703093,44.78981495533964,93.22235743369468,44.777736933779245,61.87233244378235
10.0,18.950224799147392,53.319264159624204,67.99551459935157,33.02874021115871,92.96189953559603,101.21546425698962,33.02898320381249,37.736244734854026,53.709256729047944,12.598192233713574,74.45851629300648,127.86146561012235,12.625040749985795,63.215623885899326,95.37490502215408,12.62504385538099,63.22158210224247,88.77949152110521,20.761623561713808,55.8895201227687,55.9211904268343,20.308229888858367,55.89156330900352,56.57554103222782,20.30745655307056,56.03850968007853,90.73758115226885,18.05396251748526,71.8899363097275,97.100958152925,18.271203405486734,59.46757963461208,86.35450490748727,18.27100407210228,60.2286138479075,86.32132102386109,22.899651703149264,55.680907435783055,64.41181965365216,22.896891047791303,83.48985050270956,99.48472952725817,22.896889781714787,47.90156878884303,121.21927744197532,10.131387535570203,76.90722428610452,89.19547987969248,10.167533751013954,62.91612434825789,81.14158938018558,10.167527012939093,63.314909299240725,81.14206495519439,14.429672321328832,38.6552453841185,68.23972242176198,31.892872876859215,38.11349643860709,73.54314578746835,31.819915111737508,45.39891973243871,73.5473990335525,17.304764715512864,45.45692625252045,66.84483092809884,39.34995109658068,60.910159581845974,60.92301076553552,39.346537735638975,60.910158257502445,60.92363079946855,45.98096340706231,87.94490323481253,45.705680157635236,73.03921843988978,39.377617328537276,75.7005619634742,39.38582303640616,77.21565143034456,40.64843261264025,71.68987376718034,41.48640934571728,67.257998181575,50.66896723363713,75.00045863300042,50.669702340420926,68.0035045902108,41.57508480911137,62.298579917165725,41.65114175895623,61.1259729203255,44.83948178097348,93.52889204765185,44.83654846690813,63.6688207178876
11.0,13.747333565321712,53.48609505166314,67.38187609778143,31.457241569547023,78.36799614023904,101.62477006424436,31.463095059119272,34.24780882164315,53.52185849148685,12.72391000431476,86.8750243943955,99.33062959962962,12.8078845561142,63.52233845585298,89.39523648299789,12.80786587804765,63.5246927966628,89.3555770386995,20.99892106893676,56.0744259890371,56.09762227888756,20.387036322133728,56.07443144579251,56.263625378123315,20.387224954877883,56.14974745810442,92.27110205157292,18.12260928598335,77.13503683210584,98.13152941625236,18.347607171497014,53.064171693622825,86.80386620997547,18.34737546749708,53.125128744098085,86.57954153047982,22.999482085270426,47.961392125622744,65.65472891934665,22.97622475155011,85.2871679381876,101.87088071074444,22.976224586808947,49.82466923620186,109.57505538535509,10.0343476037893,79.70715388490423,104.30622179971009,10.067843306298691,63.453277409231525,81.41080851435805,10.067836193749013,63.498010393717436,81.40196658354286,13.421761056329068,38.50034949485794,53.11439739049207,19.819968104526602,38.25655088570208,73.73062580613487,19.77501698233727,44.093811811358236,75.01060700579788,29.52636581518267,55.666941949720574,75.16244235722704,42.01983985018757,61.10431041691335,61.110404177835875,42.019207684007185,61.10430879545133,61.107082006845005,47.16302131303991,91.05054426363075,45.71136563362264,76.36307638639514,39.63864403509394,74.8296076614855,39.6157221384054,76.05321957291729,39.84874028322598,69.7494560313096,41.00824847401896,61.814424475126216,48.646927851248364,68.40626384228949,48.661758787353776,69.75483853666813,41.590294393566104,42.00487783471349,41.71137619017498,71.74898657646804,44.95009317692996,90.55323999988103,44.95891548210902,47.45596297209949
12.000000000000002,13.127059770686932,53.65792593500822,65.8675009191835,22.787924548258275,91.43736226267828,102.54373225079965,22.799985119384953,33.627135542720076,53.73815652686696,13.07825923731885,93.8920425165805,99.57876411670759,13.358147077234607,58.04989644953398,89.23372239714803,13.35786620095876,58.116578518568765,88.7332469375268,20.817985795316453,56.27629385451746,56.29050011198717,20.445445703138876,56.27655325898634,63.59781046329067,20.445734925245418,56.31164924414728,113.58872579813647,18.07413654231953,81.6071540023973,95.54445182477293,18.26472250511562,48.52914808098788,87.73265986121241,18.26450895655608,48.532285090652316,86.84521603169362,23.187759952012517,46.49137185875924,69.26639804790756,23.064177465144624,90.6486238659546,101.69311114404299,23.064177453853453,45.40123515592989,102.3173855589378,10.155634516881644,81.00621726657091,91.36775569217818,10.235110750207086,40.662431763552185,82.57888415200738,10.235108980625235,40.6568274978181,81.66048506314957,13.446881770062271,38.75312068136586,57.236776815005804,13.743279602873232,38.39078342009492,72.8752665575453,13.733912479538745,41.79965612737867,102.69686043422062,38.93752313486827,59.266462957755905,87.2107481563394,41.58474813278907,61.29979562313589,61.32458951925382,41.58439990379109,61.2997911986785,61.3076848294172,46.466855690793395,98.76295961465803,45.546985211067515,74.24572318374176,38.96716395793899,73.37792241671924,38.96092465236375,76.37898742193123,38.548851940424356,77.80478207923,39.39581959471959,67.42697895202254,44.80023254135546,67.06159842927114,44.850596816380964,68.42745324076249,37.95741253917361,42.10925826950622,37.98231914042546,62.837635306081225,44.60860470972746,85.6216617039135,44.57879364033059,60.99926329957141
13.0,17.62920485611152,53.88790154477399,75.69349079480554,16.206659489162412,90.85888975299532,102.1965836752044,16.209334813846077,33.60442243103937,54.87964928401885,14.68848031415268,98.26266381082606,99.95342382151675,15.404836424408735,53.84575749634414,88.01645916422444,15.403216305794285,54.00289594077588,88.6270657241687,20.62965083486182,56.46429760169882,56.47323806585534,20.540965167196987,56.469715919870936,90.52592229978602,20.541510423014255,56.76428577237835,157.39726183666642,18.108918594786417,85.25075766332388,91.28899282199902,18.222032310900374,44.7412328794448,86.79375304918817,18.22173357606452,44.7359812933041,87.03404782686964,23.429009407040418,43.81048915507512,53.27529294841565,23.12749986487947,91.32710484941332,99.84290051880775,23.12749986487947,46.78932769045771,99.9540758587064,10.960890285152926,81.86628786343306,81.98698406639721,12.049133796438628,46.22166581040132,79.60292248644843,12.048354381633686,46.23306713054069,80.9617772402392,17.40827088178864,39.0184358521038,65.38152954582333,11.705518902533791,38.47148773775401,71.61787547069753,11.703792736209433,40.30252412016725,121.04411006552053,39.90008868518923,59.88323385478591,97.08394577852582,41.06071373120264,61.53026888654573,61.607651973025085,41.06051570239252,61.53065820181184,61.55832724834239,58.7687914399812,97.3627023778526,45.3193782945078,89.7424479068316,37.82667370471186,67.34188008309461,37.80356843846561,75.72190835396769,38.22533371717173,90.1117000145233,38.85567252508814,59.436110652224,44.94090676671541,66.3516226374717,45.07520006256926,75.18261535345795,31.802238940433767,74.05037908441705,31.72190117064939,66.74610608881011,40.940621989479354,75.75302617032901,40.91606173558076,70.94926972613219
14.0,29.232635992786207,54.10472017046115,81.47603001260056,13.46522906265001,89.66416783420748,95.30058864412833,13.464230552892843,33.940990199862135,69.93342770081959,16.161242661259358,93.36814876467963,100.35915455194954,16.398166148892418,56.19576503525497,88.85725725130062,16.39349774725752,56.411249976477315,88.56366304677401,20.610084453700193,56.70090464087001,56.7077516857838,20.609858078113977,56.770346114934505,93.06468173500946,20.61038713799476,59.96505639234877,153.1162786006559,18.0983441240101,86.4665771817885,89.54382827784957,18.133411968120424,41.54091240321515,90.4850488749164,18.133245023771956,41.529048000139035,82.81151024561099,23.590271131046055,43.7570346969641,68.10016699250284,23.22942638120881,91.09618616188854,94.75382129996689,23.22942638120881,54.5167385317677,85.30844951687087,17.233593875254797,82.28438305671418,82.32530929749348,26.032684807865405,46.37904587297571,74.31834337484847,26.027401420578236,46.39264388418662,75.10535118481167,29.389116065127304,39.18001774937721,57.79777098957537,10.708227371987672,38.75635834335037,71.54423912443112,10.707866437840238,43.400775828192806,143.94607090778845,39.82676079081205,60.28317945403606,103.57703328589461,40.679598222463085,60.970860518896664,62.234235310677526,40.67940388393002,61.079937374664524,61.794937700246344,75.71919248545721,92.4821904596327,45.05623250899372,88.3625621574526,37.61859365157628,58.14977436814677,37.56515846266216,74.19041510831589,39.16251824165163,90.84978401655148,39.23178686959802,59.570918962032316,45.32276155252965,65.3105546499275,45.54544440232496,72.3951928251595,29.15910171284106,75.6460818584692,29.098938550774534,58.754193793486614,33.60674613544859,75.99513719260982,33.60233394589008,77.52214356281662
14.999999999999998,33.545936930802036,56.31064208198507,89.48078482649079,13.781829151649385,87.09982591144792,95.65280064877469,13.207627243099997,34.01504801028636,74.7628182449036,16.46988431051093,64.70617269302656,95.80481011747108,16.272614538057457,56.99695368829287,80.09979150749588,16.26456274460172,57.422863185508696,88.84871985278036,20.72091334859542,56.95588324417032,56.95891900218281,20.72091334859542,57.43447854406019,93.0387829081784,20.72132425705672,63.12012858032822,142.51188113065635,18.071940255701307,86.8287250742043,89.76357010224108,18.075551007188665,38.66191052169546,99.54674628960521,18.075520371610263,38.62628143610421,78.77745391384204,23.547345334689236,43.99202841486338,65.44885809244693,23.33773093815392,82.88918037601344,87.63303505463301,23.337737974227508,63.75922232417169,86.99774954640176,26.909229015929988,82.65220085294419,82.67920740354874,33.56177683924158,46.597207443350634,77.51298963036577,33.5590405043705,46.60387695868468,74.67519356476564,36.93974289023327,39.24239141555655,59.88434711449188,9.90855710247503,39.247095337718704,74.61066929911283,9.908490629394691,63.91716504259597,142.5402696641751,38.073715649125745,60.83498192794844,104.38309237484371,38.44258588082895,57.16177958151671,91.45048261166801,38.44256503571306,57.23360247775831,62.08710036650271,81.46950872387416,87.96324513354661,44.834431811300675,70.97306460461586,37.67889225165933,79.92882652442708,37.60216365834683,73.65921229142975,38.62522761694558,86.68518347167559,41.532809257027566,61.98623166879906,45.40341824118027,70.20406677463193,45.762362405965426,68.11718862318152,26.900469385859214,74.47085698290611,26.938309135460063,69.14382365750164,33.91489777055119,95.70433529727347,33.93194594812898,77.69001126118295
16.0,33.85595248190882,63.54574797012327,85.19374735337112,15.916137046055958,82.13071583723854,83.79324647883305,13.216526788029604,33.94962625194073,73.9447057629448,15.597082255035192,65.01751376896053,65.15532129627461,15.37005784522074,56.941366725221336,67.90902716523708,15.359942976229096,57.32612584723536,87.72027095006737,20.80003004805522,57.22699177040233,57.23162051430094,20.80003004805522,62.89496133986676,105.60308146963816,20.800341272988316,122.41233244185334,134.30942676454458,18.262699140344683,85.28432696214169,89.20731908365646,18.347988061423354,36.55430699041613,97.24182295047346,18.347264389356,36.45904532390549,78.39645574272885,23.532731277498993,44.37644614294111,82.68600850347337,23.465564239815542,82.06172969523524,85.73569167385531,23.45511688854584,58.828498477516256,87.65320437421747,30.52598782907581,83.0511442196637,83.07005496959503,32.499593745605125,46.78889221839161,81.8086862884356,32.4984808093191,46.79756035893782,85.66427016230402,38.614139795216765,39.195180228838225,58.4652650048877,9.311438053000288,40.49852631019626,104.42313712604675,9.311416112416543,80.62061775295088,134.66253763305212,36.00513935426155,61.713765162489494,103.0103077386232,36.105049519169334,55.17335339084335,89.02958346641422,36.105049544723805,55.254647941563526,62.36184872195912,80.35204522718405,88.33822460581479,44.50894661175567,64.34960766684834,37.880594270097134,97.87297052611049,37.77698407540214,75.12238404953028,43.67285079427553,74.89585169650542,38.00263443882168,61.944374902922306,45.532754394215786,71.5333834548785,45.89655095870038,65.30804148910653,26.27100626836631,91.64287215884411,26.26875615918383,69.97583030585527,39.96514264858059,103.53590206005151,40.27381351829058,78.20902060523979
17.0,34.02766442203089,55.559616089279885,95.92933451725418,13.962971032979608,77.38301558377698,77.43009958302349,13.17167309969437,34.36094564304062,127.3146238862551,14.232338625141434,65.35028024855593,66.02592041979885,14.088209915031477,56.96829208526553,62.5768558863525,14.08374931222173,57.23792139171807,86.94295927727413,20.926209642455557,57.47940111898863,57.52305597222293,20.926209642455557,85.53471369148994,116.52590254196734,20.926209642455557,124.4705141151758,130.80150089273633,34.67375050412052,76.66777516933658,88.79885869465689,35.37090486028752,36.7729212866185,88.2971830582721,35.364740786355874,36.54391283745133,79.8738552315623,23.38558357565635,44.96896256538576,83.54238842689352,23.682194516319502,77.51787556181473,86.15617784965058,23.556336863747646,64.0535301883507,88.69623456754645,29.86698893345788,83.39118281117752,83.56760312397597,30.673618561706217,47.099675851195755,79.7760601792671,30.673111578111595,47.034371208674784,79.93728543078447,39.135981338352195,39.38699018366281,47.95267847753536,8.875413614236173,45.13334223295923,108.89450630331496,8.875392292163518,75.61926959446873,127.34942364930208,34.10743214468456,62.563702307938584,98.46942400939962,34.13465489357366,55.47064748868431,81.72601416469921,34.13465491051736,55.60390064141997,62.6957989596101,76.33305270105843,85.1878258262364,35.53561738074788,65.96777649547612,38.13753182836956,96.21368244938157,38.011988160504856,93.82764947107073,70.79289348305254,79.45620224927355,38.42052346855226,62.41446516662557,45.26300554493107,98.1019805320842,45.66043678738246,66.4493180910186,36.25019000752614,101.06864019703683,36.46401761243662,70.82417053493548,46.46266396247966,104.5051194162667,46.480790915561855,78.67422017413149
18.0,34.2497569001303,55.921787869532864,97.10463995341286,14.234508695752798,76.04391453216779,77.56796493812715,13.168510015820713,35.246707133313976,130.6403418305399,13.01193819804461,65.70340284869167,66.88939976691466,12.956261072925626,57.018432355948484,81.06587602383057,12.955747494798526,57.26795753700449,86.23772821842225,21.01526231099674,57.54777351309387,57.836814171315005,21.01526231099674,94.47025427829233,114.8879424039734,21.01526231099674,119.81690343746584,131.0049938216522,36.73882321024989,55.42650096360971,89.28169625657812,36.751675918187814,37.24191290843847,89.23705660274449,36.751607019366304,36.76488641672966,89.82205589475451,22.215859311210714,60.068469096955035,75.17111063288935,31.90270351160388,73.1018175952305,84.50224805996245,23.30752779054158,66.11455798543099,108.70144076690282,29.260067175144716,48.40259632760497,83.62126096183985,29.557471797889228,48.46177295383764,77.51196736423076,29.557232009958444,47.298747822058836,88.11873346858182,39.36014156031221,39.55079516481997,43.80622251946552,8.302487842672026,96.63808307880763,106.74566019006244,8.30246500023802,92.60654560774148,120.55673527053935,32.28764881340912,62.9781347372453,92.16036690746017,32.29399740309204,55.78210161788608,82.40743076229292,32.29399731374941,55.93776100578347,63.01500564144851,66.63480770689058,73.35274939236189,37.63237079980428,82.94399102822267,38.37961846266708,68.51267986442882,38.23437431109211,56.7211353223448,71.12065593261424,79.87016725644267,46.18612263284717,61.014381353648695,45.983981003164494,98.73502283314555,45.85419338054685,74.97663889795328,33.71735599007386,99.24930351081163,33.6104987876697,71.25166656030102,54.65527533988918,105.01877210590942,43.98661795225012,78.40368222402181
19.0,34.437497731397386,60.78005894993338,97.4971573759177,15.686010062486819,76.28627411004686,77.51438990951826,13.244738657024564,36.73449660495714,129.26343624081318,12.684865877164649,66.0761027196799,67.74563204445263,12.657419036982224,57.01179487103982,77.4090981848387,12.65741606289175,57.46347259615363,87.56586703613154,21.156116136947254,57.64854533868479,58.84149368104608,21.15737327295553,95.04286292041246,112.3679678126903,21.156116136947254,113.02954946744875,122.17243570758079,36.924797569313675,40.13164184179936,89.86996402500583,36.93439137925926,37.606789577682626,89.98349233360042,36.93434527773603,36.951336241061696,133.69786831014915,20.927496168715884,58.78530056567704,65.49220298570272,31.598672133580287,69.25774064159796,105.41649038591855,22.0638333893036,68.64270041309867,121.07622111573835,28.573000776506557,47.67283668514816,59.023076675881164,28.64442822648204,50.97387783294409,75.77691006555492,28.644363258524233,47.57684573403327,89.82846755823948,39.44111028715419,39.725316216585895,47.89769341131334,7.87627374201071,105.50173538473058,108.02684856474625,7.876250264040532,98.50110730533613,114.15800089879167,30.456058218691158,63.35651314460202,87.57197167108038,30.45646372755673,55.9748092894644,85.8066044881895,30.456463728089528,56.18931388222167,63.26727489275963,70.80444958973463,99.30243994596601,32.94724341835286,69.43375835292234,38.40143105694194,87.62004537664541,38.281656548727675,57.767725109682296,68.1800834538382,75.71191968300334,46.903091845801534,76.62110809378282,46.708509875219605,96.7886949921631,46.27308465598322,67.80302276971706,43.471823444559675,98.98697544800251,39.04554177997476,71.24466555877694,40.10913328489242,101.30955310203265,31.696992800506333,63.35340537699174
20.0,34.63424887901756,60.98188266890194,82.46602928684027,17.957060242655984,69.89393276290957,82.97764906724288,13.33849769413728,67.49955075678938,123.57785218342153,12.648779972604359,66.4691961284046,77.05061937583777,12.589741981556564,57.6662400419075,110.89146401782898,12.589742755719186,57.823325338582066,89.80411700596171,21.25479357697929,57.03828929198696,88.11142831433423,21.26293041765717,95.47953563155366,108.00858697923758,21.25479357697929,107.2022603993858,112.32206419916403,37.15939296976765,37.52422423919798,90.62134122512298,37.17467877601267,38.0495841212853,91.11240820003724,37.17463590955648,37.19712690517911,172.63796108331132,20.635661951812,56.98087726619044,68.7383381802934,23.44816219326298,66.57148754362188,108.76891410098891,20.869273059951933,66.9561726007915,120.31207835850752,27.94676971301085,47.92227265093352,51.98133951984563,27.953144472844894,55.2806447700175,69.29654700462966,27.953121859145153,48.90392764633647,94.14115422066077,38.1741516771458,39.89071196403555,50.11503126401216,7.593985607142959,105.09779498208715,108.07525997929847,7.593957719235693,83.28878774684691,114.32633787097284,29.0599397058996,63.75437703194718,70.46346664637954,29.04668499925445,56.10346033436747,69.87806013646625,29.046684995626432,56.46055323323377,61.57176478232008,71.13453398737387,85.71147050314414,33.079937050924485,95.59682234089267,38.33050734607898,88.14938938372777,38.329202455751414,60.84144422474348,54.85673424600431,98.19876506822482,47.24756584788149,96.66901933874115,46.01170785658761,84.05473322969246,46.89917387767544,66.26161791404054,54.8291277853103,95.8828489754541,38.69445342250464,70.38901245454677,50.803440823754634,98.34074419798007,34.63561255769108,63.49434786620663
21.0,34.83998593464072,61.61633791619344,81.54367221802521,18.9642879475175,63.33038773777892,102.89132556123144,13.38905055373863,94.8991488733056,125.1333688487002,28.71530590708557,66.883754381843,90.9581195477391,28.49992231552241,58.41920071060899,125.73998111428496,28.499927088010825,58.240934951769944,90.07215202992529,21.40984002742664,56.87215280213508,91.83802617230629,21.44152930464693,84.02775533558787,105.5187593262138,21.40984002742664,104.77921425208126,111.84352558336644,37.174309962913426,37.45560985807607,91.54490415801288,37.30779159600402,38.71549631278719,91.8194775484574,37.30746882103287,37.4034256452534,166.69399660835728,20.658170918900044,61.42743995373947,84.08710899726421,21.18661102713437,66.90030205283382,108.36892771161041,20.57560118342407,67.17779801829678,114.99374869045914,27.38992887019425,48.33395346076868,58.912973141684645,27.377072068220993,49.547996171323526,68.65845340718181,27.377065577824908,54.56376860280127,90.30233566250963,32.15942043260024,40.178853330935254,59.4218335824107,7.173433789660584,102.75869860633769,105.54123077225115,7.173404503085736,40.756479703701814,115.15512340659863,27.680434159200292,64.17370051140766,69.11385140595667,27.64581794774754,56.30245864731049,59.14159257484321,27.64581794774754,56.76611609331926,58.98334855230823,68.78876311648466,104.60342109117785,40.818875995569556,93.30242175418165,47.738504183916525,88.71502039611933,38.52860809844844,66.62388011792626,46.29870461449994,99.6666392032161,47.330571639975325,94.49297928471766,46.35132217096728,75.7961128286073,48.704200065616014,62.00978697997117,71.12250340134976,91.2382247198092,38.87958903789944,65.50668000633502,80.68540970066333,94.29703661289133,31.889074810166516,66.23589892792911
22.0,35.10959392965303,60.09713363647064,88.18848973241732,16.197277082949675,64.53545770188481,107.25954740419729,13.496663420829206,106.14369463126881,117.2771018514127,29.592906400279407,67.14946089495339,97.0507165310984,29.59239068112174,59.029728521020346,120.71303511982767,29.59239059370274,58.72837399967728,87.41048928877842,21.57316040824802,58.17542153477773,91.42284499231465,21.661385688312972,76.26415508243215,100.93052090344615,21.57316040824802,100.7598797198891,107.26883729710828,37.3032400301164,37.701941663088455,92.30267304912294,37.511963498867324,40.05561307860803,92.12314979149846,37.511219746429994,37.67315025319757,155.58358247277374,20.923631646830618,61.02583247957436,103.5657530584961,21.565154086803076,75.4976068144473,108.13114927287435,20.574544663789677,87.03658938577475,114.15169284578907,26.573389174404294,48.61035970451159,68.01522736040992,26.55080798301958,48.70582135546038,87.29015784808468,26.550805246237193,52.78172152975687,86.79486850906021,19.95786632868509,40.43861366242272,69.96063536445888,6.8950859598066705,99.93698124389155,100.93037610577616,6.895059215957384,40.51593969194082,115.61669330493577,26.58239737995823,64.60687682582113,66.12879961160675,26.532833433314277,56.5425697558291,58.629264104054414,26.532833433314277,57.101445403163105,61.65678678729837,61.90394763281131,104.1462181236255,41.96144629596162,102.9934452293704,48.51187531679591,82.60357976282354,38.839257104076296,80.81788952842352,46.48029192029509,107.31402822025876,46.805986032453944,95.30135425821389,46.61385312436791,78.04482890007073,49.065600838781016,74.53144830589065,66.3478779982133,90.10515359969769,36.160088507862845,53.98947976742971,79.1608150113846,88.40632531078455,38.745131833388754,65.59049163503586
23.0,35.33261134458189,57.79722226643858,79.51241994134774,13.907584698603978,65.01173752088434,106.19650905250651,13.611235899618293,104.36297151317305,125.54454410082239,29.80744616799697,33.6128457688275,93.26308267921057,29.807359469936145,59.485339590080144,69.18792058760437,29.807359476472595,59.75699432939129,86.56062267471958,21.686522675886977,58.34502353339481,92.83292120784596,21.88638975050188,88.266348987678,97.71461277680086,21.686545368038683,97.66787675461549,104.50578605092753,37.257796581004364,37.97455066170959,92.98282625275974,37.61621157667666,42.1335303686415,92.77772343705578,37.614562789111076,37.95578019221842,81.8373742584068,21.821434438362033,59.1185450686747,104.72244946091698,23.076321677918024,85.93185436080493,106.92188150207916,20.632393302495647,71.49007644969784,135.7472738385882,25.484425651264033,48.885704838831955,86.01530213336548,25.45386468533548,51.74094559254011,104.12270633905935,25.4538637769822,49.456627449628705,85.75531732691849,9.96015250822198,40.71640194730751,79.81069412365197,6.618569114502438,95.99093679420906,96.07840297927972,6.618546861313026,40.70091461379144,114.09561811731504,25.506438398230397,65.05925360071888,67.66563120815597,25.42776533634051,56.8106962754085,66.60586771861372,25.42776533634051,57.4602411661723,67.7643897344519,63.941728962206625,102.8800831933433,46.119312810407834,102.73224754100143,49.22204496884882,74.64071974876038,43.89623177433297,81.69539715470633,46.697261089730596,96.18945128991463,45.94012799527008,68.90817216667735,44.87483511373831,78.33396075703807,49.40790785180103,69.21129425864144,75.44758456922564,84.37972289679168,27.696249948121043,51.375882521853555,77.34244508611418,101.9077627575218,47.27385733343853,70.68776716839204
24.000000000000004,35.62313687791589,57.92050108074374,82.65432555752373,13.797073391335436,58.491666350052746,104.40146930585892,13.670518435986034,100.96732016450405,130.19168872023158,30.05702552271153,37.902378581147644,72.42771613154368,30.056952566735365,58.9275561264664,66.45309394091481,30.056952549642492,60.81539853260319,91.62696927446865,21.856312915135106,58.030333878441134,92.80942884766496,22.19013658379987,91.08886084281957,98.48573893942675,21.86093093979536,98.422771703155,108.2440141358527,36.2984957127389,38.26740572751921,93.6305102468465,37.076571681871705,43.87319050891745,93.88515293349832,37.07150802478593,38.25102939791294,84.56477261013767,23.332529653623574,54.442556492588196,104.21675730043376,27.901336255964157,98.59864992280818,105.04986020273893,20.73071709311598,63.875962389240804,147.7203717438757,24.892958346804377,51.26076049414575,120.97633443457877,24.783623114215338,54.419355944506,106.43428157902969,24.783624155903972,55.87240505053012,86.51608930090113,6.801767380518692,40.97669663888678,83.5365848510607,6.344213807934994,92.35739786182175,92.3657881047547,6.344195112324979,40.75063314781578,114.86309638624505,24.58390100265354,65.5296079638875,70.08811013647461,24.468168096529006,57.10351853013854,76.17714462301107,24.468168096529006,57.832360304750864,68.41542415682807,58.34664241261037,99.43199976245407,43.14345951390811,99.40806465106472,49.85893156948259,81.08055457418864,45.00573441639421,69.99720379810363,54.33303601772467,100.80845590004303,44.74166227795234,92.4097233761965,44.189152743731704,82.50455270040607,47.936303835187466,66.1813901636991,74.86331852082819,80.94198674386234,32.971585530079544,65.74953425131892,77.0607219158561,109.43339538797335,47.36950352453792,87.57343451495262
25.0,35.853846655925565,57.97894330710053,89.34514249562511,13.828851764435042,62.49312860935666,102.14969111285919,13.793452789170965,77.38436922229704,136.58526944482793,30.30301983470428,51.46165654672397,107.59029112260127,30.302948877079668,59.19694761184853,107.67968816949453,30.302948836550982,63.58654613006448,87.71200434953198,22.036676513500023,56.63307081932413,92.53948930442044,22.50252336594605,88.6620130207398,99.26325507537146,22.044226020853966,99.12485233561239,114.3299657941979,32.95989784067723,38.49770266137359,95.40129220177624,34.17856642417746,39.56163018733378,102.6767615632502,34.16710703928497,38.496119934351825,94.71532418395147,24.486014737120495,54.368430303086384,103.3028249304838,37.544628657000295,99.28072498263616,100.84936407161459,20.810333882740952,56.42277984317519,146.89580166044632,25.438022920902803,94.38640283829768,123.68138747404323,25.331409188379993,55.24280493762709,106.27028755880964,25.331412018526116,49.518733780487,84.25119814858081,6.244649879476047,49.813497490588844,81.72663050770026,6.207816514962202,88.80596826790416,88.80632261744016,6.207800604287047,77.56169184481233,138.54949981707261,23.784974318157044,66.0804906912774,74.04094402447873,23.651770546832218,57.44238420497715,83.68940807349824,23.651770546832218,58.23624026077768,80.4809082229537,53.114032365748805,95.57301446160838,43.80241653467922,95.54508173224897,50.22915353811342,69.83301838991997,46.1059746556547,68.83475677592637,54.13959200750939,95.71450773088762,33.80881461690429,93.6677212584689,46.394812953478116,85.73065148502667,48.53095411577281,74.04192311982,73.03483399248482,100.00884738459789,37.55204197436104,106.70438250784468,76.41680333967508,110.26290351605083,47.1958130007675,98.82948197209285
26.0,36.02431949124061,58.30733445388135,96.4251942200857,13.928758744601655,71.31359031805736,102.73910459766002,13.921953338762638,46.37783257527635,138.64684944847932,30.558760014525795,107.94603292500682,108.51093289541083,30.55868495770444,107.30468230174186,108.55006175895134,30.55868495839954,64.5808128337597,85.6122109387948,22.226156076992673,61.213327576316296,99.45295442203015,22.935841755299688,85.44039900523502,99.95274400432281,22.22467878200848,99.8036928755728,119.52717909823004,30.601525570372274,38.81335143993621,106.87592649630487,31.50757792780665,38.879913171785724,121.08091729072468,31.49251566007498,38.81335143993623,92.14815917278545,25.064009930811515,59.69123203002182,103.48087434895702,43.388053379114645,95.77229536327859,97.10147157072589,20.941765419727837,83.29400622551803,145.46885334271838,22.76245342650515,98.12526269896512,125.90865901927077,22.70736758943309,56.14732878061533,104.17519792321376,22.70736755204733,49.32267736022782,81.94991163070115,5.9394050635813835,75.20853149777626,81.47706394218737,5.937277347691647,85.5666187832615,85.5671089867397,5.9372310178337875,79.32543028185565,150.09813939949714,22.778152945876943,66.58927686394942,76.57882077155158,22.707295083298668,57.800239340438324,75.94092613263145,22.707295083298668,58.66937453532439,83.86164778552192,66.85377410989264,94.55342395898764,46.4162825722153,88.12878003770815,50.19562694133355,80.32913450325545,47.68188929823545,71.57277899715136,59.8180128055859,92.26635865567806,32.84252117596043,94.3746148856815,49.87552285616388,112.28482881144987,48.3461972439479,111.45051313646324,72.25131652029737,98.06367495249039,37.92720921013898,90.99285665400629,74.41498028213347,109.21984208309712,47.598174089641326,106.63086859363835
27.0,30.166380958898625,58.85527674913528,91.51918759585195,14.0571098279158,86.45784658191297,95.54951794376544,14.055894645760224,43.62985856389163,137.3428674359149,30.75594025590059,106.8820059063903,109.65256441191129,30.755748338769507,102.80330599253851,109.67775007127696,30.75574765728904,63.19580392153999,81.582549182941,22.43639933235015,71.3109495423092,100.73277814483578,23.879468969608897,82.25781443579014,100.27535050822225,22.335153474334202,100.62255628038419,135.06676695966956,26.488144842546006,39.142384316748,114.03198973757851,26.608968539964415,39.15067226330649,130.4160990074481,26.594058328573436,39.142384316748,94.35086441848898,25.264016658860093,68.43261796083944,99.81198810948563,28.134471182746665,92.72157681751926,93.75705301339909,20.921887018068002,100.63546081538595,149.77123700638845,22.116823583251435,77.66243474664181,126.08719079906176,22.038517418374585,68.01241955104454,99.40350300422621,22.038517418374585,47.724273378592265,79.99021928279932,5.803277202300048,74.9147207405166,80.28990966713648,5.80328497739946,82.4160254440846,82.4236106007987,5.802998810677128,79.5515810148715,153.38578074248568,22.060058764228668,67.24997479683964,73.81944325811342,22.038517418374585,58.19697537918977,67.97097181745212,22.038517418374585,59.145112564090546,81.42534201572656,86.51808635381673,95.42987580716049,46.848068098846525,89.39090827375452,49.373950799303365,105.98948590538147,48.61091003313153,74.48579234165747,60.65129291640875,89.01348151536988,34.7529998375213,99.5389533306583,58.20089897980782,110.38106481886778,46.372863982038936,110.0870248519101,72.00178891971288,99.294014080572,39.487041872850945,93.78022737957045,71.91604007079579,105.75985128648416,44.142594756647625,113.0963147345418
28.0,15.30179566956164,61.71685342490411,97.85377854617158,14.126841251326496,88.99258285661975,92.12882843858829,14.12424712898171,70.08451643779145,136.95343408563224,31.08730725243711,94.08737327022804,110.93054843053007,31.08712894421619,74.69636715140868,115.98838171155128,31.08712820745129,63.092365534209016,72.0287918275478,22.575751618977403,77.19452362328651,101.29162632724017,25.539356794739344,79.21143641391764,101.4408174663102,21.775131428906114,101.32518575637829,143.20260978856007,25.30201092570312,39.55238614799365,122.89822630065437,24.652810100995286,39.56795193495942,127.87371582927861,24.640945740475065,39.55238614799365,113.8175742701461,25.577414278264786,71.52611451532195,96.32823665078814,22.541898296563566,93.18560375360032,96.96604175704451,20.99703119299725,110.4545076350619,137.0996322883794,21.366871080764113,56.77832901783577,97.10359045987121,21.243145953459905,68.84514256513856,96.00730320575632,21.243145953459905,53.27183756806154,74.70852453718143,5.537291292614601,76.20912394228603,82.1596939881874,5.538412653867425,82.02168158481024,82.04604377207174,5.537036545351907,77.32421553960371,153.64818213430777,21.243145953459905,67.86741850550418,71.23231975185745,21.243145953459905,58.645151216174604,69.75458742821392,21.243145953459905,59.67492736718804,90.8793986624761,85.79069567265928,95.3563411689353,48.43563210677627,108.0784619447301,48.70763174503011,105.93514562254384,48.47334354125706,92.04279673586076,47.31844195249622,87.51792120157907,36.81820368872641,105.28992142402072,58.673396104955245,106.23011739469666,44.67539246400684,92.83741952357411,69.68481058732232,99.9145524793967,37.30056380121677,113.8059444751325,71.72972171072895,105.64807450440522,33.03300334790785,121.57634645670957
29.000000000000004,14.64213966644273,60.88199563649053,101.86271737259133,14.278637528081697,87.14561525474554,90.24225180630663,14.26558746248959,71.0683744292911,143.37248546196722,31.38116551838167,99.11956423108262,111.9427189647519,31.380957917576012,69.85809452627427,127.6573342111205,31.380955744668228,64.97852659941272,76.83358072141681,22.78741428947128,76.19530653166672,99.89294472707138,28.186494005405457,74.0296692738868,102.6565040154615,20.905512665996234,102.10458349163338,145.31234697602017,23.196385632203445,39.90634348070492,124.09889717995696,22.243433412629102,40.0306042119788,123.37450331548509,22.236545095993687,39.90634348070492,117.59601456902928,26.703764628148818,66.44505868343617,96.34179736821511,27.530719017565875,90.03702391672961,113.17068223825709,20.062991839069294,123.0001414696557,139.57329950714296,20.805086393857554,53.46700180004577,62.486160883253056,20.586919390719924,57.1886771713276,92.87797237026668,20.586919390719924,55.91458248652694,71.24600699103077,5.405777726627201,76.73166123916558,82.93099936521428,5.536651782162099,82.79947239775596,82.92576363930249,5.4053873590503585,78.02327749963257,154.99747420889534,20.586919390719924,68.50592939349015,73.51088349981629,20.586919390719924,59.11412536367256,93.51428022702093,20.586919390719924,60.2954479805578,89.76686469195089,83.13603825726399,85.03372954957595,41.277156829175105,95.47101514237087,48.087074024239556,103.2369459600591,47.91299409528532,92.28008730611576,42.90456779783922,102.98788547373574,38.613276691644494,107.28453189324372,44.943554586505826,107.61426981315884,43.673905843361105,94.4183704776059,67.48422154758829,98.30035150807495,35.8238370494627,93.90202430595876,87.4377396541267,101.84836192259527,38.32351117255312,125.46541482977746
29.999999999999996,14.505095537506728,61.00162884578641,97.359016929025,14.49705053140451,84.32522065137266,88.9056969413965,14.410787023287256,117.84191637509774,132.1197729134332,31.67340436082006,97.54229852449107,112.54298488273479,31.673182446310523,89.53145961458097,99.28808264280019,31.67317931759248,62.517974631377136,92.7263154790698,23.079780111604183,72.32215125198346,97.29006616129341,33.15163893826575,73.40532291421793,103.61486868227712,19.918816211059514,103.03084954617475,148.90801802040647,21.77593848718647,40.283870458532434,129.2263880397471,20.74213432115473,40.27718422006592,119.97090773932692,20.738784879645728,40.27696786431506,117.6096374258776,31.578533338176825,60.87294026442201,96.82942427248159,27.831347083672004,85.0561151710675,110.08240722057268,18.559276536193323,123.84165643236855,138.24923265857313,20.870225103394237,55.576302949132725,94.23445450591132,20.066670127352968,58.14143266340533,92.349875228754,20.066670127352968,56.418371151057414,83.96898228810164,5.27530210390036,74.81985823411034,83.61535474221196,6.589388057415775,83.47084600782217,100.61839048376032,5.274717703474348,77.62951636137858,155.75391864594042,20.066670127352968,69.19145737859938,113.80015431663976,20.066670127352968,59.64563927495218,121.96930484408048,20.066670127352968,60.98429738346045,88.77798475757812,80.624588152342,81.0943121019533,41.016272013160226,82.10514135143404,47.57087946807495,100.05596378972943,46.03717914118671,81.19922399871606,65.91191376816428,115.21058709899943,42.83063131868494,114.71382301182285,44.18954501508609,109.54240539586793,45.06365027785274,75.98996573319168,64.82324858805907,98.17503780885345,34.02315617789076,107.72405847126828,87.76105853301479,96.50199763239893,37.7838603263688,124.75623229097798
31.0,15.387366087054469,61.50873904956643,97.34436384326662,15.335704114230472,84.58077740584817,108.12496324912232,14.56061997825641,117.66129977979786,127.21433670372036,31.974007051696262,99.75216819654254,113.68526468830649,31.97375220745942,87.1677397463061,88.738384267457,31.973747413918296,58.73206716160514,83.10690222956615,23.306785492641406,57.503117930701315,87.09112772335695,32.596711473806174,72.34759727803461,104.93290543304582,18.80461423003012,104.71465591451143,139.85215050480605,21.010971736295467,40.950089836987075,136.23299528232891,19.94694760261442,40.7385573111083,117.08380797298912,19.94490282961174,40.722877315778746,114.37061578178755,40.63477492806662,68.28860529940803,114.19633647433864,23.76579234846004,82.48008743667579,115.2337447359284,17.284283522186744,124.61111347632095,147.06112082832595,20.279011513812815,92.07848233342628,97.05964262181269,19.422828063904596,61.480226386961874,99.862922309474,19.422828063904596,57.869234855403526,88.73503173707425,5.145824977301973,74.53219664811198,84.59337535349185,13.944676690464876,84.3902564601948,108.26233938060713,5.145127718583307,77.90724897428876,158.09960889036017,19.422828063904596,70.02718682363212,126.75003773558593,19.422828063904596,60.21491339080551,125.33335058939231,19.422828063904596,61.648601042428425,87.82793153111129,49.79807109627167,98.66541179050711,42.96889934364583,98.30904892300379,47.53549317560474,79.22141904170996,49.371283928718945,81.52867362859328,77.28147587562486,113.416473957716,43.87980627147238,113.45600031180024,48.05769580505589,108.34495410724189,48.97843633424012,94.61970456884133,47.560581603899934,97.00731385421663,31.953564379770754,118.9353121587496,87.53539630458857,109.18450258118399,34.8482670912494,134.2552866485609
32.0,16.64894349674391,63.5322745533702,101.94244435816249,19.049020803035617,85.17795158473996,108.65015638922154,14.728695372103498,117.77231129673437,126.72997835182106,32.28336546588597,85.5850496465074,114.42880710964889,32.28314993709821,66.83420070111575,93.78890985547147,32.28314403976149,59.54440819588631,79.3650067614003,23.54020496937102,37.032470224799184,77.39162214540305,53.47559460889035,70.68095712503762,105.8790053631982,18.195983502986053,106.31604603980105,138.7375397094237,20.087155949296996,41.29612982540478,135.79293378571455,19.25384193226618,41.11459994261296,114.77412120792488,19.252888061839222,41.1110090630642,112.63221869709783,41.820731268030265,73.79320486130763,116.12330784914825,17.04567101454061,80.3543576881316,114.71627671252186,13.717335837389989,121.39741298104695,151.2579619847818,19.225677488071522,93.71252524663488,103.89619220899422,18.91338811530076,63.6286297033272,140.84081068935973,18.91338811530076,59.39908410984578,89.37742348497963,2.7278919367081516,78.5481155409497,85.75061764548919,44.81419376916762,85.06227063695785,99.78408550196465,2.727034821570994,94.61106332911346,161.35397039511852,18.91338811530076,72.20499447135998,127.99166366172244,18.91338811530076,64.15664609292027,121.70395220161613,18.91338811530076,62.235386827029565,87.12215155352757,42.82389099648602,109.3519463396517,46.326750437544746,109.65639042310886,47.97195119618357,79.61960121902206,45.85629456942948,81.61110849677263,75.77401102004897,104.51883717988694,44.32756303679949,110.6918566201424,61.78472234960655,99.03856709434035,49.01625609167342,94.27602319512403,77.80647265343698,90.85555257774112,31.63042671643116,115.85455285964841,85.19730404271688,111.55097407034464,35.56264571016755,133.94294589776672
33.0,14.332477307270155,65.47338646817369,107.06805317277421,19.21599289875445,84.99513765405874,107.25403680332398,14.885582132901396,115.77607060640959,119.00126289882027,32.680005883430034,82.61880403541079,87.67624787589936,32.679706689817664,63.83916265985966,93.8137576378522,32.67969673343268,58.005496021743355,77.59705757991057,23.779849663107626,60.986919140590246,72.93998962288997,48.8382172528949,68.80061067227753,107.02897190897836,17.88019942883528,109.0315274267156,139.12843367726938,19.282229031048967,41.645239761816136,126.52370082507142,18.55443620055975,41.60259977720073,111.92273067082681,18.553751264431376,41.588835641311235,97.37019110574776,40.99652881909373,73.86440345866977,120.84675230117205,13.732025523277025,78.36366158259895,114.58703940554102,12.309905111898678,117.22991375678156,150.59764485473136,18.51206867996659,93.77296489224271,96.3299552622531,18.409406562950366,64.44688314969713,122.55993912318185,18.409406562950366,61.62419071070143,90.06710373309438,2.601345789156465,82.20196635323002,90.61293058169063,63.55194160224128,85.06431310353615,87.81882230618373,2.600305296106561,127.37892585638296,163.6039003779201,18.409406562950366,103.25858075977537,128.82720172865797,18.409406562950366,62.23105219852678,116.22289923722698,18.409406562950366,63.25239165607395,86.53606837256615,41.59221428274828,107.31720298318444,44.68336998514135,107.22518249850319,48.006416152312354,79.28846422558641,44.51968380507627,81.20829128753367,73.84332062407043,104.69330754695646,44.76635020421129,107.17959884294503,54.56039451248911,102.47692210221851,48.563943572271285,91.92752535943755,80.76413050563373,88.68987196903888,31.104705339653396,122.46272823582302,82.92105906991726,114.12405904581715,43.53871084696302,136.22540100956897
34.0,13.943906186186,64.8638116776121,96.84118664272786,15.088540354806579,79.32333739518153,94.40712536976028,15.040032788392466,112.68502801171378,124.77055005607218,33.00534021662165,80.36614044078983,86.67350698042779,33.004914824302965,57.85375478406767,81.60673255743973,33.00489428649823,56.747694331515405,77.05042394778596,24.025533292728383,27.66080643919642,66.26276135130955,21.83795791118213,66.80634968523648,108.03447174635602,17.86782080250334,119.91757218752448,138.57376863312155,18.778431119721084,42.08647720186348,103.56709798439509,18.285482129306303,42.08100390338297,102.29989213506018,18.284688581233656,42.080948777326775,83.30234207493908,39.9840762672997,72.80739774493895,113.58417651504158,11.690820317574836,79.37358504366519,112.65563603981155,11.26426526604846,113.09636507544236,152.96497225553236,17.95059847590961,93.78052880930936,96.19461497673848,17.911344170664577,63.10253628097519,98.0715514918947,17.911344170664577,63.30505220014692,91.05720202358721,2.8095152661284932,80.97687028429921,122.01260135633103,62.55116591953986,85.71115144775445,121.30259708906479,2.8082968313373153,126.05317033480831,130.82806823321383,17.911344170664577,107.46027832536663,129.7020865194175,17.911344170664577,64.92126893459881,112.30279902237919,17.911344170664577,64.44639655592789,85.83660241476994,43.30494155080254,104.30436613501196,37.2876535228042,101.24360665338132,47.75262584161875,73.50306532190906,45.146763489263996,80.77357012902716,71.99801600469338,103.36620532096572,45.29779798928154,103.67355206900521,48.15931771847876,93.66904314849526,47.32860404946766,89.61065486715353,81.2744337887386,97.32814791875376,34.880238487279144,115.60169945529022,83.07293101586198,112.63048085243685,44.389876450786005,136.3613524843479
35.0,13.724139151044206,63.935532291946124,90.40892179949239,15.21006199121265,76.08962641429807,91.25535919922422,15.220575713893199,113.29515929561907,135.84639593822078,33.422416663815795,41.492963732250274,98.54688677289158,33.42191469149754,59.90142024538847,87.21769578336738,33.421881862740136,57.97713073692216,76.7848787762763,24.362188941061923,32.53037486724677,67.55452784904419,29.786539487409115,67.14227770380131,99.15874339804292,18.043121285470104,121.84367104717145,138.3007719881569,20.522215552682894,43.91056905189672,79.25532119365327,20.30582869986288,42.50124998161818,81.96517532457224,20.304535431980355,42.50124998161819,86.90409269078333,39.021329674688346,74.40117244170584,110.01698243348525,10.358628056291696,94.4145171690244,109.6946008623148,10.164192810852597,110.7505358996105,143.80387870004537,17.562630235605717,92.5461894045093,98.03742578285107,17.54198534944092,61.49592179545177,92.8483943148736,17.54198534944092,61.55345025396413,92.07451658372516,3.0184614576368634,74.81254643280603,121.72168480225398,60.67264410334705,91.56786808588356,121.25503370456539,3.016873219522653,117.31626946829361,131.579788882636,17.54198534944092,104.60291201509979,131.25899901979426,17.54198534944092,66.98323398899758,108.76172469629644,17.54198534944092,64.6710938909757,85.09410604785111,62.65039592999319,92.93954632525808,36.563570852847285,103.4805448698311,47.68279575794516,86.30263393889761,43.07191062172321,79.3671542341593,72.5936258569815,101.73637635814504,45.963084840438476,102.00631454507295,47.42612181196251,123.24267304807928,46.86769563926797,98.06933540831008,78.01988853688948,106.59172777222253,44.116547235589984,111.49124203829055,82.27446773994657,112.71511741693493,36.91706335072974,134.24555191139487
36.0,13.743483657377993,63.12179935111027,92.07146144871497,15.477239900358397,73.26113849154885,94.73825154488813,15.560992910764131,114.68604777476479,137.56487677033033,33.848158965579955,46.41960405528899,124.33618027963585,33.847373053713746,65.03491997092046,113.9637668527635,33.84730643409175,57.65993678955185,76.70869960810958,24.621256060566854,57.080657411109634,68.62857259725212,37.94319390327904,68.00727715378747,103.98101670787675,18.19686680082635,122.19997538039667,123.44056350469498,22.281508004093755,44.70522806176778,105.8474849567382,23.05247382847855,43.10874310288609,93.05063964145427,23.050003482911276,43.10471261938768,93.83666296350827,38.05011080393975,94.94756964908883,105.15270507750658,8.96132081995749,84.19410231552166,108.86004630500935,8.629395738877093,108.92308403825228,143.87805726494253,17.0706558207043,93.99983051960177,99.6072476946965,17.055534292422504,73.81009485890073,122.79327943754282,17.055534292422504,61.922788984435684,93.6229819079624,2.6875856557465787,71.91027525514372,121.99472810875781,58.80980813151431,100.24402588251198,121.83327107842118,2.6854239469175707,59.24749830038002,132.5884047467673,17.055534292422504,101.97933609719473,130.37718378809276,17.055534292422504,74.77614745160123,106.06245055756321,17.055534292422504,63.53673583019263,84.38610736913385,67.7979139338241,82.79078536457551,37.01029492889433,106.94280979263317,44.77342310412154,85.15356285977808,39.37466185250522,78.5560883723275,81.69596222019364,99.4570578617693,47.41104320254542,100.73727813742065,47.85162201022869,122.9743865366017,44.23011642261687,122.72195117999702,46.419337057289354,106.76572796762666,32.88941711295173,114.41371259579532,80.83054712770632,108.6856678269361,35.730644927069946,138.91623956312378
37.0,13.914441633038134,62.38988763859275,92.0268176834065,15.722116436228989,71.16558092911782,98.96997506799646,15.823065523400361,115.52698416925216,133.20120578314842,34.27163091437138,78.44988546144624,114.23886687352132,34.26939080331916,62.49985522856273,99.04146189808412,34.2691598545605,59.40619703253398,76.88529916588291,24.975112612358725,62.53077949380383,69.67408140569341,37.0071494910133,68.89608724816752,106.91654738073822,18.449341808372367,120.7928581461934,120.9993863443885,22.809494935435975,50.51655390906128,106.87026849502645,24.824918212014385,43.67044588072635,106.18588110056787,24.823442028395625,43.63527325513846,98.62392646256089,37.09414028428192,80.55072582334196,102.61330612777684,7.861370579247911,80.94095310513589,108.85234524021097,6.988434581958539,115.45231570753603,145.87464222896287,16.71129092099408,86.60139402595873,103.85759682299688,16.695545813180235,74.57365904603702,91.5713708543787,16.695545813180235,62.04401927061168,95.29281090507314,2.9159713203238047,71.20636789927164,120.05984613686196,56.29334244621816,104.65558035605707,119.9542780282,2.8950922233433434,58.85125768034795,133.7487719498144,16.695545813180235,99.57258328051358,133.09784961567064,16.695545813180235,88.86756879839689,105.70708609305537,16.695545813180235,65.26518074501826,83.60868892750459,66.56272283142188,90.21375427648995,37.17326300347351,89.92880998951857,45.356771067985825,83.16949717215401,45.261673566053204,77.73415903214487,73.21606868940832,105.87160172688348,48.07520470172781,124.55674703632428,39.87253849875559,120.3511976439733,40.541120529304585,113.90592381526871,38.376771912160315,105.98499131977522,31.75035071732819,126.34219457817252,84.93266918664256,110.46013745792028,35.67478471335163,135.29782468672462
38.0,13.98759536435012,62.91448145246922,91.15070212568654,17.360527404320198,69.50570458396469,99.66940403143855,16.2469376419598,115.29930591731015,130.57558356475076,34.681636121037116,79.48338884692956,96.12474663809925,34.67210768293489,60.064329569578405,79.56294161823146,34.671328058814176,59.79954452749563,76.71821161826618,25.24660868314792,63.107621515587546,103.93261274552422,27.546695582747816,69.81939919649727,93.0478842138379,18.71972557774441,118.28090653998706,118.35156826000566,22.91763702812593,69.48750889293935,108.22821765664136,26.15476262227672,44.213638018817754,107.37066829277188,26.152824728165257,44.17753172560074,91.17081377503735,36.22930744800138,80.40174275312215,126.80445854485409,7.598781075184166,82.63823045421188,105.5323730449796,6.7917422631289455,129.84479451384047,152.2334351280318,16.66054675274359,73.38017653893651,116.534021831114,16.340019889828774,73.28785230012127,120.58370597543397,16.340019889828774,63.789080611644366,95.61403822033692,2.613402529958131,66.94327303264953,118.73051601347132,51.03893408625822,98.08077676039555,117.74416550993878,2.5654688121775067,59.62028984660851,135.0880865727857,16.340019889828774,97.54587218949129,135.11944155459727,16.340019889828774,94.376178421852,107.68661975754272,16.340019889828774,64.45204458187062,82.90751034112049,65.18529661072132,92.27403928084122,37.436540795834986,94.46188300746164,44.526089230252055,82.27110262341297,44.460487008487604,76.71029177025517,67.35376751430992,120.72952509226954,50.01881434068263,124.04115639737077,39.41438611176826,119.80570740482717,40.44666075238271,119.67564260290423,58.98845923492078,97.28650914219173,31.867765421125124,125.51277253194877,95.48197975718887,118.01789915001272,37.54048489183203,131.42105943848978
39.0,14.910887960496417,64.2737374126237,90.94463863392654,16.98864826438661,74.28681790406156,98.43689184532477,16.720629701864013,117.1660148743631,129.9816372288616,34.99706819543153,80.59560900637634,120.86655467566503,34.95658679260189,60.58636704856604,90.50666279108368,34.9544204311674,60.58027310302106,77.13547446122305,25.616425394656453,66.53411403138485,89.24104822377049,21.009525833019488,70.75263200946353,110.27834883509661,18.901024009537398,116.304712931162,116.31810437597797,23.15669909045737,75.49937051141785,109.71655055487493,27.21084523034141,44.835418942588205,98.22152850767839,27.208788446138573,44.824247359754025,90.72429187498201,35.46396638094417,81.79716133021289,129.50130963499518,4.777995260662412,85.4186359884962,119.57671318652358,4.657739165813031,130.09863085755902,153.98720290006833,16.820445748591045,79.09137766328128,127.25027851881883,15.989254203995882,72.07229548157054,122.6099519047046,15.989254203995882,62.29537279941603,94.63758432094764,3.0351243307064304,64.72225104593976,117.19699181735653,56.043404310836586,93.30568047749848,115.45176462633293,2.9869479903472502,59.49783077006386,137.38204107853355,15.989254203995882,95.57610606003124,131.92028588896963,15.989254203995882,95.12486109477362,109.12549511084696,15.989254203995882,63.83261432269087,82.28169478146837,64.44419040641706,92.1190598024165,37.93469384002189,92.89847058168972,43.64823741123043,101.56016799727924,43.625496457114224,74.9133692912091,63.86010830844419,110.88521319778737,50.30436823599335,120.92989876527983,39.560634833292255,121.38025521041068,40.129176816389545,121.32682256363174,70.10592789205117,93.427514846813,32.15494163111364,121.26530791837334,93.35805352062307,120.50229485680565,82.66813594355882,135.33013599278036
40.0,22.690725191986353,65.62732238749034,92.6534298805191,17.693318962719502,72.98146683978575,97.68478937818317,17.694583386469358,120.22704751473569,128.83603821503831,34.911618718133646,82.0804157358621,127.66197028191637,34.73804739533408,61.795540827848065,77.26382657456412,34.732274108641136,61.84349774541591,77.73176799467288,25.99527784512811,70.51548832195282,77.00834228854225,19.72920439258738,71.87917320027984,111.2155270565183,19.18185386964432,117.83206467559953,117.83880395222741,23.170899960085112,71.0126192464925,111.35152118475416,27.921542067680026,45.48474628333202,83.51954923960176,27.899589493971,45.482575552778776,95.34750668934454,34.65327739934489,82.73661848276244,127.12397198263496,3.1491944130364917,95.6099953551115,126.05886269289161,3.0864427497570377,127.49066422504555,153.6336030388214,16.897332275184546,120.79060662873805,124.16767777561682,15.643568966191825,81.49579347677391,123.19051836874392,15.643568966191825,60.95740199513116,93.95056062459263,2.7014369519495145,63.9172808864102,115.56834986846097,56.95962543781921,92.92497566259887,113.13456533128688,2.6607938908818687,58.49235549526713,139.97502953491176,15.643568966191825,93.58052954224357,99.98415740994554,15.643568966191825,93.60472201141094,96.81687860267306,15.643568966191825,64.5247987232765,82.30579800388034,68.93382253849637,92.47009162806859,39.8843829702599,102.72140358152116,42.460418145284905,112.04759314528553,42.360717685325696,73.44428913204906,62.75240591909633,103.72229037651968,49.06071691210965,122.75287255897251,42.470001929075636,122.30503886222716,40.60749787667603,122.0817034846214,71.82483254079861,96.61619884048132,32.65128219400129,120.03659074267536,88.02854578388963,118.86194476236045,105.19378019239569,143.48137015325648
41.0,32.99143296941277,83.19384710383007,111.65251523473098,18.80615217177946,89.80388520054817,96.29296593873511,18.903533160127946,124.0656755169628,126.80094295899454,33.3083610811736,84.92110038543532,129.58398094488084,32.50304418843612,63.09041096060179,79.27614600111397,32.49046101125328,63.05739962861279,93.3495798885108,26.38145655569457,72.5071056563936,83.44397573846771,19.74370837724736,72.9514060019183,110.98461610439458,19.468934933061988,119.3909042586106,119.70579786739212,23.329118011341627,64.51163464319596,113.27153948791518,28.2102896761414,46.152131540354915,86.60356811921075,28.20900207267676,46.15111075072886,94.3118786590087,34.00943401338469,83.05834868714784,125.05760401403603,3.064550757188688,94.10888205543228,134.02983817353126,2.916126005234977,126.38820221380956,147.3128971081457,16.296859057383813,121.90181002313281,122.73335700001661,15.303308465818755,119.9584006972444,122.50776054125271,15.303308465818755,67.22161278101032,97.23956587016195,2.8983055273724916,62.29258487210984,113.73055639713519,56.52694802029005,93.02541964898847,112.43403393627611,2.895277340933327,57.3111084525367,141.8814213530972,15.303308465818755,91.66838602098773,96.87728550924015,15.303308465818755,91.74488675143841,93.09196656432276,15.303308465818755,65.32638979558469,83.87510987561534,65.34004265585266,97.98928602798311,42.47807696696952,106.45491243361488,42.87898946131635,79.79634677228158,42.89320060942436,74.21343955007629,63.73363929720575,101.93248682351042,41.7370016449575,114.47486726777505,62.697923651527745,117.255915497615,42.749888804884066,110.02653304190152,74.59374494409194,96.7950327008331,35.89977042642173,118.71522951621789,78.90252867000035,116.0433344344164,46.053536219783425,141.6200273114284
42.0,33.31943373859776,64.1498024099822,119.16994702624301,24.3725521660058,72.34572436653225,117.72781826212932,24.39794259747758,124.43694052716124,125.89115159980301,32.21113374476959,85.30631398205018,131.63434333058157,30.887159198260637,63.97294547720072,80.60257008070845,30.872450886294928,64.12671784150223,93.75289635858908,26.77594536146203,73.46801810507023,99.86089204835638,19.888606546120705,74.16384356805085,108.67752798021418,19.764072764532813,120.83155445967587,121.60344405339929,23.692153460215295,76.51353260413721,115.26429963491213,28.012311678936037,46.862680601978774,96.61513942976633,28.01090157255913,46.84646379297469,93.7704776829375,33.30984325090607,83.09089297382347,121.03727172624008,4.179716341661412,92.64216593691897,132.14132781615896,3.5119811592437813,123.7819829417275,147.052823488243,15.57300784261329,119.95143616409295,125.65593786117645,15.079663457783134,119.71158405911758,120.6233188918714,15.079663457783134,67.12237088275084,95.76046514936712,3.521724227397006,59.383345489123315,111.014381629326,55.90213359185668,94.21523272618299,110.89562052682203,3.617698619270455,56.0891396507117,144.01904159060018,15.079663457783134,89.88303005611219,93.45207575107233,15.079663457783134,89.95728476981424,91.52662385549843,15.079663457783134,64.84453938160559,107.4638737148318,66.6603269635312,106.18658054403139,46.36152785200821,106.40010404552896,40.89997394051718,111.52756139931431,40.90169476998345,76.10574065319808,78.31425281439593,110.45628450245144,34.817690914077794,113.88068179033652,74.04500121827775,118.19006309706273,41.806798835872954,108.70638581776123,81.98969305057597,101.48020593137329,64.07813369506943,129.34362993724886,78.61328198667802,114.90269206183268,31.57703305477884,137.39463697973642
43.0,32.836944967624994,62.79124079193728,113.28540824484277,27.637959290506565,76.59853646573596,105.25786668930539,27.605835959296726,124.49570953108889,128.91999049511003,13.088945800863655,84.2682914216805,133.41889221483166,12.831165199549906,64.94980860488722,83.2194268234954,12.830518260422128,65.07992200862054,92.37017032064212,27.17795522109785,73.42931734480467,101.80068753161937,20.107444038323695,75.39079359621122,106.68620914399041,20.0656295596095,121.21225708812696,123.57255826569923,24.275053612455736,93.75504703547729,117.33645587575249,27.462632125105316,47.62256646534022,93.36507690146762,27.462240147020303,47.6194180397163,95.91180383765456,32.71494659642016,83.22626192966986,115.2043160751978,7.656653174274129,91.74922357843394,119.54995297238668,2.6310864735384354,121.6463527531359,146.97810215895223,14.854350445297488,117.75793993110896,124.0450591230865,14.749279643426657,117.78356162861618,119.08363229531996,14.749279643426657,66.03550699702028,94.93519693453231,2.560303438272757,58.08394456670172,107.99871407280372,54.954625301992344,95.25471394411022,107.83137639654869,3.0598597784391957,54.96522764439351,146.48080876038426,14.749279643426657,88.20385192031503,89.51151851125819,14.749279643426657,88.298259616491,91.11404459796682,14.749279643426657,61.99081366624955,144.68835028233784,66.87456506039402,95.77216584283407,50.32571588152959,108.52986082977142,40.44357124352134,112.28742888035049,40.44356972459541,76.93179638316371,84.92197292968275,111.45204766216602,33.993030192835256,118.24005154058636,74.47310239343985,137.01047642957639,40.970270853925534,136.88487457873717,69.7446639021511,109.33240183389478,49.80735177838755,132.24741282781608,86.29763765324633,114.46274606116246,29.763177531149267,136.51066090340353
44.0,32.226423355040026,62.883112387115546,105.14862547089537,27.707306745897075,73.29592800525545,113.331532889115,27.745230939427444,118.07188263144279,129.8851284167449,12.52373277799378,70.5358326803055,130.20072721022672,12.523538791590056,64.477818858978,89.82537363145802,12.523540451868683,64.49775479348247,84.38835678155263,27.690544415016472,69.46939769711517,100.43957186727319,20.386082314378832,76.62102920118888,104.71386467202525,20.373188820220623,122.4371548050574,125.6157535562378,24.97800605814583,93.38502352545763,125.13880425928868,26.77325947989947,48.41087169950491,90.54960136895349,26.759757126548973,48.40600950130549,97.53504225358365,32.22727939274219,85.09572899297079,116.3991203388562,54.200761273233255,90.41695656927578,125.16410366150826,24.83136362069296,120.16289116156798,147.5150577236292,14.533459298465004,115.59966361720278,117.41049031097849,14.532592679904022,115.62818059624833,116.28310262972425,14.532592679904022,64.67214989189125,91.07762475761454,43.85402386571616,59.25214887968758,105.5333739604543,53.99126004371593,93.92658271707607,105.32686120628887,44.33010369658091,53.991353474422176,148.56293535090046,14.532592679904022,78.00544320405366,86.73790301171884,14.538159921353898,86.65384457946851,91.47959403516043,14.532592679904022,43.87836379630141,139.17181755384541,60.87021618346224,93.54092461604502,49.5872594414422,96.52537815284899,40.940442356071806,90.15843721821484,41.1513616735526,78.40709751906742,83.78597497951709,113.72436638561747,33.7775319748275,126.6185415431295,74.89636904366832,136.11599595446674,39.68497489997514,135.97795462298674,65.67065285703492,102.50159941552705,45.906547925173456,125.8018875587389,89.62507895245963,116.32851830278902,61.39057756247778,138.2168845816888
45.0,31.713752849312826,64.00418154259764,106.11282503922583,28.079357954468996,74.69109443067316,102.38326053874007,27.87255221816876,115.28401845579158,131.66876030968066,12.522226718123928,50.24508034166067,97.0724728111894,12.524129460781497,62.40628452019672,90.36651185212581,12.524133348763268,62.515700885209455,87.6191724064912,28.108295290736635,62.70319231043905,100.20150180775127,20.793673202659214,78.07813236123467,102.88733758322834,20.790421445250498,124.80188331148084,127.96437916507205,25.524574269404727,91.8792152543776,127.70528345004405,26.15340732422998,48.91696859274446,84.32301050711082,25.932998878701035,48.913748474020835,98.6673129332323,31.960149963040603,108.87196454932197,126.79583954740893,56.31144293761395,95.04933027488349,165.10953595268015,25.78676591485017,121.34867986877572,156.019607788762,14.268338149371507,106.71609886499664,129.52030540291366,14.268337597848953,113.79176766640556,139.18057828112495,14.268337597848953,47.852610089268765,88.78349277331067,2.654936882053427,96.4889224989895,108.93148790152584,53.245246266685626,97.84922667745532,109.73141605078463,21.881873896858327,53.245246266685626,153.73417125312625,14.268338149371507,25.932564258728462,85.37751121419268,14.417207385317326,85.35598233214398,138.7390245904808,14.268337597848953,17.25751706848632,87.71966622089411,51.61028443097217,94.28871250761748,50.27612392308273,94.74903984567696,40.30127291825237,78.13002629468646,41.359902408484686,79.87994905615693,82.53000961741306,122.74778239595659,33.459921381131636,125.9207522971752,50.39392851216964,133.96641865528147,33.86142070871737,129.07782449477384,59.826744826623006,98.74756491005259,44.697339806896636,122.317143353633,89.48658624881037,119.69292143271578,107.51930131716277,146.293708423507
46.0,31.193772159398865,66.13180863095204,103.78400721639885,27.67286095243765,75.99303999820171,102.15697178972343,28.024937267706665,116.58159170583762,133.1911183126168,12.535138444474452,62.83041414811327,110.97335482041588,12.540956475674575,60.81808380323064,91.48955769748692,12.540966515352434,62.00396324317794,87.29525945882473,28.639617462136897,61.232498144124314,107.01633840464558,21.112672358214272,79.46064423703206,100.95283341114299,21.11000188945495,126.6794286823504,130.3702673670775,26.34768551100504,93.00507809326318,129.1388436698713,28.92085997333705,49.47253528318568,84.43142357896441,25.340341136010014,49.46249733850026,95.67460239625913,32.22728015482346,85.09574083479143,116.39912269310071,54.20080723731325,90.41695765207086,125.16406407919443,24.831360603677666,120.16288192777003,147.51500948935447,14.533459289196285,115.59966385972461,117.41047516676048,14.532592679904022,115.62818059766533,116.28312307904642,14.532592679904022,64.67214715866338,91.07763518030669,43.854023839951815,59.252199127911105,105.53336925331912,53.99126003376365,93.92653162137066,105.32686295851455,44.33009472660955,53.991353474422176,148.5629206412744,14.532592679904022,78.00538750749989,86.73790428054956,14.538159971683148,86.6538443340781,91.47964223025339,14.532592679904022,43.8785547214834,139.17206898417953,49.67311521610642,94.05020516737342,51.03768091294777,87.31701535305045,37.51179863598811,79.13301002890664,41.37465382026041,81.01072886709714,83.78597494537692,113.72432548638892,33.777465109272136,126.61854542769518,74.89629476483813,136.11599599772873,39.68496542300738,135.97795420597907,61.12601622003847,97.34744358375578,43.41772258119876,125.91258217971229,89.62506028576792,116.32858170160115,61.39064128326951,138.21681392776588
47.0,30.68182694218043,66.62387367250332,102.19303945716777,27.66563259689779,77.17314334871209,94.27165743557418,28.165095179717603,113.98373771263665,134.39735068163853,12.565750773831,65.70247712404259,109.66951364509096,12.580802102738561,56.834589970994145,92.03851616246588,12.580820114085029,63.88294138653639,86.56186022606765,29.18073531214077,62.10871304378667,108.15519407858882,21.544434414094585,80.98076229645622,97.85638551971378,21.542678442922615,113.88643349752485,132.81391647288675,27.239343885967948,83.26107196936672,128.19410083182484,36.41958822919959,49.63535777176582,83.81117976129829,24.746019170737934,49.62908849794835,80.97562411771068,32.714946054454785,83.22625718168209,115.20431594765753,7.6566626620485545,91.74922237792872,119.54997097975655,2.631084607824942,121.64635519468764,146.97811410525662,14.854353063114141,117.75794033107645,124.0451654570904,14.749279643426657,117.78356142698236,119.08363276060828,14.749279643426657,66.0355051408674,94.93518759804716,2.5603037020217596,58.08393707370003,107.99873280736934,54.95462565489762,95.25468469563663,107.83139501005678,3.059868996617162,54.96522764439351,146.48080802733625,14.749279643426657,88.20385238540892,89.51152251983922,14.749279643426657,88.29825952981848,91.11404696525915,14.749279643426657,61.99079241964736,144.68870841084302,49.302578318724116,83.57732920616327,50.41149226524726,82.05954759582916,36.78253115129587,79.52402062653205,41.376778689328695,81.4463529314238,84.92197409376267,111.45205306800959,33.99304153124212,118.24005390883143,74.47310289904118,137.01047860246274,40.97027124862364,136.88487852590274,74.22032495419464,100.84155692394154,42.29220941427149,126.91903447980172,86.29759830960984,114.4627460364968,29.763125450379153,136.51067093243543
48.00000000000001,30.177842424440403,62.257088143480594,97.93002643189912,27.372960751706437,82.25867039303608,104.06356249035359,27.665983064937162,111.71358725686295,136.66793433996878,12.659199016815393,70.67519080149002,107.95617531769743,12.709584590833176,50.400442491856396,93.87828926173894,12.709610579951404,59.849772318402806,80.67391497318778,29.731151022326276,63.69972190491912,104.30631698751296,21.875289607143525,82.47194809256229,96.32508325181684,21.87322135679229,79.64290490436137,134.3769015730915,27.93178048055328,80.76990507043979,94.52422883395957,31.257194419672004,55.87183972482555,75.40382051432623,24.21726922357191,55.797353238596735,78.28471156661296,33.30984132247568,83.09088862919953,121.03826726465694,4.179712901635,92.64219686803163,132.14415208614685,3.51198124359774,123.7819840929734,147.05282238130462,15.573016169976864,119.95143412691114,125.65588887507454,15.079663457783134,119.71158471470594,120.62331380863242,15.079663457783134,67.12237142023093,95.76043015780138,3.5217243357384937,59.38334268919512,111.014362361863,55.90213455986984,94.21523296060909,110.89566316054062,3.6177017583078825,56.08913999415117,144.01904549832756,15.079663457783134,89.8830308966471,93.45212680540305,15.079663457783134,89.95728479253222,91.52659857279374,15.079663457783134,64.84453927526461,107.46428861803975,49.24393576517948,96.09253579003601,49.72781226009779,111.62239435406542,47.42832305030054,83.16474621539606,41.93132812678116,81.36558112689262,78.31433683314717,110.45626205912457,34.81770376550841,113.88068570498908,74.04498407661964,118.1909656363202,41.80679905528696,108.70644020522202,77.29454750710842,101.81130254384334,43.02041317635065,128.18812682287344,78.61320103053245,114.9027986897795,31.57700528982822,137.39466546374874
49.0,29.750269368920744,58.54221480151449,105.14621295898783,27.160022798470173,82.98020866868583,106.31853157200023,27.24913975730459,111.03965797873578,135.27150019769758,12.969338846803693,76.80167885238971,106.20742398441759,13.154131751332633,51.54123449265184,92.23020308747778,13.154165828656977,58.18777384648046,82.06750209184011,30.293268810045774,62.06186104893479,98.36496544182226,22.323093796002574,84.05095469073254,92.11471027596163,22.319567093017397,65.11368755308042,134.12533723903667,28.007310513226404,79.56443943184344,90.07749210900006,24.17960762551319,58.22716033522444,74.55157847053711,23.820884441566378,58.13425939506808,76.68690527514377,34.00943565816667,83.05834723572423,125.05762123350014,3.064550536837109,94.10891551675579,134.0298369315603,2.9161253021449776,126.38820165366558,147.31290058322787,16.29684873282087,121.90181312961069,122.73335937485153,15.303308465818755,119.95843323686674,122.50776163701866,15.303308465818755,67.22159067285465,97.23957756495535,2.898305134045222,62.29260649220282,113.73057798095215,56.526942391326266,93.02546027450943,112.43404858163451,2.8952774457941852,57.31110941133098,141.88142045411178,15.303308465818755,91.66838560484616,96.87729855936107,15.303308465818755,91.7448869525444,93.09194927087465,15.303308465818755,65.32640153489344,83.87527359045819,46.236369737928015,108.44385807026042,48.98722789905488,116.30795923610071,47.998636018604834,81.30372304858257,42.39691395189326,83.09544394594758,63.7336265391222,101.93251524878559,41.73704971574712,114.47484931308412,62.6977515908165,117.25594056337385,42.749888592074434,110.02658067388106,78.99924087440816,105.48396815583237,40.482432544171246,129.78914285159433,78.9025438695519,116.04333939845903,46.0535885073258,141.62003690680973
50.0,28.684609047405143,57.7146027915769,105.97270080500445,26.70943220112952,84.3208243874344,107.48107385793426,26.686491792455826,113.29361075143362,133.95562936327914,14.627975105873512,81.10230348936626,104.80501696685049,15.207356853173188,56.32201697218373,89.7189984037276,15.207397597969846,59.18793216016201,85.79033385085604,30.907765777737165,59.184330257105564,94.69244937595364,22.78137630755366,84.82776399121954,91.22105732452283,22.77296042794955,79.21385905007459,134.85841098214675,27.89907162127933,78.28885400072454,87.4132071600969,22.770049375395374,60.277645252493514,71.8794602145093,22.769634384416452,60.229411050585675,74.79058712795351,34.6532742104233,82.7365844837225,127.12346045466418,3.1491941437373954,95.61001560354453,126.05898476470047,3.086443995263598,127.4908170422384,153.63361264464174,16.89734100607752,120.78509610070246,124.16752578622796,15.643568966191825,81.49449252691184,123.1902371426114,15.643568966191825,60.957382763839455,93.95055967424561,2.7014368726538973,63.91746203797097,115.56834290465727,56.95962455991315,92.9251381232269,113.13478204744567,2.660793912234486,58.49234697497205,139.97502263247924,15.643568966191825,93.58053070708826,99.98413231239174,15.643568966191825,93.60472138318461,96.81686466096568,15.643568966191825,64.52480946046148,82.30582657074508,41.03729557105612,104.63913791709156,48.49830944245153,105.32001025284659,48.59425747625317,82.81019714188707,41.49285087177771,83.20766835716924,62.75240480266772,103.72967355565622,49.060756221026054,122.75287058060572,42.47000212388042,122.30503699718386,40.607483851716246,122.08172130733706,78.58254508943412,103.85292569669927,39.98868927300312,129.02366852053055,88.02855480903533,118.86195304053886,105.17892074982193,143.4813652431668
51.0,26.00795113685294,70.19081866651094,103.47144514077809,26.336283017587338,83.70723935540629,107.61601777545442,26.281050489172646,115.49429909139573,120.9888103934469,18.213117513057316,66.47805271320861,103.26475951566348,19.1088551307865,57.58067642896462,94.43115193713389,19.108901034947046,57.57746893259792,84.51803013688517,31.87539772090759,55.86377481053961,92.18708913217964,23.256559193546153,84.22847684174072,93.05125728503553,23.235267144604475,83.97075919697619,141.39881510653672,28.356265608650194,77.23366402259316,78.6220617680765,23.229426381208814,61.93204021787848,70.69552335899797,23.229426381208814,61.851294837142945,73.29208382134416,35.463966057754575,81.79716363695485,129.50127734324786,4.777992762810215,85.4186240977356,119.5766175820899,4.657757086859885,130.0986284748933,153.98721329868724,16.820464446823443,79.09140445425024,127.25028095895205,15.989254203995882,72.07229495740958,122.60994881800922,15.989254203995882,62.29538756308187,94.63758582322075,3.0351243615845678,64.72223149544622,117.19701808184924,56.04339923727829,93.3056155301011,115.45177866766144,2.986947995818628,59.497821886437166,137.3820363382715,15.989254203995882,95.57610567843669,131.92052695666953,15.989254203995882,95.1248629017516,109.12554632458323,15.989254203995882,63.832628994252076,82.28169595539242,40.8010318737683,106.96942893689172,48.45306411719345,107.00745097261682,46.6076584155882,78.46524330422865,34.47458634713198,83.9439202262467,63.860105538703415,110.8851974825561,50.3043959509798,120.92990355906417,39.56063122777747,121.3802561685581,40.129175296009926,121.32682517019632,69.58507280156371,92.19959159364102,40.05398576463365,116.9245069849294,93.35806420574856,120.50234675247722,82.66808160639867,135.33021300292876
52.0,24.81318945014393,63.98956268203972,104.49991972683722,25.95731576497604,84.159241924167,103.0647158474981,25.78595162349558,117.36931914532413,118.64320173757835,20.71951992287421,57.01489294909751,65.74774186027976,21.03724965181845,56.936544811795976,95.69779607999605,21.03729791536452,56.93613914617328,83.22959839012167,33.09625929226288,51.64575307599421,89.69935628452478,23.89673090109335,83.74198506666973,91.9154184212284,23.82700604945916,85.33873691981279,142.09903799250958,28.640852234837404,75.8755652679744,76.02268878464183,23.812942909266802,63.064139779167384,69.62137385643918,23.812942909266802,63.17830512126866,71.95444044747278,36.22930685573055,80.40173393579741,126.80447877495511,7.598807042229989,82.63826290527739,105.53239452169821,6.791777854499353,129.84481231399772,152.23344941024453,16.660544731817296,73.38017549765065,116.53409567299856,16.340019889828774,73.2878525057694,120.58366720815559,16.340019889828774,63.78907933413978,95.61406866826165,2.6134030348254167,66.94325162617734,118.7305193202352,51.03899887105253,98.08032502585516,117.74415955826484,2.5654688146676956,59.62028797349635,135.08808657907986,16.340019889828774,97.54587217256878,135.1194920590889,16.340019889828774,94.37619678272429,107.68660769983379,16.340019889828774,64.45206270634937,82.90750568038061,38.67485278905709,107.18420156053726,48.799746686219216,108.28831574368832,34.019404317345426,81.27870458937724,34.02102701204982,82.50441214064615,67.353700255647,120.72949671655388,50.018834478472286,124.04115702370872,39.414383629758944,119.80570630093624,40.446661290075056,119.67564065193473,46.836813225894396,89.90078351164395,29.987332172065646,117.12583515002981,95.48196776361499,118.0179301030814,37.54047547534835,131.4211145326264
53.0,24.58943215755315,53.312273574898406,105.62601300230197,25.649671496670653,82.97287274905158,88.15489491251734,25.60526947257313,119.78853613812045,121.13863780792303,21.903365931332687,58.53078745135638,106.25613207465734,22.17876215693405,56.23689336106462,95.56739947229538,22.178823654735027,56.23667414606507,83.47559183784531,34.01257305325378,49.23677805662427,85.6604111885437,24.454192250235934,85.50651725254097,92.65117572747839,24.319481159629696,64.1004753598081,137.69346956560136,28.484794745636773,74.88015116979155,75.21249144814017,24.286338752475636,63.993568962477084,68.85610628451266,24.286338752475636,64.04084423544317,70.88041049778363,37.09414036985774,80.58779883874739,102.59627857902498,7.860884924280352,80.94917366486288,108.85237990832978,6.988402399811033,115.45227473323197,145.87464340261906,16.71129110168982,86.60146562884886,103.85764105547521,16.695545813180235,74.6038739727101,91.58543783299754,16.695545813180235,62.043991444945135,95.29739189274278,2.915971272225924,71.28559321722034,120.05949683384603,56.29344794476685,104.64607387661268,119.95178897802442,2.8950922255091496,58.85129958449036,133.7487710819204,16.695545813180235,99.57256774706093,133.09797193277177,16.695545813180235,88.8722684941522,105.7071997097437,16.695545813180235,65.26438901826175,83.60868311128961,37.431796494957794,82.67357574885004,49.83161486214344,102.81308639966065,41.536486761656114,80.06530269737729,33.60775833354791,81.38022284789005,73.2347865408029,105.95726521142325,48.07551800242857,124.56939909316543,39.872219758509296,120.35119837847246,40.54111874537441,113.90691819007877,59.221716988746756,91.81853244172201,24.388657333501815,118.42210273892529,84.93960823985063,110.45947833284583,35.6747579137312,135.2978366082878
54.0,24.417439405122447,57.725528113479605,107.46793125451784,25.370132978598992,81.69988134629078,89.65493831565551,25.30248182729395,119.77023106927938,127.74623562750564,22.721431152854738,81.00396556283502,107.12069803001513,23.043352820382594,55.45278084497752,93.1670203037533,23.043417095879548,55.452659012998154,83.46692139328938,34.5084832183018,48.39408387748854,88.08478189119616,25.190516082739666,85.17641817147087,94.14086449856347,24.958324196603076,92.97870051398426,106.51613397639065,27.985961522821366,73.93092433845058,74.12767334384914,24.885764002738593,63.612071149374614,68.52528259835948,24.885764002738593,63.648914249451714,69.58425378413347,38.05011043536248,94.94760163947797,105.15273044486844,8.961263841132594,84.19421149165453,108.86004719055555,8.629305701355689,108.9230973108831,143.87804851543882,17.070656083792052,93.99973814656875,99.60724762837252,17.055534292422504,73.81011282402545,122.79324387598565,17.055534292422504,61.922784871886456,93.62298608533825,2.68758570785191,71.910294396362,121.99472506428476,58.8097977543111,100.24434716462407,121.83326998277911,2.6854239475312407,59.24748235627686,132.58840603933243,17.055534292422504,101.9793473940692,130.37716346137,17.055534292422504,74.7762091650499,106.06245962615067,17.055534292422504,63.536728810315836,84.38610653596126,39.981579459020885,84.35424049861304,50.20266755808202,99.78836988332264,45.2368929334297,79.45322154737322,33.25392711554634,72.97801801253246,81.69602755320231,99.45705719293946,47.41104336892874,100.73729041754636,47.85166174620559,122.97438643320892,44.23010809381565,122.72195873463998,63.81329137875521,109.87084267798197,25.391897348280022,119.52790611711109,80.83055300973339,108.68568741986121,35.7306427556421,138.91632260685083
55.0,23.747299613150336,59.980255874981474,101.31350235962049,25.14143823029884,68.81160385223927,91.76704820025347,25.11882578281767,120.8249449466598,129.40564806140137,23.362043817811877,106.98305408725875,109.78365119434989,23.810817122240714,54.77214471735288,90.38106654097818,23.810880667840514,54.77058714633128,94.84013673233272,34.95544824406662,46.10847168740416,86.9345625434068,26.01432087716058,73.5781581851014,96.38698510923768,25.645416637424137,96.04225148891082,101.24363776512573,27.433735684447395,73.0752468762845,73.49862996211729,25.493160847568507,62.29978780753992,68.25691891439025,25.493160847568507,62.641683135391176,68.77252461940246,39.02132945996147,74.40122437216714,110.0174403663601,10.35847317308647,94.41451086108965,109.69460071144763,10.164133854402893,110.75051083830073,143.80389242344143,17.56263062105398,92.54624062976639,98.03740659832768,17.54198534944092,61.495904772534615,92.85115655095628,17.54198534944092,61.55343107638905,92.07452227083603,3.018461407593131,74.81255342815759,121.72168781966693,60.67264323254571,91.5678639227099,121.25502690637734,3.016873218435665,117.31630956080754,131.57980399471026,17.54198534944092,104.60291006144037,131.2590437419133,17.54198534944092,66.983286912563,108.76176551968182,17.54198534944092,64.67113236845593,85.09410377207728,40.21596040860689,92.08490362714714,50.87040660965979,112.74094232957647,32.97550595340163,79.78712248362253,32.97703623889137,70.64934940885361,72.5936647895234,101.73637402748605,45.96308995271898,102.00631446431133,47.4261043738881,123.24267597073425,46.86767407470522,98.06831285140929,64.62933857430583,110.55282559067426,36.658175908969795,120.30725940103073,82.2744684273706,112.71513808884005,36.91708906991646,134.24554599834403
56.0,22.148358747397978,67.51284907010398,99.19432133823717,24.97605358570979,67.4390582719036,93.30437347686367,24.97174346618629,66.12407290723971,131.3341284813693,23.74658781516289,112.36036042566874,113.12231168197664,24.475024086533157,54.14692205851183,111.5535464157147,24.468469349191487,54.09104786534438,93.26310556357568,35.54734548180706,45.449261554121065,68.24736389524607,26.873038773284133,87.21269363218806,98.73253768149566,26.382387285962956,98.67963316528774,100.71422953682496,26.83498553169573,72.23759541222633,72.7810728653908,26.10797292016368,60.08650542879981,68.58170353655642,26.10797292016368,61.7541820602658,68.3299609798557,39.984076104940144,72.80698175435592,113.58419943810722,11.690771759356211,79.39188323041182,112.65563783101643,11.264260151811785,113.09636851974427,152.9649570446028,17.950599978950503,93.76536645754088,96.19461684100581,17.911344170664577,63.1017910422064,98.06710286991571,17.911344170664577,63.305069774812935,91.05715249675038,2.8095152306434525,80.97335076284978,122.0126007762031,62.55115809781351,85.7106141217603,121.30259207160725,2.808296829542386,126.0531450240352,130.8280585176,17.911344170664577,107.51611025568889,129.70346187656565,17.911344170664577,64.9180886906537,112.4296981486266,17.911344170664577,64.44641760409041,85.83660480500306,40.765895696154374,102.04721459448412,50.311753518421156,119.9897381175153,39.39784981960472,79.43842814252939,32.757254111104984,79.38606228684868,71.99785524181499,103.36620662927591,45.29779720406799,103.67354543115607,48.1592975370459,93.6701746052112,47.32860728274733,89.61063732041565,66.73598763364714,111.32939701761961,23.696019821852964,119.76630788315335,83.07269139357197,112.63047453485217,44.388416944206504,136.3613288757081
57.00000000000001,21.751128476768653,70.46654450865917,96.93552321167776,24.779329659339442,64.4186720632455,97.87783003666377,24.769159925859622,67.1831410690179,131.87878539361506,23.85112957667577,109.9631454150529,116.67852007653201,24.937569428579433,53.48813082398539,105.1611443470202,24.93578078962919,53.47266578505466,86.68784499972469,36.53908039429436,44.98278815767045,75.4374292957536,27.854223606465975,86.09997044487383,100.81263653678234,27.288265771581916,101.65994914107287,101.94201747516314,27.223983940023654,71.41988953910536,71.87484459958962,26.854818003479377,58.37229118844015,71.11575912656507,26.854818003479377,61.72534749259667,68.33133571033848,40.99652715456494,73.8643909287384,120.84672725389109,13.732053340416144,78.3636584927798,114.58703388260868,12.309847787699358,117.22990980437952,150.5976435820701,18.5120712055016,93.77296831794531,96.32996650499834,18.409406562950366,64.44688608807121,122.56004111784601,18.409406562950366,61.62418570920597,90.0671070083922,2.601345739499198,82.20209643598486,90.61297255596642,63.55193867191934,85.06434102035679,87.8188267626631,2.6003052978738603,127.37885519621338,163.603900352905,18.409406562950366,103.25866824461515,128.82723025536328,18.409406562950366,62.23105104726119,116.22298125576293,18.409406562950366,63.25237405769294,86.53606643994671,42.878535771891606,93.00784084948026,46.434392916112714,104.66902454465024,32.61613587531821,80.01837195741204,32.617114270425226,75.92753485024006,73.84332072272888,104.69331781180459,44.76635335349731,107.17956383355198,54.560426986239484,102.47695613028029,48.563967819761814,91.92752652304742,68.06334185108436,101.64903757942834,33.21238776040021,103.55381426753497,82.92106193392009,114.12406642359613,43.538562352010025,136.22535676123604
58.00000000000001,21.995637271918152,68.7492884763017,93.65978405544509,24.16099211927021,62.54806179043736,100.50905073553172,24.159059739426414,74.04911582296907,132.384257410689,23.96291250467586,53.902400637000596,116.13894505853534,25.3822276264634,49.67225672655688,84.49460235720527,25.396280622847954,49.67125400059496,83.35066583915844,37.48529871056953,44.68309872683196,87.94538115664284,28.81026188226685,85.02272547782721,104.33877093969966,28.2470014965741,104.65362492295907,104.70770452732259,27.618721939840306,70.62039287577784,70.96601987326652,27.610799517580073,57.20236745965202,70.59565846033371,27.610799517580073,62.502778088408704,69.58305333666652,41.82073052169003,73.79320263909575,116.12354534754746,17.045686610477453,80.35435573680395,114.71636680053231,13.717285026988199,121.39741081854301,151.2579600149148,19.225681609294114,93.71319484386574,103.89619146926503,18.91338811530076,63.62863968883295,140.84074722700458,18.91338811530076,59.39905665992153,89.37744705417185,2.7278919145604656,78.5481071615215,85.75061294247583,44.81450219228344,85.06226951890888,99.7840321594818,2.7270348218946543,94.61113996890576,161.35397660460035,18.91338811530076,72.20340395127333,127.99169288720152,18.91338811530076,64.15662858376889,121.70402257497203,18.91338811530076,62.235384579917444,87.12214485345228,48.14738885184845,93.3959350564993,45.07648685806439,95.3166682654031,32.54051984844161,80.7294306075232,32.54101083597502,77.5426719577159,75.77401254372153,104.51949390119864,44.32756458907128,110.69189034794752,61.724110417869525,99.03836799596615,49.01624553078821,94.27601465239815,68.90818310528466,102.66881082115025,38.24057795057534,102.95578664124773,85.19541615550246,111.54770811508713,35.5624495775696,133.9428973588195
59.00000000000001,23.55359193508836,65.24694224614649,102.790481944915,21.366765707769126,93.30738347545727,101.13853803473786,21.371986731193072,92.81507729085817,127.65451304100957,23.88631041086104,33.15106560570556,63.10946990865185,25.702254940595065,49.87618141517829,87.74666756661426,25.728650094000585,49.87634818750719,83.53158746135615,37.949014079304284,44.24071781616703,92.52577513315408,28.676433254711732,81.62033440857311,107.5666806161557,28.580975520689435,107.76417221204909,124.17424374446068,28.37518722405193,69.91553830011313,70.20138625764709,28.37518722405193,57.16617233715794,69.90490229507601,28.37518722405193,63.49541788209389,69.07105199707787,40.63475272386905,68.39118098271184,114.19635485553435,23.765798892175983,82.47909697426002,115.23372880065541,17.28428941219889,124.61101526472622,147.0611252943236,20.279014019321707,92.07858185422764,97.05966681719231,19.422828063904596,61.482261526326795,99.86426739198755,19.422828063904596,57.858272008947544,88.73520114890546,5.145824964156728,74.53217134888878,84.5933761833517,13.943791712001088,84.39025689911459,108.2623174082652,5.145127718135589,77.90727590134671,158.09962669841303,19.422828063904596,70.02718705824978,126.75002071488085,19.422828063904596,60.21619519296735,125.33328805691174,19.422828063904596,61.65003238523063,87.827609074247,49.42644521628085,95.83559518683371,44.79659581911536,107.46283715502393,32.73959220125778,80.39392511668089,32.73991299629719,77.77941843217394,77.27911256827997,113.41647525630967,43.87978421177662,113.45599873030342,48.07836587295766,108.34491964999283,48.978122087773905,94.61819289173684,64.64536282167094,100.2433072938134,39.02467817989299,104.78360470980982,87.53625290621781,109.18409793579468,34.84825279097779,134.25527927056942
59.99999999999999,22.894075145534398,65.79729185232146,104.90776894862695,17.708535496146965,94.76187719208907,103.69357171413382,17.712708628557422,103.34218011940449,108.2675592747551,23.81646732645245,47.37668349988505,57.812203195841114,25.96015670884758,50.374557719761086,88.31375087170542,26.00355292247208,50.37483269671764,91.91986529010119,38.045781504258805,43.73523597199294,89.47034487593642,29.2044964835251,63.695977822469736,110.49657537153274,29.221518804799782,110.86366693889862,134.5835329110576,29.147319773866002,38.671218947704695,70.3244162063014,29.147319773866002,58.32535091829905,58.79790359518936,29.147319773866002,64.57395071873613,67.94510679406771,31.578579187096935,60.87290681284108,96.82941970813982,27.83118141080559,85.05611530157412,110.08237131294068,18.559259848488615,123.84165931347475,138.2492002365505,20.870214905222817,55.57619773208221,94.2344949311743,20.066670127352968,58.141386557890606,92.34988015111436,20.066670127352968,56.41835047727466,83.96899315195738,5.275302082268448,74.81986014902049,83.61535425685656,6.589406822416337,83.4708460054849,100.61875462465204,5.274717703693237,77.62947392591997,155.7539062709839,20.066670127352968,69.19145795765124,113.80012872148203,20.066670127352968,59.64563494610391,121.96929885952395,20.066670127352968,60.984300730456035,88.77797533665871,49.64823911342007,98.85856039625155,47.11156353007536,98.75764789162598,33.52643482039508,80.29091049317907,33.5278738129182,71.98161304691659,65.91222858177197,115.2105902422009,42.83061199554445,114.7138224803107,44.18959388451457,109.5424149427002,45.06367708443028,75.99003390202668,40.81612805636343,110.7068389626709,39.809450697651705,110.49852877727346,87.76105578431554,96.5019900073012,37.783861818775065,124.75623365678699
61.0,22.2353536054575,62.1147963945022,108.33340201188666,15.460995252798133,92.96080469678886,109.73285168956845,15.463130445717722,107.77198428012936,113.29564495213413,23.641071968177283,56.17248737450473,71.49876559923058,26.189023012674394,50.86861504570575,94.0221278149674,26.25036839895222,50.8702835799913,94.26465097013394,37.47745255729593,43.15052702630698,79.3889874192853,30.09325953432095,43.932049220472585,112.46644459897232,30.12579292123199,113.91144517049483,134.97115776316036,30.057133096820795,49.501802765058535,82.810139990326,30.057133096820795,59.45773957098101,59.24149958464,30.057133096820795,65.71322031653831,68.2627518321421,26.703746271161815,66.44511938321155,96.3417825604509,27.530911524685564,90.03704676694461,113.17093850917091,20.062992683464454,123.00017678872925,139.57327715055015,20.805087865098173,53.46701007523589,62.486094346344615,20.586919390719924,57.188651951073396,92.87797079599798,20.586919390719924,55.91459219909381,71.24599709783838,5.405777705933059,76.73166052873684,82.93099743588641,5.536653244434897,82.79947240419524,82.92576272569347,5.405387357688265,78.02327155008632,154.99748645600687,20.586919390719924,68.50592939338264,73.51074764262445,20.586919390719924,59.11411807271308,93.51128055291981,20.586919390719924,60.295463637676,89.76685477923223,49.27074480450272,103.28651229130313,45.5461832041249,101.25145577335101,34.21521532138673,80.65760374262143,34.21940176888721,73.04136583936271,42.90474948690389,102.98764890712887,38.61322465166595,107.28595182809579,44.943528687182436,107.61426951762579,43.67390248386983,94.41853007815108,43.58162627601591,113.69395657615752,38.04985846412563,113.23486213850016,87.43773424868118,101.84832556690553,38.32351609228257,125.46541217831891
62.0,22.162119326306517,50.681996038324115,106.61464865594044,15.362633286932338,82.71719131280572,110.15481443628939,15.363169491688492,110.33851202871432,126.20979742547908,23.47411084779045,66.77210163196567,90.34752211666236,26.404503102450334,51.479889259594884,98.23688503417556,26.47508313764618,51.483600567726185,96.28728497203205,35.27497409452034,42.47309672642771,51.58524903700048,31.011923964748803,41.62339307145476,108.90864935742184,31.051514457050263,114.81075819877239,116.81620370396458,30.97581718050389,72.7326495935074,95.74859755987613,30.97581718050389,61.32591180426083,60.61294228178009,30.97581718050389,63.33567614414421,69.06658666005467,25.577412990822104,71.52607845896938,96.32823525567734,22.541888282689307,93.18560839727782,96.96609193889961,20.99704196992832,110.45439346275575,137.0996275591555,21.36687281122457,56.778305996395595,97.10359277242006,21.243145953459905,68.84503151993262,96.00730336960866,21.243145953459905,53.27183791852655,74.70850361168894,5.537291289543581,76.20911498687585,82.15969326003047,5.538412591023039,82.02168158481024,82.04604383481569,5.537036540699903,77.32423079379578,153.64818830636602,21.243145953459905,67.86741850547732,71.23235066262593,21.243145953459905,58.64515710877148,69.75447009764142,21.243145953459905,59.67492735976495,90.87938721304477,49.22451318052981,106.08912451421453,43.97762297563712,104.15406921886962,34.82717900555323,79.00767739837441,34.84555264485001,74.52493036826571,47.318447963470874,87.51791608001074,36.8181753245198,105.28993676060288,58.67336809229325,106.23011464218966,44.6753887295127,92.83754110061255,64.79840791951283,105.91299267466263,37.09421884933361,104.7423814837265,71.72975477064907,105.64807961069495,33.03304589417972,121.5764268961755
63.0,21.623593674496014,52.363987824047605,96.06294208191406,15.819945549897115,71.96379585723442,107.61041939992997,15.82004378369475,111.71328796729492,112.33654138717664,23.270874247065134,80.38772543919218,90.10383268442361,26.56941665251229,52.22261486617975,96.15314593502745,26.66356115328635,52.22903855117881,95.96988386995002,35.0252620177949,43.72454132685606,48.681408969815266,32.073678568490365,43.054879758508925,67.0728341058437,32.115443109882335,114.22467265122947,117.42586543200777,32.03562470126032,76.47861808655716,104.20622893441357,32.03562470126032,63.49432886347921,62.52785164694423,32.03562470126032,62.883101249109565,70.12384147087255,25.264017567263924,68.43262330364314,99.81199223625785,28.134659009135394,92.72158836809689,93.75704958454655,20.921878309013405,100.63598477395249,149.77125893139987,22.116825035375197,77.66240259976546,126.08713672225888,22.038517418374585,68.01243620676406,99.40350500426068,22.038517418374585,47.72425755378251,79.99020813529162,5.803277220535135,74.91472645337211,80.28990694347769,5.803284973831348,82.4160254440846,82.42361061619079,5.802998807873516,79.55158034491626,153.38578987060473,22.060058679694883,67.24997479665484,73.81952143795719,22.038517418374585,58.19696866085709,67.97080145343573,22.038517418374585,59.14511982180156,81.42509834138045,45.12603508749012,72.5433205814272,43.137874165559,96.1278206665703,38.81702927032182,76.73977759860577,35.83664037337322,76.44375779714663,60.651248963570715,89.0134819678208,34.75299210523728,99.53895357807696,58.20078347785582,110.38106499210531,46.37285443699699,110.0870255558957,55.70211596197919,103.9370478895114,35.293822018069584,90.67443276701262,71.91605458802123,105.7598513700269,44.14262138045307,113.09647687175443
64.0,21.196902700406618,48.895531188336506,92.4120130897139,16.3463769340449,74.68263287741486,73.27165728819165,16.346357990129135,109.43902915331675,107.05484709046353,23.16670112238003,70.41732248012538,89.16965595504513,26.86809884670713,53.10772982720478,84.4478873751964,26.979675798341475,53.116830377752564,92.52015237418803,35.29906442908171,45.23923239043599,43.857753170011286,33.252679212816055,45.11034013373803,45.590838647509365,33.2676574930788,46.93699980542415,83.75546769764357,33.23930279052195,79.4025095798229,106.97544788016786,33.23930279052195,65.44647700012968,65.25163125360739,33.23930279052195,62.48629109432634,71.48299418462668,25.064010045207684,59.69122463203127,103.48097378206732,43.388167863072105,95.77229009275874,97.10147125388681,20.941767213910275,83.29405276486914,145.46879703751338,22.76245470403587,98.12527414933058,125.90858691824491,22.70736759300504,56.1473456262037,104.17518299587047,22.707367551214084,49.32267328049519,81.94990761609237,5.939405113624608,75.20852686692659,81.47707459541935,5.93727734489152,85.5666187832615,85.56710898315187,5.937231004953146,79.32542985697492,150.09825841949498,22.778153339297695,66.58927686400835,76.57904682086865,22.707295083298668,57.80023825203376,75.94087853030582,22.707295083298668,58.66937551028294,83.86181837352318,43.90193545975717,101.14762213536449,42.495436121968325,103.02937522701514,40.36848429832731,78.88755469615386,36.71151296538639,77.69943842440838,59.81800696089651,92.26635988115937,32.84256710208928,94.37456727975494,49.87547331587435,112.28482831261901,48.34619599383746,111.45050839029754,37.844969554211225,102.94270876101915,34.71139871832698,66.78296458877809,74.41498275665889,109.21983952889293,47.59817857872016,106.63083696532435
65.0,20.33303110235573,47.72430909752214,92.50299761804632,17.019051568461858,77.58955693352377,112.82733361523015,17.01908736364427,61.601238127648166,90.2522179030442,22.941151565939016,67.47311874927378,88.3514359644053,27.000915924994345,54.32758587042741,83.8478052742561,27.103877391334443,54.33765919106224,86.53030535649779,34.72223124870268,46.28080321693877,45.71412589814254,34.454153204440786,46.371637650471,46.98996494086872,34.454432681102475,50.37053094079662,110.66260554523303,34.45382779895436,82.22424925199076,106.00132343723548,34.45382779895436,65.41854403762976,68.00527492827499,34.45382779895436,61.97047166362103,73.23794309844541,24.48600458444126,54.36840511097709,103.3028459233498,37.544656827121344,99.28071074010835,100.84936335612622,20.810333317458994,56.42281269079288,146.89580276923326,25.43802990950154,94.38655286278482,123.68138293493809,25.33142270961523,55.24280634409669,106.27028620442297,25.331423302411906,49.51873415077295,84.25123110198143,6.244649218610675,49.81339501525905,81.72665406001536,6.207816512193441,88.80596826790416,88.80632261811206,6.207800590652362,77.56169527967324,138.5494648782459,23.78497206756413,66.0804906912774,74.04104895629895,23.651770546832218,57.44238474293986,83.68927103786864,23.651770546832218,58.23624593872422,80.48096915256613,43.221974885660536,105.89210566275511,42.084205299026,102.28922857624907,37.421896907658926,82.35022344574261,38.7027330273953,78.77795483084772,54.13961973892021,95.7145174674119,33.80862011046008,93.66773112209746,46.39480409421677,85.7307273039681,48.53095860696789,74.04193868133393,40.264524395874425,95.03341707424573,34.534765848008426,66.15274856860435,76.41680565455707,110.2628972539649,47.195818950848704,98.8291996769712
66.0,20.071274042088227,48.68499152578888,92.45507274990653,17.56452549376454,80.63300712011365,115.60300268365935,17.56454061425156,68.07834962602878,91.2013811724769,22.790918329066887,67.24440637864245,87.61233036346042,27.254701886483673,55.91239656965395,82.99476972998261,27.3096028949321,55.91498080899617,83.96688233184605,34.8732012275861,43.70420196364122,50.803507600241986,34.80135736527584,42.9316864332084,69.85926878762741,34.80143831139256,41.468458768202304,118.1683497958488,35.67809201737111,85.43659795873347,107.222223923581,35.67809201737111,64.8694384193275,70.04430284825375,35.67809201737111,61.00283611108974,75.30330782178955,23.332528988624663,54.44255683421501,104.21675032052526,27.901325635264172,98.60322251471354,105.04986310438689,20.730721061679404,63.8762727721557,147.7203858936973,24.892959890251458,51.26000785064434,120.97610208562035,24.783623681316094,54.41934763022001,106.43404970353647,24.783624977711636,55.87245239198316,86.51607558469907,6.801762929372424,40.97669671317216,83.53667305987854,6.344213783350235,92.35739800305132,92.36578805708508,6.34419507173574,40.75063510303247,114.86318153563248,24.58389982135815,65.52960796388751,70.08823507240929,24.468168096529006,57.10352210523924,76.17711588832293,24.468168096529006,57.83237276393209,68.41599681382486,43.13974673596266,102.96603756270407,42.31880575485472,83.93519993639006,38.474205659844834,83.98082664996818,38.987766298045926,76.35314910717179,54.333049595819496,100.80842378651512,44.74164598378495,92.4097342977616,44.189154854148555,82.50509800713286,47.93630117185009,66.18135110272657,35.54356950174276,98.11643922991917,34.09458244337903,66.81216544556526,77.06071700083639,109.43288405516793,47.369516137072196,87.57954981778238
67.0,19.57020612777186,44.3008149616588,84.32383040704867,18.644820349940268,83.8436841387713,105.64206174235451,18.645962253046932,47.631051210366955,73.50685217625232,22.658154669799796,53.13069946562785,86.76404232170127,27.32867243213801,57.494619412480624,82.21243663464311,27.31822155988225,57.49094103960126,83.58667821078235,34.52441341417463,62.010712188738765,72.8324735002223,34.40393222995488,38.054928436287184,87.64665816191267,34.4039632810813,37.82503516976296,80.63281277848021,37.186237373523014,88.15123993975008,101.07367332207257,37.186237373523014,63.66977691732482,71.98075111909992,37.186237373523014,59.375748733881984,77.44420752745668,21.821406171561613,59.11852027111434,104.72245208267292,23.07631647820529,85.93194404359826,106.92188291437937,20.632394550741726,71.4899416287928,135.7473854148459,25.48442580947653,48.88570623098915,86.01551012372589,25.453864952782887,51.74095071774314,104.12270104424876,25.453863978774457,49.45664504283606,85.75528424120886,9.96009797854196,40.7164019002555,79.81071060361307,6.618569092120132,95.9909373733417,96.07840297438614,6.618546829206276,40.70091349764744,114.09571529738191,25.50643774232704,65.05925361088823,67.66572172535581,25.42776533634051,56.810698820898544,66.6058939332428,25.42776533634051,57.4602499754504,67.76432807959635,42.840463039806366,94.77823192785036,42.85120822458498,92.74618559451768,43.49525773926592,84.36006172465837,43.60755069067373,73.23055927558293,46.69720769455169,96.18945088114646,45.94013359365741,68.90811393988652,44.87483996336563,78.33395903100914,49.40790692441719,69.21141055470929,35.01943902847657,98.4070274009935,34.103352616975926,75.1913562402425,77.34242976937254,101.90775248679594,47.273853135228634,70.68780770071733
68.0,20.027312306690042,43.51654427174414,86.71040190216196,19.843938352256895,85.20066638343435,90.2331086929744,19.844217990169163,50.478192200035124,65.23233574014486,22.555650010784344,34.975858497867875,86.12247653214165,27.247700953550286,59.1006042563673,82.1188719364819,27.24862767794482,59.08760935185147,82.8722249518623,34.37622937514539,77.89233548426036,77.91815879364542,34.21449582020967,43.85345231411077,91.97899788896643,34.21448728978031,40.64590575719555,89.09980011809262,38.70595884356826,88.04129186581777,101.80864605231069,38.70595884356826,60.90411002949639,74.31506309472181,38.70595884356826,56.77803214828151,79.6467890844212,20.923634162191114,61.02582005028596,103.56614756892559,21.565155198742687,75.49677252733815,108.13114496693184,20.57454712459623,87.03231284279865,114.15168222650087,26.57338941628748,48.61035994287037,68.01533769449465,26.550808379576033,48.70582252149799,87.37536349387544,26.550805888389796,52.781664345785714,86.79480457350347,19.95782683273964,40.43861193457889,72.60133119898671,6.89508597025541,99.93697995733712,100.93037611062711,6.895059197974702,40.51594031544748,115.616696233875,26.582397553126643,64.60687685810343,66.12899916629321,26.532833433314277,56.542571709713805,58.629272997954274,26.532833433314277,57.10144885371859,61.629584560894486,42.52258712361684,77.3550373640181,42.51232737357101,66.93984607643398,44.624844995631555,82.0190539129421,44.67443986931425,73.60239967466244,46.48030507886842,107.31387538230732,46.805983101279296,95.30858857341421,46.613847157035586,78.04483144444082,49.06559812291924,74.53145744288149,46.833326983273786,96.2664079110787,46.6751963077846,62.91379229581034,79.16054477386832,88.40641699982304,38.744992992687784,65.59363571442421
69.0,19.895355401749807,43.24864173768571,88.96205797625683,20.41123506923419,85.96282634925574,111.33054153424868,20.411827464423745,48.981050519521105,65.5535540546669,22.470574194674306,40.837147047077565,85.60483315467461,27.25301957166104,60.74099907844561,82.52193296321693,27.250368534735642,60.71455277331942,82.72979701769988,34.23345286001634,77.45199997596718,77.46299509905937,34.031287973345634,51.17341262217484,76.57869919251058,34.031324190348556,44.79969266921077,92.5195212851522,40.37550309284083,75.47931532543562,100.11367540828991,40.37550309284083,56.686732024458145,76.79191509132185,40.37550309284083,54.9924308019696,81.88479387532884,20.658173001503716,61.42743997925459,84.0869364163827,21.186617820327328,66.90030194375956,108.36890579117602,20.575602653982916,67.17780432589082,114.99371280463845,27.389928450078184,48.33395209020232,58.91295018834926,27.3770730655749,49.548003389248706,68.65844361443699,27.37706614460815,54.56377194389121,90.30231288401058,32.15922110337841,40.17885305137265,59.421780094805854,7.173433774197634,102.75869791739017,105.54123072354162,7.173404507835059,40.75648666491742,115.1551236742156,27.68043368826217,64.1737005180483,69.11389098759224,27.64581794774754,56.30245921174833,59.14159172014845,27.64581794774754,56.766124216269226,58.98331317644768,42.01321294321505,73.66604831045825,42.0874101754341,61.74508188603588,45.60273033089361,78.86787178439327,45.60631567469682,73.96746612771334,46.29869325912341,99.66663897753801,47.33057442128112,94.49297317311496,46.351318880110846,75.79605896952654,48.704194169164055,62.00981806471555,42.257329072934866,80.01098302235273,45.32878311299929,55.16524320789034,80.68540140936206,94.29700782218703,31.889073904397677,66.23591073347337
70.0,19.873538339185572,43.19879505181439,73.38937376509007,20.92840350868173,84.73801674634434,122.82243389703574,20.929355122015103,44.338986822703376,84.23652091211522,21.89774660377469,47.99414587484877,86.955418190817,27.0172081660194,62.44950821982304,82.98920448041547,27.017204558911352,62.40083203695211,82.9400161920357,33.69774104405686,76.94316720022789,76.94823245321149,33.684207755044554,54.47843330911287,75.21533535694307,33.68422817338619,46.64908695404374,111.41887382509695,42.19628241918949,50.1554554699993,94.69088508237716,42.19628241918949,55.879133454656746,79.2342279464716,42.19628241918949,55.41273048246008,84.35879074296275,20.635660895253736,56.98090796393524,68.73829370704135,23.448179762666612,66.57148759013118,108.76852104194094,20.869276550218693,66.95617447062615,120.31206126830021,27.946765597556425,47.9222712407822,51.98133148481624,27.95314029503248,55.28063120671263,69.29653907323038,27.953120634049352,48.903915810579974,94.14114192055959,38.17412584680196,39.89071244502722,50.11509359750808,7.593985609814115,105.09780422410381,108.07525876039465,7.593957720700072,83.28854167752816,114.3263381289504,29.059939537387535,63.75437674240491,70.46354761741077,29.046684970040808,56.1034580271479,69.87800465081949,29.046684986180445,56.460554125415236,61.57178477265235,41.91044492571509,86.58848388675706,42.04591641588188,68.98569072025515,46.36233147362429,72.99471094246344,46.36271735732677,75.87130443994138,54.85680996431452,98.19876824374066,47.24755258145858,96.6690166551022,46.011707903206066,84.0547374938732,46.899177121493665,66.26169570326329,40.04212984957427,90.90319528206783,44.4886420241396,64.13341070399042,50.80354814299854,98.34074473887625,34.635614613157635,63.49434642340597
71.0,20.872228395482875,44.159676665525055,62.177197824204114,21.45111107629086,66.71660936020099,68.60396952309705,21.45271538495134,43.25665845342708,66.79988978872655,22.02793389731953,39.184648287905894,56.46797956181815,26.570222722600615,64.1841861593512,83.08998531088523,26.570223829857998,64.10669607387116,83.05869586932194,33.52858138669835,76.46575077084577,76.5371088154864,33.520520894065115,52.66610443512625,74.29364901524289,33.5205205060061,42.10367892588267,113.04906041650271,42.02691102139199,49.35309871737137,60.64012962232262,42.02691102139199,55.44191949586375,80.15937460250697,42.02691102139199,56.09886681759022,86.59490103623287,20.927498439859523,58.785307684902,65.49221360543888,31.598691619355495,69.25774064549748,105.41671315410895,22.06382950678395,68.64271426132464,121.07626577225422,28.57300722135947,47.67283667231369,59.02300376107755,28.64443125555443,50.97381517140448,75.77694815707113,28.644364412911408,47.57684573403327,89.82847866909458,39.44111035855264,39.72531624824971,47.897577073573,7.876273723395687,105.50173780860621,108.02685114204307,7.8762502433254316,98.50122291243659,114.15800081794187,30.456058226904528,63.356513541008155,87.57175605066334,30.4564637487024,55.97480762990458,85.80625350419103,30.45646374583592,56.18931470706449,63.26727441882998,41.85758809552617,81.92980160230599,42.02210099690317,62.2568202150912,46.926523967917525,72.20543155890036,46.92688760780084,75.5611824228176,68.18008403218917,75.7118291762471,46.903086759071876,76.62111334219875,46.708511435525274,96.7887292395438,46.27306841709236,67.80322126173446,34.29943727646772,77.12220298503121,46.65017341421043,70.63518429797321,40.109212679081075,101.30955304021195,31.696995228400933,63.35340506767047
72.0,24.866045282390882,45.6491477533736,87.78187147040377,21.866499637738585,81.53489090784137,91.03475100872322,21.868019954681426,43.13165003655486,66.34499162987656,23.155038272830954,39.349033945595345,55.96975106188652,25.947929483017948,64.95344517572431,82.32338359739616,25.947928401547976,64.87519715008467,82.315974372989,33.37289030007926,57.076975104144665,70.2984762751955,33.36353774378211,47.92085452109942,73.93330628792617,33.36353635033717,41.178658059592706,106.83027250592187,41.79337567127116,50.25581368098668,55.43485888073472,41.79337567127116,60.228851990611474,80.23759884512906,41.79337567127116,57.588291574331095,88.45271595270547,22.215858356454746,60.06846939663753,75.17101118341292,31.902675260970906,73.10181761425618,84.50227056561694,23.307534027577045,66.11456504390115,108.70142895756426,29.260066471361206,48.40259114935054,83.62125955334028,29.557465757771364,48.461744850858096,77.51195650265952,29.55723249224666,47.29874780164603,88.118704552514,39.36014050198791,39.550795040092154,43.806231844828325,8.302487858389744,96.63805790245425,106.74564993914406,8.302465005235241,92.60633519294902,120.55673743356704,32.28764910201783,62.978133958037375,92.16096477439545,32.29399770526556,55.782109202146735,82.4074783677139,32.293997519555525,55.93776121105483,63.015005601761814,41.80952914013762,65.5449604685013,41.813511517935474,61.152910293883046,47.22225908619469,72.10937959806557,47.222506170729545,75.26446006433771,71.12065854061484,79.87016584812163,46.18608321631149,61.014382575377944,45.98397741587775,98.73502293094543,45.854190067876175,74.97679418625397,33.40051680614535,90.1018745693854,46.72597306618986,69.26094077151126,54.655288564516546,105.01877156680737,43.98663712490136,78.40366839932688
73.0,25.61739987294933,44.51846385290346,87.89892603416868,22.10645824885281,71.75432863603349,92.70738129348334,22.10644399714755,43.0303544476504,64.98675210468213,25.911275441313336,39.1852254658553,52.78506868433057,24.290044256855523,63.396615740489786,81.9757840494937,24.290044256855523,63.435260466941294,81.92444222489901,33.225141420658446,41.73071702657164,72.61754444230175,33.21334421349742,50.558971650610445,74.04309818591274,33.21332678388372,44.418914570481675,101.36020930754069,41.57206093038929,51.97237514488249,56.227749997280426,41.57206093038929,59.95212247823035,79.51454745505507,41.57206093038929,58.244676458036736,89.92899852746676,23.385588204988565,44.96896242237801,83.5423903433778,23.682195969005615,77.51787394721687,86.15617729630618,23.556337532004015,64.05352352628212,88.69610415335227,29.866989773269353,83.39118362209645,83.56760252024664,30.67361459650433,47.099674384945764,79.77606188095947,30.67308666272157,47.034371258886814,79.93724198682612,39.135980290070776,39.38699027252886,47.95273952720488,8.875413566979113,45.13326377090112,108.89455638302502,8.87539230028846,75.61923201088979,127.3494251416437,34.1074324448829,62.56370037280691,98.46952140684748,34.134655052749636,55.47064266932836,81.72586365552152,34.13465506550979,55.603892493281116,62.69579902823696,42.68043494031254,79.95655050548486,43.45069866941564,64.42462344171267,46.160185627542404,72.19603216204979,46.16038645081498,74.9731648483545,70.79289608478477,79.45620329129413,38.42052944388295,62.41438551136983,45.26299363534251,98.1019863775884,45.66042420904385,66.44945571222958,25.88970054030164,75.07689376754482,46.429630847835035,65.30475345747742,46.46266195693965,104.50511793581104,46.480791109953785,78.67422462899411
74.0,24.992061349172594,45.04960931370476,85.80945104203138,22.055111891890295,85.45005623447209,85.99031983338682,22.054543165255826,36.31742522181002,67.9782415133077,25.81532345280423,38.61269257319608,51.8653210859866,25.725109329213744,62.34575536088715,81.77456869007348,25.725109329213744,62.34748591235664,81.729161875625,33.077365675523346,41.724678722424485,73.59281463627298,33.07001818350252,50.52253684341145,73.03935535551265,33.07000151194433,46.94738932586653,83.76987769937504,41.36316295932892,53.91559990470997,57.86456730452065,41.36316295932892,59.13692519995343,79.79644534647481,41.36316295932892,58.726447108018306,91.575827493437,23.532733811487056,44.37644423414765,82.71375179019307,23.46556390401189,82.06176348283483,85.73569105560223,23.455116882797924,58.828434705142115,87.65313158265543,30.525961561984907,83.05114426095449,83.07005499365034,32.49958239498016,46.78889215412642,81.81381817518619,32.498439851531,46.797560381977135,86.0453111801744,38.614138805684505,39.195182135456065,58.465295576076244,9.311437983446735,40.49900940625614,104.42317826013021,9.31141611339273,80.62090802599478,134.66253943488488,36.0051399837865,61.713794479643425,103.00997993605823,36.105049693692465,55.173351533553806,89.0290531985463,36.10505131579175,55.25465045944766,62.36184871377145,44.065696296204614,81.40370326777038,44.48307252646954,59.744946820539276,39.46403684809057,72.64945812959385,39.464035598059205,74.57837872064657,43.672814635821176,74.8956655172594,38.00263333528357,61.94437538890873,45.53275463387311,71.5264505682343,45.896548940916794,65.30786550030697,34.929237205282256,66.35315984609045,46.35705505519106,65.68613993463123,39.96518399002307,103.53590209591249,40.273737426992604,78.208732173691
75.0,23.890782348151347,49.73786044426421,85.66444798345202,21.8771298406331,84.96839328592769,85.31616566004021,21.884747504293284,28.748661613973653,64.19949074301383,25.748666032129044,37.510255371459124,48.205058298099765,25.653947064730605,62.112837624479226,79.8122184624474,25.653947064730605,61.02584608913571,80.26692199214786,32.80448074797122,40.33961411806417,75.91690506841695,32.804375530603366,42.661652644484256,70.30934407073394,32.80434422450783,42.96586045687328,91.88212680701125,41.16687078222001,55.70255485458145,59.31315396438124,41.16687078222001,59.137540714622,81.14339154318243,41.16687078222001,59.40504476704664,93.36282697112419,23.547348940019752,43.99203230740947,65.44884198590873,23.337730937351235,82.8891748618295,87.63303507042751,23.33773799510558,63.7592386265904,86.99773844939347,26.909081719348976,82.65220063301183,82.67920742034586,33.56181521206886,46.597207327088874,77.5129656344623,33.558970033924034,46.603877313173825,74.6751985367503,36.939687274799006,39.24238751087174,59.8842167750942,9.90855726861583,39.24709992288267,74.61067519121093,9.908490698312205,63.91707733550832,142.54028862032828,38.07372156482132,60.8349809317697,104.38280508552528,38.44258874199219,57.1616626485403,91.4505901105837,38.44256846635107,57.23366576157314,62.0871003449175,45.14087621599332,78.94592861572781,45.146234406172816,78.65149250575067,38.982184494478304,73.29204069001781,38.98218390727891,73.12167268297821,38.625222726524534,86.68518270368946,41.53280686615436,61.98622933184317,45.40341496605757,70.20408174609295,45.76236157497061,68.11720792758695,39.93263373519861,65.44579379122766,35.0683998156928,69.50551911424958,33.91489765471743,95.70433550578302,33.93194813692706,77.69001118933446
76.0,23.427894872765982,59.61220400490633,94.2999192603479,21.6971282665056,36.22089844674589,84.81324133488063,21.746244425245365,45.25580905766899,62.156677830012065,25.750878581806564,36.25859915082279,46.0244451018381,25.526946546737626,60.46805465701298,77.68572504127134,25.526946546737626,59.925652501433255,79.05000900009455,32.68218679506163,36.41680901143234,74.02747992618535,32.68225867740782,39.87593832969975,71.12590255480343,32.682191367101154,42.50887876633213,81.92867647691996,40.98336552797976,57.039740297433006,59.748543558438925,40.98336552797976,60.62022913541582,81.69449744941254,40.98336552797976,60.25682919406173,95.28443733741142,23.590577818364096,43.756935666709545,68.15059561346288,23.22942638120881,91.08138376811472,94.7538213097537,23.22942638120881,54.559019217014715,85.31521001216066,17.233511684880405,82.28437867666295,82.32524753709016,26.032576227918376,46.379043869000554,74.31412917172109,26.027301197155744,46.39264254007622,75.09787435997318,27.83628738671063,39.17994875456318,57.797673849154805,10.705747623820226,38.756217050687255,71.54427318570178,10.705393451542658,43.38809571911438,143.93430620934308,39.826609148496495,60.28229624652422,103.57656820450933,40.67687822121829,60.970985795335324,62.23644968501038,40.676680854918544,61.079943525348,61.79493769145152,45.589503014353745,78.47931115253886,45.59231296364323,78.39580162519051,38.944581105434025,73.40805945364913,38.94458071467479,72.56530111831981,39.16842339212142,90.84979889493827,39.2255290734545,59.57410417567866,45.32194047514586,65.30871483686614,45.545091957207724,72.38628419706987,42.06076238443999,48.14172796175495,29.123267354384417,70.91747273173561,33.60665864218975,75.99385925637779,33.60224727770951,77.52221467416166
77.0,23.179788513924013,62.04236664676819,96.63853399489146,21.593736279122652,32.897311495979274,92.20521152914611,21.642271363683996,51.428676150636086,65.89005549654155,26.924742992091165,34.62129603876163,44.03747222595403,25.409151894543825,59.689754566896205,79.74209082742813,25.409151894543825,59.689850096384056,81.21946487056461,32.56724322394165,35.871122030832424,76.3757987394775,32.56751327580916,37.745715237933986,68.98172197201875,32.567287466532456,38.63883111365844,72.09306452281682,40.81281967715536,57.495849800194165,61.80876686123165,40.81281967715536,59.006202194550184,80.39097184454609,40.81281967715536,59.95249037639422,92.77377799379013,23.429004042103802,43.810486715017504,53.275017373704756,23.12749986487947,91.32710181275067,99.84290039284718,23.12749986487947,46.78931524637469,99.95407803999151,10.960906829676114,81.86628722860205,81.98698416360091,12.049152803376241,46.22166577272008,79.6029544076714,12.048369520930585,46.2330671906254,80.96175625103943,17.408266132246773,39.018431532915514,65.38168160632615,11.705522400421657,38.47148774228189,71.61786098300021,11.703791719940613,40.302541565882755,121.04444559847204,39.9000924517439,59.88320073432959,97.08372593015977,41.06071280871644,61.530268063838804,61.60765191156188,41.0605143809199,61.53065790082977,61.558327149379735,45.74584770609484,96.41440502878626,45.75847976297242,72.69589486634176,39.23710629756783,73.9631467645007,39.23714895733188,72.73502191985735,38.22533297459626,90.11170367833198,38.85565689105327,59.43612684218147,44.94089329830302,66.35160630924764,45.075181341213806,75.18261295703276,44.04317525290106,64.80477485047668,46.33983530764635,76.60006595561013,40.940546718629506,75.7529946061394,40.9159566938634,70.94934202516875
78.0,22.974803503471897,62.9705085752111,87.17139465492096,21.554182741155746,36.337128315548014,90.7751568434636,21.563983338258993,46.507555399837756,84.10167820276325,26.30780549750567,32.49719432639717,41.99344025834598,25.300691690149502,60.27722154263388,83.74673950323813,25.300691690149502,60.27685201593614,85.31026366624783,32.45959314354299,35.778165016826954,75.96154966148465,32.45964260851554,37.59783775347644,71.74692709695766,32.4596745694099,38.04655960413298,55.95797996639019,40.65539632078379,57.28425538338029,61.36238977281841,40.65539632078379,58.114219218824005,79.168866865399,40.65539632078379,58.68167479844147,92.1878214714211,23.18775680850539,46.4914134242678,69.2663154445804,23.064177465153104,90.64861956273052,101.69310890699659,23.064177453866787,45.40119493119701,102.31738350144754,10.155637160572047,81.00623038041624,91.36789670108769,10.235110574507168,40.66237887746161,82.57889572193083,10.235108566934688,40.656810948561606,81.66048623790351,13.446852489173628,38.75311393850921,57.23678491974026,13.74328645702979,38.39078427263855,72.87524525767655,13.733898339294408,41.79963574091918,102.69727930225982,38.9374923750889,59.266448835222356,87.21072642356219,41.58474981902184,61.29979561918742,61.3245899043641,41.58439686477345,61.29979120888125,61.30768479661927,46.1980135271191,96.07648615314258,46.22571735701334,79.24887666168536,40.2989339540196,74.9934327818374,39.68791249391569,73.65511430614099,38.54883610493049,77.80478986409423,39.395772401810966,67.4269557742184,44.80022181972828,67.06160114580996,44.85059025960548,68.42748701146421,25.013738087525383,49.59956577772854,42.702433939439565,77.68267303483302,44.60857606250193,85.62162225128029,44.57878592413678,60.99926579101634
79.0,21.678746831125192,61.4580574611662,87.96554334948188,21.534810658310445,28.07232827129181,63.5429496136853,21.534953259499833,43.516170207648564,68.33106287485818,26.130568429480157,30.24142835736615,39.521623199951804,25.20168645150558,61.42495571976947,87.9290812392959,25.20168645150558,61.42168038207815,89.73582560741677,32.359310870288944,67.42051530045552,41.100985486428684,32.35937180351658,37.8297473844492,72.23879883538334,32.359396241372096,38.69962805916912,73.76086455298643,40.51124843793387,57.047116678910605,61.11059299946996,40.51124843793387,57.058076278300874,66.41565225829655,40.51124843793387,57.694660739608494,89.35516115210373,22.99948172648583,47.961343617279475,65.65470510571942,22.976224751223608,85.28717090946157,101.87087802064843,22.976224587060774,49.824567308202155,109.57507482492446,10.034347492936853,79.70706359886368,104.30633318743375,10.067843260843834,63.45327763904906,81.41080803679634,10.067835736505875,63.4980206743166,81.40196652610875,13.421762444155226,38.50035095863433,53.114375856175045,19.819975931677895,38.25655054063541,73.73062677191882,19.775082700711188,44.093788207183124,75.01059400511826,29.52634123310752,55.66702260721878,75.16261669440625,42.019842309546696,61.104310428626235,61.11040432105577,42.01921690759062,61.10430877914709,61.1070820399491,46.81194854224989,91.91995602709545,46.81360153954063,78.65489927025313,42.22334208061818,79.79304993876316,40.2011988751288,76.31275413268789,39.84872730193281,69.74940413090836,41.0081873250626,61.81441948659086,48.64703232622292,68.40627960634666,48.66177819669592,69.7548112603665,32.921313020063415,54.39309975350752,33.696431134852126,77.83133263826394,44.950088890335124,90.55322651757739,44.95891156643654,47.45595412098709
80.0,20.515856571999592,57.67863802334593,86.66391553717592,21.508083253690163,42.07222723368427,67.97725760583562,21.50770090832258,42.99385718836065,76.90197489159057,26.154629419906453,30.088856931375773,48.3463214018821,25.112248007695367,62.23714169360931,89.8915310591036,25.112248007695367,62.52256441126563,93.83556916929706,32.26646866330432,73.54833711452407,74.10225232038817,32.26675627273923,37.74106514624977,71.68835115741325,32.26653939299272,38.91564831683145,70.70807398189474,40.3805181987552,56.81312441669077,61.287706052424234,40.3805181987552,55.627811768622934,72.35279003810363,40.3805181987552,56.94922940510429,89.35577405435268,22.899651670966694,55.680871969445676,64.41187516993433,22.896891051208595,83.48984189923132,99.48460781838669,22.89688978343665,47.90149829918196,121.2192706956719,10.131387577641563,76.90720460218539,89.19549924327688,10.167533535752225,62.91622408430725,81.14158937018445,10.167527054821946,63.314939967932624,81.1420649391508,14.429672125356745,38.655243009916596,68.23968321516365,31.892633555937635,38.11349622897276,73.54314601950709,31.81989589048853,45.39893609045859,73.5473990966738,17.30476028323688,45.45693284829344,66.84473324703609,39.349909668154275,60.91015950430416,60.92301074126879,39.34657345721166,60.91015797561269,60.9236308135716,45.57355726238377,74.95544913816858,45.503513994620754,62.30853093373073,43.043882378319495,78.19364818455186,41.373213587224704,79.61930712120463,40.64843227450603,71.68988217305656,41.486403560876475,67.2580406908785,50.66897013103021,75.00046033792918,50.669699023687876,68.00350368342993,33.101662924863305,59.13398567199692,33.14507273871759,76.67443298558804,44.83947542824615,93.52890481260701,44.83654835517795,63.668821012323995
81.0,20.29104047240569,58.27176984899068,80.65896454106367,21.509297799999565,41.84425026610917,78.40411314303397,21.508938692070984,46.65266706017019,78.01316716562914,26.585015417644716,45.70468851377144,67.13293816272741,25.032478902417953,62.72146638995721,91.51435611684909,25.032478902417953,61.26781844472992,96.58608454731751,32.10334873498402,73.33602048247411,73.38910597722403,32.10340659107049,36.12471166440237,71.52360548113798,32.10340872731189,38.52271945390999,70.09223725612235,40.28568294071729,56.62547184174809,84.4317188160961,40.28568294071729,58.19438200837073,60.60737385518263,40.28568294071729,56.7710819999989,57.955474046179205,22.8260716694883,59.347889866477345,65.23627845300794,22.827107176290927,48.80476851461519,59.485611605908495,22.82709708103398,44.318018464504874,129.33629328977617,10.101421235013031,69.76493012650448,83.0168909017375,10.104900486430243,76.78327720808382,80.94218281244608,10.104898701402073,77.20847573615782,80.93089204422114,16.051256095598703,38.588678912690426,70.07199721416085,37.7280534885617,38.06872593407049,73.33529891997887,37.72150246925658,45.950504455292034,73.33582986185404,12.156110546928378,45.37565972532764,71.47705884036334,27.60458252195653,51.78942232382429,65.51279093239292,27.599052215646644,52.07803698608024,65.51762664741486,42.65156749611652,75.48472279013312,42.6570963725923,64.36749259346625,43.768527524801975,77.95577962945505,42.12623096867698,81.5330980662081,40.59605872228273,71.17135062223733,41.46667735278195,74.19828017739721,50.58488579934499,70.79267840347413,50.58491974296384,68.79579471322455,33.099847999174756,61.64609058172975,33.78535694066858,76.66727487343265,44.78981464392325,93.22235949804345,44.77774175405293,61.87232934334573
82.0,20.564099349783202,60.17246698654824,67.31472042526875,21.53710681256407,41.7814601790556,81.082812437383,21.536741951764576,48.672596668428234,70.20364469225828,27.741535110929647,47.47956123941352,73.88897608405397,25.053368037052422,64.18391215382101,89.63386964019335,25.053368037052422,61.38276476204989,96.9824328438074,32.0331859171079,73.16741666501811,73.18139140008203,32.03319212359848,32.89739104550488,69.00767509503399,32.033250864389416,38.65874723442869,69.19550658266868,40.1794257052039,56.45394849796835,91.19282831591518,40.1794257052039,57.29979275390394,60.54821352017604,40.1794257052039,56.449027242852594,59.59653614295553,22.783466744348583,60.03570227853634,80.60855416849476,22.794821910470457,47.4633727681058,81.39402024863003,22.79473144520747,46.61381311121067,121.59593392308479,10.077367939042007,46.05627126245928,84.2561758478281,10.078928426061726,78.91745254267893,80.72206300845745,10.078927364865798,79.06494356382295,80.72078672986713,17.906294479747977,38.509279839792924,70.60804940085261,37.859417450598606,38.26148732704065,73.16748765674546,37.859036941414075,45.08082538881205,73.16749724006142,10.66546393956695,46.7689902813054,91.16130752252549,17.192346437663833,74.05580086788574,91.77339258456058,17.189253271848543,74.06284080609534,93.82375410336711,40.58872007390298,75.74437704768197,40.58885908850042,67.56350276138089,44.35202600631941,78.75387500564737,42.273648106750855,75.86786435111138,40.487147632297024,74.48745256698851,40.50369558690438,74.15070592889023,50.46465800367779,68.34984983632923,50.4646918686095,69.36617331688471,32.981299466076024,53.517293872581725,34.00412727377752,77.15224099588688,44.79484843547648,83.61523776178512,44.78151234393174,73.253698374913
83.0,21.236717480932523,58.731452904469386,65.69621899669224,21.570587491493466,41.259137104652176,83.65626026702313,21.570248778320835,61.8693858605438,70.38294109597753,25.82895870226603,62.27507712852149,72.33057085314069,24.962472273120852,59.1828480355672,77.46595784857188,24.962471832733232,58.81682167419251,95.15570356228478,31.970721947630043,73.00721903649055,87.54004627269981,31.97069273470334,32.02332182640194,38.51354334584706,31.97073889458987,38.70835952838483,69.65984782362509,40.08692118384748,56.32733901649626,89.28801821139545,40.08692118384748,57.0844932750574,58.022680850894076,40.08692118384748,55.96145873064833,58.024265035005044,22.727107763152098,60.406056057857505,81.29291624771142,22.84731364093193,50.20422091308616,80.84253989235924,22.84635166149264,51.62711186126663,90.97134706645295,10.056594757747481,41.5426680120374,75.66693708736616,10.057312595807725,63.97251806515735,80.74773362401773,10.05731207056789,63.98481640543126,81.04837396386112,21.86476221711296,37.95552612791795,71.26806186499466,37.764524359292786,43.559450210159206,73.00124142780038,37.764466611080586,59.836376260602705,73.00136129838964,10.23364786796927,50.74010018077897,95.39636209968795,12.521952852674474,85.28809489493115,87.09344512301256,12.520877902027763,85.32600312552995,86.30265847869386,39.73457203175602,72.4001126387973,39.76274934101538,71.08681284139573,46.094347688766824,80.00143436587518,43.957053554045004,75.29326412897267,40.41289977602206,74.70898924739922,40.404748057375066,74.15567945115697,49.111410763654696,71.23475031611042,49.123662042561264,72.05929917866871,43.703272889797596,56.81591433892391,42.22859615973157,80.47491013687346,44.89856952790989,93.2727971253389,44.88974464111608,76.28912370480803
84.0,21.721305810719436,44.226312096422184,67.17905264652036,21.651136610012905,41.07721891219789,84.05301119175735,21.650718890281304,61.04693013356079,70.9482390987617,25.327238209579626,61.83132788088172,69.66787442800776,24.902310546806717,57.39802215299232,73.12846471362691,24.902309129877896,46.63105937265304,92.14387275606573,31.91590512581462,41.29842300470894,105.80820611816223,31.915908031995198,35.685971914116,37.82391585521621,31.91603902605343,38.81120710033379,68.57701369387314,40.02288407898661,56.30321715820461,101.04944769735972,40.02288407898661,56.717878103299896,57.70669157300677,40.02288407898661,54.87157541277361,57.42052841558306,23.323141001160757,57.006760469492654,81.39211938893382,24.494063324665394,57.18773998238151,80.24670048164941,24.48527548036307,58.28986804802558,80.45526762140055,10.022681465778621,42.168854133540464,68.02546289879399,10.022940714689623,66.1920832856881,83.04590831895986,10.022940526248782,66.21363061466863,88.01189186544889,30.260950683835283,37.869261208853494,72.11444686163227,37.75314282212587,71.2053184863199,72.87476173073831,37.753110532022056,72.74180925150853,72.87418811876672,10.079679194160182,49.544580040932644,91.95290520627336,10.876989980573493,90.57769463528857,91.512457437306,10.876672329049333,90.71080426399388,91.8799715829218,40.51042304659332,74.64443448723613,39.52737378738463,75.40524036918485,47.540629941866676,79.16093160648069,44.4048178566297,74.86503262420317,41.121296427987325,74.5659888154732,41.12325356255393,73.8607365746337,43.350835957280076,72.44807865395235,43.362152165313056,72.50747950057156,46.79837664732029,56.245151551809634,46.521531859161534,81.32201447781068,44.85501073648207,92.7031420251176,44.94299361662744,77.02164049218284
85.0,22.022192416950396,61.7090144194563,82.40073893613186,21.719148632268784,41.47681452323789,70.38215753284159,21.75215556815619,60.58921665494155,64.79219725232699,25.046651000640562,64.61217072527351,81.06424808885426,24.852062288671338,58.48328939123889,82.84095124753641,24.852062288671338,45.12939859306132,88.04304010759556,31.86889750317229,37.90829291586355,104.28328787866738,31.86887308874353,37.66409757569803,71.50799285227367,31.869167509931064,37.88265144665837,71.30122572608812,39.95536572226563,56.389076570848005,100.96828944389571,39.95536572226563,56.10217470907861,57.16429408695185,39.95536572226563,53.9571173068237,57.579461078841945,27.649918904768832,59.39910598270494,81.1575094265327,31.97685503057272,54.02070295077584,80.31883271153752,31.94803388467527,58.14533090701376,80.09080855756712,10.009084304189933,42.26170425782917,63.525833525377784,10.00914436100227,67.93764641490961,80.19851607144585,10.009144326365725,67.95795808445573,87.1467253645456,35.48200186747158,37.69054648684496,72.65046586175899,37.662979170532964,72.700886461739,72.75489570376229,37.662979170532964,72.72138060280842,72.75545962587454,10.02745781843521,48.88695840936862,65.86406723036008,10.318579190665583,92.77335958540213,94.60070143011097,10.318655248282173,93.19744894332003,95.34661567273702,39.548055373193954,74.39258334808376,39.74959369151652,73.17169546161533,48.03435543064639,78.55825604282813,43.75018360689645,71.87847309511169,46.88543206834201,74.31684455997907,46.88520377244211,73.73991477882305,45.33571545271642,71.75474518882532,45.35802000038369,73.67152388762076,46.33233881500765,65.09348712587226,45.21206710368235,78.60749388142968,43.75625810024831,75.1167853274382,45.355500921475986,76.90750742172193
86.0,22.222608999081572,73.54878001354207,83.94330831065885,21.349907349486465,42.167708318918095,62.59904291860767,21.59487976435801,60.73818980964624,63.24983293487391,24.86699423970197,80.13265526167089,81.66522334499831,24.81179155159901,57.169500967871514,80.18190181580029,24.81179155159901,44.4146474114877,75.0276555128077,31.82973468844007,37.61967841333524,78.57706384537155,31.83552414374745,37.80674962069829,72.6634664032607,31.829725143291856,36.63743728117925,71.39952995729601,39.901832664678444,56.5958405446597,97.72035061842352,39.901832664678444,55.88104313224111,56.07822435793053,39.901832664678444,54.134513004345145,55.630109553204534,33.20871829996671,57.14445184643665,81.93120148334258,36.98618126371291,62.63576722117542,79.14112690171555,36.97297894401561,62.6455554364984,72.26462356456867,10.147475285595108,42.95548546349008,56.47904979245968,10.147476195221095,68.32367765204411,79.3386088800297,10.147476194904193,68.34636629800958,85.78570726354103,34.81182043580207,37.58324094593227,72.59580926724256,37.58297686789796,72.65875913028016,72.66951689115034,37.58296411958716,72.66265314831784,72.70778340095283,10.150796835196067,54.121036702307336,60.57109464959304,10.2507823769441,94.62844100139873,97.55754467955398,10.250758369853852,95.50705908557342,100.0658458787389,38.956249384603254,72.47957607433332,39.016940111998174,73.1358629808044,46.80745676360163,80.40231572702818,46.93106648658783,73.46279760307051,50.2944895606725,74.45394969883723,50.29489002489561,73.16804883073537,46.1712327394959,67.77021779033156,46.18856881950019,66.21027139205623,45.86621222297089,67.71048964256404,45.380442082024736,79.99341163471732,45.65787094982059,64.09654782824867,46.461152282045425,76.07286085288435
87.0,22.210677230746757,82.43028593039722,83.50971379068238,20.364636647411135,41.59616161341774,48.276737983585456,20.36409006286085,60.807006214234725,63.842541356118645,24.794683053177963,80.10165319573515,100.81747905154222,24.781545553092528,43.00720905366368,80.42238901439826,24.781545553092528,43.96835310540669,74.59876603946589,31.79844816477922,37.64486539051264,73.6830672661088,32.079341854898594,64.26095911310023,72.6717488316997,31.798658071721864,35.35661178031139,37.75502723310408,39.86911398564056,56.600241092194565,73.40970191516982,39.86915873927677,56.088641530673605,56.25026878156507,39.86911398564056,54.46557567318203,55.50202074242939,35.08926172275883,50.742123554166305,82.43279742454105,38.0419745033487,62.676758687591565,63.75324685325651,38.034562481875085,62.67754339873501,71.94774721210388,10.138601974631413,47.40887914665234,55.88249175554334,10.138601974631413,64.57442831223163,78.38174961104505,10.138601974631413,64.59393405691432,79.81218840825191,35.823680814286554,47.029705993316924,72.1834713688756,47.317558197327045,72.59661751335783,72.59679769049812,47.306290969936626,72.59666831198247,74.43149859300247,10.138601974631412,57.616928444215866,62.12790918517547,10.156413055376403,91.83108339149949,99.42339468664109,10.156409662555873,95.95050033597731,100.28939202892133,38.57286513847883,71.69522039568511,39.11007789806996,73.42273504816981,44.6535057398478,70.23315282921051,47.497039056709994,72.6024037230833,51.254410130432284,70.72157004120386,51.25679650687704,70.04536408427556,46.574063623593226,65.83390018430444,46.58615313179631,65.90543238621498,45.33591706373208,66.84366973018895,46.11496381373102,77.27423028767981,42.510247189926766,61.25554919661468,42.51070412866942,76.34427307500115
88.0,21.87195617073632,82.24959642069533,89.7565866595323,20.02288992365669,40.71625345231024,57.877672991881546,20.02235984904283,61.58887558546336,62.64402527810415,24.765042937227363,80.96635619333844,121.16046100211445,24.761366629792715,42.59356220689943,99.83941066434997,24.761361028828766,43.558957920812674,73.37522350061063,31.77464284868603,37.57400298303976,73.02524346483006,32.35734179899361,72.0387729358319,73.82205312782628,31.778063336429476,32.034134570003324,37.718850432747324,39.840886661820164,56.559522374689685,60.61838867341912,39.84348386733765,56.27827292735795,56.69609861187657,39.840886661820164,58.03690038557119,59.9826083129275,36.117670399883,62.92216372696099,84.68219686112627,39.328405240207914,63.19568923611693,81.69799476692974,39.32032244357971,62.81159552074067,82.50955727200073,10.131942064579722,51.31644741306368,55.98857607736093,10.131942064579722,61.322867875601496,82.27409201382729,10.131942064579722,61.338279758355434,83.38779568994188,36.32844858972212,50.35737840065082,82.94424679735717,60.94463912479182,81.19369507852129,83.06659497307145,60.9690833358643,81.84919712337548,90.54644175690596,10.131942064579722,59.80400368804433,63.368900484221214,10.184161545497613,77.72893319205183,99.72713354111774,10.184158158478063,83.32174278799148,100.75204402547327,38.78548539501908,71.18823667500625,37.646199408154885,73.07812033356545,45.10659388326832,72.21636756117292,47.27029865132172,71.25443647976635,51.01607855785834,63.37811148838529,51.020878136884924,65.90970107648987,47.7249584405278,65.51404882128523,47.7473277526577,65.89316662204348,40.654364074582666,62.74520645275491,45.06582834772221,75.92371945139807,43.53415320771653,83.0498228369049,43.543582480463506,76.70440125257609
89.0,22.02482834918743,67.09898432609958,85.90829503862662,19.39789754875714,38.305589735523704,58.3563258558724,19.397354107031376,41.914486451727846,62.86746991857405,24.755194541496756,85.06138020663205,151.3656215524436,24.79813049979598,42.28939557621713,115.78420443428207,24.753410236832956,43.2555521323067,83.50473635829215,31.75887456080541,37.56201944161587,73.13037200994808,32.4725917295636,72.80040292857362,96.92400871251996,31.76762881536297,31.97551573792206,67.43678411644822,39.826765497589676,56.551313702551944,60.24289887321086,40.23803316054144,56.326530142168885,96.9600115482193,39.8285250683437,60.03485141781557,60.079794466907565,36.919658865641,59.26743831317599,84.65445573624372,40.84916450450842,63.95347663953547,99.30516605906192,40.84329505747555,61.759345625474566,100.04473083291077,10.12749969143421,52.10253813171653,56.16581285940327,10.12749969143421,61.121321466935214,86.47931340771191,10.12749969143421,61.15739095937536,87.49050692732325,37.51505270710207,51.01522573243624,84.24666365918792,62.95482239694413,92.39688599323988,100.35182728902839,62.993484009516166,98.69240256399246,124.06238337632865,10.127499756627484,61.11497907788901,63.96517279487827,11.012155640813843,74.9755547452108,100.30280119319198,11.01207688376641,78.78518927363396,104.94247671180446,37.09815941224034,67.10639883739546,38.21761873004224,69.60719303477786,45.960841816922354,76.37287679097778,45.83758907321613,70.21130170163676,50.036341880338796,60.30407986896426,50.05289404233931,60.46071575550077,50.35680257313547,61.93292962897122,50.38187609726969,63.940682911203936,49.796620733510075,64.90300301799844,44.42590516424036,67.31742481821433,46.004471925711755,99.09699307257961,45.83568341028368,63.050934024104954
90.0,25.784478379610466,64.06222960691241,87.99077231051912,19.32690549796601,30.266901995527682,82.0188004055404,19.323863230378958,28.21111615160199,47.465654006376404,24.8282665608942,83.46742416321459,152.41010528463886,26.20206531411941,41.959416613108296,117.09249200884871,24.89815394474438,44.79837176921665,89.04255192810612,31.75102597588513,37.60102207378528,72.7947246108714,33.03787277810343,73.5762220800381,103.04209945967534,31.757363636577285,49.569446117740725,72.43648241013958,39.825070621406304,56.13772915619242,60.124809747506966,41.39098955569415,55.763536202654834,98.0761349281522,39.851434730915074,60.07196595263526,60.077646887691465,36.484148012192506,49.60983978607617,82.50122815965105,41.08148933423445,65.24716939618563,99.22395267192398,41.07516944432223,62.63966348903335,100.43538383112507,10.125277773967488,51.68705017114402,55.62111046768559,10.125277773967488,59.715425907049635,86.39667338944732,10.125277773967488,59.749760226563644,87.25824726018666,37.660521005770676,50.963183554835545,84.94233609168397,61.07297477303758,89.87971399896027,100.35184487521816,61.11666891271984,98.30484781144528,122.59183365647947,10.125369113786729,60.9012714169242,63.78219133217418,11.077965732724056,73.53813511326639,100.81827683351415,11.077870713404206,77.19093434078378,106.02642959658456,36.24539858595496,65.86428165368213,38.28420614958299,66.82808978463561,49.6577758523856,68.69914662303371,44.247890544415654,68.19128288711872,52.285231315115006,60.51595823483311,52.274633730434005,61.057901258503975,49.6588521525105,62.19923213865183,49.69842254082129,65.65349728193179,62.71088011214779,70.20136110790034,40.49524547872437,60.88046486104089,47.99479624783086,95.25019491952945,46.643123316062784,62.02914104424862
