Theta_deg,config_01_det1_b15_s5_h4_w50,config_02_det1_b15_s5_h4_w500,config_03_det1_b15_s5_h4_w1500,config_04_det1_b15_s5_h12_w50,config_05_det1_b15_s5_h12_w500,config_06_det1_b15_s5_h12_w1500,config_07_det1_b15_s5_h24_w50,config_08_det1_b15_s5_h24_w500,config_09_det1_b15_s5_h24_w1500,config_10_det1_b15_s20_h4_w50,config_11_det1_b15_s20_h4_w500,config_12_det1_b15_s20_h4_w1500,config_13_det1_b15_s20_h12_w50,config_14_det1_b15_s20_h12_w500,config_15_det1_b15_s20_h12_w1500,config_16_det1_b15_s20_h24_w50,config_17_det1_b15_s20_h24_w500,config_18_det1_b15_s20_h24_w1500,config_19_det1_b30_s5_h4_w50,config_20_det1_b30_s5_h4_w500,config_21_det1_b30_s5_h4_w1500,config_22_det1_b30_s5_h12_w50,config_23_det1_b30_s5_h12_w500,config_24_det1_b30_s5_h12_w1500,config_25_det1_b30_s5_h24_w50,config_26_det1_b30_s5_h24_w500,config_27_det1_b30_s5_h24_w1500,config_28_det1_b30_s20_h4_w50,config_29_det1_b30_s20_h4_w500,config_30_det1_b30_s20_h4_w1500,config_31_det1_b30_s20_h12_w50,config_32_det1_b30_s20_h12_w500,config_33_det1_b30_s20_h12_w1500,config_34_det1_b30_s20_h24_w50,config_35_det1_b30_s20_h24_w500,config_36_det1_b30_s20_h24_w1500,config_37_det2_b15_s5_h4_w50,config_38_det2_b15_s5_h4_w500,config_39_det2_b15_s5_h4_w1500,config_40_det2_b15_s5_h12_w50,config_41_det2_b15_s5_h12_w500,config_42_det2_b15_s5_h12_w1500,config_43_det2_b15_s5_h24_w50,config_44_det2_b15_s5_h24_w500,config_45_det2_b15_s5_h24_w1500,config_46_det2_b15_s20_h4_w50,config_47_det2_b15_s20_h4_w500,config_48_det2_b15_s20_h4_w1500,config_49_det2_b15_s20_h12_w50,config_50_det2_b15_s20_h12_w500,config_51_det2_b15_s20_h12_w1500,config_52_det2_b15_s20_h24_w50,config_53_det2_b15_s20_h24_w500,config_54_det2_b15_s20_h24_w1500,config_55_det2_b30_s5_h4_w50,config_56_det2_b30_s5_h4_w500,config_57_det2_b30_s5_h4_w1500,config_58_det2_b30_s5_h12_w50,config_59_det2_b30_s5_h12_w500,config_60_det2_b30_s5_h12_w1500,config_61_det2_b30_s5_h24_w50,config_62_det2_b30_s5_h24_w500,config_63_det2_b30_s5_h24_w1500,config_64_det2_b30_s20_h4_w50,config_65_det2_b30_s20_h4_w500,config_66_det2_b30_s20_h4_w1500,config_67_det2_b30_s20_h12_w50,config_68_det2_b30_s20_h12_w500,config_69_det2_b30_s20_h12_w1500,config_70_det2_b30_s20_h24_w50,config_71_det2_b30_s20_h24_w500,config_72_det2_b30_s20_h24_w1500,config_73_det1_b10_s8_h10_w250,config_74_det1_b10_s8_h10_w1000,config_75_det1_b10_s8_h15_w250,config_76_det1_b10_s8_h15_w1000,config_77_det1_b10_s12_h10_w250,config_78_det1_b10_s12_h10_w1000,config_79_det1_b10_s12_h15_w250,config_80_det1_b10_s12_h15_w1000,config_81_det2_b10_s8_h10_w250,config_82_det2_b10_s8_h10_w1000,config_83_det2_b10_s8_h15_w250,config_84_det2_b10_s8_h15_w1000,config_85_det2_b10_s12_h10_w250,config_86_det2_b10_s12_h10_w1000,config_87_det2_b10_s12_h15_w250,config_88_det2_b10_s12_h15_w1000,config_89_det1_b10_s5_h15_w250,config_90_det1_b10_s5_h15_w1000,config_91_det1_b10_s5_h24_w250,config_92_det1_b10_s5_h24_w1000,config_93_det2_b10_s5_h15_w250,config_94_det2_b10_s5_h15_w1000,config_95_det2_b10_s5_h24_w250,config_96_det2_b10_s5_h24_w1000
0.0,28.575098425027342,30.075093516064086,39.375071428506644,45.67506157631317,48.52644897372978,67.12705304122922,45.67506157631317,64.27504375727798,86.92658540400629,12.525224548885342,12.525224548885342,43.1266304039627,12.525224548885342,48.37505813949994,51.525054585123925,12.525224548885342,48.675057781167546,52.1250539568066,33.075085033904294,40.575069316022116,44.17557300137713,51.675489838026685,80.02503514525938,84.0750334522681,51.67636064972068,86.02660199031459,117.75026539248223,18.075155600989994,33.075085033904294,37.27507545263993,19.875141508930195,68.50182479321262,72.97503854058591,19.875141508930195,71.77503918494227,76.87503658535715,21.07513345153477,32.77508581224464,37.125075757498465,37.575074850224844,74.02503799391121,76.50163396947806,37.575074850224844,55.57626516778542,93.6750300240144,10.125277773967488,33.375758418349086,36.225077639668356,10.125277773967488,39.67507088840548,62.77540322451143,10.125277773967488,39.67507088840548,64.12539473562717,32.625086206782655,33.82508314845656,35.1750799572652,65.50190836914601,67.50185182644992,68.50182479321262,66.37504237286782,93.2250301689412,131.75023719143735,10.125277773967488,38.475073099345764,42.37506637162944,47.77505886966545,52.875053191462605,54.67505144030501,47.77505886966545,53.325052742589946,90.50138120492969,41.17506830595427,43.125586952527385,41.17506830595427,43.27506499128568,10.275273718981893,31.275089927928263,10.275273718981893,31.275089927928263,33.97508278135611,35.4757135234797,33.97508278135611,35.4757135234797,39.97507035641088,42.37506637162944,39.97507035641088,42.37506637162944,36.075077962493715,65.0253892721912,36.075077962493715,63.37717451890704,29.325095907771555,58.126209664831926,29.325095907771555,54.67628599310673
1.0,28.429847871559215,29.92960490885237,39.08370824269365,45.678017141728034,48.234855136094275,66.38453321369369,45.678017141728034,64.1348676618265,86.48934182892133,12.527020795065361,12.527020795065361,42.836097511327985,12.527020795065361,48.084885879036875,51.23735209785924,12.527020795065361,48.38482458374733,51.83417067919578,32.93191840752676,40.42840894717475,44.17811958424667,51.53422406517828,79.73519455046184,83.93253987578358,51.53422406517828,85.28453112962514,117.75663463261847,18.076400360691284,32.785381650973655,37.12871193564355,19.42861935393249,68.33689523237062,72.68370690877013,19.42861935393249,71.63383453368945,76.59119564284136,20.928359945299107,32.335526128393205,36.981160744357396,37.287749328700436,74.02807744362944,76.13567659120132,37.287749328700436,55.502252206554644,93.67863283588206,10.12749969143421,32.9353343690329,35.78451131425438,10.12749969143421,39.53360911933035,62.33515260268478,10.12749969143421,39.53360911933035,63.834914036129156,32.33204679571028,33.53514947036914,34.734798833446554,65.48019738821806,67.2870808550943,68.33426117256262,66.23455480336528,93.37864450718912,131.7559296578336,10.12749969143421,38.18391349770214,42.23305873365082,47.18507444097126,52.734014165432164,54.536604679792816,47.18507444097126,53.040326639265714,90.08627115160223,40.73666959877796,42.836097511327985,40.88332484033069,42.98291811871316,7.8753571347590325,31.12942739595446,7.8753571347590325,31.12942739595446,33.68510427473841,35.331448456014364,33.68510427473841,35.331448456014364,39.683576577722924,42.0830874580276,39.683576577722924,42.0830874580276,35.931340776542136,64.5847989081022,35.931340776542136,63.23251734669433,29.182807438627282,57.683240633653725,29.182807438627282,54.67752051803373
2.0,27.997611505269514,29.34657134998908,38.52920969861697,45.692792101161864,47.66189515745256,68.35072238096683,45.692792101161864,64.29814344131562,86.35630405477067,12.509996003196804,12.509996003196804,42.410096085719964,12.509996003196804,47.65622991802856,50.80960785127159,12.509996003196804,47.95603455249401,51.40920394248485,32.794302096553295,40.30578432433737,44.343333771830906,50.95950598269178,79.30483118953093,85.49164432855412,50.95950598269178,90.0000624999783,120.29391090159136,18.08262287390853,32.64439078923054,36.70880344004691,18.987002133038274,67.46507429774313,71.9728855194788,18.987002133038274,71.21801913841749,76.31514430308049,20.791374413443666,32.189769337477394,41.340310231056556,37.1523384190013,74.05269238859583,76.00198188205357,37.1523384190013,55.520266569965244,93.85763820808619,10.131942064579722,32.35013523928454,35.353730354801314,10.131942064579722,39.10672896062773,61.01377918142753,10.131942064579722,39.10672896062773,62.96257817148214,32.05037051267894,32.95582270252102,33.85500332299496,65.49771942594641,67.01030704302137,72.55326491619795,66.25153771800319,93.55774286503495,102.7867938988273,10.131942064579722,37.757863419425625,41.81059973260369,45.85745577329819,52.31420696139816,54.257407328400795,45.85745577329819,52.76387258342587,88.77320119270229,40.16206232254514,42.40425980959932,40.30578432433737,42.55415667123483,7.878213630005218,30.70148612038186,7.878213630005218,30.70148612038186,33.105683046872784,34.75422636169593,33.25554465047897,34.75422636169593,38.80697424432881,41.649384749357345,38.80697424432881,41.649384749357345,35.50360897148345,64.16187536224297,35.50360897148345,63.24852765084733,28.89690727396273,192.82148479876406,28.89690727396273,192.82148479876406
3.0000000000000004,27.54087870784082,28.32757049236662,48.873420690596234,45.71986712579116,48.124175317609335,67.6519123898209,45.71986712579116,67.64492774776244,68.57354628426329,12.543175435271564,12.543175435271564,41.98941830985516,12.543175435271564,46.499153218096346,50.10190864627813,12.543175435271564,47.098208564657746,50.85077433038754,32.8128214269971,40.31862162822534,51.56064390598706,50.07900008985802,85.21089278959586,85.21089278959586,50.07900008985802,85.21089278959586,120.38739551963072,18.09381800505355,32.07984180135556,36.43996775519978,18.2510616129583,66.31094366693932,70.9702138224199,18.2510616129583,70.51316366466618,75.62179745285084,20.648032593930104,32.356394267594155,41.24931817618322,37.02251004456613,54.730989850358085,77.70499501319075,37.02251004456613,57.60712846514743,59.0833415608833,10.138601974631413,31.031697504326118,34.63424966705645,10.138601974631413,38.68618939621735,59.55443938112422,10.138601974631413,38.68618939621735,61.35980972917044,31.913888042668823,32.67883489355152,33.128103628188555,67.64492774776244,67.64492774776244,68.58935777509511,67.64492774776244,102.8597345903634,102.8597345903634,10.138601974631413,37.188657545009605,41.390352136699676,44.09451496501577,51.74945651888529,53.704713480289605,44.09451496501577,52.34860313322601,87.79428369774423,39.88434843394084,41.68988186598758,39.892809502465475,41.839649257612095,7.883923515610739,30.12442945517807,7.883923515610739,30.12442945517807,32.67883489355152,33.88556108433207,32.67883489355152,33.88556108433207,37.93739909377025,40.641558164027124,37.93739909377025,40.641558164027124,34.933740853220975,209.13900879558554,34.933740853220975,209.13900879558554,28.169065479706635,192.94850349251223,28.169065479706635,207.87616505987404
4.0,27.289489735061004,27.748986467977527,48.80247176117209,47.714738289128235,47.904866663002,67.71008972080897,47.714738289128235,67.71008972080897,67.71008972080897,12.552141251595284,12.552141251595284,41.28966274989419,12.552141251595284,45.33984175093689,49.10169294433747,12.552141251595284,45.79952237742223,50.14904036968205,32.83749762086021,40.35097582463155,51.20704297262242,50.11941988890135,85.29139024544037,85.29139024544037,50.11941988890135,85.29139024544037,120.49948132668456,18.10997653228739,31.510890974391693,38.25514671256666,18.10997653228739,65.48500782621927,69.53571923838855,18.10997653228739,69.23641563512658,74.79399207155612,20.08684270859908,39.30300561025836,41.129141128888165,37.048026263216784,57.63290075989581,62.642288032925485,37.048026263216784,57.63290075989581,58.720066842605,10.147475055401713,29.25596093106497,33.62761142275794,10.147475055401713,37.97652235263255,58.5704383627099,10.147475055401713,37.97652235263255,59.7675183523626,31.789561966154864,32.408505827945845,37.58324094593227,67.71008972080897,67.71008972080897,67.71008972080897,67.71008972080897,102.97147663309485,102.97147663309485,10.147475055401713,36.33113334318102,40.691353504153675,42.63603229663848,50.9078211083523,53.0131705333684,42.63603229663848,51.655892693864075,87.28666135212184,39.5790348543266,40.990501948622196,39.7719279140451,59.669925423114115,7.8924805986457764,29.25596093106497,7.8924805986457764,29.25596093106497,32.12049579318476,33.16747277077347,32.12049579318476,33.16747277077347,37.07898663663828,39.63308277184605,37.07898663663828,39.63308277184605,34.80274773634979,51.367608957396484,34.80274773634979,51.367608957396484,27.59938858018416,44.262074623767916,27.59938858018416,44.262074623767916
5.0,27.162221006390475,47.778355455164004,47.778355455164004,47.778355455164004,47.778355455164004,67.78448384401847,47.778355455164004,67.78448384401847,67.78448384401847,12.575422458112492,12.575422458112492,40.59170173816318,12.575422458112492,44.054696117440194,47.96588631517196,12.575422458112492,44.65228157664511,49.32389126985015,50.182678784616506,50.182678784616506,50.182678784616506,50.182678784616506,85.39816303644945,85.39816303644945,50.182678784616506,85.39816303644945,120.64462275625881,18.13108518539362,30.602287496198713,39.50685067175059,18.13108518539362,64.8195283074476,67.67186453763485,18.13108518539362,67.52241294562864,73.38948323840413,19.664593817315424,39.233674948951695,41.039873903315055,37.70061339023544,57.706639565997946,57.706639565997946,37.70061339023544,57.706639565997946,57.706639565997946,10.009058397271943,10.009058397271943,32.17229009567084,10.009058397271943,36.82996402387599,58.19236418981445,10.009058397271943,36.82996402387599,59.101998697167595,32.74280455306173,34.08813943294647,37.662979170532964,37.662979170532964,37.662979170532964,37.662979170532964,37.662979170532964,72.64221396681134,102.93930250395132,10.009058397271943,35.32253176090298,40.14357046900537,41.039873903315055,49.77209308437811,52.175964293916024,41.039873903315055,50.681912454050114,86.98221801034968,39.532470830951105,40.74108798252692,39.654760117796705,49.2855582295666,7.903875631612633,28.545949800278148,7.903875631612633,28.545949800278148,31.85955508163916,51.14373128742172,31.85955508163916,51.30712669795493,36.8165214272071,38.772171076688494,36.8165214272071,38.772171076688494,35.48585985994985,50.182678784616506,35.48585985994985,50.182678784616506,42.64387412044079,44.20408634956728,42.64387412044079,43.90531004331936
6.000000000000001,27.66453054002543,47.858815802315874,47.858815802315874,47.858815802315874,47.858815802315874,52.72590682008229,47.858815802315874,47.858815802315874,67.88929407498652,12.58972795575822,12.58972795575822,39.45727119302601,12.58972795575822,43.068680615965,46.69615883560446,12.58972795575822,43.38307561711133,48.203591671160765,50.26197618478604,50.26197618478604,50.26197618478604,50.26197618478604,85.53111276021141,85.53111276021141,50.26197618478604,85.53111276021141,120.8227006816186,18.03902020620854,29.35270430471441,40.17214520037485,18.03902020620854,64.18887169907256,66.12814264743868,18.03902020620854,65.97894550536557,85.92147577875976,22.710267501727053,38.26455605387314,40.81557607090704,37.75428783595315,42.63761543519994,57.799362020700535,37.75428783595315,57.799362020700535,57.799362020700535,10.022537103947284,10.022537103947284,30.56192484121378,10.022537103947284,35.233240696819244,57.978541288997604,10.022537103947284,35.233240696819244,58.60653760460517,32.687918257362305,34.677081768799404,67.88929407498652,67.88929407498652,67.88929407498652,67.88929407498652,67.88929407498652,67.88929407498652,103.03640133467395,10.022537103947284,33.576721847136895,39.45727119302601,10.022537103947284,47.75621687278003,50.90428518307668,10.022537103947284,49.26364024308395,86.91662671779203,41.27930777035874,42.575300938454916,41.27930777035874,59.3068398247622,7.918096362131494,28.143493919554476,7.918096362131494,28.143493919554476,31.622084845879467,40.32141180563994,31.605715464137177,50.88881262124319,36.591546154815596,37.94985177836667,36.591546154815596,60.72656955567307,35.20193531611579,50.26197618478604,35.20193531611579,50.26197618478604,42.72459771606984,42.72459771606984,42.72459771606984,42.72459771606984
7.0,27.713286524697857,47.93867175882119,47.93867175882119,47.93867175882119,47.93867175882119,47.93867175882119,47.93867175882119,47.93867175882119,68.01511780479396,12.589678312014172,12.589678312014172,36.680597732316194,12.589678312014172,42.113017583640335,45.72232769665167,12.589678312014172,42.55944372286837,46.931665749257185,50.35723632210171,50.35723632210171,50.35723632210171,50.35723632210171,85.69011757489892,85.69011757489892,50.35723632210171,85.69011757489892,121.03356972344491,18.056473908269023,27.1547647752655,40.700199630960036,18.056473908269023,63.86240091008167,85.69011757489892,18.056473908269023,65.07173925753023,85.69011757489892,37.83465673162636,37.83465673162636,40.43842541444956,37.83465673162636,37.83465673162636,57.910976938746245,37.83465673162636,42.70826910564276,57.910976938746245,10.056154831743592,10.056154831743592,29.256729994994313,10.056154831743592,33.052628488518124,57.98706752371601,10.056154831743592,33.052628488518124,58.429669261429154,32.84845886795909,34.5405739674372,37.722092333273345,37.769034936042516,37.769034936042516,37.769034936042516,37.769034936042516,37.769034936042516,103.25938214031692,10.056154831743592,10.056154831743592,38.633809674946626,10.056154831743592,45.74102370957607,48.60613387217708,10.056154831743592,47.24797614713248,87.04841325377504,41.29620139916019,43.26778536047344,41.29620139916019,49.36903128480445,49.59502243169167,53.37186758958318,7.93512759821794,50.91659847240387,31.639156910385584,50.35723632210171,31.639156910385584,50.35723632210171,36.62534982768083,37.722092333273345,36.62534982768083,37.722092333273345,35.267070334803826,50.35723632210171,35.267070334803826,50.35723632210171,32.755171347437646,42.80351913102473,32.755171347437646,42.80351913102473
8.0,27.76925007989953,48.04977887566185,48.04977887566185,48.04977887566185,48.04977887566185,48.04977887566185,48.04977887566185,48.04977887566185,68.16183866358067,12.643229413405422,12.643229413405422,36.44428967616189,12.643229413405422,41.30219425163752,78.6801833373563,12.643229413405422,41.74758975078681,78.99810915458673,50.468368806609945,50.468368806609945,50.468368806609945,50.468368806609945,85.87503275108546,85.87503275108546,50.468368806609945,85.87503275108546,121.34300556686405,18.095061480967676,24.947169178085115,43.80731959387609,18.095061480967676,63.682464226818354,116.25456980265335,18.095061480967676,64.61544900408879,116.25456980265335,37.90951397736457,37.90951397736457,38.41713484891865,37.90951397736457,37.90951397736457,37.90951397736457,37.90951397736457,37.90951397736457,58.02160158079057,10.076271631908302,26.708636243732098,28.97854810027583,10.076271631908302,29.9536516972472,58.0413753282949,10.076271631908302,29.9536516972472,58.379202204209676,32.810059433045836,32.810059433045836,35.78828369732195,37.90118731649445,37.90118731649445,37.90118731649445,37.90118731649445,37.90118731649445,103.38520203588132,10.076271631908302,27.323273046983225,37.674941937579675,10.076271631908302,44.16589464734072,64.83132923209271,10.076271631908302,60.90600339867984,90.86094458016602,41.38872128974269,43.65863316687777,41.38872128974269,43.36128745782348,8.40066961616751,53.24524626668563,8.40066961616751,52.44093105580793,32.96537956705489,50.468368806609945,32.96537956705489,50.468368806609945,36.57186418546367,37.63251586062245,36.55155605442811,60.60863181098877,35.3422728471161,50.468368806609945,35.3422728471161,50.468368806609945,28.12909970119911,42.8954105936754,28.12909970119911,42.8954105936754
9.0,27.832377728106522,28.96301520905584,48.15502310247603,48.15502310247603,48.15502310247603,48.15502310247603,48.15502310247603,48.15502310247603,68.32932203673619,12.516239451208977,12.516239451208977,36.114349641105264,12.516239451208977,40.65207559276648,113.852975367357,12.516239451208977,41.09630457839244,63.174490500517685,50.59526904760958,50.59526904760958,50.59526904760958,50.59526904760958,86.08569131975418,86.08569131975418,50.59526904760958,86.08569131975418,121.62699124783117,18.138529433225838,23.488534437039704,44.82478388124141,18.138529433225838,63.641819977118814,116.53379338200573,18.138529433225838,64.55413425954994,116.53379338200573,37.993700135680385,37.993700135680385,37.993700135680385,37.993700135680385,37.993700135680385,37.993700135680385,37.993700135680385,37.993700135680385,58.16800022349057,10.098576632377457,27.090888689742165,28.790818849070618,10.098576632377457,29.727449436505648,58.16800022349057,10.098576632377457,29.727449436505648,58.40810089362605,33.00971447922566,33.00971447922566,35.4979048677524,68.32932203673619,68.32932203673619,68.32932203673619,68.32932203673619,68.32932203673619,103.66532689380765,10.098576632377457,28.299757066095108,36.410317905780495,10.098576632377457,42.62494868032101,65.44410783256197,10.098576632377457,62.67388810341991,91.09218544968608,41.49459302126001,42.62494868032101,41.49459302126001,43.069203034186735,8.422069223177877,52.16949539721465,8.422069223177877,52.021353788612615,32.612670083879976,50.59526904760958,32.612670083879976,50.59526904760958,38.90599246902719,40.28568294071729,38.90599246902719,60.75657371840515,35.427478741790246,50.59526904760958,35.427478741790246,50.59526904760958,27.832377728106522,42.99418565341132,27.832377728106522,42.99418565341132
10.0,27.927607308897766,27.927607308897766,48.296389616616274,48.296389616616274,48.296389616616274,48.296389616616274,48.296389616616274,48.296389616616274,68.51741566930265,12.564682646211166,12.564682646211166,78.72678229166996,12.564682646211166,40.13572286629456,99.05806378079474,12.564682646211166,40.45733864208074,78.72678229166996,50.73781873514075,50.73781873514075,50.73781873514075,50.73781873514075,86.32190480984534,86.32190480984534,50.73781873514075,86.32190480984534,121.94312198726092,18.039020206208537,23.513427015218348,45.26335438298845,18.039020206208537,65.9530230542922,116.93000042760626,18.039020206208537,65.9530230542922,116.93000042760626,38.11195678523998,38.11195678523998,38.11195678523998,38.11195678523998,38.11195678523998,38.11195678523998,38.11195678523998,38.11195678523998,38.11195678523998,10.123055368810347,27.163049350174216,61.64187902716788,10.123055368810347,29.482727994539445,62.59917132039369,10.123055368810347,54.83120689899138,62.30338072689154,32.96209944769902,32.96209944769902,32.96209944769902,38.05916446797013,38.05916446797013,38.05916446797013,38.05916446797013,38.05916446797013,103.9831717154271,10.123055368810347,28.840011269068533,34.83570366735829,10.123055368810347,91.32776823069752,91.32776823069752,10.123055368810347,91.32776823069752,91.32776823069752,41.61371468638674,41.61371468638674,41.61371468638674,41.61371468638674,8.59396590637873,50.05023726217489,8.59396590637873,50.34561798210446,32.48963296191571,50.73781873514075,32.48963296191571,50.73781873514075,38.80697424432881,41.1450027342325,38.65942640547063,40.99708831124474,35.52261603542171,35.52261603542171,35.52261603542171,35.52261603542171,27.927607308897766,30.126670078188198,27.927607308897766,30.126670078188198
11.0,28.00725352475676,28.00725352475676,48.454063297106465,48.454063297106465,48.454063297106465,48.454063297106465,48.454063297106465,48.454063297106465,68.7259503390095,12.591515000189611,12.591515000189611,78.96306889932787,12.591515000189611,40.20572098594925,99.4308805150593,12.591515000189611,40.36379875581583,78.96306889932787,50.89588637601275,50.89588637601275,50.89588637601275,50.89588637601275,86.58346406791541,86.58346406791541,50.89588637601275,86.58346406791541,122.38310749445775,18.09257444367716,23.32801427468699,45.54235665839,18.09257444367716,66.1366483124145,117.28437662365776,18.09257444367716,66.1366483124145,117.28437662365776,38.21689744079181,38.21689744079181,38.21689744079181,38.21689744079181,38.21689744079181,38.21689744079181,38.21689744079181,38.21689744079181,38.21689744079181,10.002312232679001,27.095041059204913,28.387871529933342,10.002312232679001,29.152722857393613,62.757469674931926,10.002312232679001,61.105533710131354,62.453432651856694,33.1436268383531,33.1436268383531,33.1436268383531,38.242646351945886,38.242646351945886,38.242646351945886,38.242646351945886,38.242646351945886,104.33839178365747,10.002312232679001,29.21440141437096,91.61457989861658,10.002312232679001,91.61457989861658,91.61457989861658,10.002312232679001,91.61457989861658,91.61457989861658,41.74597285966635,41.74597285966635,41.74597285966635,41.74597285966635,8.942944146085225,49.98365982998844,8.942944146085225,49.98365982998844,32.59610789649586,35.889361237001694,32.59610789649586,40.743296994720495,38.68677099474703,41.893391483621855,38.68677099474703,41.27603723711858,35.627605167903155,35.627605167903155,35.627605167903155,50.89588637601275,17.84656829757475,17.84656829757475,17.84656829757475,17.84656829757475
12.000000000000002,28.093882786115554,28.093882786115554,48.627885518496484,28.093882786115554,48.627885518496484,48.627885518496484,28.093882786115554,48.627885518496484,84.58171344918475,12.503649467255551,12.503649467255551,79.22165897025889,12.503649467255551,79.22165897025889,99.84237577301533,12.503649467255551,40.40420770167385,79.22165897025889,51.06932787887461,51.06932787887461,51.06932787887461,51.06932787887461,86.87014015183814,86.87014015183814,51.06932787887461,86.87014015183814,86.87014015183814,18.035277929657752,23.242014757761424,45.86236201941631,18.035277929657752,66.3662282339444,117.67168308475918,18.035277929657752,66.3662282339444,117.67168308475918,38.360868733645745,38.360868733645745,38.360868733645745,38.360868733645745,38.360868733645745,38.360868733645745,38.360868733645745,38.360868733645745,38.360868733645745,10.031512847023622,26.95099719861957,28.187430709449202,10.031512847023622,28.80566350563722,61.42870867924866,10.031512847023622,61.30624968141502,61.39756713421143,33.30084458388406,33.30084458388406,33.30084458388406,38.30745684589359,68.98475375037589,68.98475375037589,68.98475375037589,68.98475375037589,104.7306067966762,10.031512847023622,29.4766220927704,91.93011612088827,35.154604961512504,91.93011612088827,91.93011612088827,35.154604961512504,91.93011612088827,91.93011612088827,41.89124311834157,41.89124311834157,41.89124311834157,41.89124311834157,9.266674160668432,50.157564235118116,9.266674160668432,50.157564235118116,32.682965746700525,35.834777102697316,32.682965746700525,35.65664384094499,38.83189732681111,42.185083264111256,38.83189732681111,41.714161264491466,35.772562810064365,35.772562810064365,35.772562810064365,35.772562810064365,28.093882786115554,28.093882786115554,28.093882786115554,28.093882786115554
13.0,28.220139085412033,28.220139085412033,69.23609066086848,28.220139085412033,48.78494901093984,48.78494901093984,28.220139085412033,48.78494901093984,84.24506662113811,12.535998165283848,12.535998165283848,79.53487442625405,12.535998165283848,79.53487442625405,108.23643102024383,12.535998165283848,40.66646345577642,79.53487442625405,51.25798718248698,51.25798718248698,51.25798718248698,51.25798718248698,87.21419752540294,87.21419752540294,51.25798718248698,87.21419752540294,87.21419752540294,18.06768524188973,23.014370510617926,66.6166364356532,18.06768524188973,118.0915958059675,118.0915958059675,18.06768524188973,66.6166364356532,118.0915958059675,38.518907694793214,38.518907694793214,38.518907694793214,38.518907694793214,38.518907694793214,38.518907694793214,38.518907694793214,58.93730779396019,38.518907694793214,10.096348349774782,26.870732219275304,61.556772576216176,10.096348349774782,61.556772576216176,61.556772576216176,10.096348349774782,61.556772576216176,61.556772576216176,33.354160160315836,33.354160160315836,33.354160160315836,35.57388438166404,38.451267859460756,38.451267859460756,38.451267859460756,38.451267859460756,105.1594028130628,10.096348349774782,29.603061497081683,92.27408222247459,36.810409533174166,92.27408222247459,92.27408222247459,36.810409533174166,92.27408222247459,92.27408222247459,42.04939060200516,42.04939060200516,42.04939060200516,42.04939060200516,29.42390609691378,40.003202996760145,29.42390609691378,40.003202996760145,32.808021122890054,35.52831617175235,32.808021122890054,51.25798718248698,38.958006237486025,41.970123302177704,38.958006237486025,42.15040035397054,35.89939066335249,35.89939066335249,35.89939066335249,35.89939066335249,28.220139085412033,28.220139085412033,28.220139085412033,28.220139085412033
14.0,48.98791942918172,48.98791942918172,69.50723883164976,28.322804416229687,48.98791942918172,48.98791942918172,28.322804416229687,48.98791942918172,84.02309950245825,12.60580223547871,12.60580223547871,79.8398161946782,12.60580223547871,79.8398161946782,79.8398161946782,12.60580223547871,44.51197872483316,79.8398161946782,51.46169692110822,51.46169692110822,51.46169692110822,51.46169692110822,87.55279121764194,87.55279121764194,51.46169692110822,87.55279121764194,87.55279121764194,18.069310999592652,22.828846882836636,66.88763899256722,18.069310999592652,118.5437682883415,118.5437682883415,18.069310999592652,66.88763899256722,118.5437682883415,38.655352152062974,38.655352152062974,38.655352152062974,38.655352152062974,70.416413214534,38.655352152062974,38.655352152062974,59.17466729944495,75.0732392400914,10.131942064579722,61.794265510644266,61.794265510644266,26.17596703084721,61.794265510644266,61.794265510644266,26.17596703084721,61.794265510644266,61.794265510644266,33.56197625289667,33.56197625289667,33.56197625289667,35.531676008879735,38.6846222677694,38.6846222677694,38.6846222677694,38.6846222677694,105.62433431742896,10.131942064579722,41.893391483621855,92.64616155027687,37.745347395407556,92.64616155027687,92.64616155027687,37.745347395407556,92.64616155027687,92.64616155027687,42.220270605480486,42.220270605480486,42.220270605480486,42.220270605480486,31.088201138052355,50.551669111909646,30.65087682269465,33.19730787277788,32.94353123148761,33.01516696913708,32.94353123148761,51.46169692110822,39.12801106624256,39.1998246169546,39.12801106624256,40.764276640215265,36.03576348573733,51.05389309347525,36.03576348573733,36.03576348573733,18.069310999592652,18.069310999592652,18.069310999592652,18.069310999592652
14.999999999999998,49.20651633676174,49.20651633676174,66.0692534390998,28.432222037681118,67.77950464557851,68.96518143237209,28.432222037681118,66.50305444113074,85.47953702495118,12.643229413405422,12.643229413405422,80.20393537726189,12.643229413405422,80.20393537726189,80.20393537726189,12.643229413405422,43.96880996797616,80.20393537726189,51.68027912076327,51.68027912076327,51.68027912076327,51.68027912076327,87.95329016017536,87.95329016017536,51.68027912076327,87.95329016017536,87.95329016017536,18.063948903824986,22.614956334249243,67.17898666994017,18.063948903824986,119.15378718278325,119.15378718278325,18.063948903824986,67.17898666994017,119.15378718278325,38.83827043007965,38.83827043007965,38.83827043007965,38.83827043007965,38.83827043007965,38.83827043007965,38.83827043007965,38.83827043007965,75.19901096424074,10.024781793136446,62.08632095719636,62.08632095719636,26.286617317562943,62.08632095719636,62.08632095719636,26.286617317562943,62.08632095719636,62.08632095719636,33.59315406448165,33.59315406448165,33.59315406448165,35.601070910858844,69.8356731907125,69.8356731907125,69.8356731907125,69.8356731907125,106.12492638395562,10.024781793136446,29.7849164846907,93.04601684113082,38.364974260384955,93.04601684113082,93.04601684113082,38.364974260384955,93.04601684113082,93.04601684113082,42.403729199210765,42.403729199210765,42.403729199210765,42.403729199210765,32.79910440850481,50.77151021980733,31.997675696837728,33.06079626990251,33.089367627683664,33.089367627683664,33.089367627683664,51.68027912076327,39.31159180191003,39.31159180191003,39.31159180191003,39.31159180191003,36.1815733488747,51.30789412946121,36.1815733488747,36.1815733488747,28.432222037681118,28.432222037681118,28.432222037681118,28.432222037681118
16.0,49.440532460724974,49.440532460724974,62.17540711567557,28.58848107192825,67.81965976027895,69.01507987389422,28.58848107192825,66.583190446238,90.85574417723956,12.537792867965239,29.536100792081545,80.59433137634433,12.537792867965239,80.59433137634433,80.59433137634433,12.537792867965239,80.59433137634433,80.59433137634433,51.91354592011607,51.91354592011607,88.3425506197325,51.91354592011607,88.3425506197325,88.3425506197325,51.91354592011607,122.83576433596203,123.59055384615768,18.03902020620854,22.407058039823077,67.4904159862717,18.03902020620854,119.67716991974702,119.67716991974702,18.03902020620854,67.4904159862717,119.67716991974702,38.99437459429244,38.99437459429244,38.99437459429244,38.99437459429244,38.99437459429244,38.99437459429244,38.99437459429244,38.99437459429244,74.84751999899528,10.065100595622479,62.35969251046704,62.35969251046704,26.260069497242384,62.35969251046704,62.35969251046704,26.260069497242384,62.35969251046704,62.35969251046704,33.860005906674026,33.860005906674026,33.860005906674026,35.40905604502893,38.942264957241505,38.942264957241505,38.942264957241505,38.942264957241505,106.38843922156204,10.065100595622479,93.51348164836983,93.51348164836983,41.652085782107,93.51348164836983,93.51348164836983,41.652085782107,93.51348164836983,93.51348164836983,42.599603871397676,46.49383023584957,42.599603871397676,42.599603871397676,32.60715028946872,51.00628637726923,32.771653147194144,32.99744308276021,33.24539441787388,51.087828785337905,33.24539441787388,49.50329534485558,39.46810421086881,39.46810421086881,39.46810421086881,39.46810421086881,36.376932938333326,51.76901824450605,36.376932938333326,36.376932938333326,28.58848107192825,28.58848107192825,28.58848107192825,28.58848107192825
17.0,49.68974994905891,49.68974994905891,58.73194403389011,58.73194403389011,68.48226960316079,68.78976122941553,28.713346199981636,66.66019239396178,91.31224589287024,12.621856044179873,30.753475413357755,80.96784083819946,12.621856044179873,80.96784083819946,80.96784083819946,12.621856044179873,80.96784083819946,80.96784083819946,52.20398691670972,52.20398691670972,88.7980362958551,52.20398691670972,88.7980362958551,88.7980362958551,52.20398691670972,123.39215939434726,123.82901517818834,18.081378542577998,67.82165030430916,67.82165030430916,18.081378542577998,120.23154744076115,120.23154744076115,18.081378542577998,67.82165030430916,120.23154744076115,39.20154652561554,18.411850803219107,18.411850803219107,39.20154652561554,59.87771914493737,61.74399768398544,39.20154652561554,58.73194403389011,74.74644640382579,10.107484850347289,62.692194490223415,62.692194490223415,26.24207023083354,62.692194490223415,62.692194490223415,26.24207023083354,62.692194490223415,62.692194490223415,34.02934395488693,34.02934395488693,34.02934395488693,39.223717314910374,39.223717314910374,39.223717314910374,39.223717314910374,39.223717314910374,110.85407074167371,10.107484850347289,93.97024130010522,93.97024130010522,41.85954192295945,93.97024130010522,93.97024130010522,41.85954192295945,93.97024130010522,93.97024130010522,48.59780087617134,47.97995675279418,42.80772418617929,44.23003787020762,32.26307874335616,51.25579235559626,32.78195006402151,32.78195006402151,33.411468839307254,51.39957441458051,33.411468839307254,46.77703763600256,39.675637991089694,39.675637991089694,39.675637991089694,39.675637991089694,20.926209642455557,52.01746101070293,20.926209642455557,42.38513890504548,18.34393632784414,44.37376758852013,18.34393632784414,43.89967255003162
18.0,49.953941285948595,49.953941285948595,55.024142428574024,55.592861502174905,68.83488396154961,68.82932696169561,28.88989875371667,66.93774159620266,91.79613962471406,12.52342804506817,31.54728593714521,79.30993790187961,12.52342804506817,79.30993790187961,79.30993790187961,12.52342804506817,79.30993790187961,79.30993790187961,52.46838333701544,52.46838333701544,89.28169605243843,52.46838333701544,102.77402395547233,102.77402395547233,52.46838333701544,126.18686540206949,126.18686540206949,18.072665824387947,68.21760220060507,68.21760220060507,18.072665824387947,120.96745430073331,120.96745430073331,18.072665824387947,68.21760220060507,135.0448999407234,39.421900639111755,18.500844575316016,55.592861502174905,58.588874797183124,60.342988407933525,61.99674386610961,39.421900639111755,57.30049083559407,81.40710196291231,23.529688693223292,63.0004464269897,63.0004464269897,26.232637114861326,63.0004464269897,63.0004464269897,26.232637114861326,63.0004464269897,63.0004464269897,34.15406271587613,34.15406271587613,34.15406271587613,39.528470752104745,103.8810918791288,105.02105146112375,39.528470752104745,106.57626377388166,109.88914869085119,23.529688693223292,94.45361957066548,94.45361957066548,42.07934469546787,94.45361957066548,94.45361957066548,42.07934469546787,94.45361957066548,94.45361957066548,49.336662331373816,48.719413481691255,43.027912452267536,45.54235665839,31.828466032782664,50.84944689964681,32.730433086043945,32.63473992542303,33.587441849596104,51.56128634935324,33.587441849596104,33.587441849596104,39.89619342744368,52.69944259667269,39.89619342744368,52.69944259667269,21.01526231099674,52.1315283681574,21.01526231099674,36.76453794079289,28.88989875371667,44.92055487190691,28.88989875371667,43.402260885811
19.0,50.232870214631376,50.232870214631376,53.605328559761666,29.029747673722554,69.06429070076662,69.06429070076662,29.029747673722554,67.02776476953412,71.29380232530735,12.618290296232686,44.87294563542714,75.33801331333339,12.618290296232686,75.33801331333339,75.33801331333339,12.618290296232686,44.87294563542714,75.33801331333339,52.794566481788635,52.794566481788635,89.79307462159875,52.794566481788635,97.77842936967232,97.77842936967232,52.794566481788635,126.80743274745373,126.80743274745373,18.11991307926172,68.58995006558904,68.58995006558904,18.11991307926172,120.6611992315674,120.6611992315674,18.11991307926172,68.58995006558904,120.6611992315674,39.655217185132145,18.594253144452992,52.89760155243336,58.96097226131876,60.43650593805039,61.2930359013159,39.655217185132145,56.78376748684433,81.87149229127316,25.235020309086337,63.37220408033793,63.37220408033793,26.1389795133628,63.37220408033793,63.37220408033793,26.1389795133628,63.37220408033793,63.37220408033793,34.437497731397386,34.437497731397386,34.437497731397386,71.29380232530735,104.16552332705865,105.44631928142394,101.6053209728703,107.35979228742947,114.15833302917488,25.235020309086337,95.01082175205097,95.01082175205097,42.35913419795074,95.01082175205097,95.01082175205097,42.35913419795074,95.01082175205097,95.01082175205097,49.61634055429723,49.14200087501525,42.080948777326775,46.29596364695307,31.405751861721125,41.082614936247666,32.58851408088439,32.25678223257862,33.77315872109092,50.28524883104389,33.77315872109092,42.930539828891035,40.12955581613133,40.12955581613133,40.12955581613133,40.12955581613133,21.156116136947254,52.178120414595234,21.156116136947254,48.66766123412959,29.029747673722554,44.82779550680582,29.029747673722554,42.505484940181546
20.0,50.35991709683406,50.35991709683406,52.34473469223051,53.23045415924985,71.73552989976446,71.73552989976446,29.22595165259807,71.73552989976446,71.73552989976446,12.527020795065361,45.11797036658453,66.68718954941795,12.527020795065361,71.81358680639757,71.81358680639757,12.527020795065361,45.11797036658453,66.49425727083505,53.089087861819586,53.089087861819586,90.33170124601882,53.089087861819586,94.35590204115479,94.82995966465451,53.089087861819586,127.62297990565806,127.62297990565806,18.076400360691284,69.03137873460155,69.03137873460155,69.03137873460155,115.02228045035449,115.02228045035449,69.03137873460155,69.03137873460155,115.02228045035449,39.90126877681961,50.35991709683406,50.35991709683406,59.44591028826121,60.10407640085654,66.60988102376403,39.90126877681961,55.71535919295504,82.36058675118821,25.573350386681835,63.76438073093786,63.76438073093786,26.150167303480107,26.62426055311208,63.76438073093786,26.150167303480107,63.76438073093786,63.76438073093786,34.63424966705645,34.63424966705645,34.63424966705645,39.85599076675927,104.42742096786648,106.60265006086856,102.05628961509429,108.01446662368889,109.12435566820085,26.047576662714707,95.59867284643653,95.59867284643653,42.60541338844162,95.59867284643653,95.59867284643653,42.60541338844162,95.59867284643653,95.59867284643653,49.166718926525895,49.34065261019558,24.43319974952114,46.8736199796858,31.083858351240757,31.312936623702353,32.41752997993524,32.22469937796162,34.018763205031426,37.812646693930326,34.018763205031426,34.018763205031426,40.37550309284084,40.37550309284084,40.37550309284084,40.37550309284084,21.25479357697929,78.69562408418906,21.25479357697929,49.76938064714087,18.66815470259447,44.75948223561126,18.66815470259447,18.66815470259447
21.0,48.11903209749755,48.11903209749755,48.11903209749755,53.050506595130635,72.14711532694845,98.84334196090295,29.433080878494522,51.90857347298228,102.60290566060982,12.579000357739085,29.436372059070052,29.436372059070052,12.579000357739085,66.86745284516226,68.59224628192315,12.579000357739085,29.436372059070052,29.436372059070052,53.44980121572015,53.44980121572015,89.065460477112,53.44980121572015,93.80248530822624,94.74189279299839,90.04330208294229,128.48200263071868,128.48200263071868,18.03902020620854,69.44343921494671,69.44343921494671,69.44343921494671,109.88687364740159,109.88687364740159,69.44343921494671,69.44343921494671,109.88687364740159,40.159821339244026,48.11903209749755,48.11903209749755,59.66465662349864,60.331801315724036,60.685428646422196,18.84665089611414,48.11903209749755,82.8739479571234,25.58830299179686,64.17660204467045,64.17660204467045,26.16994936945809,28.15148752730484,64.17660204467045,26.16994936945809,28.15148752730484,64.17660204467045,34.8209706929603,34.8209706929603,34.8209706929603,40.20572098594925,105.13518083876586,109.49200884082819,102.53709694544702,109.49200884082819,109.49200884082819,26.53622524022586,96.21661109184838,96.21661109184838,42.86340222147561,96.21661109184838,96.21661109184838,42.86340222147561,96.21661109184838,96.21661109184838,47.39632105976158,63.248527650847336,24.587420564182814,63.19478815535344,30.682425751560128,31.156159102174325,32.383502744453075,31.963905424713044,37.12265144086559,39.35220768902298,34.2258126273139,34.2258126273139,40.633806737739945,47.84941222209527,40.633806737739945,40.633806737739945,21.40984002742664,49.684001449158664,21.40984002742664,49.684001449158664,29.433080878494522,75.19392428913389,29.433080878494522,35.647808488040326
22.0,46.17137912170265,47.282726761471785,47.95134252552268,51.68680924568666,72.6310625696747,72.6310625696747,29.595459955878365,51.21363343876315,99.51440222399971,45.75086064764246,45.75086064764246,45.75086064764246,45.75086064764246,45.75086064764246,66.36487210866905,45.75086064764246,45.75086064764246,45.75086064764246,53.7733786366451,53.7733786366451,84.9617561023782,84.9617561023782,89.96030374559659,101.66857921698326,90.2073237048966,129.38363497753494,129.38363497753494,18.063948903824986,69.92872263955634,69.92872263955634,69.92872263955634,104.94839803446263,104.94839803446263,69.92872263955634,69.92872263955634,104.94839803446263,40.43063504324412,45.779867299938736,46.17137912170265,60.09601692292094,60.5696396720337,98.2906976778576,18.954979556834136,45.779867299938736,100.79090360741885,25.75133491685431,64.60848434996753,64.60848434996753,26.224916587093272,29.45600532998322,64.60848434996753,26.224916587093272,29.45600532998322,64.60848434996753,35.110415121442244,40.577087130546964,35.110415121442244,40.577087130546964,110.21116095931482,110.21116095931482,110.21116095931482,110.21116095931482,110.21116095931482,26.893330957692836,43.13289058247778,96.86406067267674,43.13289058247778,96.86406067267674,96.86406067267674,43.13289058247778,96.86406067267674,96.86406067267674,24.74886361027512,48.39877322825445,24.74886361027512,46.78329028616948,30.43281534791022,76.6138123969823,32.32578305316052,76.55769882905311,39.28869112098289,40.09646181398054,34.442070930767215,37.339004405581036,40.90423266607014,49.45554822262109,40.90423266607014,40.90423266607014,21.57316040824802,53.7733786366451,21.57316040824802,38.31450443369978,71.99445291131809,71.99445291131809,15.445266265105305,43.66172522931268
23.0,44.23766777306416,47.509643757872986,48.178846499267706,50.75688376959326,73.19423645342576,94.2857690746594,29.821154404214468,57.12115413749971,98.69686545174574,29.80771712157776,29.80771712157776,29.80771712157776,29.80771712157776,29.80771712157776,65.88304979279572,29.80771712157776,29.80771712157776,29.80771712157776,54.16734486754912,54.16734486754912,81.85747522370819,81.85747522370819,89.99431232027943,97.96172722037929,90.40963029456542,97.96172722037929,97.96172722037929,18.041514625995234,70.4365405879647,70.4365405879647,70.4365405879647,91.88188749693815,100.66737927451972,70.4365405879647,70.4365405879647,100.66737927451972,40.71346521729635,44.71019179113415,45.32048377941259,62.301936165740464,94.2857690746594,94.2857690746594,19.12514705825814,44.98562270325931,101.55592671035994,25.921154488178185,63.047571325150976,63.047571325150976,27.201953054881923,30.76737314104017,63.047571325150976,27.201953054881923,30.76737314104017,63.047571325150976,35.19232870953555,73.19423645342576,73.19423645342576,73.19423645342576,97.96172722037929,97.96172722037929,97.96172722037929,110.96170510586073,97.96172722037929,43.4711542289827,43.4711542289827,97.54043392357858,43.4711542289827,97.54043392357858,97.54043392357858,43.4711542289827,43.4711542289827,110.82700483185495,24.975112612358725,56.31346419818266,24.975112612358725,80.38019812117906,30.13488427055926,43.50840436053706,32.03903868720159,43.50840436053706,40.24041811412998,40.71346521729635,34.66736577820703,38.290419820106436,40.47568714673044,50.267347751796095,40.47568714673044,47.03654164583106,21.686545368038683,69.78281486154023,21.686545368038683,43.8057787283824,67.9519039468358,69.09425627358615,31.298102977656647,46.797716290434515
24.000000000000004,42.59273705692087,47.86210661891096,48.669510476272514,50.800307577809015,90.7221651527343,90.7221651527343,30.05713309682079,94.52648438400742,104.15429059813138,30.20761493398643,30.20761493398643,30.20761493398643,30.20761493398643,30.20761493398643,65.28576605968561,30.20761493398643,30.20761493398643,30.20761493398643,54.57867028427864,54.57867028427864,78.53979882836472,78.53979882836472,90.42953748637665,131.31117621893424,90.70405861922606,131.31117621893424,131.31117621893424,18.101277579220753,70.90646127117047,70.90646127117047,70.90646127117047,70.90646127117047,92.94439870158932,70.90646127117047,70.90646127117047,91.19389371005056,41.00806323151582,44.48012196476084,45.028116216426376,62.77253579392822,90.46162860572431,90.7221651527343,19.243602833149513,62.77253579392822,102.58316747888027,27.437497152619443,60.71730601731272,60.71730601731272,27.437497152619443,32.47924337172896,60.71730601731272,27.437497152619443,32.47924337172896,60.71730601731272,35.58791929854849,73.72351219251563,73.72351219251563,73.72351219251563,112.07196348775192,112.07196348775192,112.07196348775192,112.07196348775192,163.45221014106846,43.765183079703895,43.765183079703895,96.82990886084733,43.765183079703895,96.82990886084733,96.82990886084733,43.765183079703895,43.765183079703895,113.18844905731326,25.152857690528922,64.38731435616802,34.41266118741763,77.22807941416126,30.042157878554598,29.905538784646563,31.3828177511198,29.584814516910527,41.00806323151582,55.38606548582414,37.048633578041716,55.05112396672751,38.967823264842494,50.87687342987971,38.967823264842494,48.05961142165009,36.773716836893165,69.88430617813988,21.863239695891366,54.57867028427864,32.00681568041407,67.23489607339332,32.00681568041407,46.351914739307155
25.0,30.30315577625538,48.76280601031897,49.370854256332244,50.9104728911449,90.30180646033611,91.30756403496919,30.30315577625538,94.8695749437089,134.30050260516526,46.751537407875695,46.751537407875695,46.751537407875695,46.751537407875695,46.751537407875695,63.777788061361925,46.751537407875695,46.751537407875695,46.751537407875695,55.006965468020496,55.006965468020496,75.8188630882843,75.8188630882843,93.60246390987793,132.33527496476515,93.60246390987793,132.33527496476515,162.0883246874987,18.087599343196434,71.51783868378573,71.51783868378573,71.51783868378573,71.51783868378573,91.0183017310255,71.51783868378573,71.51783868378573,89.54139405883738,40.960850210902606,44.38542835210673,50.240036325623805,63.2623999702825,89.13490477921654,90.08402327827059,19.428619353932486,63.2623999702825,107.23295319070533,27.621391166992296,58.40540428761709,58.40540428761709,27.621391166992296,34.26326385503868,36.2660481718094,27.621391166992296,34.26326385503868,37.74296292025839,35.87682051129949,41.382363393117124,41.382363393117124,77.73336638792892,112.97123527695004,112.97123527695004,112.97123527695004,112.97123527695004,157.55990924089795,44.132258609774325,44.132258609774325,93.29451350427848,44.132258609774325,93.29451350427848,93.29451350427848,44.132258609774325,44.132258609774325,113.72829463242645,25.337348914201737,64.87608380597584,25.337348914201737,64.87608380597584,29.895003763170862,29.769048523592417,30.49411828533496,29.769048523592417,41.51302506443008,41.64938474935734,32.641633690733066,74.80752803027245,23.31643733506472,50.89234962152956,23.180945839201645,48.14567737606357,68.69133860975487,70.17699943713751,22.047703962090928,67.02373646701592,32.25191854758411,66.73171097761544,32.25191854758411,32.72355802781843
26.0,30.558979858627477,49.61543358673791,50.150834988063764,51.29221432147378,91.87723466670076,92.54799430565743,30.558979858627477,94.90063882819757,129.8041794396467,30.63494736408078,30.63494736408078,30.63494736408078,30.63494736408078,30.63494736408078,30.63494736408078,30.63494736408078,30.63494736408078,30.63494736408078,55.45183721032153,55.45183721032153,73.11976476986233,73.11976476986233,86.99712638932392,133.39836955525357,86.99712638932392,152.16479553431537,163.1490882597877,18.08013412560869,72.09033395677952,72.09033395677952,72.09033395677952,72.09033395677952,89.92453085782543,72.09033395677952,72.09033395677952,88.71615551859762,39.61207202356373,43.77135193251404,51.4922931126591,63.7710847484971,85.8362467143106,90.05779394366708,19.556744360961513,84.75895970338475,108.12081783819433,27.8759977399913,56.38254384115708,56.38254384115708,27.8759977399913,34.71536043309935,36.05698614693135,27.8759977399913,35.99515592409623,37.34300469967568,36.19525176041741,41.81506905411015,41.81506905411015,74.90851920843183,86.99712638932392,86.99712638932392,86.99712638932392,113.82662254499165,156.41491297187747,44.514506062630865,44.514506062630865,90.05779394366708,44.514506062630865,90.05779394366708,90.05779394366708,44.514506062630865,44.514506062630865,107.16998763646471,30.2236041861324,69.47226964768029,25.528440022845107,71.1491127843489,30.02342835187214,30.02342835187214,30.15429073946194,30.02342835187214,47.668031740360334,73.02219696777138,31.562259900076864,75.64410915596798,23.042704919344864,62.09429321604361,23.17706301497237,47.25987991944118,69.27215349619209,70.00108034880604,28.398943642325854,68.13080250518117,64.83549375149386,86.53611962643113,32.50209608625265,33.04173497260699
27.0,31.09254331829418,50.2109176375019,53.22960877181045,53.22960877181045,92.74107099877594,93.27762995488253,30.757133318955457,97.83916010473516,125.79000357739083,47.52763669697874,47.52763669697874,47.52763669697874,47.52763669697874,47.52763669697874,47.52763669697874,47.52763669697874,47.52763669697874,47.52763669697874,55.91288983767517,55.91288983767517,70.44501401802685,70.44501401802685,134.4995353151824,134.4995353151824,95.15587869385685,146.8166373405957,173.6307144487979,18.078889622982935,72.68339734767493,72.68339734767493,18.482593162216173,72.68339734767493,88.4530171899184,18.482593162216173,72.68339734767493,89.58812002715538,39.34363036121603,49.40593334813138,81.41456411478231,64.29814344131562,86.2342811763396,125.34602107765528,19.755916835216734,85.16070836952919,126.23440497740701,28.14109539445826,28.81503513792756,54.510606766023066,28.14109539445826,34.51646346310699,35.8580011991745,28.14109539445826,36.19338682687764,37.19954636820186,36.44859393721519,42.26700841081611,42.26700841081611,75.16579175396213,114.71050518588086,114.71050518588086,73.4887491388988,149.4845309722715,151.94118928058975,44.844355832144586,44.844355832144586,86.98273535593141,44.844355832144586,86.98273535593141,86.98273535593141,44.844355832144586,44.844355832144586,107.1015230984135,31.964609335951533,69.66470591339635,25.79324039356048,71.6771668664436,30.287559327222127,30.287559327222127,30.287559327222127,30.287559327222127,55.91288983767517,73.62272916701743,30.491904663369258,75.03756559217523,22.911487293495373,67.18267075667653,23.044657732324858,46.72794934511892,69.46384851129399,69.9332270812666,22.439167765316075,68.92699942692994,92.21554234509496,92.21554234509496,32.37099396064322,38.00199007946821
28.0,32.57332113862509,53.70680822763535,76.25113933575025,53.70680822763535,98.72604139739423,98.72604139739423,31.099055451894355,98.72604139739423,124.04485075971513,31.088583113419627,31.088583113419627,31.088583113419627,31.088583113419627,31.088583113419627,31.088583113419627,31.088583113419627,31.088583113419627,31.088583113419627,56.459111310753016,56.459111310753016,68.49409646093596,68.49409646093596,135.6378450138456,135.6378450138456,95.97380501991155,142.39952598235712,175.22592559321808,18.08386711961797,73.36587251576852,73.36587251576852,18.41918157790948,73.36587251576852,73.36587251576852,18.41918157790948,73.36587251576852,90.34216208393508,39.68527749682494,64.91248916811001,78.76535564574058,64.91248916811001,86.24836954980657,121.36978619079791,19.893246341409437,121.36978619079791,126.69500779430892,28.346626783446386,28.557770396163633,31.9103627368916,28.346626783446386,34.12508241748289,35.53718123318168,28.346626783446386,36.07570165637807,53.31619125556514,36.800016983691734,68.49409646093596,70.2148221531608,75.58042901439498,115.62222969654235,145.0452515596426,73.9733482411064,150.40154586971505,152.8696340023093,45.25341147361158,45.25341147361158,84.20045278975641,45.25341147361158,84.20045278975641,84.20045278975641,45.25341147361158,45.25341147361158,105.32205965513586,32.44042616859402,69.80989363979864,25.999158640232956,71.75873640191834,30.561188622172402,30.561188622172402,30.561188622172402,30.561188622172402,56.459111310753016,73.5227260784038,29.43155194684779,74.80301631618875,22.716211171760133,67.72836370384272,22.919342268049494,67.72836370384272,69.94287847951355,89.16847116554146,22.576121234614238,69.80989363979864,87.91188770581599,89.16847116554146,32.11349015600764,37.795502377928514
29.000000000000004,33.729160232653285,54.20014990754177,76.4032476403981,54.20014990754177,99.64319469988905,117.43136293171429,31.3828177511198,117.43136293171429,128.8434127148144,31.567388235329194,31.567388235329194,31.567388235329194,31.567388235329194,31.567388235329194,31.567388235329194,31.567388235329194,31.567388235329194,31.567388235329194,56.95350077036529,56.95350077036529,66.04922406811453,66.04922406811453,137.0515413995771,137.0515413995771,56.95350077036529,142.63809098554285,176.8760158981426,18.095061480967672,74.00071790192308,74.00071790192308,18.299077845618342,74.00071790192308,74.00071790192308,18.299077845618342,74.00071790192308,91.05982236969277,39.847098388715835,65.47710477716619,76.4032476403981,76.4032476403981,86.63048683921843,117.43136293171429,20.10587600677971,117.43136293171429,127.87347262039927,28.6293773945575,28.6293773945575,52.727613733223315,28.6293773945575,33.685104274738414,53.033008588991066,28.6293773945575,51.86671620606032,53.52972305177751,37.152944028703835,66.04922406811453,70.64864648384992,75.82028917117105,117.040591249361,146.66841855014323,74.33593511889119,156.9637697049864,156.9637697049864,45.67653938292611,45.67653938292611,81.57552482209354,45.67653938292611,81.57552482209354,81.57552482209354,45.67653938292611,45.67653938292611,102.23273081552698,43.461836707622005,69.48230889946015,26.211185589362415,71.56595734006497,30.844063448255323,30.844063448255323,30.844063448255323,30.844063448255323,56.95350077036529,73.03667742990504,28.512826061265834,74.58100461913877,22.597040735459142,68.36224286841384,33.27651198668514,68.36224286841384,74.00071790192308,86.41282456904183,22.78741428947128,88.11558460340599,87.27067806543043,87.86754947078016,31.732180038566526,48.42991069576735
29.999999999999996,34.42900303523179,54.783174880614574,74.06423732139554,31.675404496233348,100.58979197711862,113.39885912124511,31.675404496233348,113.39885912124511,121.70918206939031,48.86697504450219,48.86697504450219,48.86697504450219,48.86697504450219,48.86697504450219,48.86697504450219,48.86697504450219,48.86697504450219,48.86697504450219,57.53678171396103,57.53678171396103,62.230388477013385,64.3142383146998,133.68853727975335,133.68853727975335,57.53678171396103,144.16180145933248,178.57946410491886,18.037772866958935,74.72838316195526,74.72838316195526,18.037772866958935,74.72838316195526,86.95220670000272,18.037772866958935,74.72838316195526,91.2678818095391,39.566605237245206,66.13256572975223,74.06423732139554,71.56972998412108,89.24035662187819,116.99626062400456,20.251944351098736,89.24035662187819,153.41161950778044,28.921812702526097,28.921812702526097,31.3605843376682,28.921812702526097,33.315030391701576,35.16390194503448,28.921812702526097,35.86302064801569,53.27904137651127,37.39652390263031,64.3142383146998,71.45331517851359,77.6864611756772,118.01906625626216,158.42387761950533,74.93284493464797,158.42387761950533,158.42387761950533,46.113352187842516,46.113352187842516,79.10654998165448,46.113352187842516,79.10654998165448,79.10654998165448,46.113352187842516,46.113352187842516,97.29931269027547,44.23410731550938,68.94592990162653,26.503136606824484,70.90043194508762,31.135931815187416,57.85733531714021,32.214922784324656,57.78145247395569,60.75583305329621,72.77898906964839,17.982804286317524,74.43121824879665,32.90457794897239,69.0906741174234,33.10976064546526,69.0906741174234,83.81423655919082,83.81423655919082,24.623997441520334,88.90540619107479,86.21053444910314,113.39885912124511,31.56582408238378,113.39885912124511
31.0,34.80598008963402,55.309639756556,72.006327846933,42.395769246470806,101.64118874747578,110.18360245517478,31.976573456203838,118.68076929309146,122.28092655847846,32.07023542164915,32.07023542164915,32.07023542164915,32.07023542164915,32.07023542164915,32.07023542164915,32.07023542164915,32.07023542164915,32.07023542164915,58.06269241087602,58.06269241087602,58.88460112796893,70.97655422743485,129.8292147399806,131.53944275387516,58.06269241087602,139.77347745548866,180.3347581582652,18.058965917239004,75.47884637433192,75.47884637433192,18.058965917239004,75.47884637433192,87.33716992208987,18.058965917239004,75.47884637433192,90.83568269133006,39.20499011605538,68.55812315108983,72.006327846933,71.41205255417323,110.18360245517478,120.4808076002149,20.47733503168808,113.26961750619624,149.1228520381769,29.22364197015834,29.22364197015834,31.205227927384218,29.22364197015834,32.8765303826301,35.037925880394226,29.22364197015834,35.57831151136883,36.581091427129394,37.89348558789492,43.73213921133976,73.26582593542503,73.74618634207467,119.02310700027957,159.92693644286445,73.74618634207467,159.92693644286445,196.7171192347021,46.63974967771589,46.63974967771589,46.63974967771589,46.63974967771589,76.91980401691102,76.91980401691102,46.63974967771589,46.63974967771589,46.63974967771589,47.64348066629893,65.47160644126582,26.728846776469798,89.39653936255027,30.87104225645775,30.87104225645775,32.645769251160246,31.1272589541707,62.383140751328,95.77737859223335,62.58874699177161,95.77737859223335,22.252893070340313,69.76733655515308,22.715220668089493,73.26582593542503,80.72487999371694,81.29287330387578,25.185040202469402,90.01281158812893,85.53795210314541,110.18360245517478,31.461583717289248,110.18360245517478
32.0,34.8209706929603,55.92938628306232,55.92938628306232,55.92938628306232,102.72475967360546,108.33764927300204,32.28608446374382,126.4876476182556,126.4876476182556,32.59601202601324,32.59601202601324,32.59601202601324,32.59601202601324,32.59601202601324,32.59601202601324,32.59601202601324,32.59601202601324,32.59601202601324,58.680970084005935,58.680970084005935,59.840506765902305,99.89465075768572,126.43427146149892,133.0061088822615,58.680970084005935,141.06425840729466,182.14039914307864,18.03902020620854,74.75607834818517,74.75607834818517,18.03902020620854,74.75607834818517,74.75607834818517,18.03902020620854,74.75607834818517,113.96668921224307,38.390770375182626,68.80840246655927,71.765320663953,71.82925065737496,108.98638102992501,144.87969146847325,20.710051907226113,113.89688318825937,144.87969146847325,29.53457719352014,29.53457719352014,30.981627620252617,29.53457719352014,32.39670122095767,34.8209706929603,29.53457719352014,35.433829174956514,36.48254719725583,38.280429072830415,62.67065700948091,79.28780643957809,79.28780643957809,120.5757023616284,161.73319078037136,79.28780643957809,161.73319078037136,191.6262638575412,47.10489624232284,47.10489624232284,47.10489624232284,47.10489624232284,68.8887962588983,71.05164494929022,47.10489624232284,47.10489624232284,47.10489624232284,48.18585113910514,48.18585113910514,26.19572961381301,92.64251858623015,30.615621012809783,30.69488963980812,33.0328813457137,30.949656702457943,62.59198231403124,93.105726193398,63.1324500554192,93.105726193398,22.204307014631194,74.86585503418765,22.617940887711242,74.86585503418765,80.76389199388548,107.1296702599238,25.387004549572207,107.1296702599238,84.66148032015504,108.33764927300204,31.490177039832595,107.46330187557052
33.0,34.75940520204568,56.487000716979125,56.487000716979125,56.487000716979125,103.83949754308328,114.65422473681464,32.05528427576333,114.3661717904381,141.10324234403686,45.575939375947044,45.575939375947044,45.575939375947044,45.575939375947044,45.575939375947044,45.575939375947044,45.575939375947044,45.575939375947044,82.65973173196245,59.21570737566174,59.21570737566174,60.60566186421859,69.48740893140281,123.0756880947655,134.33400537466304,59.21570737566174,142.65561678391776,184.2637376154082,18.076400360691284,72.7424996133622,72.7424996133622,18.076400360691284,72.7424996133622,72.7424996133622,18.076400360691284,72.7424996133622,136.82698929670272,37.58324094593227,68.08289983542123,70.49656906545168,71.9112734555577,109.91392655164313,141.66553921119984,20.949850834791164,114.57334441308763,145.57000034347737,29.854333856242715,29.854333856242715,30.76591051797427,29.854333856242715,32.05528427576333,34.884756699739214,29.854333856242715,35.30023016922127,36.38188079250439,38.75882157651339,66.63487262687607,69.48740893140281,69.48740893140281,121.64086484401531,163.59439171316356,69.48740893140281,163.59439171316356,189.9411092944337,47.582520425046845,47.582520425046845,47.582520425046845,47.582520425046845,66.71080309814896,69.83051804189914,47.582520425046845,47.582520425046845,47.582520425046845,48.663962539028816,53.1970511400773,25.44015035332928,93.08614961421489,30.935840864602337,30.935840864602337,33.18035940130848,31.269334019131268,62.59198231403124,89.75848845652426,63.13280644799501,90.67527915589784,21.98741117094052,73.74151646121742,22.572134369616002,75.03096860630282,80.43923949168092,100.70447482609698,25.73560277125834,104.23570045814438,84.35476424008309,107.89917168356762,31.602867749620444,132.08945832275944
34.0,34.09605915644798,57.14123948603145,57.14123948603145,57.14123948603145,101.62369925366818,129.4531768632968,31.183589434187976,129.4531768632968,137.3703934623469,33.1436268383531,33.1436268383531,33.1436268383531,33.1436268383531,33.1436268383531,33.1436268383531,33.1436268383531,33.1436268383531,33.1436268383531,57.554322166106694,57.554322166106694,66.8762009237965,67.8122407829147,108.44538371917912,144.2918050341044,57.554322166106694,144.2918050341044,181.26362017790552,18.57609350751659,70.87662696545314,70.87662696545314,18.57609350751659,70.87662696545314,70.87662696545314,18.57609350751659,70.87662696545314,138.4670538431435,36.74914965002592,66.34181373764211,75.82058592493202,70.12728605899417,111.43238420674663,137.3703934623469,21.196491454955463,117.09058992933633,148.1861160837951,30.18263159500841,30.18263159500841,30.642800948999422,30.18263159500841,31.724379426554588,34.84216195932738,30.18263159500841,35.217272040860855,36.38311765091056,39.16881731684019,67.8122407829147,67.8122407829147,67.8122407829147,120.4221169470127,165.23203381911148,39.16881731684019,165.23203381911148,191.580596616672,48.15502310247603,48.15502310247603,48.15502310247603,48.15502310247603,48.15502310247603,68.83717200757161,48.15502310247603,48.15502310247603,48.15502310247603,49.236686017643386,53.77128648265726,24.81786151141955,53.949050037975645,31.264296729656337,31.38926966337382,33.30287149781532,31.805129303305776,62.05442167968371,88.80741100831618,62.80371207181945,120.1800992261198,21.90539317154568,60.30830166734925,22.570140673021957,23.195500641288174,79.9462710199794,100.78956419193408,25.855971263907296,100.99807547671391,101.62369925366818,123.28219660599822,103.36975500599776,126.96702327769995
35.0,32.27632646383414,57.81298513309964,57.81298513309964,57.81298513309964,99.16514634688943,130.85535908016914,30.445381423132147,133.1056910879471,136.13642054938862,33.712015662075146,33.712015662075146,33.712015662075146,33.712015662075146,33.712015662075146,33.712015662075146,33.712015662075146,33.712015662075146,44.33216947093837,56.2522999529797,56.864938670502404,59.72910722587439,103.3310033339462,110.237703395889,145.97131567537508,56.2522999529797,145.97131567537508,177.1034302321669,18.32856377352028,69.15577524690183,69.15577524690183,18.537293491769503,69.15577524690183,69.15577524690183,18.537293491769503,69.15577524690183,139.8682415704151,35.92352989337211,64.74415996829366,94.26142503696833,69.89074509547025,118.4341430922688,136.5471530278094,21.449737760634743,136.95847910954618,141.7078861602275,30.519194779679232,30.519194779679232,30.519194779679232,30.519194779679232,31.40431897048557,34.80727294690005,30.519194779679232,35.188510198642966,36.35651592218374,39.528470752104745,66.15512073906298,116.48023974048131,66.15512073906298,122.70136511058058,167.19038548911837,118.86082723084169,167.19038548911837,209.6285405186994,48.74342263321278,48.74342263321278,48.74342263321278,48.74342263321278,48.74342263321278,102.71402654944455,48.74342263321278,48.74342263321278,48.74342263321278,49.824956096317834,55.73514376046768,24.2028149189304,55.73514376046768,31.89484676244738,32.01806130920484,33.39395529133978,32.31872522238462,60.24559112499437,88.65526634103583,86.14996372605157,117.23001428815061,21.831313519804528,21.412992551252614,22.5312283286997,102.54324087915302,79.18245544310936,100.24630292434729,30.65454697104493,100.63675397189637,99.16514634688943,124.40458190918854,102.61781643554885,125.48954139688296
36.0,31.756278906698117,58.50163459254792,58.50163459254792,58.50163459254792,99.39268710523929,130.8534485598297,29.716094124228373,130.8534485598297,156.99243612352794,42.25596111792986,42.25596111792986,42.25596111792986,42.25596111792986,42.25596111792986,42.25596111792986,42.25596111792986,42.25596111792986,45.05758815116494,54.91649342410712,57.17666700674323,60.50719998479519,104.62287632253282,108.22814444496403,147.98352948892656,54.91649342410712,147.98352948892656,173.4578479054782,18.588201903357948,22.790376258412234,67.57703936989249,18.588201903357948,67.57703936989249,67.57703936989249,18.588201903357948,67.57703936989249,67.57703936989249,35.78136735788615,64.91872803744694,95.38118918319272,69.85886665270199,119.89781586834683,138.68354264295385,21.709358581035968,139.38122183421984,164.45402092986356,30.86375301223103,30.86375301223103,30.86375301223103,30.86375301223103,31.216041549177884,34.87701607075926,30.86375301223103,35.106979363083916,36.25612017301355,40.10543915730135,64.5174395028197,113.68777968629698,64.5174395028197,123.5723472302764,169.48930644733903,119.9505366807502,169.48930644733903,212.2100963667846,49.34715037365379,49.34715037365379,49.34715037365379,49.34715037365379,49.34715037365379,110.65613968506221,49.34715037365379,49.34715037365379,101.58893271414954,52.13713887431876,56.426822079574876,23.595576916023898,56.426822079574876,32.03211279325796,32.450828186658036,33.53179461347096,32.901367752724205,59.53705778756622,88.5841760699957,86.77762528440151,113.1225275972916,21.797276205985003,41.57097845853522,22.547200491413562,101.14789295877596,78.40718238783995,99.85770501068006,25.546942087067876,101.68810771176736,96.73715030948554,121.93759161964778,22.095616081023856,121.93759161964778
37.0,31.246299780934063,59.29583670039575,59.29583670039575,62.2650885328207,103.33557591652547,128.05516389431548,28.99640063869997,128.05516389431548,159.05227128211655,34.30014577228499,34.30014577228499,34.30014577228499,34.30014577228499,34.30014577228499,42.101068870041765,34.30014577228499,34.30014577228499,49.09527726777801,53.50233639758174,57.88532845203523,61.095222808334206,61.51508961222441,105.9467849913342,149.75187811843963,53.50233639758174,149.75187811843963,174.3505807274527,18.765293762688607,22.81504437865506,66.01815091321477,18.765293762688607,66.01815091321477,66.01815091321477,18.765293762688607,66.01815091321477,66.01815091321477,46.75586861560803,68.05513389892052,94.58002563966664,70.09519420045856,121.39741039247913,160.85746796465497,96.88519623760897,146.5524650082693,160.85746796465497,31.305291086332357,31.305291086332357,75.37593283004861,31.305291086332357,31.305291086332357,75.64857070692082,31.305291086332357,35.17571960884383,75.4666234172432,2.895038859842817,62.90071541723512,111.05132259455536,62.90071541723512,127.90035183688902,169.0580521596058,121.27687846411615,169.0580521596058,215.15256215067484,49.965650701256756,49.965650701256756,49.965650701256756,49.965650701256756,49.965650701256756,112.0672175526813,49.965650701256756,49.965650701256756,125.95286816900995,53.80516936131695,66.13528747952941,53.68501886001345,64.5150854451887,32.38558707202943,32.59541762272728,33.765163260378294,33.88556108433207,58.75684002735341,107.02712857028351,85.27899067179442,112.24977171468991,21.405635940097643,48.586687991671134,22.155614412604315,48.257240389396486,78.13524332847501,99.5855976032679,24.826019616523304,100.18748050530066,96.30420551564714,119.10709466694249,119.10709466694249,121.15511235602071
38.0,29.36496637151148,60.10986815823172,60.10986815823172,63.08253522172361,110.39271375412417,127.48186145487522,28.404511085389235,124.8031099372127,157.30742194823486,34.90701935141412,34.90701935141412,34.90701935141412,34.90701935141412,34.90701935141412,42.67822922755816,34.90701935141412,34.90701935141412,49.11720676097125,52.41604000685286,59.33301146916445,61.30660649554826,61.30660649554826,110.54893147380484,151.86383703831535,52.41604000685286,151.86383703831535,195.76293060740585,19.036707961199593,22.786426880930676,64.48054939282078,19.036707961199593,64.48054939282078,64.48054939282078,19.036707961199593,64.48054939282078,64.48054939282078,47.388250125954215,69.10923418762502,92.45142643572353,72.52969219567942,123.02290945185779,157.30742194823486,22.24682561625366,148.66278956080436,162.56421808011748,31.758404399465665,31.758404399465665,31.758404399465665,31.758404399465665,31.758404399465665,34.70628545379064,31.758404399465665,35.27089806058247,36.088173270477405,41.17834685851291,61.30660649554826,108.5685555305955,61.30660649554826,129.71699965694552,165.1154898851104,129.71699965694552,165.1154898851104,217.86492374863835,50.59838189112375,50.59838189112375,50.59838189112375,50.59838189112375,50.59838189112375,113.60284437460182,50.59838189112375,50.59838189112375,127.48186145487522,54.11040796371803,74.45026024131816,54.64994281790238,80.39559222992266,32.83749762086021,32.9291853831825,34.00817916325424,34.90701935141412,17.747288525293097,108.47214504194153,17.747288525293097,111.98888895778902,21.14228582722313,44.5988368682413,21.6813571992161,20.417914927827475,77.70778596768795,99.48500515153025,20.181829699013914,100.31428736725393,102.59150184103945,122.1917806155553,117.1194102188019,141.29976999273566
39.0,27.820248920525493,60.73842482317104,61.974238599598785,62.65916732609842,111.87149435848256,129.35658081442938,27.820248920525493,123.4712770242537,153.8071032169841,35.531676008879735,35.531676008879735,35.531676008879735,35.531676008879735,35.531676008879735,43.443713584361085,35.531676008879735,35.531676008879735,49.25541848365517,51.15173506343651,60.09976081483187,63.94162376730825,63.94162376730825,110.2895337282736,153.7144267790112,51.15173506343651,153.7144267790112,198.53620576610203,19.314793553129167,22.80715348306316,63.197280400346344,19.314793553129167,63.197280400346344,63.197280400346344,19.314793553129167,63.197280400346344,63.197280400346344,48.035260486438496,73.54628644601982,90.46909002526775,73.54628644601982,122.12049889351091,154.89714329192776,27.209396354935915,150.51287320359012,176.12531050362978,32.12890054141287,32.12890054141287,32.12890054141287,32.12890054141287,32.12890054141287,34.543179500445525,32.12890054141287,35.43192416451582,35.06039432179849,2.9868461627609815,86.36047272913692,106.35269742700466,86.36047272913692,131.30356050008697,161.26530935077142,131.30356050008697,161.26530935077142,216.674006285941,51.33825328154436,51.33825328154436,51.33825328154436,51.33825328154436,51.33825328154436,115.17446005951146,51.33825328154436,51.33825328154436,129.04117559910867,54.313361615720304,77.76346346453455,54.03634193762564,80.87858956485331,33.83904918877006,33.510987004264734,38.80697424432881,39.11305728270292,46.41875967752693,106.98612643702921,17.932686636418982,121.4290996837249,20.791374413443666,48.66766123412959,21.424547836535545,20.69701065371519,76.13474896523925,100.01777966941677,19.714873826631507,114.13102667548382,111.87149435848256,124.14677301484723,121.40612113892776,138.1869205098659
40.0,27.24410486692488,57.87988640279108,61.77782773778955,62.14282943349136,113.47720586091287,139.9129193462848,27.24410486692488,124.49986445775754,150.7402567332297,35.75305930965908,38.73036599362314,39.419617578053696,35.75305930965908,38.73036599362314,46.73709714990866,35.75305930965908,38.73036599362314,49.29149267368559,50.33086776521939,64.8864874222669,64.8864874222669,64.8864874222669,109.19654870919686,155.9186486601266,50.33086776521939,155.9186486601266,201.37185751738002,19.59926656791014,22.726636354727024,61.81720027629851,19.59926656791014,26.417252885188496,61.81720027629851,19.59926656791014,61.81720027629851,61.81720027629851,48.69631659581656,74.58552976281659,88.62988350438016,74.58552976281659,119.59135106687272,153.9987824627195,27.588788483730124,150.7402567332297,178.64524902722715,32.601629560498964,32.601629560498964,32.601629560498964,32.601629560498964,32.601629560498964,68.15094460093712,32.601629560498964,35.57831151136883,34.37013601951554,42.30066488839153,87.58799147143404,104.05357394150381,87.58799147143404,132.84012947900948,158.19766117108054,132.84012947900948,159.7263284496329,212.45734866085476,52.09526130081315,52.09526130081315,52.09526130081315,52.09526130081315,52.09526130081315,116.7806116185388,52.09526130081315,52.09526130081315,128.39635898264405,54.17108315328391,79.65501396647922,23.11387570270291,89.54616825973069,37.49894998529959,34.52232973019058,38.73036599362314,37.55890373799534,48.04275439647481,104.80208132475231,59.105044200981695,112.46524463139713,20.982045896432503,49.32982110245282,21.078336034896115,56.85821180797018,88.16332145512668,103.77815882930281,19.369466951880735,110.33379468685014,101.07623978957666,135.17812323005523,132.84012947900948,137.35219328427195
41.0,26.67660491891725,56.747301697966215,61.99674386610961,61.8550422358598,115.11701112346515,141.84542643314236,26.67660491891725,126.39193506707618,148.09329829536514,12.552141251595282,38.261615883284385,39.78776507923007,12.552141251595282,38.71409626996348,46.80277769534624,12.552141251595282,38.71409626996348,49.31066061208266,49.31066061208266,57.43256915722994,57.43256915722994,57.43256915722994,109.86232862086985,155.1503303251398,49.31066061208266,155.1503303251398,204.26728813003808,19.889852940632817,22.852488923528657,60.57149700973223,19.889852940632817,26.592973696072427,60.57149700973223,19.889852940632817,60.57149700973223,60.57149700973223,49.46828529472191,75.7439849096943,86.81806407655033,75.7439849096943,120.04878695763651,152.37330802998272,27.764388161816207,147.7180591532396,177.8218912282737,33.084607448177465,33.084607448177465,33.084607448177465,33.084607448177465,33.084607448177465,79.04679784785719,33.084607448177465,35.39698080345271,33.68977960747146,2.871628457861497,57.43256915722994,95.9616134191167,57.43256915722994,135.41971791434216,155.1503303251398,135.41971791434216,162.39958435907403,207.925768003872,52.77112136386719,52.77112136386719,52.77112136386719,52.77112136386719,52.77112136386719,118.51732468293402,52.77112136386719,89.62503138074764,127.58575547450428,53.24735908944217,80.31579078861142,23.40408618169058,101.38518752756735,37.98185422014044,34.973650795992114,38.47331867671413,36.13116729362615,49.77751751544065,101.16857837293158,60.62941736484031,129.8565602886508,41.90305776432073,50.10280680760311,21.27278190552425,59.13282717746548,88.99014692649968,108.35073257712658,18.915767232655405,109.36620250333281,103.43355355009321,132.19864314734852,115.93073902119316,136.75754092553726
42.0,26.11831254120373,55.63210628764652,62.88856215560982,26.11831254120373,114.98226493681535,144.14619315125876,26.11831254120373,144.14619315125876,152.2846840624493,12.537792867965239,38.36086873364575,40.16710407783962,12.537792867965239,38.65011319517706,46.96856661640847,12.537792867965239,38.65011319517706,49.265010402921874,48.130032204435516,66.83716219289984,66.83716219289984,66.83716219289984,113.6998515830166,152.17629578879885,48.130032204435516,152.17629578879885,204.2073088799713,20.1862886633477,22.828846882836636,26.11831254120373,20.1862886633477,26.976031027562225,59.45612878417161,20.1862886633477,59.45612878417161,59.45612878417161,50.25705174400902,76.82760734267337,83.9850656366952,76.82760734267337,121.71263800444059,152.6585241642274,33.577391947559,144.74330727187353,174.47528478268777,33.577391947559,33.577391947559,33.577391947559,33.577391947559,33.577391947559,80.22833819792105,33.577391947559,35.03792588039423,33.577391947559,3.506600918268288,90.31824981696667,90.31824981696667,90.31824981696667,137.39905385409318,152.17629578879885,137.39905385409318,184.17417028454344,204.2073088799713,53.65776970765744,53.65776970765744,53.65776970765744,53.65776970765744,53.65776970765744,120.28957249071924,53.65776970765744,120.28957249071924,130.69286514573014,23.58699323779951,80.16100205212008,23.79876572429755,89.81762772418341,38.46045046538067,34.72508099342606,37.80252967725837,34.82601398380239,50.46881462844159,100.54325561667476,74.34985709468445,125.70792039485816,50.792777537756294,74.80963340372682,21.568988154292263,87.08278388981371,89.33485462013132,115.23480919409724,108.75698253445614,115.69293949934888,107.44487540129589,129.6331988728196,129.6331988728196,136.34010781864595
43.0,25.67871200040999,54.64417855545089,64.653045171902,54.64417855545089,112.78728319274296,142.18166196806112,25.67871200040999,142.18166196806112,149.97708158248713,12.527020795065361,35.22685410308448,40.21301095416756,12.527020795065361,35.6509642225845,47.237974660224374,12.527020795065361,35.6509642225845,49.23394408332528,47.39725730461627,55.19510847892229,55.19510847892229,55.19510847892229,115.50745105836246,149.25984054661185,47.39725730461627,149.6132514184489,200.18148016237666,20.488319843266797,22.922287189545457,26.000024038450423,20.488319843266797,27.17795522109785,58.35800073683128,20.488319843266797,48.06476100013397,58.35800073683128,51.06183751100228,78.03237308963504,83.39763935508007,78.03237308963504,132.3882783708588,159.94725693177736,51.06183751100228,142.18166196806112,171.18155566532278,34.07955765557998,34.07955765557998,34.07955765557998,34.07955765557998,34.07955765557998,137.59769256786248,34.07955765557998,34.48776957125526,137.59769256786248,44.27071549003924,55.19510847892229,55.19510847892229,55.19510847892229,139.41484856355868,186.85321779407494,139.4296417552595,186.85321779407494,200.18148016237666,54.46187886953589,54.46187886953589,54.46187886953589,54.46187886953589,54.46187886953589,137.59769256786248,54.46187886953589,122.19712046525483,134.79475138149854,23.9899197580984,79.95311125903731,23.77038598761072,81.17404911669739,38.5165711090694,34.590696003405306,37.24427808402252,33.95454682365824,73.34348130543027,99.52525433275717,75.14154144013816,111.13213419169091,51.59618445195343,81.53386566329355,21.972056116804364,89.14853476081365,89.12884634056473,110.35153487831514,108.75822382698237,116.0193949303305,105.0444013262963,127.21843911163192,127.01222874196012,147.12961972356212
44.0,25.24571745861068,53.67202483603539,140.01830237508238,53.67202483603539,110.8440627638666,140.01830237508238,25.24571745861068,139.27049669617753,148.88796123259934,12.519834264078737,34.57898567049068,39.564899216350845,12.519834264078737,35.21535531554382,47.41340791379586,12.519834264078737,35.21535531554382,48.47402655030836,46.56491436693511,54.46558546458488,54.46558546458488,54.46558546458488,117.4526340700795,146.37793549575701,46.56491436693511,146.73147242497092,196.58363360157935,20.795702681082936,22.91639696810997,25.98963735799328,20.795702681082936,27.478468843805686,57.27810445536758,20.795702681082936,46.14066807058605,58.56467578668903,51.8818971318513,79.36297152954896,140.01830237508238,79.36297152954896,134.53724855964612,162.3364561643502,111.0675301336984,162.3364561643502,169.0166411925169,34.693965613633736,34.693965613633736,34.693965613633736,34.693965613633736,34.693965613633736,140.01830237508238,34.693965613633736,34.693965613633736,140.01830237508238,44.98712315763256,54.46558546458488,54.46558546458488,54.46558546458488,141.46554350795108,189.92268163650175,141.81898674014,189.92268163650175,196.24251578085725,55.38362799600618,55.38362799600618,55.38362799600618,55.38362799600618,55.38362799600618,140.01830237508238,55.38362799600618,124.24405921411294,135.80178570254517,24.509513459063196,79.19911615668448,23.653673076289863,80.72320762952869,38.615168651709915,54.9545835213042,33.09412712249713,54.9504890788062,73.63189696048853,109.05861382761105,75.42755630404581,118.62169384223107,52.51810402137533,86.98868460897658,22.28017616626942,117.00312495826766,88.8940169527736,110.21912833079382,27.690544415016472,110.75125845786133,105.00969598089503,133.4715559585637,131.10999675844704,146.73147242497092
45.0,24.714292423615934,66.8236952734582,141.42179817835722,52.71651780988574,101.18748069795987,141.42179817835722,24.714292423615934,131.207950406978,151.32456839522126,12.728363995423763,13.788990173323063,35.31998372026805,12.516239451208977,34.47210829061663,47.09438660817231,12.516239451208977,34.47210829061663,47.94289571980399,45.82162426191372,70.21770610038467,70.21770610038467,70.21770610038467,119.43415026699859,144.25151645650038,45.82162426191372,144.25368279527564,172.1863089795469,21.213468598982107,23.122635014201993,25.98617420860562,21.213468598982107,27.577164466275352,49.746771252011925,21.213468598982107,27.78949891595744,59.18569295023925,52.71651780988574,80.71874782229962,141.42179817835722,80.71874782229962,136.8301364831593,165.1154898851104,111.4772005837965,165.1154898851104,173.60047522976427,35.320620747659575,35.320620747659575,141.42179817835722,35.320620747659575,35.320620747659575,141.42179817835722,35.320620747659575,35.320620747659575,141.42179817835722,2.6516504294495533,94.82592604346134,94.82592604346134,94.82592604346134,144.25151645650038,193.3988753845275,144.25368279527564,193.3988753845275,195.86889747992151,56.32265308026603,56.32265308026603,141.42179817835722,56.32265308026603,56.32265308026603,141.42179817835722,56.32265308026603,126.32907919398447,136.82516215959694,24.18328451637618,56.74690520195792,23.54689469972633,81.77799979212013,38.8214663556131,39.45784142600809,32.66850547545755,32.77508581224464,73.82385285258417,120.70690224672323,97.15791913168994,122.18920267355867,53.352893548522744,87.50549268474522,22.6983754925325,117.62797817696264,91.2197963711825,112.2219062839337,17.607278324602017,112.2219062839337,105.00541057488418,144.25151645650038,144.25151645650038,146.7246570962086
46.0,24.40094772749616,67.99129539874939,140.01830237508238,51.8818971318513,98.86633021408247,140.01830237508238,24.40094772749616,130.04943771504742,153.80222690195353,12.835741116117914,13.580178570254516,34.90603457856535,12.519834264078737,13.580178570254516,62.68824650602376,12.519834264078737,13.580178570254516,47.42337240222378,44.98712315763256,52.33067933822377,52.33067933822377,52.33067933822377,121.45022128427762,141.46554350795108,93.26122586584417,141.81898674014,171.83604103912543,21.532446447164336,23.124581077286567,25.98963735799328,21.532446447164336,27.89858867398134,56.112532022713076,21.532446447164336,27.89858867398134,60.12071190529932,51.8818971318513,79.36297152954896,140.01830237508238,79.36297152954896,134.53724855964612,162.3364561643502,111.0675301336984,162.3364561643502,169.0166411925169,34.693965613633736,34.693965613633736,34.693965613633736,34.693965613633736,34.693965613633736,140.01830237508238,34.693965613633736,34.693965613633736,140.01830237508238,44.98712315763256,54.46558546458488,54.46558546458488,54.46558546458488,141.46554350795108,189.92268163650175,141.81898674014,189.92268163650175,196.24251578085725,55.38362799600618,55.38362799600618,55.38362799600618,55.38362799600618,55.38362799600618,140.01830237508238,55.38362799600618,124.24405921411294,135.80178570254517,23.97678564778857,84.21969039363657,23.5488057022007,84.21969039363657,39.567742543642794,40.31638934726174,39.35963986115726,40.104317099284955,73.63189696048853,109.05861382761105,75.42755630404581,118.62169384223107,52.51810402137533,86.98868460897658,22.28017616626942,117.00312495826766,92.81164393544593,114.23802453649134,17.293965710617098,114.23802453649134,105.00969598089503,133.4715559585637,131.10999675844704,146.73147242497092
47.0,23.9899197580984,47.77223304389276,69.2874176889282,51.06183751100228,98.25291980394273,127.21843911163192,23.9899197580984,127.21843911163192,156.68160389784117,12.840998792928843,13.477063849370158,62.9404182540917,12.527020795065361,13.374836447598152,62.9404182540917,12.527020795065361,13.374836447598152,62.40658018190069,44.27071549003924,51.63816418115578,51.63816418115578,51.63816418115578,123.71667733171627,139.41484856355868,91.72503066230068,139.4296417552595,174.71584072430295,21.964886751358403,23.2371738815201,26.102801573777477,21.964886751358403,28.01127005331961,56.149009341216335,21.964886751358403,28.01127005331961,56.89500197732662,51.06183751100228,78.03237308963504,83.39763935508007,78.03237308963504,132.3882783708588,159.94725693177736,51.06183751100228,142.18166196806112,171.18155566532278,34.07955765557998,34.07955765557998,34.07955765557998,34.07955765557998,34.07955765557998,137.59769256786248,34.07955765557998,34.48776957125526,137.59769256786248,44.27071549003924,55.19510847892229,55.19510847892229,55.19510847892229,139.41484856355868,186.85321779407494,139.4296417552595,186.85321779407494,200.18148016237666,54.46187886953589,54.46187886953589,54.46187886953589,54.46187886953589,54.46187886953589,137.59769256786248,54.46187886953589,122.19712046525483,134.79475138149854,23.873337638461866,59.630329950453905,23.455942743790967,85.83913006315942,32.58713319701504,39.91254502033164,31.8496664032765,39.80246537590354,73.34348130543027,99.52525433275717,75.14154144013816,111.13213419169091,51.59618445195343,81.53386566329355,21.972056116804364,89.14853476081365,77.03613600122996,106.81058000029772,17.402909239549572,106.81058000029772,105.0444013262963,127.21843911163192,127.01222874196012,147.12961972356212
48.00000000000001,23.58699323779951,46.856336284434356,70.49497322504634,48.12698047872939,104.25663647941076,129.6331988728196,23.58699323779951,129.6331988728196,160.01289010576616,12.537792867965239,18.15712670000405,22.828846882836636,12.537792867965239,13.173126052687723,34.000900723363195,12.537792867965239,13.173126052687723,34.000900723363195,43.56783503916622,74.10705938033163,74.10705938033163,43.56783503916622,126.02111430232634,134.55528603514617,90.31824981696667,134.55528603514617,178.00737344278747,22.405049654040045,23.37733945512192,54.158621197368014,22.405049654040045,28.13629773086715,56.27749328106219,22.405049654040045,28.13629773086715,56.0992981239516,50.25705174400902,76.82760734267337,83.9850656366952,76.82760734267337,121.71263800444059,152.6585241642274,33.577391947559,144.74330727187353,174.47528478268777,33.577391947559,33.577391947559,33.577391947559,33.577391947559,33.577391947559,80.22833819792105,33.577391947559,35.03792588039423,33.577391947559,3.506600918268288,90.31824981696667,90.31824981696667,90.31824981696667,137.39905385409318,152.17629578879885,137.39905385409318,184.17417028454344,204.2073088799713,53.65776970765744,53.65776970765744,53.65776970765744,53.65776970765744,53.65776970765744,120.28957249071924,53.65776970765744,120.28957249071924,130.69286514573014,23.88841246294948,34.190294675536215,23.37733945512192,60.72768108531726,32.495172718420804,32.829959640547834,31.659062683535026,31.970943839680427,50.46881462844159,100.54325561667476,74.34985709468445,125.70792039485816,50.792777537756294,74.80963340372682,21.568988154292263,87.08278388981371,77.93109937630804,120.1885237865912,17.733337249373,120.1885237865912,107.44487540129589,129.6331988728196,129.6331988728196,136.34010781864595
49.0,23.19259041159482,45.95401233842372,71.94474442236903,47.54846212024106,110.96822180246019,128.40933085255136,23.19259041159482,128.40933085255136,161.54604606736743,12.552141251595282,18.704043680445146,23.177063014972365,12.552141251595282,20.51027181682388,32.873108310593324,12.552141251595282,20.51027181682388,33.18239367495962,42.9766360945107,75.55720514947598,75.55720514947598,42.9766360945107,128.47379596633704,133.22959506055702,88.93880620966306,133.55944369455872,181.54372751488827,22.852488923528657,23.699287963987437,54.46311825446648,22.852488923528657,53.503235883449136,55.94386695608375,22.852488923528657,53.503235883449136,55.61875807674961,49.46828529472191,75.7439849096943,86.81806407655033,75.7439849096943,120.04878695763651,152.37330802998272,27.764388161816207,147.7180591532396,177.8218912282737,33.084607448177465,33.084607448177465,33.084607448177465,33.084607448177465,33.084607448177465,79.04679784785719,33.084607448177465,35.39698080345271,33.68977960747146,2.871628457861497,57.43256915722994,95.9616134191167,57.43256915722994,135.41971791434216,155.1503303251398,135.41971791434216,162.39958435907403,207.925768003872,52.77112136386719,52.77112136386719,52.77112136386719,52.77112136386719,52.77112136386719,118.51732468293402,52.77112136386719,89.62503138074764,127.58575547450428,23.811998026205192,39.22105620709365,23.487576503334694,34.860884240076295,32.4341833564528,32.4341833564528,31.376364512161057,31.883557674763964,49.77751751544065,101.16857837293158,60.62941736484031,129.8565602886508,41.90305776432073,50.10280680760311,21.27278190552425,59.13282717746548,78.53449083046252,120.9378197670191,18.068930516220377,120.9378197670191,103.43355355009321,132.19864314734852,115.93073902119316,136.75754092553726
50.0,22.902647226903706,45.79559203678887,73.4176834965528,47.19794751893349,106.38907956176705,135.1207793050351,22.902647226903706,133.71097561531738,165.9792908769043,12.570053699169307,19.158059661667203,23.306785492641406,12.570053699169307,22.346727948404435,32.39044998143743,12.570053699169307,22.346727948404435,32.812821426997104,42.30066488839153,48.974483151943524,48.974483151943524,42.30066488839153,85.76281974142408,131.5964475204403,84.86003918217337,134.4158658789951,183.38927176909777,23.306785492641406,23.941099598807067,26.70695134230038,23.306785492641406,28.415598709159728,29.049892426651084,23.306785492641406,27.588788483730124,44.528151207971796,48.69631659581656,74.58552976281659,88.62988350438016,74.58552976281659,119.59135106687272,153.9987824627195,27.588788483730124,150.7402567332297,178.64524902722715,32.601629560498964,32.601629560498964,32.601629560498964,32.601629560498964,32.601629560498964,68.15094460093712,32.601629560498964,35.57831151136883,34.37013601951554,42.30066488839153,87.58799147143404,104.05357394150381,87.58799147143404,132.84012947900948,158.19766117108054,132.84012947900948,159.7263284496329,212.45734866085476,52.09526130081315,52.09526130081315,52.09526130081315,52.09526130081315,52.09526130081315,116.7806116185388,52.09526130081315,52.09526130081315,128.39635898264405,23.44058979633405,90.12697293263544,23.44058979633405,92.13865231269665,32.46746448369506,32.063706117665184,31.218924549061583,31.815739029606085,48.04275439647481,104.80208132475231,59.105044200981695,112.46524463139713,20.982045896432503,49.32982110245282,21.078336034896115,56.85821180797018,79.16085680435754,123.31719770575391,22.981106370233785,123.31719770575391,101.07623978957666,135.17812323005523,132.84012947900948,137.35219328427195
51.0,22.524236946009957,45.24744467923023,73.54628644601982,47.05136820539866,106.35269742700466,138.1869205098659,22.524236946009957,138.1869205098659,138.1869205098659,12.591515000189611,19.2926475632558,23.345368919766504,12.591515000189611,23.55644816180911,30.840415853227398,12.591515000189611,23.55644816180911,31.9181178956404,41.73357461325353,48.33735615442781,48.33735615442781,41.73357461325353,85.23623789210784,135.37217217729795,83.87703052683732,136.39327329454338,189.33865162718362,23.767546150160307,24.09473490204862,26.976031027562225,23.767546150160307,28.569586101307102,29.107924178821133,23.767546150160307,26.998541627280538,24.445168234233936,48.035260486438496,73.54628644601982,90.46909002526775,73.54628644601982,122.12049889351091,154.89714329192776,27.209396354935915,150.51287320359012,176.12531050362978,32.12890054141287,32.12890054141287,32.12890054141287,32.12890054141287,32.12890054141287,34.543179500445525,32.12890054141287,35.43192416451582,35.06039432179849,2.9868461627609815,86.36047272913692,106.35269742700466,86.36047272913692,131.30356050008697,161.26530935077142,131.30356050008697,161.26530935077142,216.674006285941,51.33825328154436,51.33825328154436,51.33825328154436,51.33825328154436,51.33825328154436,115.17446005951146,51.33825328154436,51.33825328154436,129.04117559910867,23.156667506357646,90.79604203928714,23.156667506357646,92.17869195209921,32.506249399154,31.778235476501838,31.239818341341227,31.312936623702353,46.41875967752693,106.98612643702921,17.932686636418982,121.4290996837249,20.791374413443666,48.66766123412959,21.424547836535545,20.69701065371519,79.38734943301735,125.84620077698015,31.54585947473931,125.84620077698015,111.87149435848256,124.14677301484723,121.40612113892776,138.1869205098659
52.0,22.24682561625366,44.66437338640272,72.52969219567942,46.821749753720226,108.5685555305955,116.96908245344152,22.24682561625366,116.96908245344152,141.29976999273566,12.616507044344722,19.432093299487835,23.391585025388938,12.616507044344722,24.562700380862037,23.812942909266802,12.616507044344722,24.234402200178156,23.273939288397226,41.17834685851291,47.71268175233918,47.71268175233918,41.17834685851291,84.23705390147497,137.00410577789265,83.2766849124051,137.00410577789265,193.2268744248584,24.234402200178156,24.234402200178156,27.23336648304796,24.234402200178156,28.50438562747845,29.08781961577732,24.234402200178156,26.4172528851885,24.234402200178156,47.388250125954215,69.10923418762502,92.45142643572353,72.52969219567942,123.02290945185779,157.30742194823486,22.24682561625366,148.66278956080436,162.56421808011748,31.758404399465665,31.758404399465665,31.758404399465665,31.758404399465665,31.758404399465665,34.70628545379064,31.758404399465665,35.27089806058247,36.088173270477405,41.17834685851291,61.30660649554826,108.5685555305955,61.30660649554826,129.71699965694552,165.1154898851104,129.71699965694552,165.1154898851104,217.86492374863835,50.59838189112375,50.59838189112375,50.59838189112375,50.59838189112375,50.59838189112375,113.60284437460182,50.59838189112375,50.59838189112375,127.48186145487522,22.878073564004467,67.15118204469672,22.878073564004467,93.52936036347089,32.574702608005495,31.337617171699574,31.285879402695397,31.1272589541707,17.747288525293097,108.47214504194153,17.747288525293097,111.98888895778902,21.14228582722313,44.5988368682413,21.6813571992161,20.417914927827475,80.38691591297678,98.93684854491778,32.24633700127814,129.1960719217113,102.59150184103945,122.1917806155553,117.1194102188019,141.29976999273566
53.0,20.145005584511512,23.985229830043323,45.25738889949353,46.095295313079404,111.05132259455536,114.61634372985381,21.975127985975416,111.05132259455536,144.4563082734707,13.275211862716166,19.300259065618782,23.355004816955187,13.275211862716166,24.826019616523304,24.076051378911785,13.275211862716166,24.615772382763048,23.65557545273418,40.63546788213469,47.10095540432275,47.10095540432275,40.63546788213469,127.90035183688902,140.1575006911867,82.63686374736156,140.1575006911867,197.56169922330594,24.826019616523304,24.826019616523304,27.496477047069135,24.826019616523304,28.78612947236915,27.225103305589126,24.826019616523304,25.845526692253728,24.826019616523304,46.75586861560803,68.05513389892052,94.58002563966664,70.09519420045856,121.39741039247913,160.85746796465497,96.88519623760897,146.5524650082693,160.85746796465497,31.305291086332357,31.305291086332357,75.37593283004861,31.305291086332357,31.305291086332357,75.64857070692082,31.305291086332357,35.17571960884383,75.4666234172432,2.895038859842817,62.90071541723512,111.05132259455536,62.90071541723512,127.90035183688902,169.0580521596058,121.27687846411615,169.0580521596058,215.15256215067484,49.965650701256756,49.965650701256756,49.965650701256756,49.965650701256756,49.965650701256756,112.0672175526813,49.965650701256756,49.965650701256756,125.95286816900995,17.14500656167853,67.09755025334383,17.14500656167853,95.54028600543333,32.47508660496535,31.095437768264333,31.66687938525045,30.885615583957527,58.75684002735341,107.02712857028351,85.27899067179442,112.24977171468991,21.405635940097643,48.586687991671134,22.155614412604315,48.257240389396486,82.27913617679758,106.88092088862258,32.956505427608676,106.88092088862258,96.30420551564714,119.10709466694249,119.10709466694249,121.15511235602071
54.0,19.878537421047856,24.135787743514815,77.23769319445007,20.628408809212598,113.68777968629698,113.68777968629698,20.628408809212598,113.68777968629698,146.65819104298265,13.515407873978498,19.63596827253497,23.29712965152574,13.426885342476117,25.095542432870424,24.345559143301678,13.426885342476117,24.885764002738593,24.047063230257454,40.10543915730135,46.502688094345686,46.502688094345686,40.10543915730135,126.12890231822364,143.35314785521803,40.10543915730135,143.35314785521803,202.35519513963558,25.425995555729966,25.425995555729966,27.885681809846428,25.425995555729966,28.966122453652645,26.452150196156076,25.425995555729966,25.75657683000596,25.425995555729966,35.78136735788615,64.91872803744694,95.38118918319272,69.85886665270199,119.89781586834683,138.68354264295385,21.709358581035968,139.38122183421984,164.45402092986356,30.86375301223103,30.86375301223103,30.86375301223103,30.86375301223103,31.216041549177884,34.87701607075926,30.86375301223103,35.106979363083916,36.25612017301355,40.10543915730135,64.5174395028197,113.68777968629698,64.5174395028197,123.5723472302764,169.48930644733903,119.9505366807502,169.48930644733903,212.2100963667846,49.34715037365379,49.34715037365379,49.34715037365379,49.34715037365379,49.34715037365379,110.65613968506221,49.34715037365379,49.34715037365379,101.58893271414954,16.879166152390347,99.317502233997,16.879166152390347,99.317502233997,32.3633473237859,30.86375301223103,32.15410160461648,30.74176719058291,59.53705778756622,88.5841760699957,86.77762528440151,113.1225275972916,21.797276205985003,41.57097845853522,22.547200491413562,101.14789295877596,58.99683254209501,107.97234020803661,21.50581316760657,107.53488387495473,96.73715030948554,121.93759161964778,22.095616081023856,121.93759161964778
55.0,19.791191222359505,46.592448422464344,82.05925450550961,19.95084584673041,88.92974755389784,116.48023974048131,19.95084584673041,74.7562706399938,149.49456511860222,13.585148140524636,19.582038964316254,23.15763912837403,13.585148140524636,25.493160847568507,24.74340821309789,13.585148140524636,25.10975905897944,24.41201036375333,39.528470752104745,45.91840589567543,31.60073179532398,39.528470752104745,124.40458190918854,146.99532305485096,39.528470752104745,124.75225448864641,157.48214184471837,26.033752130647628,26.033752130647628,28.19620985168042,26.033752130647628,28.89690727396273,26.033752130647628,26.033752130647628,26.033752130647628,26.033752130647628,35.92352989337211,64.74415996829366,94.26142503696833,69.89074509547025,118.4341430922688,136.5471530278094,21.449737760634743,136.95847910954618,141.7078861602275,30.519194779679232,30.519194779679232,30.519194779679232,30.519194779679232,31.40431897048557,34.80727294690005,30.519194779679232,35.188510198642966,36.35651592218374,39.528470752104745,66.15512073906298,116.48023974048131,66.15512073906298,122.70136511058058,167.19038548911837,118.86082723084169,167.19038548911837,209.6285405186994,48.74342263321278,48.74342263321278,48.74342263321278,48.74342263321278,48.74342263321278,102.71402654944455,48.74342263321278,48.74342263321278,48.74342263321278,16.497613463771057,101.74584143836051,16.497613463771057,101.74584143836051,32.312555609236476,30.72785788173331,32.01806130920484,30.519194779679232,60.24559112499437,88.65526634103583,86.14996372605157,117.23001428815061,21.831313519804528,21.412992551252614,22.5312283286997,102.54324087915302,58.12486559124245,109.27873191980221,33.43166537879918,107.54304370808927,99.16514634688943,124.40458190918854,102.61781643554885,125.48954139688296
56.0,19.866082905293634,48.7821816855294,84.14886362869079,19.573994227035012,87.34489824826635,87.51089217920247,19.573994227035012,84.14886362869079,154.9842733957223,13.376518605377111,19.657727488191508,23.02707645360131,13.376518605377111,25.69097604218259,25.026411049129678,13.376518605377111,25.48256757079239,24.733403526405336,39.16881731684019,45.348649373492925,31.38926966337382,39.16881731684019,123.28219660599822,123.28219660599822,39.16881731684019,123.35163152548895,155.80155647489534,26.648757006659803,26.648757006659803,28.479663797172886,26.648757006659803,28.35218245567702,26.648757006659803,26.648757006659803,26.648757006659803,26.648757006659803,36.74914965002592,66.34181373764211,75.82058592493202,70.12728605899417,111.43238420674663,137.3703934623469,21.196491454955463,117.09058992933633,148.1861160837951,30.18263159500841,30.18263159500841,30.642800948999422,30.18263159500841,31.724379426554588,34.84216195932738,30.18263159500841,35.217272040860855,36.38311765091056,39.16881731684019,67.8122407829147,67.8122407829147,67.8122407829147,120.4221169470127,165.23203381911148,39.16881731684019,165.23203381911148,191.580596616672,48.15502310247603,48.15502310247603,48.15502310247603,48.15502310247603,48.15502310247603,68.83717200757161,48.15502310247603,48.15502310247603,48.15502310247603,9.839016719164572,72.49897413067305,9.839016719164572,72.49897413067305,32.221208077910426,30.59871320823802,31.888497142386623,30.474189898994855,62.05442167968371,88.80741100831618,62.80371207181945,120.1800992261198,21.90539317154568,60.30830166734925,22.570140673021957,23.195500641288174,57.554322166106694,111.65124831366641,33.01175926847886,107.77147697790913,101.62369925366818,123.28219660599822,103.36975500599776,126.96702327769995
57.00000000000001,20.03188084030054,49.361738725454146,50.153078170736435,19.616479041866818,86.76414149866291,123.0756880947655,19.616479041866818,86.38834556813784,159.1308423907823,13.749772725394408,19.616479041866818,22.905594294844217,13.749772725394408,25.980978618982004,25.44015035332928,13.749772725394408,25.77316918813051,25.024612884118707,38.75882157651339,36.055114061669535,39.21130257974096,38.75882157651339,121.64086484401531,121.64086484401531,38.75882157651339,121.98616724858601,121.98616724858601,27.395642901746257,27.395642901746257,28.93581258579064,27.395642901746257,28.02492194458354,27.395642901746257,27.395642901746257,27.395642901746257,27.395642901746257,37.58324094593227,68.08289983542123,70.49656906545168,71.9112734555577,109.91392655164313,141.66553921119984,20.949850834791164,114.57334441308763,145.57000034347737,29.854333856242715,29.854333856242715,30.76591051797427,29.854333856242715,32.05528427576333,34.884756699739214,29.854333856242715,35.30023016922127,36.38188079250439,38.75882157651339,66.63487262687607,69.48740893140281,69.48740893140281,121.64086484401531,163.59439171316356,69.48740893140281,163.59439171316356,189.9411092944337,47.582520425046845,47.582520425046845,47.582520425046845,47.582520425046845,66.71080309814896,69.83051804189914,47.582520425046845,47.582520425046845,47.582520425046845,9.756344089873009,74.36498672090246,9.756344089873009,74.36498672090246,32.26307874335616,30.521406422378373,31.756889016400834,30.37268509697488,62.59198231403124,89.75848845652426,63.13280644799501,90.67527915589784,21.98741117094052,73.74151646121742,22.572134369616002,75.03096860630282,55.561283732469676,117.88153481355764,20.940391591371924,117.88153481355764,84.35476424008309,107.89917168356762,31.602867749620444,132.08945832275944
58.00000000000001,19.994780568938484,51.28695009454159,51.28695009454159,19.557607215607945,67.5054164493487,126.43427146149892,19.557607215607945,88.65348977902674,126.43427146149892,14.127499778800209,19.557607215607945,22.665640295389846,14.127499778800209,26.19572961381301,25.781897719136193,14.127499778800209,25.988771613910497,25.321359560655505,36.53123663387266,38.931430104736705,40.01276358863506,37.73998211446317,120.5757023616284,120.5757023616284,37.484546815988054,120.65705532624273,120.65705532624273,28.151487527304837,28.151487527304837,29.232879604992732,28.151487527304837,28.151487527304837,28.151487527304837,28.151487527304837,28.151487527304837,28.151487527304837,38.390770375182626,68.80840246655927,71.765320663953,71.82925065737496,108.98638102992501,144.87969146847325,20.710051907226113,113.89688318825937,144.87969146847325,29.53457719352014,29.53457719352014,30.981627620252617,29.53457719352014,32.39670122095767,34.8209706929603,29.53457719352014,35.433829174956514,36.48254719725583,38.280429072830415,62.67065700948091,79.28780643957809,79.28780643957809,120.5757023616284,161.73319078037136,79.28780643957809,161.73319078037136,191.6262638575412,47.10489624232284,47.10489624232284,47.10489624232284,47.10489624232284,68.8887962588983,71.05164494929022,47.10489624232284,47.10489624232284,47.10489624232284,9.468434400681033,76.37821188009052,9.468434400681033,76.37821188009052,32.364737755773646,30.536883436264414,31.856023763175468,30.36101529922871,62.59198231403124,93.105726193398,63.1324500554192,93.105726193398,22.204307014631194,74.86585503418765,22.617940887711242,74.86585503418765,65.3109198373442,91.81721652282866,32.28608446374382,120.5757023616284,84.66148032015504,108.33764927300204,31.490177039832595,107.46330187557052
59.00000000000001,20.09132275386566,52.68663255513679,52.68663255513679,19.602710271796603,90.37154557713396,129.8292147399806,19.602710271796603,90.14195055577619,129.8292147399806,14.509350433427404,19.602710271796603,22.561166858121503,14.509350433427404,26.41980790997542,26.08555634829359,14.509350433427404,26.239283526803852,25.751334916854308,36.14424228006447,38.433530282814246,39.9773216961817,37.55890373799533,103.80135475994521,119.02310700027957,37.22433679731581,119.36551009399658,162.32567572630032,28.91558835645576,28.91558835645576,29.712308055753596,28.91558835645576,28.91558835645576,28.91558835645576,28.91558835645576,28.91558835645576,28.91558835645576,39.20499011605538,68.55812315108983,72.006327846933,71.41205255417323,110.18360245517478,120.4808076002149,20.47733503168808,113.21676664699447,149.1228520381769,29.22364197015834,29.22364197015834,31.205227927384218,29.22364197015834,32.8765303826301,35.037925880394226,29.22364197015834,35.57831151136883,36.581091427129394,37.89348558789492,43.73213921133976,73.26582593542503,73.74618634207467,119.02310700027957,159.92693644286445,73.74618634207467,159.92693644286445,196.7171192347021,46.63974967771589,46.63974967771589,46.63974967771589,46.63974967771589,76.91980401691102,76.91980401691102,46.63974967771589,46.63974967771589,46.63974967771589,9.724003805017766,78.54108001549253,9.724003805017766,109.56496360607252,32.46469235954655,30.586945744876196,31.8475470012998,30.33061572075318,62.383140751328,95.77737859223335,62.58874699177161,95.77737859223335,22.252893070340313,69.76733655515308,22.715220668089493,73.26582593542503,66.80887852673474,95.77737859223335,15.10053806988347,95.77737859223335,85.53795210314541,110.18360245517478,31.461583717289248,110.18360245517478
59.99999999999999,20.121536969128375,54.358911412941296,54.358911412941296,19.582038964316254,93.67142707357456,94.75115434653026,19.582038964316254,89.24035662187819,133.68853727975335,15.024355227429893,19.582038964316254,22.335649755491783,15.024355227429893,26.782666969515937,26.188857363390255,15.024355227429893,26.652978257598154,25.983576543655417,35.50804486310109,34.968503685459574,39.26635009776182,37.39652390263031,98.6065477034867,118.01906625626216,36.97811852974675,118.11276391652174,167.9884668660322,29.81662707282633,29.81662707282633,29.81662707282633,29.81662707282633,29.81662707282633,29.81662707282633,29.81662707282633,29.81662707282633,29.81662707282633,39.566605237245206,66.13256572975223,74.06423732139554,71.56972998412108,89.24035662187819,116.99626062400456,20.251944351098736,89.24035662187819,153.41161950778044,28.921812702526097,28.921812702526097,31.3605843376682,28.921812702526097,33.315030391701576,35.16390194503448,28.921812702526097,35.86302064801569,53.27904137651127,37.39652390263031,64.3142383146998,71.45331517851359,77.6864611756772,118.01906625626216,158.42387761950533,74.93284493464797,158.42387761950533,158.42387761950533,46.113352187842516,46.113352187842516,79.10654998165448,46.113352187842516,79.10654998165448,79.10654998165448,46.113352187842516,46.113352187842516,97.29931269027547,9.982046383382517,78.22589884430857,9.982046383382517,116.88081536334353,32.214922784324656,30.691224315755143,43.993365977156145,30.356568481961197,60.75583305329621,72.77898906964839,17.982804286317524,74.43121824879665,32.90457794897239,69.0906741174234,33.10976064546526,69.0906741174234,66.13256572975223,89.86934961375874,15.154083608057597,89.86934961375874,86.21053444910314,113.39885912124511,31.56582408238378,113.39885912124511
61.0,20.04759960693549,55.91852331741244,55.91852331741244,19.435566624104375,96.75738343919807,96.75738343919807,19.435566624104375,88.36623365290613,134.13845459076975,15.414644011458712,19.508363591034485,22.116990075505303,15.414644011458712,26.968523318861937,26.429174220924875,15.414644011458712,26.968523318861937,26.355857982619344,35.27344964700787,34.39958211955488,30.72712563843224,37.35647534230176,37.35647534230176,111.53067403185547,36.8177436842618,112.4046095585052,173.1852332042198,30.72712563843224,30.72712563843224,30.72712563843224,30.72712563843224,30.72712563843224,30.72712563843224,30.72712563843224,30.72712563843224,30.72712563843224,39.847098388715835,65.47710477716619,76.4032476403981,76.4032476403981,86.63048683921843,117.43136293171429,20.10587600677971,117.43136293171429,127.87347262039927,28.6293773945575,28.6293773945575,52.727613733223315,28.6293773945575,33.685104274738414,53.033008588991066,28.6293773945575,51.86671620606032,53.52972305177751,37.152944028703835,66.04922406811453,70.64864648384992,75.82028917117105,117.040591249361,146.66841855014323,74.33593511889119,156.9637697049864,156.9637697049864,45.67653938292611,45.67653938292611,81.57552482209354,45.67653938292611,81.57552482209354,81.57552482209354,45.67653938292611,45.67653938292611,102.23273081552698,10.242375212810746,45.5003434052975,10.242375212810746,77.4244874054714,43.75181424809718,30.85792037710902,44.62607141570945,43.474777170216754,56.95350077036529,73.03667742990504,28.512826061265834,74.58100461913877,22.597040735459142,68.36224286841384,33.27651198668514,68.36224286841384,54.39209501388966,88.87350561331537,15.006373645887937,88.87350561331537,87.27067806543043,87.86754947078016,31.732180038566526,48.42991069576735
62.0,19.76047190732043,57.755746467342966,57.755746467342966,19.08982058585151,99.90681283075745,99.90681283075745,19.08982058585151,90.428044599007,99.90681283075745,15.939926285902327,19.495672596758492,21.90539317154568,15.939926285902327,27.34878882144509,26.61766330841233,15.939926285902327,27.34878882144509,26.61766330841233,34.92085694824799,33.91476448392352,31.646267552430253,37.135377337520076,36.9120576505835,110.3366496228701,36.464657546725974,111.34269733574807,178.87181164174527,31.646267552430253,31.646267552430253,31.646267552430253,31.646267552430253,31.646267552430253,31.646267552430253,31.646267552430253,31.646267552430253,31.646267552430253,39.68527749682494,64.91248916811001,78.76535564574058,64.91248916811001,86.24836954980657,121.36978619079791,19.893246341409437,121.36978619079791,126.69500779430892,28.346626783446386,28.557770396163633,31.9103627368916,28.346626783446386,34.12508241748289,35.53718123318168,28.346626783446386,36.07570165637807,53.31619125556514,36.800016983691734,68.49409646093596,70.2148221531608,75.58042901439498,115.62222969654235,145.0452515596426,73.9733482411064,150.40154586971505,152.8696340023093,45.25341147361158,45.25341147361158,84.20045278975641,45.25341147361158,84.20045278975641,84.20045278975641,45.25341147361158,45.25341147361158,105.32205965513586,10.636787578963867,48.35831107472634,10.636787578963867,48.35831107472634,44.59934136284974,43.59364919343183,45.06657575188068,43.857624764686015,56.459111310753016,73.5227260784038,29.43155194684779,74.80301631618875,22.716211171760133,67.72836370384272,22.919342268049494,67.72836370384272,65.19264720810162,98.72604139739423,14.863251663078305,98.72604139739423,87.91188770581599,89.16847116554146,32.11349015600764,37.795502377928514
63.0,19.21903353449387,59.74342013979447,59.74342013979447,18.54821419975519,103.21880279290203,103.21880279290203,18.54821419975519,92.68403988821376,103.21880279290203,16.47031420465317,19.488746752934112,21.56690172463351,16.47031420465317,27.74006578939567,26.93596573356894,16.47031420465317,27.808923927401434,27.069286100671363,34.44664352299074,33.50762972816788,32.70636405961384,36.6603498346647,36.44859393721519,109.51772116876792,36.123693748009764,110.52084079484737,112.5860781802084,32.70636405961384,32.70636405961384,32.70636405961384,32.70636405961384,32.70636405961384,32.70636405961384,32.70636405961384,32.70636405961384,32.70636405961384,39.34363036121603,49.40593334813138,81.41456411478231,64.29814344131562,86.2342811763396,125.34602107765528,19.755916835216734,85.16070836952919,126.23440497740701,28.14109539445826,28.81503513792756,54.510606766023066,28.14109539445826,34.51646346310699,35.8580011991745,28.14109539445826,36.19338682687764,37.19954636820186,36.44859393721519,42.26700841081611,42.26700841081611,75.16579175396213,114.71050518588086,114.71050518588086,73.4887491388988,149.4845309722715,151.94118928058975,44.844355832144586,44.844355832144586,86.98273535593141,44.844355832144586,86.98273535593141,86.98273535593141,44.844355832144586,44.844355832144586,107.1015230984135,10.902121353204613,49.94853601458205,10.902121353204613,85.43899139151867,45.045601894080626,44.31135576801955,45.38646549358079,44.31135576801955,55.91288983767517,73.62272916701743,30.491904663369258,75.03756559217523,22.911487293495373,67.18267075667653,23.044657732324858,46.72794934511892,66.65310382870403,75.97947913746184,14.523300244779076,97.97359976034359,92.21554234509496,92.21554234509496,32.37099396064322,38.00199007946821
64.0,18.886006724556676,19.221374820756186,61.749099183712794,18.415516555339956,61.749099183712794,106.82827926162622,18.415516555339956,106.82827926162622,106.82827926162622,17.00533004678239,19.45507645834372,21.368814894607514,17.00533004678239,27.872768969013464,27.33644545291139,17.00533004678239,28.398943642325854,67.45106559573392,33.91012017082806,33.91012017082806,33.91012017082806,35.99515592409623,35.65979879359949,35.85988357482494,35.52451618249008,113.0337339027602,113.0337339027602,33.91012017082806,33.91012017082806,33.91012017082806,33.91012017082806,33.91012017082806,33.91012017082806,33.91012017082806,33.91012017082806,33.91012017082806,39.61207202356373,43.77135193251404,51.4922931126591,63.7710847484971,85.8362467143106,90.05779394366708,19.556744360961513,84.75895970338475,108.12081783819433,27.8759977399913,56.38254384115708,56.38254384115708,27.8759977399913,34.71536043309935,36.05698614693135,27.8759977399913,35.99515592409623,37.34300469967568,36.19525176041741,41.81506905411015,41.81506905411015,74.90851920843183,86.99712638932392,86.99712638932392,86.99712638932392,113.82662254499165,156.41491297187747,44.514506062630865,44.514506062630865,90.05779394366708,44.514506062630865,90.05779394366708,90.05779394366708,44.514506062630865,44.514506062630865,107.16998763646471,11.30337339027602,84.28912296376086,11.30337339027602,92.07025171031086,45.11298316449489,44.912039031867614,45.783798990472604,44.912039031867614,47.668031740360334,73.02219696777138,31.562259900076864,75.64410915596798,23.042704919344864,62.09429321604361,23.17706301497237,47.25987991944118,68.45729508240886,78.51959150428635,14.055648330831273,103.13877180769606,64.83549375149386,86.53611962643113,32.50209608625265,33.04173497260699
65.0,18.559128481693314,18.89434439190733,63.2623999702825,18.087599343196434,63.2623999702825,107.23295319070533,18.087599343196434,107.23295319070533,107.23295319070533,17.679967477345652,19.428619353932486,66.33265598481641,17.679967477345652,27.946936325830062,66.79574275356177,17.679967477345652,28.81737756979285,68.47241232788575,35.124510672748166,35.124510672748166,37.072311096018815,35.667369541360905,35.124510672748166,36.40166548387587,35.124510672748166,112.97123527695004,113.09343482271639,35.124510672748166,35.124510672748166,35.124510672748166,35.124510672748166,35.124510672748166,35.124510672748166,35.124510672748166,35.124510672748166,35.124510672748166,40.960850210902606,44.38542835210673,50.240036325623805,63.2623999702825,89.13490477921654,90.08402327827059,19.428619353932486,63.2623999702825,107.23295319070533,27.621391166992296,58.40540428761709,58.40540428761709,27.621391166992296,34.26326385503868,36.2660481718094,27.621391166992296,34.26326385503868,37.74296292025839,35.87682051129949,41.382363393117124,41.382363393117124,77.73336638792892,112.97123527695004,112.97123527695004,112.97123527695004,112.97123527695004,157.55990924089795,44.132258609774325,44.132258609774325,93.29451350427848,44.132258609774325,93.29451350427848,93.29451350427848,44.132258609774325,44.132258609774325,113.72829463242645,53.57509915996423,94.54576272895575,11.708170224249388,94.54576272895575,45.191716608245805,45.39142264789682,46.06209124649032,45.191716608245805,41.51302506443008,41.64938474935734,32.641633690733066,74.80752803027245,23.31643733506472,50.89234962152956,23.180945839201645,48.14567737606357,79.71092302815217,79.71092302815217,13.656179919728649,112.97123527695004,32.25191854758411,66.73171097761544,32.25191854758411,32.72355802781843
66.0,18.360453425773557,20.172908813554876,62.77253579392822,18.360453425773557,62.77253579392822,106.43897899735792,18.360453425773557,106.43897899735792,106.43897899735792,18.360453425773557,19.502595981048266,21.11672915013118,18.360453425773557,27.894555920465915,27.772490885766803,18.360453425773557,29.036722439008155,29.23518855762692,35.58791929854849,35.58791929854849,37.367315263475916,35.58791929854849,36.48501404686587,37.4286821835875,35.58791929854849,112.07196348775192,112.07196348775192,36.48501404686587,36.48501404686587,36.48501404686587,36.48501404686587,36.48501404686587,36.48501404686587,36.48501404686587,36.48501404686587,36.48501404686587,41.00806323151582,44.48012196476084,45.028116216426376,62.77253579392822,90.46162860572431,90.7221651527343,19.243602833149513,62.77253579392822,102.58316747888027,27.437497152619443,60.71730601731272,60.71730601731272,27.437497152619443,32.47924337172896,60.71730601731272,27.437497152619443,32.47924337172896,60.71730601731272,35.58791929854849,73.72351219251563,73.72351219251563,73.72351219251563,112.07196348775192,112.07196348775192,112.07196348775192,112.07196348775192,163.45221014106846,43.765183079703895,43.765183079703895,96.82990886084733,43.765183079703895,96.82990886084733,96.82990886084733,43.765183079703895,43.765183079703895,113.18844905731326,12.252805801121633,93.8132786443369,12.252805801121633,93.8132786443369,45.2872084589015,45.68392769891835,46.29256149750195,45.410750379177834,41.00806323151582,55.38606548582414,37.048633578041716,55.05112396672751,38.967823264842494,50.87687342987971,38.967823264842494,48.05961142165009,79.10029235091359,79.10029235091359,13.33440099892005,112.07196348775192,32.00681568041407,67.23489607339332,32.00681568041407,46.351914739307155
67.0,19.046161030506905,21.075133451534775,64.07098602331635,19.046161030506905,62.301936165740464,63.26346694578159,19.046161030506905,105.61752340402609,105.61752340402609,19.046161030506905,19.518740994234236,21.075133451534775,19.046161030506905,27.85015709111889,27.398106686411744,19.046161030506905,29.268263528948896,29.662286661685403,35.19232870953555,35.19232870953555,36.951945145012324,35.19232870953555,36.71370656852832,126.18686540206949,35.19232870953555,110.96170510586073,111.2884764924024,37.85605962062085,37.85605962062085,37.85605962062085,37.85605962062085,37.85605962062085,37.85605962062085,37.85605962062085,37.85605962062085,37.85605962062085,40.71346521729635,44.71019179113415,45.32048377941259,62.301936165740464,94.2857690746594,94.2857690746594,19.12514705825814,44.98562270325931,101.55592671035994,25.921154488178185,63.047571325150976,63.047571325150976,27.201953054881923,30.76737314104017,63.047571325150976,27.201953054881923,30.76737314104017,63.047571325150976,35.19232870953555,73.19423645342576,73.19423645342576,73.19423645342576,97.96172722037929,97.96172722037929,97.96172722037929,110.96170510586073,97.96172722037929,43.4711542289827,43.4711542289827,97.54043392357858,43.4711542289827,97.54043392357858,97.54043392357858,43.4711542289827,43.4711542289827,110.82700483185495,34.84216195932738,54.16734486754912,12.664566711893462,93.16732930593213,45.380020383424245,45.852549002209244,46.52237364967527,45.71494558675532,40.24041811412998,40.71346521729635,34.66736577820703,38.290419820106436,40.47568714673044,50.267347751796095,40.47568714673044,47.03654164583106,78.51357366723285,78.51357366723285,13.275211862716166,99.13292212983535,67.9519039468358,69.09425627358615,31.298102977656647,46.797716290434515
68.0,18.954979556834136,21.017403502811664,71.99445291131809,19.428619353932486,62.01778978647981,71.99445291131809,19.289148503757236,33.021299944126966,109.51997534696582,19.875141508930195,19.875141508930195,28.482823771529397,19.875141508930195,27.89616909183051,26.559108607029717,19.875141508930195,29.429258400442233,29.90252915724688,35.110415121442244,35.110415121442244,35.110415121442244,35.110415121442244,35.110415121442244,131.71228112822283,35.110415121442244,35.110415121442244,110.53562774056155,39.513684338466845,39.513684338466845,39.513684338466845,39.513684338466845,39.513684338466845,39.513684338466845,39.513684338466845,39.513684338466845,39.513684338466845,40.43063504324412,45.779867299938736,46.17137912170265,60.09601692292094,60.5696396720337,98.2906976778576,18.954979556834136,45.779867299938736,100.79090360741885,25.75133491685431,64.60848434996753,64.60848434996753,26.224916587093272,29.45600532998322,64.60848434996753,26.224916587093272,29.45600532998322,64.60848434996753,35.110415121442244,40.577087130546964,35.110415121442244,40.577087130546964,110.21116095931482,110.21116095931482,110.21116095931482,110.21116095931482,110.21116095931482,26.893330957692836,43.13289058247778,96.86406067267674,43.13289058247778,96.86406067267674,96.86406067267674,43.13289058247778,96.86406067267674,96.86406067267674,35.249840425170724,53.7733786366451,13.217460043442538,53.7733786366451,44.469497973329986,46.11432803370336,46.78329028616948,45.96194077712559,39.28869112098289,40.09646181398054,34.442070930767215,37.339004405581036,40.90423266607014,49.45554822262109,40.90423266607014,40.90423266607014,45.75086064764246,78.2719617743161,45.75086064764246,91.63299760457474,71.99445291131809,71.99445291131809,15.445266265105305,43.66172522931268
69.0,18.84665089611414,66.86745284516226,75.19392428913389,18.84665089611414,75.19392428913389,75.19392428913389,18.84665089611414,40.159821339244026,125.79000357739083,20.710051907226113,20.710051907226113,29.40095661708986,20.710051907226113,27.925190241070872,26.06225719311357,20.710051907226113,29.68048601354095,30.1005190985139,34.8209706929603,35.334632444671044,34.8209706929603,34.8209706929603,34.8209706929603,137.27754732657485,34.8209706929603,34.8209706929603,110.35227682290927,41.183264197972456,41.183264197972456,41.183264197972456,41.183264197972456,41.183264197972456,41.183264197972456,41.183264197972456,41.183264197972456,41.183264197972456,40.159821339244026,48.11903209749755,48.11903209749755,59.66465662349864,60.331801315724036,60.685428646422196,18.84665089611414,48.11903209749755,82.8739479571234,25.58830299179686,64.17660204467045,64.17660204467045,26.16994936945809,28.15148752730484,64.17660204467045,26.16994936945809,28.15148752730484,64.17660204467045,34.8209706929603,34.8209706929603,34.8209706929603,40.20572098594925,105.13518083876586,109.49200884082819,102.53709694544702,109.49200884082819,109.49200884082819,26.53622524022586,96.21661109184838,96.21661109184838,42.86340222147561,96.21661109184838,96.21661109184838,42.86340222147561,96.21661109184838,96.21661109184838,13.774296715259185,53.44980121572015,13.774296715259185,53.44980121572015,28.906249324324317,46.16942982104067,47.094864369695344,46.16942982104067,37.12265144086559,39.35220768902298,34.2258126273139,34.2258126273139,40.633806737739945,47.84941222209527,40.633806737739945,40.633806737739945,45.42660288861583,83.28565302619654,45.42660288861583,83.28565302619654,29.433080878494522,75.19392428913389,29.433080878494522,35.647808488040326
70.0,18.7424984993997,78.69562408418906,78.69562408418906,18.7424984993997,78.69562408418906,78.69562408418906,18.7424984993997,35.91568250778481,124.93248176515185,21.69069500961184,26.817088768171686,29.802285986145424,21.69069500961184,27.80325970097751,25.906393998393526,21.69069500961184,29.854333856242715,30.033169163443272,34.63424966705645,39.85599076675927,34.63424966705645,34.63424966705645,34.63424966705645,143.81455072418785,34.63424966705645,34.63424966705645,143.81455072418785,42.60541338844162,42.60541338844162,43.28494253201683,42.60541338844162,42.60541338844162,43.425582897642265,42.60541338844162,42.88806652205249,44.23308998928291,39.90126877681961,50.35991709683406,50.35991709683406,59.44591028826121,60.10407640085654,66.60988102376403,39.90126877681961,55.71535919295504,82.36058675118821,25.573350386681835,63.76438073093786,63.76438073093786,26.150167303480107,26.62426055311208,63.76438073093786,26.150167303480107,63.76438073093786,63.76438073093786,34.63424966705645,34.63424966705645,34.63424966705645,39.85599076675927,104.42742096786648,106.60265006086856,102.05628961509429,108.01446662368889,109.12435566820085,26.047576662714707,95.59867284643653,95.59867284643653,42.60541338844162,95.59867284643653,95.59867284643653,42.60541338844162,95.59867284643653,95.59867284643653,16.090253260903012,65.87963456182798,16.090253260903012,53.089087861819586,28.610509432724193,45.783798990472604,47.06523398433285,46.17899955607527,34.018763205031426,37.812646693930326,34.018763205031426,34.018763205031426,40.37550309284084,40.37550309284084,40.37550309284084,40.37550309284084,45.11797036658453,92.8945167918968,45.11797036658453,92.8945167918968,18.66815470259447,44.75948223561126,18.66815470259447,18.66815470259447
71.0,18.594253144452992,81.87149229127316,81.87149229127316,18.594253144452992,81.87149229127316,81.87149229127316,18.594253144452992,40.27562848671638,124.27841727347513,22.818988803187576,27.70354219229014,29.98293264508994,22.818988803187576,27.753040373984252,25.8559712639073,22.818988803187576,30.075093516064086,29.742583109071074,34.437497731397386,45.25937748135738,45.25937748135738,34.437497731397386,34.437497731397386,145.3070025841838,34.437497731397386,71.29380232530735,145.3070025841838,42.35913419795074,42.35913419795074,42.881770602436646,42.35913419795074,42.35913419795074,43.3078081874389,42.35913419795074,42.35913419795074,44.90545623863541,39.655217185132145,18.594253144452992,52.89760155243336,58.96097226131876,60.43650593805039,61.2930359013159,39.655217185132145,56.78376748684433,81.87149229127316,25.235020309086337,63.37220408033793,63.37220408033793,26.1389795133628,63.37220408033793,63.37220408033793,26.1389795133628,63.37220408033793,63.37220408033793,34.437497731397386,34.437497731397386,34.437497731397386,71.29380232530735,104.16552332705865,105.44631928142394,101.6053209728703,107.35979228742947,114.15833302917488,25.235020309086337,95.01082175205097,95.01082175205097,42.35913419795074,95.01082175205097,95.01082175205097,42.35913419795074,95.01082175205097,95.01082175205097,16.60365170677824,68.98116590780413,16.60365170677824,68.98116590780413,27.93888419389722,45.48946306563752,47.00878907183209,45.96380369377625,33.77315872109092,50.28524883104389,33.77315872109092,42.930539828891035,40.12955581613133,40.12955581613133,40.12955581613133,40.12955581613133,45.68392769891835,92.30699458870926,44.87294563542714,92.30699458870926,29.029747673722554,44.82779550680582,29.029747673722554,42.505484940181546
72.0,23.95425327577547,81.40710196291231,81.40710196291231,18.500844575316016,81.40710196291231,81.40710196291231,18.500844575316016,35.34163621000023,123.50151820929166,23.95425327577547,27.829840100151493,30.02717519181583,23.95425327577547,27.987162235567936,26.800303169927016,23.95425327577547,30.263034381898983,29.93110839912214,34.15406271587613,39.528470752104745,39.528470752104745,34.15406271587613,34.15406271587613,144.5307060800576,34.15406271587613,144.5307060800576,144.5307060800576,42.07934469546787,42.07934469546787,42.69074841227312,42.07934469546787,42.07934469546787,42.07934469546787,42.07934469546787,42.07934469546787,45.77396913093728,39.421900639111755,18.500844575316016,55.592861502174905,58.588874797183124,60.342988407933525,61.99674386610961,39.421900639111755,57.30049083559407,81.40710196291231,23.529688693223292,63.0004464269897,63.0004464269897,26.232637114861326,63.0004464269897,63.0004464269897,26.232637114861326,63.0004464269897,63.0004464269897,34.15406271587613,34.15406271587613,34.15406271587613,39.528470752104745,103.8810918791288,105.02105146112375,39.528470752104745,106.57626377388166,109.88914869085119,23.529688693223292,94.45361957066548,94.45361957066548,42.07934469546787,94.45361957066548,94.45361957066548,42.07934469546787,94.45361957066548,94.45361957066548,17.313470189421878,71.34932550487073,17.313470189421878,71.34932550487073,26.518413414078903,45.06807351107877,46.80277769534624,45.54235665839,33.587441849596104,51.56128634935324,33.587441849596104,33.587441849596104,39.89619342744368,52.69944259667269,39.89619342744368,52.69944259667269,46.390637525259336,80.31551064395968,14.706503663345684,44.5926002830066,28.88989875371667,44.92055487190691,28.88989875371667,43.402260885811
73.0,25.238586529360155,25.238586529360155,80.96784083819946,18.411850803219107,80.96784083819946,81.01062430323569,18.411850803219107,30.609741096585577,80.96784083819946,25.238586529360155,27.951766491583317,29.9919364163103,25.238586529360155,28.138696664913248,28.03936964341388,25.238586529360155,30.41062725430043,30.079581945233212,34.02934395488693,39.223717314910374,39.223717314910374,34.02934395488693,34.02934395488693,39.223717314910374,34.02934395488693,143.7936890131135,143.7936890131135,41.85954192295945,41.85954192295945,42.696677271188214,41.85954192295945,41.85954192295945,41.85954192295945,41.85954192295945,42.13331520305517,47.20652762065856,39.20154652561554,18.411850803219107,18.411850803219107,39.20154652561554,59.87771914493737,61.74399768398544,39.20154652561554,58.73194403389011,74.74644640382579,10.107484850347289,62.692194490223415,62.692194490223415,26.24207023083354,62.692194490223415,62.692194490223415,26.24207023083354,62.692194490223415,62.692194490223415,34.02934395488693,34.02934395488693,34.02934395488693,39.223717314910374,39.223717314910374,39.223717314910374,39.223717314910374,39.223717314910374,110.85407074167371,10.107484850347289,93.97024130010522,93.97024130010522,41.85954192295945,93.97024130010522,93.97024130010522,41.85954192295945,93.97024130010522,93.97024130010522,17.607278324602017,70.95372611780158,17.93770470266472,70.95372611780158,25.767930650325805,44.84786784229547,29.374159562445357,45.321973147690734,33.411468839307254,51.39957441458051,33.411468839307254,46.77703763600256,39.675637991089694,39.675637991089694,39.675637991089694,39.675637991089694,49.389991395018484,60.034208997870536,14.662068407970274,34.8337659462769,18.34393632784414,44.37376758852013,18.34393632784414,43.89967255003162
74.0,26.673230962896113,26.673230962896113,96.91584622753908,18.327336140312372,80.59433137634433,85.91118233384988,18.327336140312372,29.96942191634667,80.59433137634433,26.075203738417844,27.82590968863372,29.824926655400176,26.54894065683224,28.197007819979763,28.341070022142773,26.580067720004024,30.56707787800463,30.33951631124003,33.860005906674026,38.942264957241505,38.942264957241505,33.860005906674026,33.860005906674026,38.942264957241505,33.860005906674026,53.10942712927715,142.96197046767367,41.652085782107,41.652085782107,42.72301780071253,41.652085782107,41.652085782107,41.652085782107,41.652085782107,42.101068870041765,46.349393199911475,38.99437459429244,38.99437459429244,38.99437459429244,38.99437459429244,38.99437459429244,38.99437459429244,38.99437459429244,38.99437459429244,74.84751999899528,10.065100595622479,62.35969251046704,62.35969251046704,26.260069497242384,62.35969251046704,62.35969251046704,26.260069497242384,62.35969251046704,62.35969251046704,33.860005906674026,33.860005906674026,33.860005906674026,35.40905604502893,38.942264957241505,38.942264957241505,38.942264957241505,38.942264957241505,106.38843922156204,10.065100595622479,93.51348164836983,93.51348164836983,41.652085782107,93.51348164836983,93.51348164836983,41.652085782107,93.51348164836983,93.51348164836983,17.37962168748215,70.62188931202562,17.6685101239465,70.62188931202562,25.168060115948546,62.79332169904694,29.062282257248825,62.79332169904694,33.24539441787388,51.087828785337905,33.24539441787388,49.50329534485558,39.46810421086881,39.46810421086881,39.46810421086881,39.46810421086881,59.70197861042798,59.70197861042798,18.183130918518952,34.666716746758695,28.58848107192825,28.58848107192825,28.58848107192825,28.58848107192825
75.0,28.403718946644997,28.403718946644997,100.79536819715477,18.209098000724804,85.50032894673564,100.79536819715477,18.209098000724804,29.85207279235397,100.79536819715477,25.9584523806794,27.74574291670706,29.70700674925025,26.653822427561867,28.325187554542335,28.470181769704244,27.27216988066773,30.732250975156376,30.547933645338432,33.59315406448165,56.42602458086162,56.42602458086162,33.59315406448165,56.42602458086162,56.42602458086162,33.59315406448165,56.42602458086162,144.89004451652295,41.45716162498344,41.45716162498344,42.80930097537216,41.45716162498344,41.45716162498344,41.45716162498344,41.45716162498344,41.45716162498344,44.73232891321443,38.83827043007965,38.83827043007965,38.83827043007965,38.83827043007965,38.83827043007965,38.83827043007965,38.83827043007965,38.83827043007965,75.19901096424074,10.024781793136446,62.08632095719636,62.08632095719636,26.286617317562943,62.08632095719636,62.08632095719636,26.286617317562943,62.08632095719636,62.08632095719636,33.59315406448165,33.59315406448165,33.59315406448165,35.601070910858844,69.8356731907125,69.8356731907125,69.8356731907125,69.8356731907125,106.12492638395562,10.024781793136446,29.7849164846907,93.04601684113082,38.364974260384955,93.04601684113082,93.04601684113082,38.364974260384955,93.04601684113082,93.04601684113082,16.827098680402393,70.27119786939738,17.445522348155702,70.27119786939738,24.721574585774263,44.02839992550263,27.378390201032637,44.54936868239549,33.089367627683664,33.089367627683664,33.089367627683664,51.68027912076327,39.31159180191003,39.31159180191003,39.31159180191003,39.31159180191003,59.42963276009704,59.42963276009704,18.90505884677432,18.90505884677432,28.432222037681118,28.432222037681118,28.432222037681118,28.432222037681118
76.0,30.287559327222127,30.287559327222127,100.35913635539117,18.136048356794817,100.35913635539117,100.35913635539117,18.136048356794817,30.287559327222127,100.35913635539117,25.849008685054056,27.558596662384677,29.4139635207498,27.158078908494247,28.54043184676784,28.468601124747945,27.285527299284507,31.051268090047465,30.72346416014965,33.56197625289667,38.6846222677694,38.6846222677694,33.56197625289667,38.6846222677694,38.6846222677694,33.56197625289667,60.338513819947536,177.42181376595155,41.274947001783055,41.274947001783055,42.80770958600799,41.274947001783055,41.274947001783055,41.274947001783055,41.274947001783055,41.274947001783055,41.74758975078681,38.655352152062974,38.655352152062974,38.655352152062974,38.655352152062974,70.416413214534,38.655352152062974,38.655352152062974,59.17466729944495,75.0732392400914,10.131942064579722,61.794265510644266,61.794265510644266,26.17596703084721,61.794265510644266,61.794265510644266,26.17596703084721,61.794265510644266,61.794265510644266,33.56197625289667,33.56197625289667,33.56197625289667,35.531676008879735,38.6846222677694,38.6846222677694,38.6846222677694,38.6846222677694,105.62433431742896,10.131942064579722,41.893391483621855,92.64616155027687,37.745347395407556,92.64616155027687,92.64616155027687,37.745347395407556,92.64616155027687,92.64616155027687,21.919768475054656,69.97986317505914,17.226179204919468,69.97986317505914,23.99367104050566,43.60293854776304,45.13143305945425,44.2213890555238,32.94353123148761,33.01516696913708,32.94353123148761,51.46169692110822,39.12801106624256,39.1998246169546,39.12801106624256,40.764276640215265,18.069310999592652,74.5821694508815,18.069310999592652,18.069310999592652,18.069310999592652,18.069310999592652,18.069310999592652,18.069310999592652
77.0,32.470929306073145,32.470929306073145,99.95342040170512,18.06768524188973,99.95342040170512,99.95342040170512,18.06768524188973,32.470929306073145,84.75232297701343,25.746965840657808,26.983536647370745,28.984758926028693,27.523467259776698,28.614441284078918,43.35298432634137,27.66941000455196,31.34551403311166,30.907462691071878,33.354160160315836,38.451267859460756,38.451267859460756,34.29148946896299,38.451267859460756,38.451267859460756,33.354160160315836,64.70557356209741,176.74416539167566,41.105610930869275,41.105610930869275,43.026866606807424,41.105610930869275,41.105610930869275,61.39830005790063,41.105610930869275,41.105610930869275,41.105610930869275,38.518907694793214,38.518907694793214,38.518907694793214,38.518907694793214,38.518907694793214,38.518907694793214,38.518907694793214,58.93730779396019,38.518907694793214,10.096348349774782,26.870732219275304,61.556772576216176,10.096348349774782,61.556772576216176,61.556772576216176,10.096348349774782,61.556772576216176,61.556772576216176,33.354160160315836,33.354160160315836,33.354160160315836,35.57388438166404,38.451267859460756,38.451267859460756,38.451267859460756,38.451267859460756,105.1594028130628,10.096348349774782,29.603061497081683,92.27408222247459,36.810409533174166,92.27408222247459,92.27408222247459,36.810409533174166,92.27408222247459,92.27408222247459,22.396009689228123,59.55557278710364,16.68476101117424,59.55557278710364,23.599390881969814,43.10680050757652,44.489731961431275,43.8714742173089,32.808021122890054,35.52831617175235,32.808021122890054,51.25798718248698,38.958006237486025,41.970123302177704,38.958006237486025,42.15040035397054,21.665785238481433,74.29597061752406,21.665785238481433,21.665785238481433,28.220139085412033,28.220139085412033,28.220139085412033,28.220139085412033
78.0,35.102083271509684,35.102083271509684,99.57859333210125,18.004062041661598,99.57859333210125,99.57859333210125,35.102083271509684,35.102083271509684,99.57859333210125,25.652412167279707,26.564191122637254,28.41797406572115,28.155483480132247,28.627019579411336,44.42545722893575,28.155483480132247,31.392853486104123,31.392853486104123,33.30084458388406,68.98475375037589,68.98475375037589,35.24856380052952,68.98475375037589,68.98475375037589,33.30084458388406,68.98475375037589,176.11501923459,40.949313181053476,40.949313181053476,43.074426867922455,40.949313181053476,40.949313181053476,69.67536329291724,40.949313181053476,40.949313181053476,69.67536329291724,38.360868733645745,38.360868733645745,38.360868733645745,38.360868733645745,38.360868733645745,38.360868733645745,38.360868733645745,38.360868733645745,38.360868733645745,10.031512847023622,26.95099719861957,28.187430709449202,10.031512847023622,28.80566350563722,61.42870867924866,10.031512847023622,61.30624968141502,61.39756713421143,33.30084458388406,33.30084458388406,33.30084458388406,38.30745684589359,68.98475375037589,68.98475375037589,68.98475375037589,68.98475375037589,104.7306067966762,10.031512847023622,29.4766220927704,91.93011612088827,35.154604961512504,91.93011612088827,91.93011612088827,35.154604961512504,91.93011612088827,91.93011612088827,23.273939288397223,23.273939288397223,23.273939288397223,23.273939288397223,23.357894810962737,42.479009522351156,43.86172876209965,43.56783503916622,32.682965746700525,35.834777102697316,32.682965746700525,35.65664384094499,38.83189732681111,42.185083264111256,38.83189732681111,41.714161264491466,23.273939288397223,74.01470293124197,23.273939288397223,23.273939288397223,28.093882786115554,28.093882786115554,28.093882786115554,28.093882786115554
79.0,38.03690641994956,38.03690641994956,99.26243624856284,38.03690641994956,38.03690641994956,99.26243624856284,38.03690641994956,38.03690641994956,99.26243624856284,25.5654307610883,26.33023452231294,28.00725352475676,28.53491282622044,28.652944874829185,44.890992971864634,28.35853046263152,31.41792879869709,31.36130179058261,33.1436268383531,38.242646351945886,38.242646351945886,38.18391349770214,38.242646351945886,38.242646351945886,33.1436268383531,68.7259503390095,68.7259503390095,40.83376360317525,40.83376360317525,43.185023445634485,40.83376360317525,75.69138821556915,75.69138821556915,40.83376360317525,40.83376360317525,75.69138821556915,38.21689744079181,38.21689744079181,38.21689744079181,38.21689744079181,38.21689744079181,38.21689744079181,38.21689744079181,38.21689744079181,38.21689744079181,10.002312232679001,27.095041059204913,28.387871529933342,10.002312232679001,29.152722857393613,62.757469674931926,10.002312232679001,61.105533710131354,62.453432651856694,33.1436268383531,33.1436268383531,33.1436268383531,38.242646351945886,38.242646351945886,38.242646351945886,38.242646351945886,38.242646351945886,104.33839178365747,10.002312232679001,29.21440141437096,91.61457989861658,10.002312232679001,91.61457989861658,91.61457989861658,10.002312232679001,91.61457989861658,91.61457989861658,25.328467186152423,25.328467186152423,25.328467186152423,25.328467186152423,22.94558781116753,42.18828332606104,43.10053653958382,43.10053653958382,32.59610789649586,35.889361237001694,32.59610789649586,40.743296994720495,38.68677099474703,41.893391483621855,38.68677099474703,41.27603723711858,17.84656829757475,73.74618634207467,17.84656829757475,17.84656829757475,17.84656829757475,17.84656829757475,17.84656829757475,17.84656829757475
80.0,38.11195678523998,38.11195678523998,38.11195678523998,38.11195678523998,43.046733325538185,98.94777031343354,38.11195678523998,38.11195678523998,43.046733325538185,25.486099152282996,26.25064284927133,27.779781316633866,28.519138310965847,28.71804746148317,45.072566490050235,28.449626535334342,31.429385135570183,30.66482104953492,32.96209944769902,38.05916446797013,38.05916446797013,38.05916446797013,38.05916446797013,38.05916446797013,32.96209944769902,68.51741566930265,68.51741566930265,40.70130526162521,40.77917667143367,43.24802018589984,40.70130526162521,82.75956893314512,82.75956893314512,40.70130526162521,60.90378682807827,82.75956893314512,38.11195678523998,38.11195678523998,38.11195678523998,38.11195678523998,38.11195678523998,38.11195678523998,38.11195678523998,38.11195678523998,38.11195678523998,10.123055368810347,27.163049350174216,61.64187902716788,10.123055368810347,29.482727994539445,62.59917132039369,10.123055368810347,54.83120689899138,62.30338072689154,32.96209944769902,32.96209944769902,32.96209944769902,38.05916446797013,38.05916446797013,38.05916446797013,38.05916446797013,38.05916446797013,103.9831717154271,10.123055368810347,28.840011269068533,34.83570366735829,10.123055368810347,91.32776823069752,91.32776823069752,10.123055368810347,91.32776823069752,91.32776823069752,27.684855968561582,32.39392304121253,27.684855968561582,32.541531156354644,22.748873598488345,42.05741611178699,42.172265767919086,42.82191319873506,32.48963296191571,50.73781873514075,32.48963296191571,50.73781873514075,38.80697424432881,41.1450027342325,38.65942640547063,40.99708831124474,27.684855968561582,73.54812200185671,27.684855968561582,28.892235116030744,27.927607308897766,30.126670078188198,27.927607308897766,30.126670078188198
81.0,37.993700135680385,37.993700135680385,42.92110494849824,37.993700135680385,46.00294827508341,83.64547955508414,37.993700135680385,37.993700135680385,46.00294827508341,25.414488977746533,26.17854560513246,45.190222947004806,28.151487527304837,28.790818849070618,46.00294827508341,28.47097205927469,30.717604887100165,30.124429455178067,33.00971447922566,68.32932203673619,91.47571399010778,68.32932203673619,68.32932203673619,91.47571399010778,68.32932203673619,68.32932203673619,68.32932203673619,40.58227753588997,40.824395280273286,43.389298795901276,40.58227753588997,91.09218544968608,91.09218544968608,40.58227753588997,91.09218544968608,91.09218544968608,37.993700135680385,37.993700135680385,37.993700135680385,37.993700135680385,37.993700135680385,37.993700135680385,37.993700135680385,37.993700135680385,58.16800022349057,10.098576632377457,27.090888689742165,28.790818849070618,10.098576632377457,29.727449436505648,58.16800022349057,10.098576632377457,29.727449436505648,58.40810089362605,33.00971447922566,33.00971447922566,35.4979048677524,68.32932203673619,68.32932203673619,68.32932203673619,68.32932203673619,68.32932203673619,103.66532689380765,10.098576632377457,28.299757066095108,36.410317905780495,10.098576632377457,42.62494868032101,65.44410783256197,10.098576632377457,62.67388810341991,91.09218544968608,32.612670083879976,32.90868046579808,32.713242731346575,33.525083892512484,22.380934967065162,41.791222164468934,41.19801269478906,42.55521413411052,32.612670083879976,50.59526904760958,32.612670083879976,50.59526904760958,38.90599246902719,40.28568294071729,38.90599246902719,60.75657371840515,27.832377728106522,63.026155284929125,27.832377728106522,29.063830614700464,27.832377728106522,42.99418565341132,27.832377728106522,42.99418565341132
82.0,37.90951397736457,51.33693845565783,51.33693845565783,37.90951397736457,51.33693845565783,51.33693845565783,37.90951397736457,37.90951397736457,51.33693845565783,25.350665671733356,25.648026239849337,51.33693845565783,27.47191747949167,29.0196700532587,51.33693845565783,28.532547204902684,30.039161939042174,51.33693845565783,32.810059433045836,37.90118731649445,103.3809702024507,37.90118731649445,37.90118731649445,103.3809702024507,37.90118731649445,68.16183866358067,68.16183866358067,40.47679890999287,40.87175063537161,43.59364919343184,40.47679890999287,90.86094458016602,90.86094458016602,40.47679890999287,90.86094458016602,90.86094458016602,37.90951397736457,37.90951397736457,38.41713484891865,37.90951397736457,37.90951397736457,37.90951397736457,37.90951397736457,37.90951397736457,58.02160158079057,10.076271631908302,26.708636243732098,28.97854810027583,10.076271631908302,29.9536516972472,58.0413753282949,10.076271631908302,29.9536516972472,58.379202204209676,32.810059433045836,32.810059433045836,35.78828369732195,37.90118731649445,37.90118731649445,37.90118731649445,37.90118731649445,37.90118731649445,103.38520203588132,10.076271631908302,27.323273046983225,37.674941937579675,10.076271631908302,44.16589464734072,64.83132923209271,10.076271631908302,60.90600339867984,90.86094458016602,32.309073802880825,33.22102120645902,32.309073802880825,33.667064766623184,39.329330657919925,41.537407839199595,40.62549999692311,42.30066488839153,32.96537956705489,50.468368806609945,32.96537956705489,50.468368806609945,36.57186418546367,37.63251586062245,36.55155605442811,60.60863181098877,17.67766952966369,194.4623999646204,17.67766952966369,194.4623999646204,28.12909970119911,42.8954105936754,28.12909970119911,42.8954105936754
83.0,37.83465673162636,57.910976938746245,57.910976938746245,37.83465673162636,57.910976938746245,57.910976938746245,17.74094839629494,37.83465673162636,57.910976938746245,25.294688177560126,58.17032104088819,58.17032104088819,26.950997198619568,29.256729994994313,60.84834632099709,28.493880922050614,29.518574660711515,61.42541208652978,32.84845886795909,72.9050152595828,103.25938214031692,37.769034936042516,68.21661271274027,103.25938214031692,37.769034936042516,68.01511780479396,72.97966326313104,40.38497554784452,41.07165993723653,43.91760751680355,40.38497554784452,90.6591487385581,90.6591487385581,40.38497554784452,90.6591487385581,90.6591487385581,37.83465673162636,37.83465673162636,40.43842541444956,37.83465673162636,37.83465673162636,57.910976938746245,37.83465673162636,42.70826910564276,57.910976938746245,10.056154831743592,10.056154831743592,29.256729994994313,10.056154831743592,33.052628488518124,57.98706752371601,10.056154831743592,33.052628488518124,58.429669261429154,32.84845886795909,34.5405739674372,37.722092333273345,37.769034936042516,37.769034936042516,37.769034936042516,37.769034936042516,37.769034936042516,103.25938214031692,10.056154831743592,10.056154831743592,38.633809674946626,10.056154831743592,45.74102370957607,48.60613387217708,10.056154831743592,47.24797614713248,87.04841325377504,32.23517100931838,40.28959232854063,32.23517100931838,33.14643646004801,39.248009503667824,40.998185935477686,40.08692118384748,41.90950071284553,31.639156910385584,50.35723632210171,31.639156910385584,50.35723632210171,36.62534982768083,37.722092333273345,36.62534982768083,37.722092333273345,27.713286524697857,27.713286524697857,27.713286524697857,27.713286524697857,32.755171347437646,42.80351913102473,32.755171347437646,42.80351913102473
84.0,37.75428783595315,57.799362020700535,62.81481712144038,37.75428783595315,57.799362020700535,57.799362020700535,37.75428783595315,37.75428783595315,57.799362020700535,25.246608683147922,60.3664745533479,60.3664745533479,26.604816293295464,29.501800792494006,60.3664745533479,28.590842065248793,29.0227712322583,60.96360594649893,32.687918257362305,103.03640133467395,103.03640133467395,67.88929407498652,103.03640133467395,103.03640133467395,67.88929407498652,67.88929407498652,103.25998741041953,40.32141180563994,41.41209062580637,44.426976602060144,40.32141180563994,90.50141573478285,90.50141573478285,40.32141180563994,90.50141573478285,90.50141573478285,22.710267501727053,38.26455605387314,40.81557607090704,37.75428783595315,42.63761543519994,57.799362020700535,37.75428783595315,57.799362020700535,57.799362020700535,10.022537103947284,10.022537103947284,30.56192484121378,10.022537103947284,35.233240696819244,57.978541288997604,10.022537103947284,35.233240696819244,58.60653760460517,32.687918257362305,34.677081768799404,67.88929407498652,67.88929407498652,67.88929407498652,67.88929407498652,67.88929407498652,67.88929407498652,103.03640133467395,10.022537103947284,33.576721847136895,39.45727119302601,10.022537103947284,47.75621687278003,50.90428518307668,10.022537103947284,49.26364024308395,86.91662671779203,32.18697329666149,44.459883603086496,32.18697329666149,32.18697329666149,38.6646641004419,40.619961225978535,39.70964933111346,41.36642660419195,31.622084845879467,40.32141180563994,31.605715464137177,50.88881262124319,36.591546154815596,37.94985177836667,36.591546154815596,60.72656955567307,27.66453054002543,27.66453054002543,27.66453054002543,27.66453054002543,42.72459771606984,42.72459771606984,42.72459771606984,42.72459771606984
85.0,37.70061339023544,57.706639565997946,77.87420144052842,37.70061339023544,57.706639565997946,77.87420144052842,37.70061339023544,37.70061339023544,57.706639565997946,25.206472383100337,60.27247506117531,60.27247506117531,26.414697613260692,44.95109842929314,79.25658489993118,28.071449018531265,28.51992724394647,60.27247506117531,32.730433086043945,102.85183518051586,102.85183518051586,37.662979170532964,102.85183518051586,102.85183518051586,37.662979170532964,67.78448384401847,103.08067229117202,40.25439417007788,41.6473288459176,44.315417745971885,40.25439417007788,90.35635699827655,90.35635699827655,40.25439417007788,90.35635699827655,90.35635699827655,19.664593817315424,39.233674948951695,41.039873903315055,37.70061339023544,57.706639565997946,57.706639565997946,37.70061339023544,57.706639565997946,57.706639565997946,10.009058397271943,10.009058397271943,32.17229009567084,10.009058397271943,36.82996402387599,58.19236418981445,10.009058397271943,36.82996402387599,59.101998697167595,32.74280455306173,34.08813943294647,37.662979170532964,37.662979170532964,37.662979170532964,37.662979170532964,37.662979170532964,72.64221396681134,102.93930250395132,10.009058397271943,35.32253176090298,40.14357046900537,41.039873903315055,49.77209308437811,52.175964293916024,41.039873903315055,50.681912454050114,86.98221801034968,32.132401871008646,50.182678784616506,32.132401871008646,40.15758023088543,20.24861106347791,39.50685067175059,39.04627062857604,41.00202738889871,31.85955508163916,51.14373128742172,31.85955508163916,51.30712669795493,36.8165214272071,38.772171076688494,36.8165214272071,38.772171076688494,17.564168070250297,193.3523338364448,17.564168070250297,193.3523338364448,42.64387412044079,44.20408634956728,42.64387412044079,43.90531004331936
86.0,37.64686241906488,62.66491243112049,77.77792906731318,37.64686241906488,57.63290075989581,77.77792906731318,37.64686241906488,37.64686241906488,57.63290075989581,25.174317269789068,60.1873014015415,60.1873014015415,26.231779390655145,60.1873014015415,95.2095386502844,26.830509685803584,45.05159542125006,60.1873014015415,32.59601202601324,102.70589077555387,102.70589077555387,37.58324094593227,102.70589077555387,138.02762404678276,37.58324094593227,67.71008972080897,102.97147663309485,40.2012593086336,41.85739182032249,44.11237071389385,40.2012593086336,90.25046398772696,110.05964292146326,40.2012593086336,90.25046398772696,90.25046398772696,20.08684270859908,39.30300561025836,41.129141128888165,37.048026263216784,57.63290075989581,62.642288032925485,37.048026263216784,57.63290075989581,58.720066842605,10.147475055401713,29.25596093106497,33.62761142275794,10.147475055401713,37.97652235263255,58.5704383627099,10.147475055401713,37.97652235263255,59.7675183523626,31.789561966154864,32.408505827945845,37.58324094593227,67.71008972080897,67.71008972080897,67.71008972080897,67.71008972080897,102.97147663309485,102.97147663309485,10.147475055401713,36.33113334318102,40.691353504153675,42.63603229663848,50.9078211083523,53.0131705333684,42.63603229663848,51.655892693864075,87.28666135212184,50.11941988890135,50.11941988890135,32.088958381349805,50.11941988890135,19.915854237265346,49.999412496548395,38.5545230809564,40.05154491402298,32.12049579318476,33.16747277077347,32.12049579318476,33.16747277077347,37.07898663663828,39.63308277184605,37.07898663663828,39.63308277184605,27.579000163167628,193.13887490611515,27.579000163167628,193.13887490611515,27.59938858018416,44.262074623767916,27.59938858018416,44.262074623767916
87.0,42.44721722327625,77.70499501319075,77.70499501319075,37.61457496769038,57.58486129183606,77.70499501319075,37.61457496769038,37.61457496769038,57.58486129183606,25.150173955660822,60.132322838885905,60.132322838885905,25.906393998393526,79.98931959955654,95.12111358683728,26.056213270542592,60.132322838885905,95.12111358683728,32.53459696999488,102.59873293564594,102.59873293564594,67.64492774776244,102.59873293564594,137.8917147619827,67.64492774776244,67.64492774776244,102.8597345903634,40.16878452231285,41.81705692657005,43.921705909493085,40.16878452231285,90.16266549964016,140.3891911793782,40.16878452231285,90.16266549964016,90.16266549964016,20.648032593930104,32.356394267594155,41.24931817618322,37.02251004456613,54.730989850358085,77.70499501319075,37.02251004456613,57.60712846514743,59.0833415608833,10.138601974631413,31.031697504326118,34.63424966705645,10.138601974631413,38.68618939621735,59.55443938112422,10.138601974631413,38.68618939621735,61.35980972917044,31.913888042668823,32.67883489355152,33.128103628188555,67.64492774776244,67.64492774776244,68.58935777509511,67.64492774776244,102.8597345903634,102.8597345903634,10.138601974631413,37.188657545009605,41.390352136699676,44.09451496501577,51.74945651888529,53.704713480289605,44.09451496501577,52.34860313322601,87.79428369774423,50.07900008985802,50.07900008985802,32.05668806973047,50.07900008985802,19.599266567910135,60.132322838885905,38.37083853657618,38.813351439936234,32.67883489355152,33.88556108433207,32.67883489355152,33.88556108433207,37.93739909377025,40.641558164027124,37.93739909377025,40.641558164027124,27.554514149227888,27.554514149227888,27.554514149227888,27.554514149227888,28.169065479706635,192.94850349251223,28.169065479706635,207.87616505987404
88.0,57.54655723846562,77.65546503627417,97.61030299102651,37.59183754487136,57.54655723846562,77.65546503627417,37.59183754487136,57.54655723846562,82.4768831249096,25.134065528680395,60.09564252090163,95.06124999178161,25.73385416139603,95.06124999178161,95.06124999178161,25.28401174655636,60.09564252090163,95.06124999178161,32.6395657140226,102.55973868921468,102.55973868921468,102.55973868921468,102.55973868921468,137.80103410352189,37.52998800959041,67.60100775876053,102.7867938988273,40.14076792987399,41.527099585692234,43.74358524401035,40.14076792987399,90.10899649868486,140.30012473266015,59.959204881319096,90.10899649868486,90.10899649868486,20.791374413443666,32.189769337477394,41.340310231056556,37.1523384190013,74.05269238859583,76.00198188205357,37.1523384190013,55.520266569965244,93.85763820808619,10.131942064579722,32.35013523928454,35.353730354801314,10.131942064579722,39.10672896062773,61.01377918142753,10.131942064579722,39.10672896062773,62.96257817148214,32.05037051267894,32.95582270252102,33.85500332299496,65.49771942594641,67.01030704302137,72.55326491619795,66.25153771800319,93.55774286503495,102.7867938988273,10.131942064579722,37.757863419425625,41.81059973260369,45.85745577329819,52.31420696139816,54.257407328400795,45.85745577329819,52.76387258342587,88.77320119270229,50.045291986359715,58.0157844900851,32.03983848273895,58.02160158079057,19.432093299487835,60.09564252090163,38.19157302337781,38.04163837165797,33.105683046872784,34.75422636169593,33.25554465047897,34.75422636169593,38.80697424432881,41.649384749357345,38.80697424432881,41.649384749357345,17.507141400011598,77.36459946254489,17.507141400011598,62.518247336277746,28.89690727396273,192.82148479876406,28.89690727396273,192.82148479876406
89.0,57.52739564763905,77.62938393417791,97.57987113129428,37.57687121089248,62.49124938741423,77.62938393417791,37.57687121089248,57.52739564763905,97.57987113129428,25.12600744248875,60.07729396369314,95.0300018415237,25.276001463839172,95.0300018415237,95.0300018415237,25.12600744248875,60.07729396369314,95.0300018415237,32.50384592629001,102.5109750221897,102.5109750221897,102.5109750221897,102.5109750221897,137.75567138960196,37.50333318519835,67.57837117007186,102.75760312502427,40.126752298186304,41.50301193889427,43.728151687442725,40.126752298186304,90.07877802235109,140.2555702993646,90.07877802235109,90.07877802235109,140.2555702993646,20.928359945299107,32.335526128393205,36.981160744357396,37.287749328700436,74.02807744362944,76.13567659120132,37.287749328700436,55.502252206554644,93.67863283588206,10.12749969143421,32.9353343690329,35.78451131425438,10.12749969143421,39.53360911933035,62.33515260268478,10.12749969143421,39.53360911933035,63.834914036129156,32.33204679571028,33.53514947036914,34.734798833446554,65.48019738821806,67.2870808550943,68.33426117256262,66.23455480336528,93.37864450718912,131.7559296578336,10.12749969143421,38.18391349770214,42.23305873365082,47.18507444097126,52.734014165432164,54.536604679792816,47.18507444097126,53.040326639265714,90.08627115160223,50.02775479671259,68.02834887015852,32.027195475095844,68.02834887015852,19.276313184839054,60.07729396369314,20.47623622641622,38.026849067468106,33.68510427473841,35.331448456014364,33.68510427473841,35.331448456014364,39.683576577722924,42.0830874580276,39.683576577722924,42.0830874580276,42.50294107470682,192.75794406457027,42.50294107470682,192.75794406457027,29.182807438627282,57.683240633653725,29.182807438627282,54.67752051803373
90.0,57.5250488917654,77.6250362318756,97.57502882397729,37.575074850224844,77.6250362318756,97.57502882397729,37.575074850224844,57.5250488917654,117.75026539248223,25.125111940049145,60.07504681646115,95.02502959746973,25.125111940049145,95.02502959746973,95.02502959746973,25.125111940049145,60.07504681646115,95.02502959746973,32.625086206782655,102.50121950494052,137.75022686006727,102.50121950494052,102.50121950494052,137.75022686006727,67.57504162040894,67.57504162040894,102.75030413580292,40.12507009339672,41.62506756751273,43.57506454384204,40.12507009339672,90.0750312239746,140.2502228162223,90.0750312239746,90.0750312239746,140.2502228162223,21.07513345153477,32.77508581224464,37.125075757498465,37.575074850224844,74.02503799391121,76.50163396947806,37.575074850224844,55.57626516778542,93.6750300240144,10.125277773967488,33.375758418349086,36.225077639668356,10.125277773967488,39.67507088840548,62.77540322451143,10.125277773967488,39.67507088840548,64.12539473562717,32.625086206782655,33.82508314845656,35.1750799572652,65.50190836914601,67.50185182644992,68.50182479321262,66.37504237286782,93.2250301689412,131.75023719143735,10.125277773967488,38.475073099345764,42.37506637162944,47.77505886966545,52.875053191462605,54.67505144030501,47.77505886966545,53.325052742589946,90.50138120492969,50.025056221857454,68.02504134508114,32.025087821893635,68.02504134508114,19.275145913844593,60.07504681646115,20.475137362176596,38.025073964425104,33.97508278135611,35.4757135234797,33.97508278135611,35.4757135234797,39.97507035641088,42.37506637162944,39.97507035641088,42.37506637162944,57.5250488917654,77.50161288644256,42.525066137514706,77.50161288644256,29.325095907771555,58.126209664831926,29.325095907771555,54.67628599310673
