Theta_deg,config_01_det1_b15_s5_h4_w50,config_02_det1_b15_s5_h4_w500,config_03_det1_b15_s5_h4_w1500,config_04_det1_b15_s5_h12_w50,config_05_det1_b15_s5_h12_w500,config_06_det1_b15_s5_h12_w1500,config_07_det1_b15_s5_h24_w50,config_08_det1_b15_s5_h24_w500,config_09_det1_b15_s5_h24_w1500,config_10_det1_b15_s20_h4_w50,config_11_det1_b15_s20_h4_w500,config_12_det1_b15_s20_h4_w1500,config_13_det1_b15_s20_h12_w50,config_14_det1_b15_s20_h12_w500,config_15_det1_b15_s20_h12_w1500,config_16_det1_b15_s20_h24_w50,config_17_det1_b15_s20_h24_w500,config_18_det1_b15_s20_h24_w1500,config_19_det1_b30_s5_h4_w50,config_20_det1_b30_s5_h4_w500,config_21_det1_b30_s5_h4_w1500,config_22_det1_b30_s5_h12_w50,config_23_det1_b30_s5_h12_w500,config_24_det1_b30_s5_h12_w1500,config_25_det1_b30_s5_h24_w50,config_26_det1_b30_s5_h24_w500,config_27_det1_b30_s5_h24_w1500,config_28_det1_b30_s20_h4_w50,config_29_det1_b30_s20_h4_w500,config_30_det1_b30_s20_h4_w1500,config_31_det1_b30_s20_h12_w50,config_32_det1_b30_s20_h12_w500,config_33_det1_b30_s20_h12_w1500,config_34_det1_b30_s20_h24_w50,config_35_det1_b30_s20_h24_w500,config_36_det1_b30_s20_h24_w1500,config_37_det2_b15_s5_h4_w50,config_38_det2_b15_s5_h4_w500,config_39_det2_b15_s5_h4_w1500,config_40_det2_b15_s5_h12_w50,config_41_det2_b15_s5_h12_w500,config_42_det2_b15_s5_h12_w1500,config_43_det2_b15_s5_h24_w50,config_44_det2_b15_s5_h24_w500,config_45_det2_b15_s5_h24_w1500,config_46_det2_b15_s20_h4_w50,config_47_det2_b15_s20_h4_w500,config_48_det2_b15_s20_h4_w1500,config_49_det2_b15_s20_h12_w50,config_50_det2_b15_s20_h12_w500,config_51_det2_b15_s20_h12_w1500,config_52_det2_b15_s20_h24_w50,config_53_det2_b15_s20_h24_w500,config_54_det2_b15_s20_h24_w1500,config_55_det2_b30_s5_h4_w50,config_56_det2_b30_s5_h4_w500,config_57_det2_b30_s5_h4_w1500,config_58_det2_b30_s5_h12_w50,config_59_det2_b30_s5_h12_w500,config_60_det2_b30_s5_h12_w1500,config_61_det2_b30_s5_h24_w50,config_62_det2_b30_s5_h24_w500,config_63_det2_b30_s5_h24_w1500,config_64_det2_b30_s20_h4_w50,config_65_det2_b30_s20_h4_w500,config_66_det2_b30_s20_h4_w1500,config_67_det2_b30_s20_h12_w50,config_68_det2_b30_s20_h12_w500,config_69_det2_b30_s20_h12_w1500,config_70_det2_b30_s20_h24_w50,config_71_det2_b30_s20_h24_w500,config_72_det2_b30_s20_h24_w1500,config_73_det1_b10_s8_h10_w250,config_74_det1_b10_s8_h10_w1000,config_75_det1_b10_s8_h15_w250,config_76_det1_b10_s8_h15_w1000,config_77_det1_b10_s12_h10_w250,config_78_det1_b10_s12_h10_w1000,config_79_det1_b10_s12_h15_w250,config_80_det1_b10_s12_h15_w1000,config_81_det2_b10_s8_h10_w250,config_82_det2_b10_s8_h10_w1000,config_83_det2_b10_s8_h15_w250,config_84_det2_b10_s8_h15_w1000,config_85_det2_b10_s12_h10_w250,config_86_det2_b10_s12_h10_w1000,config_87_det2_b10_s12_h15_w250,config_88_det2_b10_s12_h15_w1000,config_89_det1_b10_s5_h15_w250,config_90_det1_b10_s5_h15_w1000,config_91_det1_b10_s5_h24_w250,config_92_det1_b10_s5_h24_w1000,config_93_det2_b10_s5_h15_w250,config_94_det2_b10_s5_h15_w1000,config_95_det2_b10_s5_h24_w250,config_96_det2_b10_s5_h24_w1000
0.0,28.575098425027342,30.075093516064086,39.5250711574312,45.67506157631317,48.52644897372978,67.12705304122922,45.67506157631317,64.27504375727798,86.92658540400629,12.525224548885342,12.525224548885342,43.425064766791074,12.525224548885342,48.37505813949994,51.525054585123925,12.525224548885342,48.675057781167546,52.1250539568066,33.075085033904294,40.575069316022116,44.32506345173123,51.675489838026685,80.02503514525938,84.0750334522681,66.37605931358083,150.2502079865449,117.75026539248223,18.075155600989994,33.075085033904294,37.42507515022515,19.875141508930195,68.62504098359432,72.97503854058591,19.875141508930195,71.77503918494227,76.87503658535715,21.07513345153477,32.77508581224464,37.12568181192098,37.575074850224844,74.02503799391121,76.57503672868854,37.575074850224844,55.57626516778542,94.72502969120674,10.125277773967488,33.525083892512484,36.22569875102481,10.125277773967488,39.67507088840548,62.77612006169225,10.125277773967488,39.67507088840548,64.12609648185362,32.625086206782655,33.82508314845656,35.1750799572652,65.50190836914601,67.50185182644992,68.62602458251534,66.37504237286782,117.75026539248223,131.75023719143735,10.125277773967488,38.475073099345764,42.525066137514706,47.77505886966545,52.875053191462605,54.67505144030501,47.77505886966545,53.325052742589946,90.50138120492969,41.17506830595427,43.1266304039627,41.17506830595427,43.27506499128568,8.62532608079254,31.275089927928263,8.62532608079254,31.275089927928263,34.27508205679455,35.77570754017312,34.27508205679455,35.77570754017312,39.9756332032402,42.525595233929415,40.12507009339672,42.67506590504577,36.075077962493715,65.0253892721912,36.075077962493715,63.37717451890704,29.325095907771555,58.126209664831926,29.325095907771555,54.67628599310673
1.0,28.429847871559215,29.93261181387284,39.087162214722106,45.678017141728034,48.234855136094275,66.38453321369369,45.678017141728034,64.1348676618265,86.63230488680306,12.527020795065361,12.527020795065361,42.98972260901436,12.527020795065361,48.084885879036875,51.23735209785924,12.527020795065361,48.38482458374733,51.83720912626373,32.93191840752676,40.42840894717475,155.25986281070843,51.53422406517828,79.73519455046184,83.93253987578358,66.08457649103912,97.90261104791843,155.25986281070843,18.076400360691284,32.92918538318249,37.28111116906254,19.42861935393249,68.33689523237062,72.68370690877013,19.42861935393249,71.63383453368945,76.59119564284136,20.928359945299107,32.335526128393205,36.981160744357396,37.287749328700436,74.02807744362944,76.13567659120132,37.287749328700436,55.57747970176409,94.58573491811543,10.12749969143421,33.08528751575237,35.934471611532004,10.12749969143421,39.53360911933035,62.33515260268478,10.12749969143421,39.53360911933035,63.834914036129156,32.33204679571028,33.53514947036914,34.734798833446554,65.48019738821806,67.2870808550943,68.33426117256262,66.23455480336528,98.20252669865475,131.7559296578336,10.12749969143421,38.1874488543029,42.38303021257447,47.18507444097126,52.734014165432164,54.536604679792816,47.18507444097126,53.17928403053204,90.08627115160223,40.73666959877796,42.836097511327985,40.88332484033069,42.98291811871316,7.8753571347590325,31.132318416719304,7.8753571347590325,31.132318416719304,33.98501508017909,35.48459172655083,33.98501508017909,35.48459172655083,39.683576577722924,42.236255160702875,39.683576577722924,42.38303021257447,35.931340776542136,64.5847989081022,35.931340776542136,63.23500810468833,29.182807438627282,57.683240633653725,29.182807438627282,54.67752051803373
2.0,27.997611505269514,87.55587501704268,107.79900277831888,45.692792101161864,72.85314852496082,107.79900277831888,45.692792101161864,72.85314852496082,98.0601409850098,12.509996003196804,12.509996003196804,42.704054257177965,12.509996003196804,47.65622991802856,50.80960785127159,12.509996003196804,47.95603455249401,51.553867459192624,32.794302096553295,90.40888368960209,155.3081614082145,50.95950598269178,95.66102262677313,154.80834925804228,65.66617279848126,90.40888368960209,155.3081614082145,18.08262287390853,32.64439078923054,36.85866587384844,18.987002133038274,67.60999371394736,71.9728855194788,18.987002133038274,71.21801913841749,76.31514430308049,20.791374413443666,97.46035732542745,97.61030299102651,37.1523384190013,97.46035732542745,97.46035732542745,37.1523384190013,97.46035732542745,97.46035732542745,10.131942064579722,32.35013523928454,35.353730354801314,10.131942064579722,39.10672896062773,61.01377918142753,10.131942064579722,39.10672896062773,62.96257817148214,32.05037051267894,102.7867938988273,137.80103410352189,65.37771982870005,102.7867938988273,137.80103410352189,66.12712189412147,83.06648692463163,137.80103410352189,10.131942064579722,37.90179745078062,41.95457364817333,45.85745577329819,52.31420696139816,54.2627980295893,45.85745577329819,52.769842239673224,88.92311988453847,40.16206232254514,131.30356050008697,40.30578432433737,121.79337009870447,7.878213630005218,30.70148612038186,7.878213630005218,30.70148612038186,33.555271567966784,35.05397623665538,33.555271567966784,35.05397623665538,38.95685113044944,41.80467976195966,38.95685113044944,41.95457364817333,70.30000889046885,125.3061251495712,70.30000889046885,139.80030400539192,28.89690727396273,132.80295553940056,28.89690727396273,132.80295553940056
3.0000000000000004,27.570024483122967,87.60853982346697,107.85464755864719,45.60061677214465,87.45868310236554,107.85464755864719,45.71986712579116,87.45868310236554,107.85464755864719,12.543175435271564,12.543175435271564,42.13918900501052,12.543175435271564,46.64071450996436,50.10190864627813,12.543175435271564,47.098208564657746,50.85077433038754,32.8128214269971,119.86502826095692,155.41919122167636,50.07900008985802,119.86502826095692,154.9197372835366,49.79423912462163,119.86502826095692,155.41919122167636,18.09381800505355,32.07984180135556,36.58970141993509,18.2510616129583,66.31094366693932,70.9702138224199,18.2510616129583,70.51316366466618,75.62179745285084,20.648032593930104,97.51874819746202,97.54689256967646,37.02251004456613,97.51874819746202,97.51874819746202,37.02251004456613,97.51874819746202,97.51874819746202,10.138601974631413,31.031697504326118,34.63424966705645,10.138601974631413,38.68618939621735,59.696702170220426,10.138601974631413,38.68618939621735,61.651733552269235,31.913888042668823,102.8597345903634,137.8917147619827,49.79423912462163,102.8597345903634,137.8917147619827,49.79423912462163,101.86081189544878,137.8917147619827,10.138601974631413,37.188657545009605,41.390352136699676,44.09451496501577,51.75771681594929,53.713091979516506,44.09451496501577,52.34860313322601,88.08621486929722,39.88434843394084,131.37589200458356,40.03412606764384,131.37589200458356,7.883923515610739,127.87933765859127,7.883923515610739,127.87933765859127,32.978345167700574,104.35815732370901,32.978345167700574,104.35815732370901,38.087153345977434,40.7913134135198,38.236909524698774,40.94107045498444,79.95274385535495,139.88968868361957,79.95274385535495,139.88968868361957,87.45868310236554,132.89704661880188,87.45868310236554,132.4221469392488
4.0,47.5650212866556,87.5558750170427,107.96121988936584,47.41530607303932,87.5463662866712,107.96121988936584,47.41530607303932,87.5463662866712,107.96121988936584,12.552141251595284,12.552141251595284,41.439247700700356,12.552141251595284,45.33984175093689,49.10169294433747,12.552141251595284,45.94911587832784,50.14904036968205,49.856042763139556,120.00052083220305,155.55585813462636,49.999412496548395,120.00052083220305,155.05684441520148,35.57198687169442,120.00052083220305,155.55585813462636,18.10997653228739,31.510890974391693,39.00360560255936,18.10997653228739,65.48500782621927,69.67536329291724,18.10997653228739,69.23641563512658,74.79399207155612,57.4831823231804,97.6142215560827,97.6142215560827,42.905375537337974,97.6142215560827,97.6142215560827,42.905375537337974,97.6142215560827,97.70752913670471,10.147475055401713,29.405547945923402,151.0335227689535,10.147475055401713,37.97652235263255,58.5704383627099,10.147475055401713,37.97652235263255,59.7675183523626,67.40134457115822,102.97147663309485,138.02762404678276,42.15680550041713,102.97147663309485,138.02762404678276,37.9658563712186,101.94177259592851,138.02762404678276,10.147475055401713,36.61920602634634,40.84092616481659,42.63603229663848,50.9078211083523,53.0131705333684,42.63603229663848,51.655892693864075,87.57566014595608,77.02007043621812,131.50903010820207,77.02007043621812,131.50903010820207,83.48554515603286,137.02965007617877,7.8924805986457764,137.02965007617877,32.419612119826475,104.00300476428554,32.419612119826475,104.03905516679782,37.66658001464959,104.4682966262971,37.66658001464959,104.4682966262971,80.03290729443732,140.02365871523284,80.03290729443732,130.6526884530127,87.5463662866712,132.60891749803253,72.51945428641889,117.9729841955352
5.0,47.62883842799444,87.65295916282577,108.10469462516417,47.479324447595076,87.65295916282577,108.10469462516417,47.479324447595076,87.7427561112597,108.10469462516417,12.575422458112492,12.575422458112492,40.89047872060194,12.575422458112492,44.054696117440194,47.96588631517196,12.575422458112492,44.65228157664511,49.32389126985015,49.93120266927285,120.1462650272575,155.73254316294972,49.93120266927285,120.1462650272575,155.2340974141957,27.64988697987751,120.1462650272575,155.73254316294972,18.13108518539362,30.66482104953492,165.28195606296532,18.13108518539362,64.8195283074476,165.28195606296532,18.13108518539362,67.52241294562864,73.38948323840413,57.55711294010498,97.73078455635154,97.73078455635154,57.55711294010498,97.73078455635154,97.73078455635154,57.55711294010498,97.73078455635154,97.73078455635154,10.009058397271943,27.636049826268586,165.28195606296532,10.009058397271943,36.979335445624216,130.69286514573014,10.009058397271943,36.979335445624216,130.69286514573014,67.48541509096613,103.08067229117202,138.20862852948076,67.48541509096613,103.08067229117202,138.20862852948076,67.48541509096613,102.08391156298822,138.20862852948076,10.009058397271943,35.32253176090298,140.70047974331857,41.039873903315055,49.77209308437811,140.70047974331857,41.039873903315055,50.818020917780736,140.70047974331857,77.2641977244312,131.68950223916863,77.1146630025704,131.68950223916863,93.07164578968182,137.2119710520915,71.2473946892095,137.2119710520915,67.99356587207352,104.07749516586186,67.99356587207352,104.07749516586186,82.02819637173549,104.57592935279132,82.02819637173549,104.57592935279132,80.12899756018416,125.6687113007848,80.12899756018416,125.30213485811007,87.65295916282577,128.33598482109372,87.65295916282577,128.8337106505902
6.000000000000001,47.69492897573075,87.78505709971374,108.28492508193372,47.54562282692277,87.78505709971374,108.28492508193372,47.54562282692277,87.78505709971374,108.28492508193372,12.58972795575822,98.33738480354253,113.30986276578045,12.58972795575822,98.33738480354253,113.30986276578045,12.58972795575822,112.31484763823526,113.30986276578045,50.02624311299021,120.3250805110888,155.99719548761126,50.02624311299021,120.3250805110888,155.49959807022012,23.621309235518677,120.3250805110888,155.99719548761126,18.03902020620854,103.75752984723566,165.54946390731683,18.03902020620854,64.18887169907256,165.54946390731683,18.03902020620854,65.97894550536557,115.79777631716422,57.650075888935305,97.88951041863474,97.88951041863474,57.650075888935305,97.88951041863474,97.88951041863474,57.650075888935305,97.88951041863474,97.88951041863474,10.022537103947284,10.022537103947284,165.54946390731683,10.022537103947284,35.68061448461896,130.87255250815582,10.022537103947284,35.68061448461896,130.87255250815582,67.59068907771247,103.25998741041953,138.43455132299883,67.59068907771247,103.25998741041953,138.43455132299883,67.59068907771247,102.26497445362219,138.43455132299883,10.022537103947284,33.72582467486896,140.92240772850852,10.022537103947284,47.75621687278003,140.92240772850852,10.022537103947284,49.26364024308395,140.92240772850852,77.38204733657543,122.0271486186578,77.38204733657543,124.51154564938948,93.21778934302185,137.3904108735395,71.3666676397322,137.3904108735395,68.0854242844972,104.25509579871864,68.0854242844972,104.25509579871864,82.16522987249533,104.7526849297907,82.16522987249533,104.7526849297907,80.24768688255132,115.95311552519837,80.24768688255132,110.77285317260723,87.78505709971374,112.97178851377011,87.78505709971374,112.97178851377011
7.0,47.78965630761535,87.94254516444245,108.50172809683724,47.64064703590831,87.94254516444245,108.50172809683724,47.64064703590831,87.94254516444245,108.50172809683724,12.589678312014172,112.47499722160477,113.5258781071523,12.589678312014172,98.89198653075991,113.5258781071523,12.589678312014172,112.47499722160477,113.5258781071523,50.08118409143298,120.53682010074763,156.26139958415834,50.08118409143298,120.53682010074763,155.7646461813463,50.08118409143298,120.53682010074763,156.26139958415834,18.056473908269023,115.51244521695487,165.87080816105046,18.056473908269023,89.8366573287319,165.87080816105046,18.056473908269023,89.33994067604925,116.00915912116595,57.761979277029624,98.06381213271285,98.2128364828142,37.66837201154305,98.06381213271285,98.06381213271285,57.761979277029624,98.06381213271285,98.06381213271285,10.056154831743592,95.49623683685132,165.87080816105046,10.056154831743592,95.49623683685132,131.1397155708369,10.056154831743592,95.49623683685132,165.87080816105046,67.71706764176959,103.41965480507078,138.6474846508223,67.71706764176959,103.41965480507078,138.6474846508223,67.71706764176959,102.42619293911103,138.6474846508223,10.056154831743592,90.51011683784304,141.18826084345682,10.056154831743592,90.51011683784304,141.18826084345682,10.056154831743592,90.51011683784304,141.18826084345682,77.54035239796114,109.18390449145882,77.54035239796114,109.18390449145882,93.37575300901192,128.28337772291468,71.49392456705674,116.00915912116595,68.47931256956365,104.47068966939962,68.47931256956365,104.47068966939962,82.32936900037556,104.96725679944198,82.32936900037556,104.96725679944198,80.40594660844432,95.6452625591043,80.40594660844432,94.93501066519137,87.94254516444245,94.93501066519137,87.94254516444245,95.2324590147708
8.0,47.901109068580034,88.14494455157369,108.688200831553,47.75244758124969,88.14494455157369,108.688200831553,47.75244758124969,88.14494455157369,108.688200831553,12.643229413405422,112.71923083484911,113.77664523090844,12.643229413405422,78.30208330561838,113.77664523090844,12.643229413405422,112.71923083484911,113.77664523090844,50.2058263551154,120.84752790189793,156.63053661403322,50.2058263551154,120.84752790189793,156.1349576488238,20.216360948499112,120.84752790189793,156.41331465063965,18.095061480967676,115.75890894440911,166.1794963285182,18.095061480967676,115.75890894440911,166.1794963285182,18.095061480967676,86.0559411080955,116.25456980265335,57.87288873038912,98.28520361682118,98.43389279105037,37.7608428136873,98.28520361682118,98.28520361682118,57.87288873038912,98.28520361682118,98.28520361682118,10.076271631908302,95.69817788234006,131.38730912839338,10.076271631908302,95.69817788234006,131.38730912839338,10.076271631908302,95.69817788234006,166.1794963285182,67.86443287908622,103.66592979373696,138.9536793323588,67.86443287908622,103.66592979373696,138.9536793323588,67.86443287908622,102.67485086426959,138.9536793323588,10.076271631908302,90.71224421212386,141.4977915021998,10.076271631908302,90.71224421212386,141.4977915021998,10.076271631908302,90.71224421212386,141.4977915021998,77.70731143206538,95.84688962089484,77.70731143206538,95.84688962089484,93.57698034238975,109.95737810624624,93.57698034238975,109.95737810624624,68.54007039681241,86.7869589857831,68.62766388272297,86.7869589857831,82.52045201039559,105.15286491579771,82.52045201039559,104.79324882834771,79.62176210057147,88.11967005158382,80.5719942039416,88.11967005158382,81.10564098754168,88.24699003365497,82.59010231256528,88.24699003365497
9.0,48.00667922279149,88.35528422228067,107.72244427230567,47.85834566718744,88.35528422228067,107.72244427230567,47.85834566718744,88.35528422228067,107.72244427230567,12.516239451208977,112.9983406957819,114.06193493010716,12.516239451208977,112.9983406957819,114.06193493010716,12.516239451208977,99.351019119081,114.06193493010716,50.350024826210365,121.13267519542363,156.7167030025836,50.350024826210365,121.13267519542363,156.7964444749944,50.350024826210365,121.13267519542363,156.48682053131503,18.138529433225838,116.0393252307165,166.59869447267587,18.138529433225838,116.0393252307165,166.59869447267587,18.138529433225838,86.2735475102305,116.53379338200573,58.01966261535825,98.51660393050503,98.66494438249079,37.84535968913494,98.51660393050503,98.51660393050503,58.01966261535825,98.36826851175128,98.51660393050503,10.098576632377457,95.95035825884133,131.7388515207264,10.098576632377457,95.95035825884133,131.7388515207264,10.098576632377457,95.95035825884133,153.3431609169447,68.03264841236154,103.95010822505189,139.30407388156314,68.03264841236154,103.95010822505189,139.30407388156314,68.03264841236154,102.88646655415862,139.30407388156314,10.098576632377457,90.94386317943614,141.8507137803684,10.098576632377457,90.94386317943614,141.8507137803684,10.098576632377457,90.94386317943614,141.8507137803684,77.89731221293839,86.27262746665365,77.89731221293839,86.27262746665365,93.80680279169522,94.12574700898793,93.80680279169522,94.12574700898793,68.5975582655826,86.98868460897658,68.74068118661613,86.98868460897658,82.6627183196875,96.80225333121125,82.6627183196875,96.80225333121125,75.74711215617398,126.64566711893463,75.74711215617398,126.64566711893463,73.18747331340248,134.28560980239095,73.33581151115735,119.08033002977444
10.0,48.296389616616274,88.59052573497914,96.02841376384387,48.00058593392376,88.59052573497914,96.02841376384387,48.00058593392376,88.59052573497914,96.02841376384387,12.564682646211166,113.31206908357115,138.56992819511743,12.564682646211166,113.31206908357115,138.56992819511743,12.564682646211166,99.66757245965209,138.56992819511743,50.51361202685866,121.4500926306769,156.96058422419304,50.51361202685866,121.4500926306769,156.96058422419304,20.307418595183385,121.4500926306769,156.96058422419304,18.039020206208537,116.35344859521784,167.07071855953694,18.039020206208537,116.35344859521784,167.07071855953694,18.039020206208537,86.51661690103236,116.93000042760626,58.18501740138951,95.11614610569542,98.83218731769523,58.18501740138951,95.11614610569542,98.68455426255925,58.18501740138951,95.11614610569542,98.68455426255925,10.123055368810347,96.21053086850732,132.13676626889279,10.123055368810347,96.21053086850732,132.13676626889279,10.123055368810347,96.21053086850732,132.13676626889279,68.22156000854861,104.1879311628751,139.6983357094851,68.22156000854861,104.1879311628751,139.6983357094851,68.22156000854861,103.20186529322035,139.6983357094851,10.123055368810347,91.17982918387158,142.2467047069984,10.123055368810347,91.17982918387158,142.2467047069984,10.123055368810347,91.17982918387158,142.2467047069984,78.11018659560352,133.12259387496925,78.11018659560352,133.12259387496925,86.87842798992165,88.55546990446157,86.87842798992165,88.55546990446157,68.76136269737533,77.40617707909364,68.83815257544322,77.40617707909364,82.89828104369836,83.28884228994902,82.89828104369836,83.28884228994902,71.23476152834372,127.03985595079995,71.23476152834372,141.7537477458709,70.3489605466918,134.601727329184,70.3489605466918,134.10863134041745
11.0,48.454063297106465,88.54683082979311,88.9878713645854,48.131655383957025,87.01713193388989,88.95828376267158,48.131655383957025,87.01713193388989,88.95828376267158,12.591515000189611,113.66012933302513,114.73502080881843,12.591515000189611,113.66012933302513,114.73502080881843,12.591515000189611,78.96306889932787,114.73502080881843,50.60261850932222,121.79952791369924,157.39798283332604,50.60261850932222,121.79952791369924,157.39798283332604,20.387036322133728,121.79952791369924,157.39798283332604,18.09257444367716,116.79308626798078,167.59512224405577,18.09257444367716,116.79308626798078,167.59512224405577,18.09257444367716,86.78493532866173,117.28437662365776,58.36879517344863,87.78198135152793,88.54683082979311,58.36879517344863,87.78198135152793,87.78198135152793,58.36879517344863,87.78198135152793,87.78198135152793,10.002312232679001,96.49821889548014,126.78968806649853,10.002312232679001,96.49821889548014,126.78968806649853,10.002312232679001,96.49821889548014,126.78968806649853,68.43099626631194,104.53767263527537,140.13609456524753,68.43099626631194,104.53767263527537,140.13609456524753,68.43099626631194,103.55493711069502,140.13609456524753,10.002312232679001,91.4671047426341,142.68540570079338,10.002312232679001,91.4671047426341,142.68540570079338,10.002312232679001,91.4671047426341,142.68540570079338,70.4844397721937,133.5631872935054,70.4844397721937,133.5631872935054,72.25493927753313,72.25493927753313,72.25493927753313,72.25493927753313,68.93928488169863,69.19578202462921,68.93928488169863,69.19578202462921,79.51563525496103,80.13349018980766,79.51563525496103,80.13349018980766,62.98294411981707,127.38965813597272,62.98294411981707,127.38965813597272,63.86521940774963,135.03749479311293,63.86521940774963,135.03749479311293
12.000000000000002,48.627885518496484,81.50350452587914,81.50350452587914,48.30384301481612,81.47119889875195,81.50350452587914,48.30384301481612,80.73881501483658,84.55058397196319,12.503649467255551,114.04220709895087,115.1222176645325,12.503649467255551,114.04220709895087,115.1222176645325,12.503649467255551,79.22165897025889,115.1222176645325,50.79493084944599,122.28092655847846,151.33613249980985,50.79493084944599,122.28092655847846,151.33613249980985,50.79493084944599,122.28092655847846,149.27533285844652,18.035277929657752,117.18201653837504,168.17141552594484,18.035277929657752,117.18201653837504,168.17141552594484,18.035277929657752,87.18156341796126,117.67168308475918,58.57082251428607,79.0746877957795,79.22165897025889,58.57082251428607,79.0746877957795,79.13527184511341,58.57082251428607,79.0746877957795,79.10484340418101,10.031512847023622,96.8431528297174,117.98357936594397,10.031512847023622,96.8431528297174,117.98357936594397,10.031512847023622,96.8431528297174,117.98357936594397,68.66076936650214,104.92437752972376,149.27533285844652,68.66076936650214,104.92437752972376,151.33613249980985,68.66076936650214,103.84423431274362,140.61694421370422,10.031512847023622,91.78314796301116,143.16642413638752,35.154604961512504,91.78314796301116,143.16642413638752,35.154604961512504,91.78314796301116,143.16642413638752,60.24745845261856,133.94821760665573,60.24745845261856,133.87354107515046,72.48500707042801,72.48500707042801,72.48500707042801,72.48500707042801,63.7504901941938,64.90832958873615,63.7504901941938,64.90832958873615,73.93836115305776,74.58884802703417,73.93836115305776,74.58884802703417,58.579657305245476,127.86956244548583,58.579657305245476,127.86956244548583,58.717767753892005,120.22115038544591,58.717767753892005,120.22115038544591
13.0,48.78494901093984,75.51073599164557,75.51073599164557,48.49212564942889,75.51073599164557,75.51073599164557,48.49212564942889,75.51073599164557,84.21060651723154,12.535998165283848,106.66126288395427,108.23643102024383,12.535998165283848,106.17497351071015,108.23643102024383,12.535998165283848,79.53487442625405,108.23643102024383,51.00612708292995,122.70136511058058,140.61694421370422,51.00612708292995,122.70136511058058,138.5554942974114,20.540965167196987,122.70136511058058,138.5554942974114,66.40877201093241,117.6036776635833,168.79906694054918,18.06768524188973,117.6036776635833,168.79906694054918,18.06768524188973,87.50785679011913,118.0915958059675,58.790911287375025,75.51073599164557,75.51073599164557,58.790911287375025,74.89229766805128,74.89229766805128,58.790911287375025,74.89229766805128,74.89229766805128,61.23133389041921,97.18755707393822,97.3339932911416,61.23133389041921,97.18755707393822,97.3339932911416,61.23133389041921,97.18755707393822,97.3339932911416,68.91067587827011,105.3476387965103,140.61694421370422,68.91067587827011,105.3476387965103,140.61694421370422,68.91067587827011,104.26228944349917,138.5554942974114,10.096348349774782,92.12766278376978,143.6893350252551,36.810409533174166,92.12766278376978,143.6893350252551,36.810409533174166,92.12766278376978,143.6893350252551,60.46665403344227,134.46979214678663,60.46665403344227,133.98180846667208,69.18049761312793,140.1646353400172,69.18049761312793,140.1646353400172,51.25798718248698,60.08478384749336,59.75810614468969,60.08478384749336,61.41039203587614,61.556772576216176,61.4433580625278,61.556772576216176,51.25798718248698,119.02993321009636,51.25798718248698,119.02993321009636,53.75454631935796,119.02993321009636,53.75454631935796,119.02993321009636
14.0,48.98791942918172,110.90142018928341,110.90142018928341,48.69631659581656,110.90142018928341,110.90142018928341,48.69631659581656,110.90142018928341,110.90142018928341,43.748728552953395,79.8398161946782,79.8398161946782,43.748728552953395,79.8398161946782,79.8398161946782,43.748728552953395,79.8398161946782,79.8398161946782,51.2359736903672,123.15285217972014,130.9126617252892,51.2359736903672,123.15285217972014,129.3353200019237,51.2359736903672,123.15285217972014,129.3353200019237,66.6380146763092,118.0577189344263,158.80530532699467,18.069310999592652,118.0577189344263,158.80530532699467,18.069310999592652,66.88763899256722,158.80530532699467,59.02885946721315,100.2133037575351,100.2133037575351,59.02885946721315,100.06748347989969,100.2133037575351,59.02885946721315,100.06748347989969,100.2133037575351,61.50265238182822,97.59370497117116,97.73953268764896,61.50265238182822,61.794265510644266,97.73953268764896,61.50265238182822,97.59370497117116,97.73953268764896,69.21561420662248,105.68881208529122,130.9126617252892,69.21561420662248,105.68881208529122,130.9126617252892,69.21561420662248,104.71688020562874,130.9126617252892,10.131942064579722,92.50033108048858,144.25368279527564,37.891110435034754,92.50033108048858,144.25368279527564,37.891110435034754,92.50033108048858,143.88580541526673,56.15461913324673,128.85117384020992,56.15461913324673,128.85117384020992,64.5224088979945,131.39682264042764,64.5224088979945,131.39682264042764,51.46169692110822,106.77839200887041,51.46169692110822,106.77839200887041,61.648448885596466,61.794265510644266,61.648448885596466,61.794265510644266,82.04038639596963,111.26601008394253,82.16776283920599,111.26601008394253,50.11537937599595,136.6112184265992,50.11537937599595,111.75027964170827
14.999999999999998,49.13787999089908,90.2818711037825,111.39176360934411,48.91621663620357,67.77950464557851,111.39176360934411,48.91621663620357,66.50305444113074,111.39176360934411,43.930925895091264,80.20393537726189,80.20393537726189,43.930925895091264,80.20393537726189,80.20393537726189,43.930925895091264,80.20393537726189,80.20393537726189,51.48422088368435,119.06143372225954,159.89879611804463,51.48422088368435,119.06143372225954,159.89879611804463,20.72091334859542,119.06143372225954,124.14759361340839,66.88142492501187,118.5437682883415,150.72367100094132,66.88142492501187,88.302555172543,149.6266186211531,18.063948903824986,67.17898666994017,119.15378718278325,59.284452008937386,100.650167660069,100.650167660069,59.284452008937386,100.50498121983804,100.650167660069,59.284452008937386,100.50498121983804,100.650167660069,61.75820795651376,92.99957661193947,93.47329163991178,61.75820795651376,62.08632095719636,93.47329163991178,61.75820795651376,92.99957661193947,93.47329163991178,69.50756253818716,106.17497351071015,177.48415422228544,69.50756253818716,106.17497351071015,177.48415422228544,69.50756253818716,105.20753300025622,122.70136511058058,41.45716162498344,92.90081404379619,144.98491300821613,41.45716162498344,92.90081404379619,144.98491300821613,41.45716162498344,92.90081404379619,144.37494588743576,52.53181179057125,117.09237806108474,52.53181179057125,117.09237806108474,50.77151021980733,119.15378718278325,50.77151021980733,119.15378718278325,51.61516250095509,88.86211931976413,51.61516250095509,107.26893772197057,59.84652245536076,60.46479347521167,59.84652245536076,60.46479347521167,82.53251631932713,129.46090143359885,82.53251631932713,129.46090143359885,90.2818711037825,136.64598420736704,90.2818711037825,90.42704932706805
16.0,49.29605714456279,90.7112520583858,111.91570488541811,49.11131488771197,90.7112520583858,111.91570488541811,49.11131488771197,90.7112520583858,111.91570488541811,44.16538520153538,80.59433137634433,80.59433137634433,44.16538520153538,80.59433137634433,80.59433137634433,44.16538520153538,80.59433137634433,80.59433137634433,51.750603861211125,111.85090522655595,160.6801947969942,51.750603861211125,111.85090522655595,142.48026179088808,51.750603861211125,122.83576433596203,160.6801947969942,67.27276566337972,119.19574237362676,142.07084500347,67.27276566337972,88.50489393248263,142.07084500347,67.27276566337972,88.77006815362935,119.67716991974702,59.557461749137694,100.97267575933598,101.1171906749787,59.557461749137694,101.1171906749787,101.1171906749787,59.557461749137694,101.1171906749787,101.1171906749787,62.07073585837371,87.99370005858374,88.13754166074749,62.07073585837371,87.99370005858374,87.99370005858374,62.07073585837371,87.99370005858374,89.33107661950571,69.81891756537048,106.49002300685262,142.96197046767367,69.81891756537048,106.69641512253352,142.96197046767367,69.81891756537048,105.59888730474388,115.49080049943372,41.652085782107,93.328753607878,142.07084500347,41.652085782107,93.328753607878,142.07084500347,41.652085782107,93.328753607878,140.01116026945851,42.599603871397676,113.9106009114165,42.599603871397676,113.9106009114165,51.00628637726923,119.67716991974702,51.00628637726923,134.79104198721814,49.50329534485558,89.2900120394213,49.50329534485558,89.2900120394213,56.385337189733995,56.85939895918704,56.385337189733995,56.85939895918704,82.92280295552003,129.98124864764148,82.92280295552003,129.98124864764148,90.7112520583858,90.85574417723956,90.7112520583858,90.85574417723956
17.0,49.54600135227867,91.1684772824467,112.47277448342777,54.86197453610286,91.1684772824467,112.47277448342777,49.35945957969961,91.1684772824467,112.47277448342777,44.37376758852013,80.96784083819946,80.96784083819946,44.37376758852013,80.96784083819946,80.96784083819946,44.37376758852013,80.96784083819946,80.96784083819946,51.890509729622046,105.63439307346826,161.51354432368822,51.890509729622046,105.63439307346826,161.51354432368822,20.926209642455557,123.39215939434726,161.51354432368822,67.55090672966574,119.75234861997488,120.23154744076115,67.55090672966574,88.7980362958551,120.23154744076115,67.55090672966574,67.82165030430916,120.23154744076115,57.64031792070547,101.47014955148138,101.61395696458239,57.64031792070547,101.47014955148138,101.61395696458239,57.64031792070547,101.47014955148138,101.61395696458239,62.36185733282805,62.692194490223415,84.01961824478852,62.36185733282805,62.692194490223415,84.01961824478852,62.36185733282805,62.692194490223415,84.01961824478852,70.19206685943931,106.1113801625443,143.7936890131135,70.19206685943931,105.63439307346826,143.7936890131135,70.19206685943931,105.63439307346826,143.7936890131135,41.85954192295945,93.82646881344304,133.94075182706717,41.85954192295945,93.82646881344304,133.94075182706717,41.85954192295945,93.82646881344304,133.94075182706717,80.34996110764459,108.16942728886013,80.34996110764459,108.16942728886013,51.25579235559626,120.23154744076115,51.25579235559626,120.23154744076115,46.77703763600256,89.74620465512733,46.77703763600256,89.74620465512733,53.22876337094447,108.21102069567591,53.22876337094447,108.21102069567591,83.33826402079659,130.6718217520518,83.33826402079659,130.6718217520518,91.13367242682585,113.43114651628979,91.13367242682585,113.43114651628979
18.0,49.810955120334725,91.65313006111684,113.06248272526126,55.17115414779719,91.65313006111684,113.06248272526126,49.622688863059395,91.65313006111684,113.06248272526126,44.59379160824968,81.15991159433331,154.96975511369953,44.59379160824968,81.15991159433331,81.15991159433331,44.59379160824968,81.15991159433331,81.15991159433331,52.18357021132226,101.93606452085541,162.39804493897086,52.18357021132226,88.95044266331675,162.39804493897086,52.18357021132226,120.79993791389133,162.39804493897086,67.99356587207352,120.33962356597264,120.96745430073331,67.99356587207352,89.28169605243843,120.96745430073331,67.99356587207352,68.21760220060507,135.0448999407234,54.64417855545089,101.99696686666717,102.18518116635111,58.588874797183124,101.99696686666717,102.18518116635111,54.64417855545089,101.99696686666717,102.18518116635111,62.71444211662892,63.0004464269897,63.0004464269897,62.71444211662892,63.0004464269897,63.0004464269897,62.71444211662892,63.0004464269897,63.0004464269897,70.54378959199738,101.93606452085541,144.5307060800576,70.54378959199738,101.93606452085541,144.5307060800576,70.54378959199738,106.73858252759402,144.5307060800576,42.07934469546787,94.31058397656119,127.28167582177727,42.07934469546787,94.31058397656119,127.28167582177727,42.07934469546787,94.31058397656119,127.28167582177727,80.64679937852462,137.10260756090673,80.69226264023088,80.78979669487973,51.41883166700698,120.95712050144051,51.41883166700698,120.95712050144051,44.208667136659976,90.23026792601249,44.208667136659976,90.23026792601249,39.89619342744368,52.98430192047452,39.89619342744368,108.79625453111886,83.77852499298373,131.40633546370586,83.65180810956808,130.92984762841513,86.28279811179051,133.60623114211404,75.89878128138818,133.4489602807006
19.0,50.090680270884725,92.16477770818959,113.2281987845784,49.94853601458204,92.16477770818959,113.2281987845784,49.94853601458204,92.16477770818959,92.30699458870926,44.87294563542714,75.47944256550919,155.90101025971578,44.87294563542714,75.47944256550919,155.90101025971578,44.87294563542714,75.47944256550919,155.90101025971578,52.49404728157279,96.9713166353845,163.33286564558892,52.49404728157279,95.10668351908818,163.33286564558892,52.49404728157279,114.1714719183387,163.33286564558892,68.30538046157126,119.55176703001926,120.6611992315674,68.30538046157126,89.98581138157282,120.6611992315674,68.30538046157126,68.58995006558904,120.6611992315674,51.949073620229264,102.60027412244081,102.74249972625739,58.96097226131876,102.60027412244081,102.74249972625739,51.949073620229264,102.60027412244081,102.74249972625739,63.04007653865912,63.37220408033793,63.37220408033793,63.04007653865912,63.37220408033793,63.37220408033793,63.04007653865912,63.37220408033793,63.37220408033793,70.96165337701764,96.9713166353845,145.3070025841838,70.96165337701764,103.02832741532787,145.3070025841838,102.88627823961755,107.35979228742947,145.3070025841838,42.35913419795074,94.8686262681188,120.6611992315674,42.16907931174215,94.8686262681188,120.6611992315674,42.16907931174215,94.8686262681188,120.6611992315674,81.06504332941543,137.8753966449417,81.06504332941543,137.8753966449417,48.43780806353648,114.80908065131433,48.43780806353648,114.80908065131433,71.62838124654222,90.74175582387636,33.77315872109092,90.74175582387636,40.12955581613133,40.12955581613133,40.12955581613133,40.12955581613133,82.02771635246224,128.0942036159326,82.02771635246224,125.40384762837223,76.32163028919128,124.27841727347513,76.21105562843228,124.27841727347513
20.0,50.02640552748118,92.70297325328892,108.05843326645079,53.23045415924985,92.70297325328892,92.8945167918968,49.55235867241841,92.70297325328892,92.8945167918968,45.11797036658453,72.23531857754902,72.23531857754902,45.11797036658453,72.23531857754902,72.23531857754902,45.11797036658453,72.23531857754902,72.23531857754902,52.82163382554538,89.9988124921657,164.31714761399675,52.82163382554538,94.68939354542303,164.31714761399675,21.25479357697929,108.5270703557412,164.31714761399675,68.79771071772664,113.9106009114165,115.02228045035449,68.79771071772664,90.48326502729662,115.02228045035449,68.79771071772664,69.03137873460155,115.02228045035449,49.55235867241841,103.23689384130073,103.37824360086603,59.44591028826121,103.23689384130073,103.37824360086603,49.55235867241841,103.23689384130073,103.37824360086603,63.4314689251321,63.76438073093786,138.21767253140968,63.4314689251321,63.76438073093786,138.21767253140968,63.4314689251321,63.76438073093786,138.21767253140968,71.4025997425864,92.3191813763532,146.2895245737028,71.4025997425864,103.67078301045093,146.2895245737028,103.95319259166598,108.01446662368889,146.2895245737028,42.60541338844162,95.40713416720995,95.59867284643653,42.413809661477,95.40713416720995,95.59867284643653,42.413809661477,95.40713416720995,95.40713416720995,81.55345639517678,138.85649066572293,81.44399916507048,138.85649066572293,46.18161160028957,98.58555294768092,46.18161160028957,98.58555294768092,34.018763205031426,91.28020732886182,34.018763205031426,91.28020732886182,40.37550309284084,87.11300850045302,40.37550309284084,87.20361947763406,78.22158429743033,117.02830854113888,78.22158429743033,117.02830854113888,76.81091231068669,122.45458341769,76.81091231068669,122.45458341769
21.0,47.7849479438871,93.31983310100806,102.12923797816175,53.050506595130635,93.31983310100806,102.12923797816175,35.055259947688306,93.31983310100806,102.12923797816175,45.42660288861583,68.87148357629593,68.87148357629593,45.42660288861583,68.87148357629593,68.87148357629593,45.42660288861583,68.87148357629593,68.87148357629593,53.166013580105854,88.7313712843434,165.35000755972163,53.166013580105854,94.33086053885017,165.35000755972163,53.166013580105854,105.54037734440786,165.35000755972163,69.14206389745681,69.44343921494671,109.88687364740159,69.14206389745681,91.16280080164277,109.88687364740159,69.14206389745681,69.44343921494671,109.88687364740159,47.45088249969646,101.79514354820665,102.60290566060982,59.77052994578515,101.79514354820665,102.12923797816175,47.31126979906584,101.79514354820665,102.12923797816175,63.8430203702801,64.17660204467045,139.0741708585746,63.8430203702801,64.17660204467045,139.0741708585746,63.8430203702801,64.17660204467045,139.0741708585746,71.86620380957936,88.7313712843434,147.15000849473302,71.86620380957936,104.00015024027608,147.15000849473302,103.86029679333677,104.19424768191381,147.15000849473302,42.86340222147561,96.02349321910758,96.21661109184838,42.72301780071253,96.02349321910758,96.02349321910758,42.72301780071253,96.02349321910758,96.02349321910758,82.11900663062114,136.16396366146222,81.95806854727606,136.16396366146222,44.08022515822713,99.2538223445324,44.08022515822713,99.2538223445324,34.2258126273139,87.44993567750636,34.2258126273139,87.44993567750636,40.633806737739945,87.52631747080417,40.633806737739945,87.52631747080417,69.44343921494671,117.31634583467046,69.44343921494671,117.31634583467046,74.72025327847865,116.85086649229436,74.72025327847865,109.81404737099895
22.0,46.17137912170265,93.91203996293554,94.10662171175841,51.68680924568666,93.91203996293554,94.10662171175841,29.595459955878365,93.91203996293554,99.37570754465096,45.75086064764246,45.75086064764246,121.30591494234731,45.556187834365595,45.75086064764246,121.30591494234731,45.556187834365595,45.75086064764246,121.30591494234731,53.526862415052875,128.7347078297069,166.4305410674375,59.288247148992355,91.4370890284681,166.4305410674375,90.31775157741694,100.93010576631731,166.4305410674375,69.68231482951754,69.92872263955634,104.47524228256185,69.68231482951754,91.71031157945109,104.47524228256185,69.68231482951754,69.92872263955634,104.47524228256185,40.43063504324412,97.81754060494467,97.81754060494467,59.42963276009704,97.4829792835652,97.81754060494467,40.235944750931345,97.4829792835652,100.4297328981811,64.27434363725544,64.60848434996753,140.1539332305733,64.27434363725544,64.60848434996753,140.1539332305733,64.27434363725544,64.60848434996753,140.1539332305733,72.35203003371778,109.42177571214972,148.23165991109997,72.35203003371778,100.93010576631731,148.23165991109997,100.93010576631731,100.4297328981811,148.23165991109997,43.13289058247778,96.66944320725139,96.86406067267674,42.99338611926258,96.66944320725139,96.66944320725139,42.99338611926258,96.66944320725139,108.2156411984885,82.49621203425039,121.77078877957554,82.49621203425039,121.77078877957554,76.39087805490914,99.43297365562393,76.39087805490914,99.43297365562393,39.149281602604155,83.69442185713454,34.442070930767215,83.69442185713454,87.88131200659217,88.11813803071419,87.88131200659217,88.11813803071419,69.92872263955634,134.11981583643782,69.92872263955634,111.75027964170827,71.65989987433697,110.53562774056155,71.65989987433697,110.53562774056155
23.0,44.23766777306416,93.95084486049075,94.2857690746594,50.77638476693669,93.95084486049075,93.95084486049075,29.821154404214468,93.95084486049075,98.77639520654719,46.032773650954375,46.032773650954375,151.26673461141417,45.894239834645916,46.032773650954375,122.05787561644681,45.894239834645916,46.032773650954375,122.05787561644681,53.90384958423656,129.67314679608882,167.55782583932032,59.68275504699829,90.36557004744671,167.55782583932032,90.66361591068382,97.71397673823331,167.55782583932032,70.2404530879464,70.4365405879647,100.33245362294296,70.2404530879464,92.27895886928937,100.33245362294296,70.2404530879464,70.4365405879647,100.33245362294296,40.71346521729635,93.95084486049075,94.2857690746594,56.94125262057377,93.95084486049075,93.95084486049075,40.51735739161674,93.95084486049075,100.88662572412659,62.37086659651283,63.32283355946731,141.0961551566874,62.37086659651283,63.32283355946731,141.0961551566874,27.201953054881923,63.32283355946731,141.0961551566874,72.85963388598654,110.1731591632009,149.17313766224802,72.85963388598654,110.1731591632009,149.17313766224802,96.07737116511878,95.44674562288648,149.17313766224802,43.4711542289827,97.34439506206816,97.54043392357858,43.27506499128569,97.34439506206816,97.34439506206816,43.4711542289827,97.26346307838313,110.82700483185495,80.04527625038219,122.71155202343421,79.83498606500787,122.71155202343421,76.89815504938983,95.42812085543757,76.89815504938983,95.42812085543757,40.24041811412998,73.66733502713396,34.66736577820703,73.66733502713396,88.59814473226852,88.73669618596355,88.59814473226852,88.73669618596355,69.09425627358615,135.0578579720558,69.09425627358615,86.64814625830145,69.09425627358615,127.63473273368812,69.09425627358615,127.63473273368812
24.000000000000004,42.59273705692087,90.25046398772696,117.65468541456391,50.81669263145724,90.25046398772696,117.65468541456391,45.436769251345325,94.86151089878338,117.65468541456391,46.38481702022764,46.38481702022764,123.0370879044201,46.24733776121605,46.38481702022764,123.0370879044201,46.24733776121605,46.38481702022764,123.0370879044201,54.29663893833577,130.6526884530127,163.45221014106846,60.15289893263665,90.5667778492754,163.45221014106846,90.84137961303759,98.48622365590022,163.45221014106846,70.64435575472396,70.90646127117047,179.6959237155924,70.64435575472396,90.7221651527343,96.49472135821732,70.64435575472396,70.90646127117047,96.49472135821732,41.00806323151582,84.53701112530534,84.53701112530534,54.74619849816058,90.4141097948766,90.4141097948766,40.81061442811171,84.3995630912862,101.77591193401315,59.910401851431445,60.71730601731272,142.07612396176918,27.437497152619443,60.71730601731272,142.07612396176918,27.437497152619443,60.71730601731272,142.07612396176918,73.38856348233013,110.95550910162144,150.35000831393393,73.38856348233013,110.95550910162144,150.35000831393393,92.36352770439206,92.98868882826555,163.45221014106846,43.765183079703895,96.15953540861145,153.04125260856955,43.6277004894826,96.15953540861145,153.04125260856955,43.765183079703895,96.15953540861145,153.04125260856955,77.22807941416126,121.61671348955291,77.22807941416126,120.04426267006683,77.4854905772687,91.72772890462295,77.4854905772687,91.72772890462295,40.96950085124299,74.19596518679434,37.048633578041716,74.19596518679434,89.22513659277861,89.44132853440851,89.22513659277861,89.44132853440851,66.4898582492097,136.03538142703906,66.4898582492097,136.03538142703906,62.77253579392822,128.4197220056172,62.77253579392822,128.4197220056172
25.0,40.960850210902606,86.98739132770909,118.47204311566506,50.9104728911449,91.17143878430349,91.17143878430349,45.60949736622845,95.26765584394316,134.30050260516526,46.67784538729268,46.751537407875695,124.05895775799505,46.61513970803906,46.751537407875695,124.05895775799505,46.61513970803906,46.751537407875695,124.05895775799505,54.70489009220291,93.26725711631065,157.55990924089795,60.58078284406698,93.26725711631065,157.55990924089795,88.80596826790416,163.66008982033463,162.0883246874987,71.25745575025816,71.51783868378573,181.121851249373,71.25745575025816,71.51783868378573,181.121851249373,71.25745575025816,71.51783868378573,90.14095212499144,41.23185964760745,85.14828976556134,107.09648103462597,52.84014808836175,89.34165461866037,107.09648103462597,40.62549999692311,85.0118300591159,107.09648103462597,57.73470576698213,58.40540428761709,140.3411023186009,27.621391166992296,58.40540428761709,140.3411023186009,27.621391166992296,58.40540428761709,140.3411023186009,73.9163378421848,111.97600189326283,151.577125582985,77.76201675625445,111.97600189326283,151.577125582985,88.80596826790416,111.97600189326283,157.55990924089795,44.132258609774325,92.62381578190352,154.26640917581506,43.933486658811866,92.62381578190352,154.26640917581506,44.132258609774325,92.62381578190352,154.26640917581506,74.50856494390426,117.08170224249389,74.50856494390426,117.08170224249389,78.09722306202698,126.74827414998596,78.09722306202698,126.74827414998596,55.006965468020496,74.77955101496666,55.006965468020496,74.77955101496666,37.47193950144561,88.3287962671291,87.78168943464235,88.3287962671291,68.6997543663731,134.30050260516526,64.04183203188366,134.30050260516526,79.57446983800772,129.4377263397345,79.53379784720455,129.4377263397345
26.0,39.61207202356373,84.22156048186235,119.53294524941649,50.9493498486487,92.54799430565743,92.54799430565743,45.92119608633904,95.43613702366623,129.8041794396467,46.997300454387805,47.13259222661109,125.12244003375254,46.997300454387805,47.13259222661109,125.12244003375254,46.997300454387805,47.13259222661109,125.12244003375254,55.1282595408199,94.02984233741967,152.16479553431537,61.08822513381773,94.02984233741967,152.16479553431537,85.5666187832615,162.00501535446364,163.1490882597877,71.89030706569558,72.09033395677952,182.60373763973178,71.89030706569558,72.09033395677952,182.60373763973178,71.89030706569558,72.09033395677952,88.91831223094599,39.61207202356373,83.88615052557842,107.98546777228869,50.9493498486487,86.24106475455878,107.98546777228869,39.27666291832848,84.6925690364863,107.98546777228869,50.34695869662834,56.5168669513801,135.39433149138853,27.8759977399913,56.5168669513801,135.39433149138853,27.8759977399913,56.5168669513801,135.39433149138853,71.21885284108416,112.82563981648852,152.16479553431537,75.23520618699732,112.82563981648852,152.16479553431537,85.5666187832615,112.82563981648852,156.41491297187747,44.514506062630865,89.72238433077891,155.5397859070148,44.514506062630865,89.38697472227146,155.5397859070148,44.514506062630865,89.38697472227146,155.5397859070148,65.44788957636449,69.47226964768029,65.44788957636449,71.1491127843489,78.73278383240363,127.80893943695801,78.73278383240363,127.80893943695801,55.45183721032153,95.37128105462355,55.45183721032153,95.37128105462355,66.45397843620802,85.22779036206441,84.63524679470132,85.22779036206441,69.27215349619209,122.21957699157693,61.749099183712794,129.8041794396467,80.2095458782806,129.8041794396467,80.172470337392,129.8041794396467
27.0,38.274550944459165,81.68081935191394,97.83916010473516,49.2088025662076,93.0837324670643,97.83916010473516,46.185996254276034,93.61736617743526,125.79000357739083,47.393472651832546,47.52763669697874,126.00248013432116,47.393472651832546,47.52763669697874,126.00248013432116,47.393472651832546,47.52763669697874,126.00248013432116,55.77872578322312,94.82046851814222,134.4995353151824,61.68201723355033,101.05976573295625,134.4995353151824,82.4160254440846,156.64809287061237,172.9598941951573,72.54923328333663,72.68339734767493,184.14023188863428,72.54923328333663,72.68339734767493,184.14023188863428,72.54923328333663,72.68339734767493,89.58812002715538,39.34363036121603,81.07919739365948,108.90769600905162,49.2088025662076,86.37219604710766,125.34602107765528,37.93917829895634,85.641695452624,126.23440497740701,28.14109539445826,54.77701388356251,130.4918579835539,28.14109539445826,54.77701388356251,130.4918579835539,28.14109539445826,54.77701388356251,106.22441456652044,68.99003551238395,113.70411162310711,146.8166373405957,75.50120032158429,113.70411162310711,146.8166373405957,74.15956613950759,149.4845309722715,152.16643848102643,44.844355832144586,86.64736724217303,156.86020846600962,44.844355832144586,86.64736724217303,156.86020846600962,44.844355832144586,86.31199945546389,108.710216861158,65.97519420206355,69.59781785372297,65.97519420206355,71.61027335515485,79.39160062626271,128.90936738654798,79.39160062626271,128.90936738654798,55.91288983767517,96.09516767246936,55.91288983767517,96.16210922187595,35.05397623665538,82.42066640109142,35.05397623665538,82.42066640109142,69.46384851129399,123.31919964060747,55.91288983767517,123.31919964060747,80.93448739567083,125.34602107765528,59.74342013979447,125.34602107765528
28.0,53.371446017510145,76.25113933575025,98.72604139739423,48.145677376063574,90.428044599007,98.72604139739423,46.59486291427414,90.428044599007,124.04485075971513,47.80330793993236,48.005741844075274,126.95717781992478,47.75065444577697,48.005741844075274,126.95717781992478,47.80330793993236,48.005741844075274,126.95717781992478,56.250555552812095,95.63844023194858,135.6378450138456,62.22966535343092,101.95305905170281,135.6378450138456,56.250555552812095,151.33943636739235,174.5512102507456,73.01797723848559,73.36587251576852,185.96135351195957,73.01797723848559,73.36587251576852,185.96135351195957,73.01797723848559,73.36587251576852,90.34216208393508,39.68527749682494,78.5619898551456,109.86232862086986,48.145677376063574,86.3813130833284,121.36978619079791,36.74617327015154,121.36978619079791,126.69500779430892,28.346626783446386,106.97708282618291,107.17943482776907,28.346626783446386,52.91971513528772,107.17943482776907,28.346626783446386,52.91971513528772,107.17943482776907,66.7804237782301,114.84173892796991,142.39952598235712,75.58727571489794,82.02168158481024,145.0452515596426,74.70730385979674,150.40154586971505,152.8696340023093,45.25341147361158,83.86522670332442,84.20045278975641,45.25341147361158,83.86522670332442,83.86522670332442,45.25341147361158,83.86522670332442,104.78383105231455,66.58927278473614,127.81285146650943,66.58927278473614,127.81285146650943,80.03487521074797,126.51729130834251,79.43579954906981,126.51729130834251,56.459111310753016,96.72447983835323,56.459111310753016,96.72447983835323,67.59534932227216,67.72836370384272,67.59534932227216,67.72836370384272,73.36587251576852,106.97708282618291,73.36587251576852,106.97708282618291,87.78168943464235,115.95958347631299,81.5176361286317,115.95958347631299
29.000000000000004,53.86493525476476,99.4397619164487,99.64319469988905,53.86493525476476,87.53248682632065,105.91874834041423,45.83537116681832,105.91874834041423,128.8434127148144,48.22645798729158,48.42991069576735,122.57905612297722,48.22473431756779,48.42991069576735,122.57905612297722,48.22645798729158,48.42991069576735,122.57905612297722,56.72411303846011,96.55462831993088,137.0515413995771,62.79547157239923,102.94771124216409,137.0515413995771,22.78741428947128,142.63809098554285,176.1976872719957,73.72330025168434,74.00071790192308,131.22547389893472,73.72330025168434,74.00071790192308,182.3639904147746,73.72330025168434,74.00071790192308,131.22547389893472,39.862341250859814,110.71671621756128,110.9201570950925,48.42991069576735,110.71671621756128,117.43136293171429,35.56439581941467,117.43136293171429,127.87347262039927,28.6293773945575,107.96121988936584,108.16679827932413,28.6293773945575,107.96121988936584,108.16679827932413,28.6293773945575,107.96121988936584,108.16679827932413,64.59198866732623,66.0586954912069,137.58679079039527,75.82028917117105,82.79952445515615,146.66841855014323,75.20978161117075,156.9637697049864,156.9637697049864,45.544826819299686,81.24054560378087,159.1983825294717,45.67653938292611,81.24054560378087,159.1983825294717,45.67653938292611,81.24054560378087,159.1983825294717,65.05375661712397,128.99079424517083,65.05375661712397,128.99079424517083,77.277592159694,122.57905612297722,77.277592159694,122.57905612297722,56.95350077036529,72.90594111593376,56.95350077036529,97.66588452474078,68.23046423702539,68.36224286841384,68.23046423702539,68.36224286841384,74.00071790192308,107.9633792079518,73.86894645248435,107.9633792079518,87.27067806543043,117.13934010399751,55.91852331741244,116.46083032504963
29.999999999999996,54.448243773330276,100.45930146084035,100.58979197711862,54.448243773330276,84.79611577189134,106.95310304053828,44.403673834492565,116.12762375937949,121.70918206939031,48.73649813025142,49.01546949688434,119.1118172139104,48.71473083164886,49.01546949688434,119.1118172139104,48.73649813025142,49.01546949688434,119.1118172139104,57.21123141481924,97.50121153093433,97.70568688669047,63.45310276101556,103.82649589579724,104.22037348810451,23.079780111604183,144.16180145933248,177.89779369064698,74.45216585163926,74.72838316195526,132.43913696487152,74.45216585163926,74.72838316195526,132.43913696487152,74.45216585163926,74.5978970883228,132.43913696487152,39.69604829198997,111.80872618002586,111.93925249884421,71.69913702409535,84.79611577189134,116.99626062400456,34.52428493104528,115.12561074756563,153.41161950778044,28.921812702526097,28.921812702526097,109.18562748823673,28.921812702526097,33.44445021225495,109.18562748823673,28.921812702526097,36.04762474837975,109.18562748823673,62.857974832156344,77.48200597558119,133.68853727975335,74.78707274656496,83.4723382324947,158.42387761950533,74.78707274656496,158.42387761950533,158.42387761950533,45.98289083996351,78.77192551918482,160.65685481796288,46.113352187842516,78.77192551918482,160.65685481796288,46.113352187842516,78.77192551918482,160.65685481796288,88.34378868941495,130.20608664728388,63.105001782743024,130.20608664728388,74.93885007124142,106.76697171878577,74.93885007124142,106.76697171878577,60.49492747330142,72.64964728063035,57.332288023416616,74.41156664121513,68.8861833026043,69.0906741174234,68.8861833026043,69.0906741174234,81.01756753939235,83.81423655919082,74.5978970883228,141.75022045838236,86.21053444910314,106.95310304053828,48.86697504450219,106.95310304053828
31.0,54.9750511595942,101.43577401489082,110.18360245517478,54.9750511595942,84.43048175866343,108.17303846153162,54.9750511595942,119.36551009399658,122.28092655847846,48.10734091591428,90.08926822879626,114.89084493553,47.90110906858003,89.93654012691393,115.01885171570788,47.90110906858003,89.93654012691393,115.09707316000697,57.933507143966345,98.4773133772444,179.65000695797372,71.18199386080724,104.95804518949464,179.65000695797372,23.306785492641406,139.77347745548866,145.60434402860375,75.20388952707167,75.47884637433192,133.94261831097674,75.20388952707167,75.47884637433192,133.94261831097674,75.20388952707167,75.34965991960415,133.94261831097674,39.20499011605538,109.8494253512507,109.8494253512507,72.0041405059459,96.21170017206848,120.4808076002149,33.494869010043914,113.70356194948336,149.1228520381769,29.22364197015834,29.22364197015834,110.97673742726445,29.22364197015834,32.9544572099132,110.97673742726445,29.22364197015834,35.91255003477197,110.18196880615267,61.140207719634056,78.30811739532498,129.8292147399806,72.59666831198247,84.43048175866343,159.92693644286445,72.59666831198247,159.92693644286445,194.91568690077256,46.43426805711489,76.58561385795639,76.91980401691102,46.63974967771589,76.58561385795639,76.91980401691102,46.63974967771589,76.58561385795639,76.91980401691102,89.096155921566,131.37018307058875,79.2346199587024,131.37018307058875,72.88093886607115,107.89270712147322,72.88093886607115,107.89270712147322,62.383140751328,88.7762425990197,62.58874699177161,88.7762425990197,58.91201065996644,114.7628914327275,58.91201065996644,114.7628914327275,81.29065905748335,93.48388230064046,75.34965991960415,128.11176760938082,85.53795210314541,136.85804689531412,81.12105152178441,136.85804689531412
32.0,55.51672045429196,102.51844346262774,102.72475967360546,42.55627157070976,85.23307016645592,108.33764927300204,41.96851498444995,126.4876476182556,126.4876476182556,46.834722695880245,90.94237873510896,91.07019957153932,46.501088696932676,90.94237873510896,91.07019957153932,46.501088696932676,90.94237873510896,91.07019957153932,58.486109461991056,99.56051551694577,181.71440504263828,70.68398863957806,105.88900438666896,181.71440504263828,58.486109461991056,140.6382771509947,147.15680412403634,74.21537071254174,74.75607834818517,135.23359419907467,74.21537071254174,74.75607834818517,135.23359419907467,18.03902020620854,74.42245124960613,135.23359419907467,44.1470412372109,68.80840246655927,90.94237873510896,71.82925065737496,109.0344727597653,144.87969146847325,44.01944172749127,113.86872375678934,144.87969146847325,29.53457719352014,29.53457719352014,111.75558710865421,29.53457719352014,32.60369994341133,111.75558710865421,29.53457719352014,35.76753066679331,111.34289941437666,59.440095894942836,79.08151648773561,120.65705532624273,70.68398863957806,85.23307016645592,161.73319078037136,70.68398863957806,161.73319078037136,189.40201952460802,46.89857407213998,74.42245124960613,74.75607834818517,47.10489624232284,74.42245124960613,74.75607834818517,47.10489624232284,74.42245124960613,74.75607834818517,90.128380657815,127.12444690145165,59.65070200760423,127.12444690145165,57.67855970809257,109.05324960770311,57.67855970809257,109.05324960770311,62.59198231403124,89.70298211319398,63.12289600454022,89.70298211319398,70.33552622963732,96.2685112069362,70.33552622963732,96.2685112069362,80.76389199388548,100.5278133155198,76.12355909966375,100.5278133155198,84.66148032015504,135.44602245913313,78.87468700413332,134.75579764893234
33.0,56.15341708213312,103.63236101720351,103.83949754308328,56.15341708213312,105.12811826528619,111.40108280443238,56.15341708213312,113.9735989165912,141.10324234403686,45.575939375947044,91.8978032925706,92.10494693554739,45.368119313015384,91.8978032925706,92.10494693554739,45.368119313015384,91.8978032925706,92.10494693554739,57.75919840163989,100.59516017184922,183.573214277029,68.79172370278273,107.08387483650374,183.573214277029,57.75919840163989,142.23440160523754,148.75357138569817,72.20167068704158,72.7424996133622,136.82698929670272,72.20167068704158,72.7424996133622,136.82698929670272,18.076400360691284,72.7424996133622,136.82698929670272,44.62607141570945,91.69068246010605,104.0278388221153,71.99382786044926,109.91392655164313,141.66553921119984,44.49984550534979,114.1134797033199,145.57000034347737,29.854333856242715,29.854333856242715,154.58209792857645,29.854333856242715,32.26307874335616,154.58209792857645,29.854333856242715,35.63328850948225,154.58209792857645,57.75919840163989,79.95612077883719,121.98616724858601,68.79172370278273,86.19226328389341,163.59439171316356,45.55902764546232,163.59439171316356,189.67109690197924,47.45609813290596,72.53465551031452,162.73636655646456,47.582520425046845,72.53465551031452,162.73636655646456,47.582520425046845,72.7424996133622,162.73636655646456,48.663962539028816,90.38200180345642,48.663962539028816,93.37936736774351,58.3163463361689,136.13642054938862,58.3163463361689,108.68744752730187,62.59198231403124,90.42928867352657,63.13280644799501,90.5995653963086,22.112920431277274,97.22436037331384,22.653724859280864,97.22436037331384,80.43923949168092,130.72920484727197,76.86127926335861,130.72920484727197,84.39902991148654,132.08945832275944,76.86127926335861,130.97948312617515
34.0,56.808329054813775,101.41514310003215,101.62369925366818,56.808329054813775,87.17807207090553,112.68050519056081,56.808329054813775,112.68050519056081,137.3703934623469,44.78812621666595,92.75320075339718,92.96110073573784,44.45583482513853,92.83612578086183,93.16901979735539,44.12359062905012,92.83612578086183,92.96110073573784,56.099242419127194,101.71836117437205,179.80857877198184,66.79776380987614,108.18738951467495,179.80857877198184,24.025533292728383,143.87538010375508,150.39323455528177,70.33584612414923,70.87662696545314,138.4670538431435,70.33584612414923,70.87662696545314,138.4670538431435,18.57609350751659,70.87662696545314,138.4670538431435,45.11797036658453,92.75320075339718,116.88268156574779,70.25102312422217,111.43238420674663,137.3703934623469,44.91003507012658,112.68050519056081,148.1861160837951,30.18263159500841,30.18263159500841,105.82630225988244,30.18263159500841,32.05668806973047,105.82630225988244,30.18263159500841,35.54984177179977,105.82630225988244,56.099242419127194,80.93782335842742,165.23203381911148,66.92160525570199,87.17807207090553,165.23203381911148,46.10992301012874,130.0100957618292,191.3194318410966,47.94711930867172,48.15502310247603,158.58948578011092,48.15502310247603,48.15502310247603,158.58948578011092,48.15502310247603,48.15502310247603,158.58948578011092,49.236686017643386,88.14290243689506,49.236686017643386,88.14290243689506,58.971656327425634,105.82630225988244,58.971656327425634,105.82630225988244,62.05442167968371,88.80741100831618,62.80371207181945,113.63987526392309,22.02932704373876,98.36941216658764,22.610976316824534,98.36941216658764,79.9462710199794,128.76965869334282,74.8206188159387,128.76965869334282,84.64420387717045,111.89019729180926,103.77772521114538,126.96702327769995
35.0,57.48083376222025,82.07076976609882,99.16514634688943,57.48083376222025,100.1450260871702,113.17084982450207,39.465253704999796,133.1056910879471,136.13642054938862,43.55802164928981,93.84421266119718,94.0528109627777,43.55802164928981,93.84421266119718,94.26142503696833,43.01745285346402,93.84421266119718,94.0528109627777,54.86916255967463,102.8378578151062,175.30152594886331,67.13844837349163,109.70595357591128,175.30152594886331,54.86916255967463,145.55969565782968,152.0744061306833,68.61520421889014,69.15577524690183,139.8682415704151,68.61520421889014,69.15577524690183,139.8682415704151,18.623271731895017,69.15577524690183,105.54101690811966,45.62232183920498,93.84421266119718,94.0528109627777,69.94094830641059,109.70595357591128,136.5471530278094,45.41372314620328,136.95847910954618,141.7078861602275,30.519194779679232,30.519194779679232,157.48214184471837,30.519194779679232,31.8581426012252,157.48214184471837,30.519194779679232,35.52008234787752,103.24539335970395,54.86916255967463,81.8621478462421,167.19038548911837,65.32022083551156,118.19700186552957,167.19038548911837,118.44326173320286,130.85535908016914,186.81039853284398,48.534794220229266,48.74342263321278,155.59763815688206,48.74342263321278,48.74342263321278,155.59763815688206,48.62001902508883,48.74342263321278,155.59763815688206,71.62598166866546,86.26167312311998,71.62598166866546,136.95847910954618,59.643912095032796,139.45653444711726,59.643912095032796,139.45653444711726,60.45474547130274,88.63318368421615,86.14232409216737,115.0018315071547,61.66948191772005,99.51695835384038,61.66948191772005,102.5052742545475,79.34085486053198,124.79232748851189,72.77104506601509,125.48954139688296,94.6889183062094,124.34076161902821,103.03618903084488,124.34076161902821
36.0,58.17032104088819,82.89620769371781,96.73715030948554,61.46642376126986,101.55459738485501,114.6550097030217,39.77419075229564,114.6550097030217,156.99243612352794,42.376659259549946,95.04988821666231,138.68354264295385,42.376659259549946,95.04988821666231,138.68354264295385,42.04617996917199,95.04988821666231,138.56992819511743,53.652819124441166,104.20439650033966,147.98352948892656,68.00585452738609,108.76836051904064,147.98352948892656,53.652819124441166,123.35623717510192,154.08642055677717,67.03682756515258,67.57703936989249,141.58963592014777,67.03682756515258,67.57703936989249,67.57703936989249,18.588201903357948,67.57703936989249,67.57703936989249,46.01664101170358,64.79696173432825,95.17195621610391,69.89138895457722,107.01304242941605,138.68354264295385,46.01664101170358,139.38122183421984,164.45402092986356,30.86375301223103,30.86375301223103,159.45414701411815,30.86375301223103,31.667589898822424,159.45414701411815,30.86375301223103,35.53844749000721,101.02725498596901,53.652819124441166,82.89620769371781,169.48930644733903,63.61742096312928,120.43837116965672,169.48930644733903,119.68858028233103,132.58063584098548,182.3557649212111,49.13787999089908,49.34715037365379,151.95435169813334,49.34715037365379,49.34715037365379,151.95435169813334,49.13787999089908,49.34715037365379,151.95435169813334,72.57341972099702,84.19724609510693,72.57341972099702,138.68354264295385,60.419750496009165,137.6540046638673,60.419750496009165,137.6540046638673,59.53705778756622,88.48735079094638,86.77762528440151,112.29606515813455,64.03691318294473,100.6708746361131,64.03691318294473,101.26860940093923,78.52790109254161,135.48662295592138,71.32693215048576,105.63499065177218,95.90696663955127,121.7277957165084,70.53326342939195,121.7277957165084
37.0,58.876194255403426,83.9561269354417,108.94673583912461,62.47504501799098,103.5763305490207,116.2667891102184,40.215808458863535,116.2667891102184,159.05227128211655,41.535782766188476,41.535782766188476,140.45150408592997,41.535782766188476,41.74597285966635,140.45150408592997,41.535782766188476,42.16641139580175,139.75201250787052,52.451167765837205,105.45200330007961,149.75187811843963,61.54580611219581,105.45200330007961,149.75187811843963,52.451167765837205,120.94507534414123,174.3505807274527,65.47847928899998,66.01815091321477,143.65105290251094,65.47847928899998,66.01815091321477,143.65105290251094,18.765293762688607,66.01815091321477,66.01815091321477,46.63540768557728,71.62598166866545,121.27687846411615,70.09519420045856,104.4750269203124,160.85746796465497,97.09514019764325,146.5524650082693,160.85746796465497,31.305291086332357,31.305291086332357,155.85770754120568,31.305291086332357,31.48517508288623,155.85770754120568,31.305291086332357,35.59538242525286,75.55750293650524,52.451167765837205,83.9561269354417,167.259155205328,62.2965187630898,120.94507534414123,167.259155205328,120.82520949702507,134.05269486287847,179.15251882125466,49.75581624292782,49.965650701256756,148.35809718380727,49.965650701256756,49.965650701256756,148.35809718380727,49.546001352278665,49.965650701256756,111.94668932130149,73.45628802219726,73.45628802219726,73.24647602444776,73.45628802219726,84.35120034712014,134.45677744167455,88.24622513173014,88.36674289572971,58.4273587457109,96.97502900231585,85.60841810242728,112.34093755172243,47.38540123286918,129.3507827575852,47.38540123286918,129.3507827575852,78.13524332847501,136.85073985916188,69.85918872990152,136.55264552545293,101.80508950931677,118.97151444778703,116.2667891102184,118.97151444778703
38.0,59.68916358938195,85.0409386707367,85.25128298154814,63.08253522172361,102.08957463913737,117.8255967521489,40.75765265566701,117.8255967521489,157.30742194823486,40.67974004341719,96.29328247598583,142.26076409186055,40.67974004341719,96.29328247598583,141.55961641654727,40.67974004341719,96.29328247598583,141.55961641654727,51.2652416360247,106.95851999724005,151.86383703831535,60.99164901853368,110.57579414139425,151.86383703831535,51.2652416360247,118.32390396703448,174.40936041394107,64.05904502878575,64.48054939282078,145.20373617782704,64.05904502878575,64.48054939282078,64.48054939282078,19.036707961199593,64.48054939282078,64.48054939282078,47.17792121321158,72.52969219567942,122.81258587783256,69.12160479907855,104.73400235835543,157.30742194823486,47.388250125954215,148.66278956080436,162.56421808011748,31.758404399465665,75.73982604944376,75.73982604944376,31.758404399465665,75.73982604944376,75.73982604944376,31.758404399465665,75.73982604944376,75.73982604944376,51.2652416360247,85.0409386707367,163.71049141701334,60.99164901853368,118.32390396703448,163.71049141701334,118.32390396703448,135.8588421855567,216.76744451139336,50.269138146580545,50.59838189112375,145.20373617782704,50.36081065670011,50.59838189112375,145.20373617782704,50.269138146580545,50.59838189112375,113.3925096732584,74.2399235586891,138.0982440149041,74.2399235586891,138.0982440149041,89.4217045800403,89.54064021437416,89.4217045800403,89.54064021437416,40.42840894717475,96.69620597520877,40.42840894717475,112.08849740272193,48.01933204450057,96.29328247598583,48.01933204450057,96.29328247598583,81.65552645106148,138.35868241639193,81.65552645106148,138.35868241639193,102.08957463913737,117.35451099126952,116.99600954733457,135.8588421855567
39.0,58.606537604605165,86.24315190204959,121.90935669586645,62.65916732609842,99.85409981568107,119.513247173692,41.31199886231602,119.513247173692,153.8071032169841,39.5353164904494,94.31058397656119,144.1097671915405,39.5353164904494,94.31058397656119,143.71890968136378,39.5353164904494,94.31058397656119,94.31058397656119,50.09615753728024,105.81460792348096,153.7144267790112,59.587676997849144,110.4053497345124,153.32359570529255,50.09615753728024,116.304712931162,170.51722786862328,62.65916732609842,63.197280400346344,142.0919596599329,19.314793553129167,63.197280400346344,142.0919596599329,19.314793553129167,63.197280400346344,63.197280400346344,47.824483792300356,73.54628644601982,121.90935669586645,67.59834502412022,106.41614656620489,154.89714329192776,48.035260486438496,150.51287320359012,176.12531050362978,32.12890054141287,76.6384776075308,149.9020513535422,32.12890054141287,76.84927618396935,76.84927618396935,32.12890054141287,76.84927618396935,76.84927618396935,49.07774444694866,86.24315190204959,160.2096282999246,59.587676997849144,115.73746692406915,160.2096282999246,115.73746692406915,137.70666287438672,216.674006285941,50.91665984724449,114.75289212041672,114.96367361040618,50.91665984724449,51.33825328154436,114.96367361040618,50.91665984724449,51.33825328154436,114.96367361040618,75.25643660179506,135.37217217729795,75.25643660179506,134.98564738519426,90.62389999332406,118.80553964357048,90.62389999332406,118.80553964357048,46.41875967752693,98.0995986230321,40.983914527531404,112.01239328752867,48.66766123412959,94.31058397656119,48.66766123412959,94.31058397656119,76.07625286513525,113.8040915345314,63.94162376730825,113.8040915345314,100.02047915302145,130.9126617252892,117.35336062507967,137.70666287438672
40.0,57.456951276586196,87.47231704945285,87.47231704945285,62.14282943349136,97.7657723848178,120.23625181283721,41.97387580388544,120.56272744924112,150.7402567332297,38.73036599362314,92.35573209065043,146.31515642612013,38.73036599362314,92.35573209065043,145.22611679722073,38.73036599362314,92.35573209065043,144.90729795286364,49.79378726307128,103.63062409345994,155.8528953853601,58.319818672557616,109.21426761188302,155.21477056002112,48.94512233103519,117.8376266308856,167.0647329630045,61.394268869333395,62.46856209326416,139.02562713399283,19.59926656791014,62.46856209326416,139.02562713399283,19.59926656791014,62.46856209326416,62.46856209326416,48.58066745115797,74.58552976281659,119.37988209912088,66.09751319073963,108.0427519549553,153.94032934874474,48.69631659581656,150.7402567332297,178.64524902722715,32.601629560498964,77.67777191706774,77.88893535027937,32.601629560498964,77.88893535027937,77.88893535027937,32.601629560498964,77.88893535027937,77.88893535027937,42.30066488839153,87.47231704945285,156.75976843565442,58.319818672557616,113.30318287674004,156.75976843565442,113.30318287674004,139.9129193462848,212.45734866085476,51.67287731489315,52.09526130081315,116.56944818433344,51.67287731489315,52.09526130081315,116.56944818433344,51.67287731489315,52.09526130081315,116.56944818433344,76.39058351655655,79.63636889009945,76.39058351655655,81.2491307645811,91.8517623674146,120.50635356693853,91.8517623674146,120.50635356693853,48.04275439647481,99.53407079990248,41.55148914298981,112.57942196511758,49.32982110245282,49.32982110245282,49.32982110245282,49.32982110245282,88.16332145512668,97.7657723848178,64.8864874222669,122.9651017565553,101.45440478362681,135.17812323005523,121.52837631598638,137.35219328427195
41.0,36.2734923876927,86.60632915670772,115.0030053955113,61.95426740749986,96.21474029482177,125.61123058866988,41.6623481095341,125.61123058866988,148.09329829536514,37.93739909377025,90.54292490305357,143.81455072418785,37.93739909377025,90.54292490305357,143.108787291347,37.93739909377025,90.54292490305357,143.108787291347,49.09894347132125,101.5920333982936,155.1503303251398,57.18414334411245,110.07388995579288,153.73882073178524,48.18843222185175,119.69497169889803,165.21992918531348,60.14803612754118,60.57149700973223,136.38227524132304,19.889852940632817,60.57149700973223,136.38227524132304,19.889852940632817,60.57149700973223,60.57149700973223,49.25678887219507,75.53248473339137,128.19784027041953,64.73338589939506,120.26038936407949,152.32736129796248,49.46828529472191,147.7180591532396,177.8218912282737,33.084607448177465,78.83531093361654,79.04679784785719,33.084607448177465,78.83531093361654,79.04679784785719,33.084607448177465,78.83531093361654,79.04679784785719,42.9766360945107,88.72731400194643,153.73882073178524,57.18414334411245,111.01829241165619,141.84542643314236,111.01829241165619,162.39958435907403,207.925768003872,52.445650439288094,52.77112136386719,118.3058377680493,52.445650439288094,52.77112136386719,118.3058377680493,52.445650439288094,91.03807582544788,126.10511488436939,75.34547929371742,80.31579078861142,75.34547929371742,89.18739400834626,90.21879654484425,122.24314397952958,90.21879654484425,122.24314397952958,49.77751751544065,100.99829825299038,60.62941736484031,111.69496967187018,78.83531093361654,79.04679784785719,78.83531093361654,79.04679784785719,88.99014692649968,124.79752100903286,85.32699602118898,124.79752100903286,103.01609704313205,123.09567924992331,115.96974282113416,136.75754092553726
42.0,55.208253459061716,84.9339817152122,114.77034133433601,55.208253459061716,97.70798969378092,124.99118468916117,41.09192438910594,124.99118468916117,152.2846840624493,37.26783130261271,89.9282839266935,141.21127787822047,37.26783130261271,88.96991766883906,141.21127787822047,37.26783130261271,88.75799259785002,140.50489315322795,48.20545871579276,99.58491979210505,152.17629578879885,56.06559774050394,108.76815365721714,150.76347369306666,47.81343953325257,121.59075314348539,167.85596504146048,59.03228989290522,59.45612878417161,59.45612878417161,20.1862886633477,59.45612878417161,59.45612878417161,20.1862886633477,59.45612878417161,59.45612878417161,49.833535395354,76.61586813447983,130.16772353390834,63.50201768447991,121.71263800444059,152.6585241642274,50.25705174400902,144.74330727187353,174.47528478268777,33.577391947559,80.01659984028313,80.22833819792105,33.577391947559,80.01659984028313,80.22833819792105,33.577391947559,80.01659984028313,80.22833819792105,43.56783503916622,90.10649948810574,151.46988149463905,56.06559774050394,108.76815365721714,144.14619315125876,108.76815365721714,160.31570415901245,204.2073088799713,53.23425823659046,53.65776970765744,120.07783413269911,53.23425823659046,53.65776970765744,120.07783413269911,53.23425823659046,90.19385372629333,133.063316695474,73.89513684945715,80.0503357269662,73.89513684945715,89.68300424272148,88.5460685180319,121.13746839850997,56.37855310310828,121.13746839850997,50.45677605634351,100.65396788005926,74.34985709468445,110.3405240607457,50.792777537756294,109.43319880182614,50.792777537756294,109.43319880182614,89.34669132094372,126.76699590193024,108.95809400866004,126.76699590193024,104.60954186879894,124.99118468916117,124.99118468916117,136.34010781864595
43.0,54.220072390213566,83.39763935508007,112.57522484987537,54.220072390213566,99.33222664372323,127.02498277897935,40.7460580915504,127.02498277897935,149.97708158248713,12.527020795065361,88.4926903760983,138.6474846508223,12.527020795065361,87.32351487428801,138.6474846508223,12.527020795065361,87.32351487428801,137.94065753069324,47.42859106066719,97.82881094033597,149.6132514184489,54.96522764439351,106.66471417483854,147.83648061287172,47.004481169352346,152.5143435877426,170.54508201645686,57.93389551894469,87.76685735515429,130.72020214947648,20.488319843266797,58.35800073683128,130.72020214947648,20.488319843266797,58.35800073683128,130.72020214947648,50.63794278996729,77.82044236574346,132.17634527403155,62.29001725798444,121.52726545923757,159.94725693177736,32.894319418404145,142.18166196806112,171.18155566532278,34.07955765557998,81.32192969919,82.14503180351201,34.07955765557998,81.32192969919,82.14503180351201,34.07955765557998,81.32192969919,82.14503180351201,44.57612870135764,91.51309332549086,139.4296417552595,54.96522764439351,106.66471417483854,157.3884525624418,145.78794531784857,157.3884525624418,200.18148016237666,54.03800745771443,54.46187886953589,121.98518865009801,54.03800745771443,54.46187886953589,121.98518865009801,54.03800745771443,88.52827938009412,135.3007067609035,72.6803016642061,80.00478891916408,72.6803016642061,81.17404911669739,55.28034234698624,118.94257543033109,55.28034234698624,118.94257543033109,73.34348130543027,99.6775112550469,75.14154144013816,111.24221882900395,51.59618445195343,81.32192969919,51.59618445195343,89.14853476081365,89.14853476081365,115.33766188890772,109.07346721361709,128.62554664606873,105.2564546714357,126.92238277782212,126.92238277782212,146.49445381993135
44.0,53.2477816439333,93.04916039384773,110.63194046024863,53.2477816439333,100.98738163750954,128.67923783579076,40.62549999692312,129.20099167576078,148.88796123259934,12.519834264078737,34.15473978820509,135.13514069256746,12.519834264078737,35.00323199363167,135.13514069256746,12.519834264078737,35.00323199363167,86.87221218548541,46.77703763600256,96.20561963835584,157.02587366418314,53.991353474422176,104.70456651932618,145.31732518870555,46.14066807058605,153.80222690195353,173.28480891295695,56.853858708094734,89.65615567265863,128.34518397664948,20.795702681082936,89.4440956687472,128.34518397664948,20.795702681082936,86.35239573978247,128.34518397664948,51.4577618051932,79.15090808070366,134.32518844207888,61.20597397313435,119.34708312313292,162.3364561643502,111.27619354560974,162.3364561643502,169.0166411925169,34.693965613633736,82.65265422235392,83.48716218676977,34.693965613633736,82.65265422235392,83.48716218676977,34.693965613633736,82.65265422235392,83.48716218676977,45.29813737892542,93.04916039384773,141.81898674014,53.991353474422176,104.70456651932618,154.5093039269804,146.3817782375935,154.5093039269804,196.24251578085725,54.95949644965827,55.38362799600618,124.03199687983742,54.95949644965827,55.38362799600618,124.03199687983742,54.95949644965827,86.88904562716752,136.30820316473987,71.385266336969,79.23585835970984,71.385266336969,82.10338756714,38.72339409194395,116.9956249181994,36.80735320557565,85.81160323639222,73.63189696048853,109.16687340947344,75.42755630404581,109.97556546797111,52.51810402137533,86.88464334967371,52.51810402137533,117.00312495826766,89.54742458608176,111.05841368397083,68.96648642637959,128.98888033470172,105.11677435119478,132.38912814124882,127.29199208905483,146.73147242497092
45.0,38.609341486225844,94.61380052613889,136.61801217262678,46.24490512478104,101.61174267770434,136.61801217262678,40.305226087940504,130.8875710294908,151.32456839522126,12.728363995423763,13.788990173323063,35.10849256234166,12.516239451208977,34.259980297717625,47.30651382209431,12.516239451208977,34.259980297717625,48.15408861145645,45.82162426191372,94.61380052613889,167.94381500966327,52.82183497380605,102.88409133583286,128.12989990630604,45.397370518566376,151.32456839522126,172.88905402020106,21.213468598982107,91.00767137994467,126.1169546492461,21.213468598982107,91.00767137994467,126.1169546492461,21.213468598982107,91.00767137994467,126.1169546492461,52.29226759282867,80.50662239840894,136.61801217262678,60.24559112499436,117.41584752494018,165.1154898851104,111.58271035424798,165.1154898851104,173.60047522976427,35.320620747659575,84.11275913914606,133.11707722903174,35.31998372026805,84.11275913914606,133.11707722903174,35.320620747659575,84.11275913914606,133.11707722903174,45.82064218231778,94.61380052613889,144.25368279527564,53.245246266685626,103.09665974220503,152.381511345701,147.08203493289042,152.381511345701,195.86889747992151,55.89840113992528,125.9048301297452,126.1169546492461,55.89840113992528,125.9048301297452,126.1169546492461,55.89840113992528,125.9048301297452,136.61504767045247,70.21770610038467,82.09516581382852,70.21770610038467,82.09516581382852,39.03359130287655,39.77532212314565,32.88063639895068,32.98721343187387,73.82385285258417,108.18791522161798,97.37004801272309,122.29485373473406,53.352893548522744,114.76740064147135,53.352893548522744,117.62893457818956,88.77750982090002,110.41655786158161,70.21642436068643,130.0373263720844,105.1114230233803,131.7360856029964,131.7360856029964,146.7246570962086
46.0,39.35277944440519,79.36297152954896,124.73909270954313,46.77944260035598,99.92685449867817,124.73909270954313,39.140659805373744,129.3085699016117,153.80222690195353,12.519834264078737,13.580178570254516,34.693965613633736,12.519834264078737,13.472054409035023,63.007588828648245,12.519834264078737,13.472054409035023,47.63545160906948,45.29813737892542,93.04916039384773,171.12897183118935,51.98544267388708,100.98738163750954,130.49745687177202,79.45732345101992,148.88796123259934,148.88796123259934,21.532446447164336,92.59952078709695,164.05829756522527,21.532446447164336,92.59952078709695,164.05829756522527,21.532446447164336,92.59952078709695,124.03199687983742,51.4577618051932,79.15090808070366,134.32518844207888,61.20597397313435,119.34708312313292,162.3364561643502,111.27619354560974,162.3364561643502,169.0166411925169,34.693965613633736,82.65265422235392,83.48716218676977,34.693965613633736,82.65265422235392,83.48716218676977,34.693965613633736,82.65265422235392,83.48716218676977,45.29813737892542,93.04916039384773,141.81898674014,53.991353474422176,104.70456651932618,154.5093039269804,146.3817782375935,154.5093039269804,196.24251578085725,54.95949644965827,55.38362799600618,124.03199687983742,54.95949644965827,55.38362799600618,124.03199687983742,54.95949644965827,86.88904562716752,136.30820316473987,58.55084329025501,84.21969039363657,58.55084329025501,106.18246677300353,70.7488957510999,101.40360570512273,70.7488957510999,102.57132274666247,73.63189696048853,109.16687340947344,75.42755630404581,109.97556546797111,52.51810402137533,86.88464334967371,52.51810402137533,117.00312495826766,75.74784650404261,114.02590166273626,71.17314275764419,114.02590166273626,105.11677435119478,132.38912814124882,127.29199208905483,146.73147242497092
47.0,40.00095311364468,78.03237308963504,127.00638271362585,47.6467863554301,85.64678190101482,127.00638271362585,39.78889606410311,113.2298823191122,156.68160389784117,12.527020795065361,62.28387632445495,112.57522484987537,12.527020795065361,62.28387632445495,112.57522484987537,12.527020795065361,62.28387632445495,112.57522484987537,44.57612870135764,91.51309332549086,174.00897965335008,51.16352460493706,99.33222664372323,132.90478264532092,80.98284540567835,132.67620830427737,146.49445381993135,21.964886751358403,94.32704410719123,166.94048340651227,21.964886751358403,94.32704410719123,94.53909905430662,21.964886751358403,94.32704410719123,94.53909905430662,50.63794278996729,77.82044236574346,132.17634527403155,62.29001725798444,121.52726545923757,159.94725693177736,32.894319418404145,142.18166196806112,171.18155566532278,34.07955765557998,81.32192969919,82.14503180351201,34.07955765557998,81.32192969919,82.14503180351201,34.07955765557998,81.32192969919,82.14503180351201,44.57612870135764,91.51309332549086,139.4296417552595,54.96522764439351,106.66471417483854,157.3884525624418,145.78794531784857,157.3884525624418,200.18148016237666,54.03800745771443,54.46187886953589,121.98518865009801,54.03800745771443,54.46187886953589,121.98518865009801,54.03800745771443,88.52827938009412,135.3007067609035,59.630329950453905,85.83913006315942,59.630329950453905,85.83913006315942,71.40795648945571,103.2390732717027,71.40795648945571,103.02701708775228,73.34348130543027,99.6775112550469,75.14154144013816,111.24221882900395,51.59618445195343,81.32192969919,51.59618445195343,89.14853476081365,77.03613600122996,116.07698415275958,72.4682430447986,116.07698415275958,105.2564546714357,126.92238277782212,126.92238277782212,146.49445381993135
48.00000000000001,40.76924392234911,99.58491979210505,129.42127433308636,48.12698047872939,104.4685658463827,132.60954433976462,40.557320547590415,111.39987096042796,160.01289010576616,12.749558815896336,62.95757500094806,165.6294810714566,12.537792867965239,62.95757500094806,114.77034133433601,12.537792867965239,62.95757500094806,114.77034133433601,43.56783503916622,90.10649948810574,177.3009447239354,43.45562391681887,97.70798969378092,131.89278316117225,82.48712020673288,134.3345683359276,144.14619315125876,22.405049654040045,96.08345981489218,169.8679634304244,22.405049654040045,96.08345981489218,97.04182732203675,22.405049654040045,96.08345981489218,97.04182732203675,49.833535395354,76.61586813447983,130.16772353390834,63.50201768447991,121.71263800444059,152.6585241642274,50.25705174400902,144.74330727187353,174.47528478268777,33.577391947559,80.01659984028313,80.22833819792105,33.577391947559,80.01659984028313,80.22833819792105,33.577391947559,80.01659984028313,80.22833819792105,43.56783503916622,90.10649948810574,151.46988149463905,56.06559774050394,108.76815365721714,144.14619315125876,108.76815365721714,160.31570415901245,204.2073088799713,53.23425823659046,53.65776970765744,120.07783413269911,53.23425823659046,53.65776970765744,120.07783413269911,53.23425823659046,90.19385372629333,133.063316695474,78.92163835096177,87.37580471732434,60.72768108531726,87.16387583167696,73.68321552429698,105.00305352702844,73.68321552429698,105.00305352702844,50.45677605634351,100.65396788005926,74.34985709468445,110.3405240607457,50.792777537756294,109.43319880182614,50.792777537756294,109.43319880182614,77.93109937630804,120.1885237865912,73.89513684945715,120.1885237865912,104.60954186879894,124.99118468916117,124.99118468916117,136.34010781864595
49.0,41.549864620718076,101.5920333982936,128.19784027041953,47.54846212024106,111.01829241165619,133.0455608053121,41.338133121852515,160.61016468455537,161.54604606736743,12.552141251595282,64.18396411877346,168.97817906463544,12.552141251595282,64.18396411877346,117.0012019169034,12.552141251595282,64.18396411877346,117.0012019169034,50.35498982226091,88.72731400194643,181.0196812504099,42.76512890194533,96.21474029482177,128.05032702027745,84.22156048186235,133.55944369455872,141.84542643314236,22.852488923528657,97.97957057468665,173.21265831341543,22.852488923528657,97.97957057468665,98.19129925813182,22.852488923528657,97.97957057468665,98.19129925813182,49.25678887219507,75.53248473339137,128.19784027041953,64.73338589939506,120.26038936407949,152.32736129796248,49.46828529472191,147.7180591532396,177.8218912282737,33.084607448177465,78.83531093361654,79.04679784785719,33.084607448177465,78.83531093361654,79.04679784785719,33.084607448177465,78.83531093361654,79.04679784785719,42.9766360945107,88.72731400194643,153.73882073178524,57.18414334411245,111.01829241165619,141.84542643314236,111.01829241165619,162.39958435907403,207.925768003872,52.445650439288094,52.77112136386719,118.3058377680493,52.445650439288094,52.77112136386719,118.3058377680493,52.445650439288094,91.03807582544788,126.10511488436939,88.92201639639083,88.9484190415996,88.92201639639083,88.9484190415996,75.13375572936575,107.0107296022226,75.13375572936575,107.0107296022226,49.77751751544065,100.99829825299038,60.62941736484031,111.69496967187018,78.83531093361654,79.04679784785719,78.83531093361654,79.04679784785719,78.64700407517122,120.72610011923685,75.34547929371742,120.9378197670191,103.01609704313205,123.09567924992331,115.96974282113416,136.75754092553726
50.0,42.456227458407085,100.26358386772337,126.26850854429223,47.29367029529427,106.40832321768819,135.1207793050351,22.902647226903706,133.71097561531738,165.9792908769043,12.570053699169307,65.54304883052053,168.33782997294458,12.570053699169307,65.54304883052053,119.37988209912088,12.570053699169307,65.54304883052053,119.37988209912088,49.71041138433678,87.47231704945285,178.64524902722715,42.08950284809741,94.75139181035811,130.5110148608155,85.09013603232751,134.4158658789951,183.38927176909777,23.306785492641406,99.90478592139617,176.98905333381498,23.306785492641406,99.90478592139617,100.23036590774274,23.306785492641406,99.90478592139617,99.90478592139617,48.58066745115797,74.58552976281659,119.37988209912088,66.09751319073963,108.0427519549553,153.94032934874474,48.69631659581656,150.7402567332297,178.64524902722715,32.601629560498964,77.67777191706774,77.88893535027937,32.601629560498964,77.88893535027937,77.88893535027937,32.601629560498964,77.88893535027937,77.88893535027937,42.30066488839153,87.47231704945285,156.75976843565442,58.319818672557616,113.30318287674004,156.75976843565442,113.30318287674004,139.9129193462848,212.45734866085476,51.67287731489315,52.09526130081315,116.56944818433344,51.67287731489315,52.09526130081315,116.56944818433344,51.67287731489315,52.09526130081315,116.56944818433344,88.01031899726304,90.2242830395454,88.01031899726304,92.14426867689602,75.64648868255551,106.23691095847997,75.43501342215032,106.23691095847997,48.04275439647481,99.53407079990248,41.55148914298981,112.57942196511758,49.32982110245282,49.32982110245282,49.32982110245282,49.32982110245282,79.16085680435754,121.23754059696195,74.37436554351237,121.23754059696195,101.45440478362681,135.17812323005523,121.52837631598638,137.35219328427195
51.0,43.37685154549601,73.54628644601982,124.5683396774638,47.05136820539866,106.3215935264328,138.1869205098659,43.049869337780805,138.1869205098659,138.1869205098659,12.591515000189611,66.92295009934932,121.47615506756871,12.591515000189611,66.92295009934932,121.2653753138133,12.591515000189611,66.92295009934932,121.2653753138133,78.42698037027819,78.75392847344187,131.30356050008697,41.52277989248793,85.25920038330173,135.37217217729795,84.06486334967778,136.39327329454338,188.63489867996324,23.767546150160307,101.95158164540656,178.62425647151062,23.767546150160307,102.08891345293083,102.30005498532245,23.767546150160307,101.95158164540656,102.08891345293083,47.824483792300356,73.54628644601982,121.90935669586645,67.59834502412022,106.41614656620489,154.89714329192776,48.035260486438496,150.51287320359012,176.12531050362978,32.12890054141287,76.6384776075308,149.9020513535422,32.12890054141287,76.84927618396935,76.84927618396935,32.12890054141287,76.84927618396935,76.84927618396935,49.07774444694866,86.24315190204959,160.2096282999246,59.587676997849144,115.73746692406915,160.2096282999246,115.73746692406915,137.70666287438672,216.674006285941,50.91665984724449,114.75289212041672,114.96367361040618,50.91665984724449,51.33825328154436,114.96367361040618,50.91665984724449,51.33825328154436,114.96367361040618,86.78203299070609,90.79604203928714,63.94162376730825,92.17869195209921,76.6384776075308,104.82011376639504,76.6384776075308,104.82011376639504,46.41875967752693,98.0995986230321,40.983914527531404,112.01239328752867,48.66766123412959,94.31058397656119,48.66766123412959,94.31058397656119,79.50318389850811,119.513247173692,73.33550470270181,119.513247173692,100.02047915302145,130.9126617252892,117.35336062507967,137.70666287438672
52.0,44.31084799459383,72.52969219567942,122.81258587783256,46.84865259535219,104.73400235835543,116.52156989158702,43.98262441010086,116.87729142138774,141.29976999273566,12.616507044344722,68.32240664672169,119.81277582127875,12.616507044344722,68.32240664672169,119.60245085281488,12.616507044344722,68.32240664672169,119.60245085281488,80.07886737460764,80.38691591297678,129.76180100476412,48.457455566713364,84.3555644281988,135.8588421855567,83.2766849124051,135.8588421855567,192.52434910940485,24.234402200178156,104.28626467565132,104.51593777984293,24.234402200178156,104.30518323650077,104.51593777984293,24.234402200178156,104.28626467565132,104.30518323650077,47.17792121321158,72.52969219567942,122.81258587783256,69.12160479907855,104.73400235835543,157.30742194823486,47.388250125954215,148.66278956080436,162.56421808011748,31.758404399465665,75.73982604944376,75.73982604944376,31.758404399465665,75.73982604944376,75.73982604944376,31.758404399465665,75.73982604944376,75.73982604944376,51.2652416360247,85.0409386707367,163.71049141701334,60.99164901853368,118.32390396703448,163.71049141701334,118.32390396703448,135.8588421855567,216.76744451139336,50.269138146580545,50.59838189112375,145.20373617782704,50.36081065670011,50.59838189112375,145.20373617782704,50.269138146580545,50.59838189112375,113.3925096732584,85.55772904887085,85.79088675378054,63.1096367443198,93.52936036347089,75.73982604944376,103.34145465397707,75.62090484779985,103.34145465397707,40.42840894717475,96.69620597520877,40.42840894717475,112.08849740272193,48.01933204450057,96.29328247598583,48.01933204450057,96.29328247598583,79.50120282108944,104.30518323650077,72.41078131052032,129.06054780605885,102.08957463913737,117.35451099126952,116.99600954733457,135.8588421855567
53.0,45.25738889949353,71.62598166866545,110.84101790402323,46.095295313079404,103.27502723311189,113.86635258055823,45.047100350633,114.49594425131399,144.4563082734707,13.395008398653582,69.85918872990152,118.27692610987148,13.395008398653582,69.85918872990152,118.06710485990583,13.395008398653582,69.85918872990152,118.06710485990583,81.94977882825553,81.94977882825553,140.1575006911867,47.85002612329485,92.17527461309784,134.05269486287847,40.425626154705384,134.05269486287847,196.86067408195066,24.826019616523304,106.65423104593647,106.88092088862258,24.826019616523304,106.67062036943443,106.88092088862258,24.826019616523304,106.65423104593647,106.67062036943443,46.63540768557728,71.62598166866545,121.27687846411615,70.09519420045856,104.4750269203124,160.85746796465497,97.09514019764325,146.5524650082693,160.85746796465497,31.305291086332357,31.305291086332357,155.85770754120568,31.305291086332357,31.48517508288623,155.85770754120568,31.305291086332357,35.59538242525286,75.55750293650524,52.451167765837205,83.9561269354417,167.259155205328,62.2965187630898,120.94507534414123,167.259155205328,120.82520949702507,134.05269486287847,179.15251882125466,49.75581624292782,49.965650701256756,148.35809718380727,49.965650701256756,49.965650701256756,148.35809718380727,49.546001352278665,49.965650701256756,111.94668932130149,62.2957964071413,126.95717781992478,62.2957964071413,126.95717781992478,74.74644640382579,74.74644640382579,74.71543515231642,74.74644640382579,58.4273587457109,96.97502900231585,85.60841810242728,112.34093755172243,47.38540123286918,129.3507827575852,47.38540123286918,129.3507827575852,78.40517361756174,127.25221019691564,71.41614838396146,127.25221019691564,101.80508950931677,118.97151444778703,116.2667891102184,118.97151444778703
54.0,46.01664101170358,95.04988821666231,113.35738286499031,46.01664101170358,101.93959608513269,113.35738286499031,46.01664101170358,95.04988821666231,146.65819104298265,13.515407873978498,71.53671260269093,116.77656550010366,13.515407873978498,71.53671260269093,116.77656550010366,13.515407873978498,71.53671260269093,116.56732496716222,82.68694727706422,82.89620769371781,143.35314785521803,47.25595200607009,94.1097298370365,132.58063584098548,47.25595200607009,132.58063584098548,201.6559570159037,25.425995555729966,109.05331265028128,109.39767479247445,25.425995555729966,109.05331265028128,109.06727854860962,25.425995555729966,109.05331265028128,109.06727854860962,46.01664101170358,64.79696173432825,95.17195621610391,69.89138895457722,107.01304242941605,138.68354264295385,46.01664101170358,139.38122183421984,164.45402092986356,30.86375301223103,30.86375301223103,159.45414701411815,30.86375301223103,31.667589898822424,159.45414701411815,30.86375301223103,35.53844749000721,101.02725498596901,53.652819124441166,82.89620769371781,169.48930644733903,63.61742096312928,120.43837116965672,169.48930644733903,119.68858028233103,132.58063584098548,182.3557649212111,49.13787999089908,49.34715037365379,151.95435169813334,49.34715037365379,49.34715037365379,151.95435169813334,49.13787999089908,49.34715037365379,151.95435169813334,61.500823165222755,128.27948004260074,61.500823165222755,94.16446383854155,73.86376818170055,73.86376818170055,73.86376818170055,73.86376818170055,59.53705778756622,88.48735079094638,86.77762528440151,112.29606515813455,64.03691318294473,100.6708746361131,64.03691318294473,101.26860940093923,70.742534941858,125.78006598821611,70.62061490811305,125.78006598821611,95.90696663955127,121.7277957165084,70.53326342939195,121.7277957165084
55.0,45.41372314620328,81.85005345141809,116.14887537122347,45.41372314620328,89.06242894734008,116.14887537122347,45.41372314620328,88.39831022140638,149.49456511860222,13.585148140524636,73.08656682318578,115.31307926683772,13.585148140524636,73.08656682318578,115.31307926683772,13.585148140524636,73.08656682318578,115.31307926683772,81.65354401371687,81.8621478462421,146.99532305485096,81.65354401371687,96.43407722376982,146.99532305485096,39.465253704999796,130.85535908016914,156.41331465063965,26.033752130647628,108.94735540617769,109.1559492194539,26.033752130647628,108.94735540617769,109.1559492194539,26.033752130647628,108.94735540617769,109.1559492194539,45.62232183920498,93.84421266119718,94.0528109627777,69.94094830641059,109.70595357591128,136.5471530278094,45.41372314620328,136.95847910954618,141.7078861602275,30.519194779679232,30.519194779679232,157.48214184471837,30.519194779679232,31.8581426012252,157.48214184471837,30.519194779679232,35.52008234787752,103.24539335970395,54.86916255967463,81.8621478462421,167.19038548911837,65.32022083551156,118.19700186552957,167.19038548911837,118.44326173320286,130.85535908016914,186.81039853284398,48.534794220229266,48.74342263321278,155.59763815688206,48.74342263321278,48.74342263321278,155.59763815688206,48.62001902508883,48.74342263321278,155.59763815688206,60.725458005683244,126.55483001450399,60.725458005683244,93.0300556272004,72.91612475989106,72.91612475989106,72.91612475989106,72.91612475989106,60.45474547130274,88.63318368421615,86.14232409216737,115.0018315071547,61.66948191772005,99.51695835384038,61.66948191772005,102.5052742545475,60.33254718640677,124.34076161902821,60.33254718640677,124.34076161902821,94.6889183062094,124.34076161902821,103.03618903084488,124.34076161902821
56.0,44.91003507012658,83.94031361628332,116.88268156574779,44.91003507012658,87.34489824826635,120.17392083975625,44.91003507012658,75.44664505463447,154.9842733957223,13.624839448595347,72.07659987818515,113.97063766602342,13.624839448595347,72.07659987818515,113.97063766602342,13.624839448595347,72.07659987818515,113.97063766602342,80.72989687841796,80.93782335842742,150.68385779505383,80.72989687841796,98.9104708814997,150.68385779505383,46.10992301012874,129.4531768632968,155.80155647489534,26.648757006659803,107.68856137027738,167.72783012964783,26.648757006659803,107.68856137027738,107.89646078532881,26.648757006659803,107.68856137027738,107.89646078532881,45.11797036658453,92.75320075339718,116.88268156574779,70.25102312422217,111.43238420674663,137.3703934623469,44.91003507012658,112.68050519056081,148.1861160837951,30.18263159500841,30.18263159500841,105.82630225988244,30.18263159500841,32.05668806973047,105.82630225988244,30.18263159500841,35.54984177179977,105.82630225988244,56.099242419127194,80.93782335842742,165.23203381911148,66.92160525570199,87.17807207090553,165.23203381911148,46.10992301012874,130.0100957618292,191.3194318410966,47.94711930867172,48.15502310247603,158.58948578011092,48.15502310247603,48.15502310247603,158.58948578011092,48.15502310247603,48.15502310247603,158.58948578011092,72.49897413067305,125.1544046368325,72.49897413067305,72.49897413067305,72.07659987818515,125.1544046368325,72.07659987818515,125.1544046368325,62.05442167968371,88.80741100831618,62.80371207181945,113.63987526392309,22.02932704373876,98.36941216658764,22.610976316824534,98.36941216658764,61.93065678644139,111.44268145553569,61.93065678644139,108.06253397917337,84.64420387717045,111.89019729180926,103.77772521114538,126.96702327769995
57.00000000000001,44.41887267817588,86.05536735149063,115.57405093705074,44.41887267817588,74.94845728899294,123.0756880947655,44.41887267817588,74.53905855321759,159.1308423907823,13.749772725394408,71.2587626190632,141.10324234403686,13.749772725394408,71.2587626190632,141.10324234403686,13.749772725394408,71.2587626190632,141.10324234403686,79.82967023607199,79.95612077883719,153.72255852671722,79.82967023607199,101.79315423936916,153.72255852671722,38.55160502495324,127.8148074363843,155.25020128811428,27.395642901746257,106.46244056003975,106.87671051262758,27.395642901746257,106.46244056003975,106.66956571581231,27.395642901746257,106.46244056003975,106.66956571581231,44.62607141570945,91.69068246010605,104.0278388221153,71.99382786044926,109.91392655164313,141.66553921119984,44.49984550534979,114.1134797033199,145.57000034347737,29.854333856242715,29.854333856242715,154.58209792857645,29.854333856242715,32.26307874335616,154.58209792857645,29.854333856242715,35.63328850948225,154.58209792857645,57.75919840163989,79.95612077883719,121.98616724858601,68.79172370278273,86.19226328389341,163.59439171316356,45.55902764546232,163.59439171316356,189.67109690197924,47.45609813290596,72.53465551031452,162.73636655646456,47.582520425046845,72.53465551031452,162.73636655646456,47.582520425046845,72.7424996133622,162.73636655646456,74.36498672090246,74.36498672090246,74.15713890111996,74.36498672090246,45.08604274052004,123.78863033413045,45.08604274052004,123.78863033413045,62.59198231403124,90.42928867352657,63.13280644799501,90.5995653963086,22.112920431277274,97.22436037331384,22.653724859280864,97.22436037331384,63.54841658137518,110.56460215638639,63.54841658137518,139.7412787976409,84.39902991148654,132.08945832275944,76.86127926335861,130.97948312617515
58.00000000000001,43.94065600329608,88.11277574790162,114.30083661111146,43.94065600329608,88.11277574790162,126.43427146149892,43.94065600329608,73.73632924142616,126.43427146149892,14.127499778800209,70.46336814260299,144.87969146847325,14.127499778800209,70.46336814260299,144.87969146847325,14.127499778800209,70.46336814260299,144.87969146847325,78.95366520941253,79.08151648773561,157.91809585984754,78.95366520941253,104.71015351913107,157.91809585984754,78.95366520941253,126.4876476182556,125.37394067349084,28.151487527304837,105.34854650160105,105.6826913453665,28.151487527304837,105.34854650160105,105.4764013891259,28.151487527304837,105.34854650160105,105.4764013891259,44.1470412372109,68.80840246655927,90.94237873510896,71.82925065737496,109.0344727597653,144.87969146847325,44.01944172749127,113.86872375678934,144.87969146847325,29.53457719352014,29.53457719352014,111.75558710865421,29.53457719352014,32.60369994341133,111.75558710865421,29.53457719352014,35.76753066679331,111.34289941437666,59.440095894942836,79.08151648773561,120.65705532624273,70.68398863957806,85.23307016645592,161.73319078037136,70.68398863957806,161.73319078037136,189.40201952460802,46.89857407213998,74.42245124960613,74.75607834818517,47.10489624232284,74.42245124960613,74.75607834818517,47.10489624232284,74.42245124960613,74.75607834818517,76.17113134252372,142.8657586687587,76.17113134252372,76.37821188009052,44.60892567637109,122.45866649608757,44.60892567637109,122.45866649608757,62.59198231403124,89.70298211319398,63.12289600454022,89.70298211319398,70.33552622963732,96.2685112069362,70.33552622963732,96.2685112069362,84.94802087158946,120.65705532624273,65.3109198373442,106.17399045905735,84.66148032015504,135.44602245913313,78.87468700413332,134.75579764893234
59.00000000000001,43.475812240831104,89.80735632452388,113.14042712487874,43.475812240831104,89.80735632452388,129.8292147399806,43.475812240831104,72.95561150453061,129.8292147399806,14.509350433427404,69.76733655515308,69.76733655515308,14.509350433427404,69.76733655515308,69.76733655515308,14.509350433427404,69.76733655515308,69.76733655515308,78.10269681643521,78.30811739532498,159.92693644286445,78.10269681643521,106.21975451863932,159.92693644286445,78.10269681643521,125.19634579331779,162.32567572630032,28.91558835645576,104.26505287007723,104.59964746594513,28.91558835645576,104.26505287007723,104.39423475460701,28.91558835645576,104.26505287007723,104.39423475460701,39.20499011605538,109.8494253512507,109.8494253512507,72.0041405059459,96.13519776855925,120.4808076002149,33.494869010043914,113.70356194948336,149.1228520381769,29.22364197015834,29.22364197015834,110.97673742726445,29.22364197015834,32.9544572099132,110.97673742726445,29.22364197015834,35.91255003477197,110.18196880615267,61.140207719634056,78.30811739532498,129.8292147399806,72.59666831198247,84.43048175866343,159.92693644286445,72.59666831198247,159.92693644286445,194.91568690077256,46.43426805711489,76.58561385795639,76.91980401691102,46.63974967771589,76.58561385795639,76.91980401691102,46.63974967771589,76.58561385795639,76.91980401691102,78.33483420547975,141.31923082156936,78.33483420547975,79.1301538605859,44.1450025484199,121.16569233904455,44.1450025484199,93.82191241922112,62.383140751328,88.7762425990197,62.58874699177161,88.7762425990197,58.91201065996644,114.7628914327275,58.91201065996644,114.7628914327275,83.95013400823134,119.36551009399658,66.80887852673474,118.68076929309146,85.53795210314541,136.85804689531412,81.12105152178441,136.85804689531412
59.99999999999999,43.024774839620015,88.90540619107479,111.93925249884421,43.024774839620015,94.54600070864976,111.93925249884421,43.024774839620015,88.90540619107479,133.68853727975335,15.024355227429893,69.0906741174234,149.680075494369,15.024355227429893,69.0906741174234,149.24518417691073,15.024355227429893,69.0906741174234,149.24518417691073,77.3515109742531,77.48200597558119,158.42387761950533,77.3515109742531,77.48200597558119,158.42387761950533,77.3515109742531,110.8964212677758,167.30398979103876,29.81662707282633,103.21291706952186,128.97334996036972,29.81662707282633,103.21291706952186,128.97334996036972,29.81662707282633,103.21291706952186,103.34341415881323,39.69604829198997,111.80872618002586,111.93925249884421,71.69913702409535,84.79611577189134,116.99626062400456,34.52428493104528,115.12561074756563,153.41161950778044,28.921812702526097,28.921812702526097,109.18562748823673,28.921812702526097,33.44445021225495,109.18562748823673,28.921812702526097,36.04762474837975,109.18562748823673,62.857974832156344,77.48200597558119,133.68853727975335,74.78707274656496,83.4723382324947,158.42387761950533,74.78707274656496,158.42387761950533,158.42387761950533,45.98289083996351,78.77192551918482,160.65685481796288,46.113352187842516,78.77192551918482,160.65685481796288,46.113352187842516,78.77192551918482,160.65685481796288,78.02141532938249,78.22589884430857,78.02141532938249,108.77725520530475,94.07768731213581,94.20818037728995,94.07768731213581,94.20818037728995,60.49492747330142,72.64964728063035,57.332288023416616,74.41156664121513,68.8861833026043,69.0906741174234,68.8861833026043,69.0906741174234,83.19369717712995,127.85783120325482,66.13256572975223,128.97334996036972,86.21053444910314,106.95310304053828,48.86697504450219,106.95310304053828
61.0,42.58798245984423,96.21801416574756,110.9201570950925,42.58798245984423,94.35208662239538,110.9201570950925,42.58798245984423,96.21801416574756,134.13845459076975,15.414644011458712,68.36224286841384,148.2249135604403,15.414644011458712,68.36224286841384,68.36224286841384,15.414644011458712,68.36224286841384,68.36224286841384,76.62232866469147,101.39029169501387,156.9637697049864,76.62232866469147,76.75406341034981,156.9637697049864,76.62232866469147,113.04313888954074,172.50398546120607,30.72712563843224,102.39656366304486,132.87447083619938,30.72712563843224,102.33677857935533,132.87447083619938,30.72712563843224,102.39656366304486,132.87447083619938,39.862341250859814,110.71671621756128,110.9201570950925,48.42991069576735,110.71671621756128,117.43136293171429,35.56439581941467,117.43136293171429,127.87347262039927,28.6293773945575,107.96121988936584,108.16679827932413,28.6293773945575,107.96121988936584,108.16679827932413,28.6293773945575,107.96121988936584,108.16679827932413,64.59198866732623,66.0586954912069,137.58679079039527,75.82028917117105,82.79952445515615,146.66841855014323,75.20978161117075,156.9637697049864,156.9637697049864,45.544826819299686,81.24054560378087,159.1983825294717,45.67653938292611,81.24054560378087,159.1983825294717,45.67653938292611,81.24054560378087,159.1983825294717,77.29273090013058,118.69551381581361,77.29273090013058,118.69551381581361,43.665332358748856,93.33429835810627,44.69962248162729,93.33429835810627,56.95350077036529,72.90594111593376,56.95350077036529,97.66588452474078,68.23046423702539,68.36224286841384,68.23046423702539,68.36224286841384,65.47710477716619,117.13934010399751,65.47710477716619,132.87447083619938,87.27067806543043,117.13934010399751,55.91852331741244,116.46083032504963
62.0,42.235189711897824,87.18504028788425,99.57158856822562,42.235189711897824,93.64860516847008,99.57158856822562,42.235189711897824,90.76332546794437,99.57158856822562,15.939926285902327,67.72836370384272,147.04803636907226,15.939926285902327,67.72836370384272,67.72836370384272,15.939926285902327,67.72836370384272,67.72836370384272,75.84639905756897,104.53961569663436,155.31620971424715,75.84639905756897,104.53961569663436,155.31620971424715,75.84639905756897,112.54524090338073,177.75439516366396,31.646267552430253,101.40893081972612,136.81237151661395,31.646267552430253,101.40893081972612,136.81237151661395,31.646267552430253,101.40893081972612,101.61129981453834,39.68527749682494,78.5619898551456,109.86232862086986,48.145677376063574,86.3813130833284,121.36978619079791,36.74617327015154,121.36978619079791,126.69500779430892,28.346626783446386,106.97708282618291,107.17943482776907,28.346626783446386,52.91971513528772,107.17943482776907,28.346626783446386,52.91971513528772,107.17943482776907,66.7804237782301,114.84173892796991,142.39952598235712,75.58727571489794,82.02168158481024,145.0452515596426,74.70730385979674,150.40154586971505,152.8696340023093,45.25341147361158,83.86522670332442,84.20045278975641,45.25341147361158,83.86522670332442,83.86522670332442,45.25341147361158,83.86522670332442,104.78383105231455,76.58649521945759,117.75238851080687,76.58649521945759,117.75238851080687,56.88195012479793,141.90181464660697,56.88195012479793,92.41783512937316,56.459111310753016,96.72447983835323,56.459111310753016,96.72447983835323,67.59534932227216,67.72836370384272,67.59534932227216,67.72836370384272,73.39070956190572,132.95911025574742,73.1268845910996,132.95911025574742,87.78168943464235,115.95958347631299,81.5176361286317,115.95958347631299
63.0,42.026911021391996,86.50234823402195,102.88343525563286,42.76775946902058,92.81309848291889,102.88343525563286,41.82566496781611,92.81309848291889,102.88343525563286,16.47031420465317,91.88017332373725,145.67987163640692,16.47031420465317,91.88017332373725,92.21554234509496,16.47031420465317,91.57851822343491,92.21554234509496,75.23251457980119,75.56792474324011,153.95332084758678,36.6603498346647,75.3666786451413,153.95332084758678,36.123693748009764,111.45681338527493,111.05456429161298,32.70636405961384,100.5224415242686,141.67083327206063,32.70636405961384,100.5224415242686,141.67083327206063,32.70636405961384,100.5224415242686,100.65665030190503,39.34363036121603,81.07919739365948,108.90769600905162,49.2088025662076,86.37219604710766,125.34602107765528,37.93917829895634,85.641695452624,126.23440497740701,28.14109539445826,54.77701388356251,130.4918579835539,28.14109539445826,54.77701388356251,130.4918579835539,28.14109539445826,54.77701388356251,106.22441456652044,68.99003551238395,113.70411162310711,146.8166373405957,75.50120032158429,113.70411162310711,146.8166373405957,74.15956613950759,149.4845309722715,152.16643848102643,44.844355832144586,86.64736724217303,156.86020846600962,44.844355832144586,86.64736724217303,156.86020846600962,44.844355832144586,86.31199945546389,108.710216861158,75.9033349069723,128.69974747449973,75.9033349069723,128.69974747449973,58.73730713950036,91.60057996541288,58.73730713950036,91.60057996541288,55.91288983767517,96.09516767246936,55.91288983767517,96.16210922187595,35.05397623665538,82.42066640109142,35.05397623665538,82.42066640109142,66.65310382870403,131.59264797092578,64.29814344131562,131.59264797092578,80.93448739567083,125.34602107765528,59.74342013979447,125.34602107765528
64.0,41.6315535381518,106.15745970020194,106.49286947960412,41.496219707342014,106.15745970020194,106.49286947960412,41.496219707342014,106.15745970020194,106.49286947960412,17.00533004678239,95.0889386311573,95.42434830796593,17.00533004678239,95.0889386311573,95.42434830796593,17.00533004678239,94.69754484673824,95.42434830796593,74.57316038629448,111.91570488541811,152.6372333344653,35.99515592409623,111.91570488541811,152.6372333344653,35.52451618249008,80.53959429994664,152.6372333344653,33.91012017082806,99.66622421863889,146.57463968913586,33.91012017082806,99.66622421863889,146.57463968913586,33.91012017082806,99.66622421863889,99.80158440626082,39.61207202356373,83.88615052557842,107.98546777228869,50.9493498486487,86.24106475455878,107.98546777228869,39.27666291832848,84.6925690364863,107.98546777228869,50.34695869662834,56.5168669513801,135.39433149138853,27.8759977399913,56.5168669513801,135.39433149138853,27.8759977399913,56.5168669513801,135.39433149138853,71.21885284108416,112.82563981648852,152.16479553431537,75.23520618699732,112.82563981648852,152.16479553431537,85.5666187832615,112.82563981648852,156.41491297187747,44.514506062630865,89.72238433077891,155.5397859070148,44.514506062630865,89.38697472227146,155.5397859070148,44.514506062630865,89.38697472227146,155.5397859070148,75.37384327470637,133.15827049042053,75.24387848855214,133.15827049042053,60.742869951954034,109.84696741376159,60.742869951954034,109.84696741376159,55.45183721032153,95.37128105462355,55.45183721032153,95.37128105462355,66.45397843620802,85.22779036206441,84.63524679470132,85.22779036206441,78.18418158425654,130.49568958398586,78.18418158425654,130.49568958398586,80.2095458782806,129.8041794396467,80.172470337392,129.8041794396467
65.0,41.31417734870198,106.9600451103121,107.09648103462597,41.177800451214,106.9600451103121,107.09648103462597,41.177800451214,106.9600451103121,107.09648103462597,17.679967477345652,98.29356540486259,98.79552747973969,17.679967477345652,98.46017595962338,98.79552747973969,17.679967477345652,97.1757428579787,98.79552747973969,73.93836115305774,111.97600189326283,151.577125582985,35.667369541360905,111.97600189326283,151.577125582985,35.39570948575547,79.83587069732502,151.577125582985,35.124510672748166,98.84106560534443,151.97080311691454,35.124510672748166,98.84106560534443,150.8529913525085,35.124510672748166,98.84106560534443,99.03982153659203,41.23185964760745,85.14828976556134,107.09648103462597,52.84014808836175,89.34165461866037,107.09648103462597,40.62549999692311,85.0118300591159,107.09648103462597,57.73470576698213,58.40540428761709,140.3411023186009,27.621391166992296,58.40540428761709,140.3411023186009,27.621391166992296,58.40540428761709,140.3411023186009,73.9163378421848,111.97600189326283,151.577125582985,77.76201675625445,111.97600189326283,151.577125582985,88.80596826790416,111.97600189326283,157.55990924089795,44.132258609774325,92.62381578190352,154.26640917581506,43.933486658811866,92.62381578190352,154.26640917581506,44.132258609774325,92.62381578190352,154.26640917581506,74.80752803027245,133.90715066791617,53.57509915996423,134.36191796785278,62.90036764598439,114.66527373184961,62.90036764598439,114.66527373184961,55.006965468020496,74.77955101496666,55.006965468020496,74.77955101496666,37.47193950144561,88.3287962671291,87.78168943464235,88.3287962671291,79.57446983800772,113.09343482271639,79.53379784720455,112.4305341088443,79.57446983800772,129.4377263397345,79.53379784720455,129.4377263397345
66.0,41.00806323151582,106.10403503166125,106.24157025383238,40.81061442811171,106.10403503166125,106.24157025383238,40.81061442811171,106.10403503166125,106.24157025383238,18.360453425773557,101.91969878291438,103.5459137291279,18.360453425773557,102.26727849121635,103.5459137291279,18.360453425773557,100.80240572526034,103.5459137291279,35.63139416301304,110.95550910162144,150.35000831393393,35.63139416301304,110.95550910162144,150.35000831393393,35.63139416301304,79.22052290915529,150.35000831393393,36.48501404686587,98.10762585038943,152.58317403960373,36.48501404686587,98.10762585038943,152.58317403960373,36.423292684764235,98.10762585038943,153.04125260856955,41.00806323151582,84.53701112530534,84.53701112530534,54.74619849816058,90.4141097948766,90.4141097948766,40.81061442811171,84.3995630912862,101.77591193401315,59.910401851431445,60.71730601731272,142.07612396176918,27.437497152619443,60.71730601731272,142.07612396176918,27.437497152619443,60.71730601731272,142.07612396176918,73.38856348233013,110.95550910162144,150.35000831393393,73.38856348233013,110.95550910162144,150.35000831393393,92.36352770439206,92.98868882826555,163.45221014106846,43.765183079703895,96.15953540861145,153.04125260856955,43.6277004894826,96.15953540861145,153.04125260856955,43.765183079703895,96.15953540861145,153.04125260856955,54.57867028427864,132.8857592069218,54.57867028427864,133.3440099892005,65.48432064242554,113.84693671768248,65.48432064242554,113.84693671768248,40.96950085124299,74.19596518679434,37.048633578041716,74.19596518679434,89.22513659277861,89.44132853440851,89.22513659277861,89.44132853440851,78.9627839554812,121.61671348955291,78.91847058832299,121.61671348955291,62.77253579392822,128.4197220056172,62.77253579392822,128.4197220056172
67.0,40.71346521729635,105.34043027252166,105.47896117235891,45.6553529172648,105.34043027252166,105.47896117235891,40.51735739161674,105.34043027252166,105.47896117235891,19.046161030506905,102.72125510331345,102.85981358139824,19.046161030506905,102.55791047013389,102.85981358139824,19.046161030506905,102.72125510331345,102.85981358139824,35.33654270015673,110.1731591632009,149.17313766224802,35.198100090771945,110.1731591632009,126.18686540206949,35.33654270015673,78.74535700598479,149.17313766224802,37.85605962062085,97.34439506206816,151.86548324092607,37.85605962062085,97.34439506206816,151.40384737515754,37.5211440390615,97.34439506206816,151.86548324092607,40.71346521729635,93.95084486049075,94.2857690746594,56.94125262057377,93.95084486049075,93.95084486049075,40.51735739161674,93.95084486049075,100.88662572412659,62.37086659651283,63.32283355946731,141.0961551566874,62.37086659651283,63.32283355946731,141.0961551566874,27.201953054881923,63.32283355946731,141.0961551566874,72.85963388598654,110.1731591632009,149.17313766224802,72.85963388598654,110.1731591632009,149.17313766224802,96.07737116511878,95.44674562288648,149.17313766224802,43.4711542289827,97.34439506206816,97.54043392357858,43.27506499128569,97.34439506206816,97.34439506206816,43.4711542289827,97.26346307838313,110.82700483185495,54.16734486754912,131.90384755571006,54.16734486754912,132.36549777037823,65.05963610411604,112.8655173203933,65.05963610411604,112.8655173203933,40.24041811412998,73.66733502713396,34.66736577820703,73.66733502713396,88.59814473226852,88.73669618596355,88.59814473226852,88.73669618596355,87.45070039742392,126.18686540206949,78.32703875418756,126.18686540206949,69.09425627358615,127.63473273368812,69.09425627358615,127.63473273368812
68.0,61.7115568593112,104.55252866382523,104.7471061652779,45.556187834365595,104.55252866382523,104.7471061652779,40.235944750931345,104.55252866382523,109.51997534696582,19.875141508930195,101.98968697863525,102.18430040862441,19.875141508930195,101.98968697863525,102.18430040862441,19.875141508930195,101.98968697863525,102.18430040862441,35.110415121442244,109.42177571214972,131.71228112822283,34.91570205509264,109.42177571214972,131.71228112822283,35.110415121442244,109.42177571214972,131.71228112822283,39.513684338466845,96.66944320725139,150.7402567332297,39.513684338466845,96.66944320725139,150.2751642820596,39.04050780919736,96.66944320725139,150.7402567332297,40.43063504324412,97.81754060494467,97.81754060494467,59.42963276009704,97.4829792835652,97.81754060494467,40.235944750931345,97.4829792835652,100.4297328981811,64.27434363725544,64.60848434996753,140.1539332305733,64.27434363725544,64.60848434996753,140.1539332305733,64.27434363725544,64.60848434996753,140.1539332305733,72.35203003371778,109.42177571214972,148.23165991109997,72.35203003371778,100.93010576631731,148.23165991109997,100.93010576631731,100.4297328981811,148.23165991109997,43.13289058247778,96.66944320725139,96.86406067267674,42.99338611926258,96.66944320725139,96.66944320725139,42.99338611926258,96.66944320725139,108.2156411984885,53.7733786366451,92.35159040319772,53.7733786366451,92.35159040319772,64.60848434996753,129.0198628118942,64.60848434996753,129.0198628118942,39.149281602604155,83.69442185713454,34.442070930767215,83.69442185713454,87.88131200659217,88.11813803071419,87.88131200659217,88.11813803071419,91.13520176090027,126.69106124742977,77.76004758228997,126.69106124742977,71.65989987433697,110.53562774056155,71.65989987433697,110.53562774056155
69.0,61.279819271926705,75.19392428913389,104.04665419896979,39.96662670278791,75.19392428913389,104.04665419896979,39.96662670278791,75.19392428913389,125.79000357739083,20.710051907226113,101.29038083648416,101.48345308472706,20.710051907226113,101.27005974126806,101.48345308472706,20.710051907226113,101.29038083648416,101.48345308472706,41.183264197972456,108.70200090154735,137.27754732657485,40.849189098438664,108.70200090154735,137.27754732657485,40.849189098438664,108.70200090154735,137.27754732657485,41.183264197972456,41.183264197972456,149.84200012012653,40.849189098438664,41.183264197972456,149.37411087601492,40.849189098438664,41.183264197972456,149.84200012012653,47.45088249969646,101.79514354820665,102.60290566060982,59.77052994578515,101.79514354820665,102.12923797816175,47.31126979906584,101.79514354820665,102.12923797816175,63.8430203702801,64.17660204467045,139.0741708585746,63.8430203702801,64.17660204467045,139.0741708585746,63.8430203702801,64.17660204467045,139.0741708585746,71.86620380957936,88.7313712843434,147.15000849473302,71.86620380957936,104.00015024027608,147.15000849473302,103.86029679333677,104.19424768191381,147.15000849473302,42.86340222147561,96.02349321910758,96.21661109184838,42.72301780071253,96.02349321910758,96.02349321910758,42.72301780071253,96.02349321910758,96.02349321910758,62.937915837752364,111.3940079178409,62.937915837752364,111.3940079178409,64.17660204467045,133.47143889237128,64.17660204467045,134.58501030946945,34.2258126273139,87.44993567750636,34.2258126273139,87.44993567750636,40.633806737739945,87.52631747080417,40.633806737739945,87.52631747080417,93.31983310100806,125.79000357739083,77.21803545804568,125.79000357739083,74.72025327847865,116.85086649229436,74.72025327847865,109.81404737099895
70.0,60.86868037012138,78.69562408418906,103.37824360086603,39.70964933111346,78.22158429743033,103.37824360086603,39.81094384713831,78.50268307516629,124.93248176515185,21.69069500961184,100.67408430177053,100.81545640426371,21.69069500961184,100.58143466863058,100.81545640426371,21.69069500961184,100.67408430177053,100.81545640426371,43.14436521725635,108.01446662368889,143.81455072418785,42.67032048157127,108.01446662368889,142.23440160523754,42.67032048157127,108.01446662368889,143.81455072418785,42.60541338844162,42.60541338844162,148.81238187731557,42.413809661477,42.60541338844162,148.34124510735373,42.413809661477,43.07965006821666,148.81238187731557,49.55235867241841,103.23689384130073,103.37824360086603,59.44591028826121,103.23689384130073,103.37824360086603,49.55235867241841,103.23689384130073,103.37824360086603,63.4314689251321,63.76438073093786,138.21767253140968,63.4314689251321,63.76438073093786,138.21767253140968,63.4314689251321,63.76438073093786,138.21767253140968,71.4025997425864,92.3191813763532,146.2895245737028,71.4025997425864,103.67078301045093,146.2895245737028,103.95319259166598,108.01446662368889,146.2895245737028,42.60541338844162,95.40713416720995,95.59867284643653,42.413809661477,95.40713416720995,95.59867284643653,42.413809661477,95.40713416720995,95.40713416720995,65.87963456182798,110.70512634923462,65.87963456182798,110.70512634923462,77.41402489213436,133.47518495960213,77.41402489213436,133.94635120076993,34.018763205031426,91.28020732886182,34.018763205031426,91.28020732886182,40.37550309284084,87.11300850045302,40.37550309284084,87.20361947763406,92.70297325328892,124.93248176515185,76.81091231068669,124.93248176515185,76.81091231068669,122.45458341769,76.81091231068669,122.45458341769
71.0,60.52616169888852,81.72928636663848,102.74249972625739,18.594253144452992,81.72928636663848,102.74249972625739,39.655217185132145,81.72928636663848,124.27841727347513,22.818988803187576,100.08636895202063,128.0942036159326,22.818988803187576,99.92809915133981,128.0942036159326,22.818988803187576,100.08636895202063,128.0942036159326,44.92656508125232,107.35979228742947,145.3070025841838,44.78511192349529,107.35979228742947,145.3070025841838,44.78511192349529,107.35979228742947,145.3070025841838,42.35913419795074,42.35913419795074,147.99535465682698,42.16907931174215,42.35913419795074,147.52160858667452,42.16907931174215,42.35913419795074,147.99535465682698,51.949073620229264,102.60027412244081,102.74249972625739,58.96097226131876,102.60027412244081,102.74249972625739,51.949073620229264,102.60027412244081,102.74249972625739,63.04007653865912,63.37220408033793,63.37220408033793,63.04007653865912,63.37220408033793,63.37220408033793,63.04007653865912,63.37220408033793,63.37220408033793,70.96165337701764,96.9713166353845,145.3070025841838,70.96165337701764,103.02832741532787,145.3070025841838,102.88627823961755,107.35979228742947,145.3070025841838,42.35913419795074,94.8686262681188,120.6611992315674,42.16907931174215,94.8686262681188,120.6611992315674,42.16907931174215,94.8686262681188,120.6611992315674,71.48731530838181,123.82295829126357,71.48731530838181,123.82295829126357,80.74633892629437,133.13198338491017,80.74633892629437,133.13198338491017,71.62838124654222,90.74175582387636,33.77315872109092,90.74175582387636,40.12955581613133,40.12955581613133,40.12955581613133,40.12955581613133,92.16477770818959,92.16477770818959,60.62756180154369,92.16477770818959,76.32163028919128,124.27841727347513,76.21105562843228,124.27841727347513
72.0,60.200010382058906,81.2640833948184,87.18400799458578,23.95425327577547,81.2640833948184,87.18400799458578,44.96761334560686,81.2640833948184,123.50151820929166,23.95425327577547,99.48251730831905,136.6112184265992,23.95425327577547,99.46167603655189,136.6112184265992,23.95425327577547,99.48251730831905,133.60623114211404,47.05471549164865,106.73858252759402,144.5307060800576,47.05471549164865,106.73858252759402,144.5307060800576,47.05471549164865,113.06248272526126,144.5307060800576,42.07934469546787,42.07934469546787,147.06503663345683,41.936335676832805,42.07934469546787,147.06503663345683,41.936335676832805,42.07934469546787,147.06503663345683,54.64417855545089,101.99696686666717,102.18518116635111,58.588874797183124,101.99696686666717,102.18518116635111,54.64417855545089,101.99696686666717,102.18518116635111,62.71444211662892,63.0004464269897,63.0004464269897,62.71444211662892,63.0004464269897,63.0004464269897,62.71444211662892,63.0004464269897,63.0004464269897,70.54378959199738,101.93606452085541,144.5307060800576,70.54378959199738,101.93606452085541,144.5307060800576,70.54378959199738,106.73858252759402,144.5307060800576,42.07934469546787,94.31058397656119,127.28167582177727,42.07934469546787,94.31058397656119,127.28167582177727,42.07934469546787,94.31058397656119,127.28167582177727,71.34932550487073,128.2443955890471,71.34932550487073,128.2443955890471,84.38543268834971,132.51084861248154,84.38543268834971,132.51084861248154,44.208667136659976,90.23026792601249,44.208667136659976,90.23026792601249,39.89619342744368,52.98430192047452,39.89619342744368,108.79625453111886,60.342988407933525,138.2068196580762,60.342988407933525,133.46394644247562,86.28279811179051,133.60623114211404,75.89878128138818,133.4489602807006
73.0,59.847650329816624,91.13367242682585,91.60794861801023,25.238586529360155,91.13367242682585,91.60794861801023,59.847650329816624,91.13367242682585,91.60794861801023,25.238586529360155,98.95595611179753,135.89196076295315,25.238586529360155,28.138696664913248,135.89196076295315,25.238586529360155,98.8717603767628,135.89196076295315,49.765763834186245,106.1514248609033,143.7936890131135,49.57777980103586,106.1514248609033,143.7936890131135,49.1484104524246,112.47277448342777,143.7936890131135,41.85954192295945,41.85954192295945,146.33224183343876,41.71577938861984,41.85954192295945,146.33224183343876,41.75890623567624,42.13331520305517,146.33224183343876,57.64031792070547,101.47014955148138,101.61395696458239,57.64031792070547,101.47014955148138,101.61395696458239,57.64031792070547,101.47014955148138,101.61395696458239,62.36185733282805,62.692194490223415,84.01961824478852,62.36185733282805,62.692194490223415,84.01961824478852,62.36185733282805,62.692194490223415,84.01961824478852,70.19206685943931,106.1113801625443,143.7936890131135,70.19206685943931,105.63439307346826,143.7936890131135,70.19206685943931,105.63439307346826,143.7936890131135,41.85954192295945,93.82646881344304,133.94075182706717,41.85954192295945,93.82646881344304,133.94075182706717,41.85954192295945,93.82646881344304,133.94075182706717,70.95372611780158,127.51127401135948,70.95372611780158,136.47573044318173,85.27089186821023,85.52216817878274,85.27089186821023,85.52216817878274,46.77703763600256,89.74620465512733,46.77703763600256,89.74620465512733,53.22876337094447,108.21102069567591,53.22876337094447,108.21102069567591,66.60650306088738,117.65468541456391,66.60650306088738,117.65468541456391,91.13367242682585,113.43114651628979,91.13367242682585,113.43114651628979
74.0,59.557461749137694,96.44177647679453,96.91584622753908,26.673230962896113,96.44177647679453,96.91584622753908,26.673230962896113,96.44177647679453,96.91584622753908,26.075203738417844,27.970274399798082,135.20031434874699,26.54894065683224,28.197007819979763,135.20031434874699,26.673230962896113,30.711011868709242,135.20031434874699,52.16130030971237,105.59888730474388,142.96197046767367,52.16130030971237,105.59888730474388,142.96197046767367,52.16130030971237,105.59888730474388,142.96197046767367,41.652085782107,41.652085782107,145.63867961499787,41.652085782107,41.652085782107,145.63867961499787,41.652085782107,42.125838270591125,145.63867961499787,59.557461749137694,100.97267575933598,101.1171906749787,59.557461749137694,101.1171906749787,101.1171906749787,59.557461749137694,101.1171906749787,101.1171906749787,62.07073585837371,87.99370005858374,88.13754166074749,62.07073585837371,87.99370005858374,87.99370005858374,62.07073585837371,87.99370005858374,89.33107661950571,69.81891756537048,106.49002300685262,142.96197046767367,69.81891756537048,106.69641512253352,142.96197046767367,69.81891756537048,105.59888730474388,115.49080049943372,41.652085782107,93.328753607878,142.07084500347,41.652085782107,93.328753607878,142.07084500347,41.652085782107,93.328753607878,140.01116026945851,70.62188931202562,126.95717781992478,70.62188931202562,143.65105290251094,84.85649651028494,85.106793207123,84.85649651028494,85.25128298154814,49.50329534485558,89.2900120394213,49.50329534485558,89.2900120394213,56.385337189733995,56.85939895918704,56.385337189733995,56.85939895918704,70.62348228457726,122.21957699157693,70.62348228457726,122.21957699157693,90.7112520583858,90.85574417723956,90.7112520583858,90.85574417723956
75.0,50.298223129649415,100.50498121983804,100.650167660069,28.403718946644997,100.50498121983804,100.650167660069,28.403718946644997,100.50498121983804,100.650167660069,25.9584523806794,27.813778060522452,134.55157003914894,26.653822427561867,28.364083803288977,134.55157003914894,27.27216988066773,30.876872412859434,134.55157003914894,55.334042415135364,105.20753300025622,142.31347441475808,55.334042415135364,105.20753300025622,142.31347441475808,55.334042415135364,105.20753300025622,146.95109730791395,41.45716162498344,41.45716162498344,144.98491300821613,41.45716162498344,41.45716162498344,144.98491300821613,41.45716162498344,41.45716162498344,144.98491300821613,59.284452008937386,100.650167660069,100.650167660069,59.284452008937386,100.50498121983804,100.650167660069,59.284452008937386,100.50498121983804,100.650167660069,61.75820795651376,92.99957661193947,93.47329163991178,61.75820795651376,62.08632095719636,93.47329163991178,61.75820795651376,92.99957661193947,93.47329163991178,69.50756253818716,106.17497351071015,177.48415422228544,69.50756253818716,106.17497351071015,177.48415422228544,69.50756253818716,105.20753300025622,122.70136511058058,41.45716162498344,92.90081404379619,144.98491300821613,41.45716162498344,92.90081404379619,144.98491300821613,41.45716162498344,92.90081404379619,144.37494588743576,70.27119786939738,126.30568079069128,70.27119786939738,144.37494588743576,84.46670941856324,100.78800151803786,84.46670941856324,100.78800151803786,51.61516250095509,88.86211931976413,51.61516250095509,107.26893772197057,59.84652245536076,60.46479347521167,59.84652245536076,60.46479347521167,74.78316154055003,132.04213342717543,74.47594410277723,132.04213342717543,90.2818711037825,136.64598420736704,90.2818711037825,90.42704932706805
76.0,30.287559327222127,100.06748347989969,100.2133037575351,30.287559327222127,100.06748347989969,100.2133037575351,30.287559327222127,100.06748347989969,100.2133037575351,25.849008685054056,27.558596662384677,134.06388402548987,27.158078908494247,28.54043184676784,134.06388402548987,27.34056052827008,31.196574331166552,133.5781606401286,59.10161799815636,104.71688020562874,141.70612195667482,59.10161799815636,104.71688020562874,141.70612195667482,59.10161799815636,104.71688020562874,176.63415581364777,41.274947001783055,62.48440805513004,62.48440805513004,41.274947001783055,62.48440805513004,62.48440805513004,41.274947001783055,62.48440805513004,62.48440805513004,59.02885946721315,100.2133037575351,100.2133037575351,59.02885946721315,100.06748347989969,100.2133037575351,59.02885946721315,100.06748347989969,100.2133037575351,61.50265238182822,97.59370497117116,97.73953268764896,61.50265238182822,61.794265510644266,97.73953268764896,61.50265238182822,97.59370497117116,97.73953268764896,69.21561420662248,105.68881208529122,130.9126617252892,69.21561420662248,105.68881208529122,130.9126617252892,69.21561420662248,104.71688020562874,130.9126617252892,10.131942064579722,92.50033108048858,144.25368279527564,37.891110435034754,92.50033108048858,144.25368279527564,37.891110435034754,92.50033108048858,143.88580541526673,69.97986317505914,88.49802963908292,69.97986317505914,143.76760761729327,84.10187274965998,107.26427643908292,84.10187274965998,107.26427643908292,51.46169692110822,106.77839200887041,51.46169692110822,106.77839200887041,61.648448885596466,61.794265510644266,61.648448885596466,61.794265510644266,74.45479333125571,136.6112184265992,74.45479333125571,121.20901369122677,50.11537937599595,136.6112184265992,50.11537937599595,111.75027964170827
77.0,32.470929306073145,99.66058022106834,99.80699499534089,32.470929306073145,99.66058022106834,99.80699499534089,32.470929306073145,99.66058022106834,99.80699499534089,25.746965840657808,27.12989587152888,168.79906694054918,27.523467259776698,28.614441284078918,133.49391371894075,27.66941000455196,31.525882223975902,133.49391371894075,63.32283355946731,64.70557356209741,141.14044423906282,63.32283355946731,64.70557356209741,141.14044423906282,63.32283355946731,64.70557356209741,175.95773640280783,41.105610930869275,64.70557356209741,64.70557356209741,41.105610930869275,64.70557356209741,64.70557356209741,41.105610930869275,64.70557356209741,64.70557356209741,58.790911287375025,75.51073599164557,75.51073599164557,58.790911287375025,74.89229766805128,74.89229766805128,58.790911287375025,74.89229766805128,74.89229766805128,61.23133389041921,97.18755707393822,97.3339932911416,61.23133389041921,97.18755707393822,97.3339932911416,61.23133389041921,97.18755707393822,97.3339932911416,68.91067587827011,105.3476387965103,140.61694421370422,68.91067587827011,105.3476387965103,140.61694421370422,68.91067587827011,104.26228944349917,138.5554942974114,10.096348349774782,92.12766278376978,143.6893350252551,36.810409533174166,92.12766278376978,143.6893350252551,36.810409533174166,92.12766278376978,143.6893350252551,69.70797120846366,98.17709126878836,69.70797120846366,88.12528723357444,83.7623125277711,106.8111651467205,83.7623125277711,106.8111651467205,51.25798718248698,60.08478384749336,59.75810614468969,60.08478384749336,61.41039203587614,61.556772576216176,61.4433580625278,61.556772576216176,85.07423229156993,136.04273225718455,85.07423229156993,120.64047828154528,53.75454631935796,119.02993321009636,53.75454631935796,119.02993321009636
78.0,35.102083271509684,99.28464760475306,99.43161594784628,35.102083271509684,99.28464760475306,99.43161594784628,35.102083271509684,99.28464760475306,99.43161594784628,25.652412167279707,26.564191122637254,168.17141552594484,28.155483480132247,28.711778941751415,44.540781874592184,28.155483480132247,31.53943959552864,31.392853486104123,68.29243186473886,68.98475375037589,140.61694421370422,68.29243186473886,68.98475375037589,140.61694421370422,68.29243186473886,68.98475375037589,175.3300459134144,40.949313181053476,69.67536329291724,69.67536329291724,40.949313181053476,69.67536329291724,69.67536329291724,40.949313181053476,69.67536329291724,69.67536329291724,58.57082251428607,79.0746877957795,79.22165897025889,58.57082251428607,79.0746877957795,79.13527184511341,58.57082251428607,79.0746877957795,79.10484340418101,10.031512847023622,96.8431528297174,117.98357936594397,10.031512847023622,96.8431528297174,117.98357936594397,10.031512847023622,96.8431528297174,117.98357936594397,68.66076936650214,104.92437752972376,149.27533285844652,68.66076936650214,104.92437752972376,151.33613249980985,68.66076936650214,103.84423431274362,140.61694421370422,10.031512847023622,91.78314796301116,143.16642413638752,35.154604961512504,91.78314796301116,143.16642413638752,35.154604961512504,91.78314796301116,143.16642413638752,69.42561666992954,106.39372631880134,69.42561666992954,106.39372631880134,23.21101570375583,128.6686636287173,43.86172876209965,128.6686636287173,63.7504901941938,64.90832958873615,63.7504901941938,64.90832958873615,73.93836115305776,74.58884802703417,73.93836115305776,74.58884802703417,89.19470976464916,135.51798773594595,89.19470976464916,134.5385632448927,58.717767753892005,120.22115038544591,58.717767753892005,120.22115038544591
79.0,38.18391349770214,98.94003865978625,99.08751813422315,38.00731837422893,98.94003865978625,99.08751813422315,38.03690641994956,98.94003865978625,99.08751813422315,25.5654307610883,26.33023452231294,167.59512224405577,28.53491282622044,28.681984763959413,44.86191313352563,28.240861353719364,31.5365858963839,31.36130179058261,68.43099626631194,75.69138821556915,140.13609456524753,68.43099626631194,75.69138821556915,140.13609456524753,68.43099626631194,75.69138821556915,140.13609456524753,40.83376360317525,75.69138821556915,75.69138821556915,40.83376360317525,75.69138821556915,75.69138821556915,40.83376360317525,75.69138821556915,75.69138821556915,58.36879517344863,87.78198135152793,88.54683082979311,58.36879517344863,87.78198135152793,87.78198135152793,58.36879517344863,87.78198135152793,87.78198135152793,10.002312232679001,96.49821889548014,126.78968806649853,10.002312232679001,96.49821889548014,126.78968806649853,10.002312232679001,96.49821889548014,126.78968806649853,68.43099626631194,104.53767263527537,140.13609456524753,68.43099626631194,104.53767263527537,140.13609456524753,68.43099626631194,103.55493711069502,140.13609456524753,10.002312232679001,91.4671047426341,142.68540570079338,10.002312232679001,91.4671047426341,142.68540570079338,10.002312232679001,91.4671047426341,142.68540570079338,69.19578202462921,117.08170224249389,69.19578202462921,117.08170224249389,22.976210523060587,128.4644892567592,43.42299218156206,128.4644892567592,68.93928488169863,69.19578202462921,68.93928488169863,69.19578202462921,79.51563525496103,80.13349018980766,79.51563525496103,80.13349018980766,88.87781641107077,135.03749479311293,88.87781641107077,88.87781641107077,63.86521940774963,135.03749479311293,63.86521940774963,135.03749479311293
80.0,38.11195678523998,98.65194498842888,98.79985450394145,37.96407841631349,98.65194498842888,98.79985450394145,37.96407841631349,98.65194498842888,98.79985450394145,25.486099152282996,26.25064284927133,27.779781316633866,28.519138310965847,28.71804746148317,45.16681580541184,28.449626535334342,31.577226762336178,30.66482104953492,68.22156000854861,81.99479404206099,139.6983357094851,68.22156000854861,81.99479404206099,139.6983357094851,68.22156000854861,81.99479404206099,139.6983357094851,40.70130526162521,82.75956893314512,82.75956893314512,40.70130526162521,82.14229269992406,82.75956893314512,40.70130526162521,81.99479404206099,82.75956893314512,58.18501740138951,95.11614610569542,98.83218731769523,58.18501740138951,95.11614610569542,98.68455426255925,58.18501740138951,95.11614610569542,98.68455426255925,10.123055368810347,96.21053086850732,132.13676626889279,10.123055368810347,96.21053086850732,132.13676626889279,10.123055368810347,96.21053086850732,132.13676626889279,68.22156000854861,104.1879311628751,139.6983357094851,68.22156000854861,104.1879311628751,139.6983357094851,68.22156000854861,103.20186529322035,139.6983357094851,10.123055368810347,91.17982918387158,142.2467047069984,10.123055368810347,91.17982918387158,142.2467047069984,10.123055368810347,91.17982918387158,142.2467047069984,27.684855968561582,123.99848789400619,27.684855968561582,123.99848789400619,22.60102320692583,128.02587629069367,42.20534622533027,128.02587629069367,68.76136269737533,77.40617707909364,68.83815257544322,77.40617707909364,82.89828104369836,83.28884228994902,82.89828104369836,83.28884228994902,88.59052573497914,111.60253133329907,88.59052573497914,111.60253133329907,70.3489605466918,134.601727329184,70.3489605466918,134.10863134041745
81.0,46.00294827508341,98.39068172342337,98.51660393050503,45.090533928974494,98.36826851175128,98.51660393050503,45.090533928974494,98.45926188023145,98.51660393050503,46.00294827508341,46.00294827508341,46.15090735836078,46.00294827508341,46.00294827508341,46.00294827508341,45.83046203127348,46.00294827508341,46.00294827508341,68.03264841236154,90.5632996859103,139.30407388156314,68.03264841236154,90.5632996859103,135.7686451283948,68.03264841236154,90.5632996859103,139.30407388156314,40.58227753588997,90.94386317943614,91.09218544968608,40.58227753588997,90.94386317943614,91.09218544968608,40.58227753588997,90.94386317943614,91.09218544968608,58.01966261535825,98.51660393050503,98.66494438249079,37.84535968913494,98.51660393050503,98.51660393050503,58.01966261535825,98.36826851175128,98.51660393050503,10.098576632377457,95.95035825884133,131.7388515207264,10.098576632377457,95.95035825884133,131.7388515207264,10.098576632377457,95.95035825884133,153.3431609169447,68.03264841236154,103.95010822505189,139.30407388156314,68.03264841236154,103.95010822505189,139.30407388156314,68.03264841236154,102.88646655415862,139.30407388156314,10.098576632377457,90.94386317943614,141.8507137803684,10.098576632377457,90.94386317943614,141.8507137803684,10.098576632377457,90.94386317943614,141.8507137803684,32.612670083879976,123.67952538718767,32.713242731346575,138.13625519754038,30.49190466336926,127.70914219428458,41.19801269478906,127.70914219428458,68.5975582655826,86.98868460897658,68.74068118661613,86.98868460897658,82.6627183196875,96.80225333121125,82.6627183196875,96.80225333121125,88.35528422228067,119.08033002977444,88.35528422228067,119.08033002977444,73.18747331340248,134.28560980239095,73.33581151115735,119.08033002977444
82.0,50.4027901013426,98.28520361682118,98.28520361682118,37.7608428136873,51.33693845565783,98.28520361682118,37.7608428136873,98.28520361682118,98.28520361682118,50.25436548201559,51.33693845565783,51.33693845565783,49.36401776598011,51.33693845565783,51.33693845565783,49.36401776598011,51.33693845565783,51.33693845565783,67.86443287908622,102.81354482751775,155.07780305382198,67.86443287908622,103.3809702024507,103.3809702024507,67.86443287908622,101.08291769631504,173.25018037508647,40.47679890999287,90.71224421212386,90.86094458016602,40.47679890999287,90.71224421212386,90.86094458016602,40.47679890999287,90.71224421212386,90.86094458016602,57.87288873038912,98.28520361682118,98.43389279105037,37.7608428136873,98.28520361682118,98.28520361682118,57.87288873038912,98.28520361682118,98.28520361682118,10.076271631908302,95.69817788234006,131.38730912839338,10.076271631908302,95.69817788234006,131.38730912839338,10.076271631908302,95.69817788234006,166.1794963285182,67.86443287908622,103.66592979373696,138.9536793323588,67.86443287908622,103.66592979373696,138.9536793323588,67.86443287908622,102.67485086426959,138.9536793323588,10.076271631908302,90.71224421212386,141.4977915021998,10.076271631908302,90.71224421212386,141.4977915021998,10.076271631908302,90.71224421212386,141.4977915021998,32.309073802880825,123.32528126868391,32.309073802880825,141.00221629463843,39.329330657919925,127.35629156033086,40.62549999692311,127.35629156033086,68.54007039681241,86.7869589857831,68.62766388272297,86.7869589857831,82.52045201039559,105.15286491579771,82.52045201039559,104.79324882834771,88.14494455157369,133.93141901734634,88.14494455157369,118.79867423502671,81.10564098754168,88.24699003365497,82.59010231256528,88.24699003365497
83.0,55.75169279941193,57.910976938746245,57.910976938746245,37.66837201154305,57.910976938746245,57.910976938746245,37.66837201154305,57.910976938746245,57.910976938746245,55.75169279941193,60.401872901425826,60.401872901425826,55.75169279941193,60.401872901425826,60.99718231197241,55.75169279941193,60.401872901425826,61.42541208652978,67.71706764176959,102.92290804286478,117.24600206403628,67.71706764176959,103.41965480507078,117.24600206403628,67.71706764176959,102.42619293911103,117.24600206403628,40.38497554784452,90.51011683784304,117.24600206403628,40.38497554784452,90.51011683784304,117.24600206403628,40.38497554784452,90.51011683784304,117.24600206403628,57.761979277029624,98.06381213271285,98.2128364828142,37.66837201154305,98.06381213271285,98.06381213271285,57.761979277029624,98.06381213271285,98.06381213271285,10.056154831743592,95.49623683685132,165.87080816105046,10.056154831743592,95.49623683685132,131.1397155708369,10.056154831743592,95.49623683685132,165.87080816105046,67.71706764176959,103.41965480507078,138.6474846508223,67.71706764176959,103.41965480507078,138.6474846508223,67.71706764176959,102.42619293911103,138.6474846508223,10.056154831743592,90.51011683784304,141.18826084345682,10.056154831743592,90.51011683784304,141.18826084345682,10.056154831743592,90.51011683784304,141.18826084345682,40.43842541444956,123.07771934838571,40.43842541444956,140.69159534243687,39.248009503667824,40.998185935477686,40.08692118384748,41.760522626040014,68.47931256956365,104.47068966939962,68.47931256956365,104.47068966939962,82.32936900037556,104.96725679944198,82.32936900037556,104.96725679944198,38.5043017077313,133.62307061282493,38.5043017077313,118.55009489663009,87.94254516444245,94.93501066519137,87.94254516444245,95.2324590147708
84.0,57.650075888935305,66.95488219689433,66.95488219689433,37.60500299162333,66.95488219689433,66.95488219689433,37.60500299162333,66.95488219689433,66.95488219689433,60.05332005809504,60.3664745533479,60.3664745533479,60.05332005809504,60.3664745533479,60.3664745533479,60.05332005809504,60.3664745533479,60.96360594649893,67.59068907771247,102.76246882982133,135.11337831613864,67.59068907771247,103.25998741041953,135.0578579720558,67.59068907771247,102.26497445362219,102.26497445362219,40.32141180563994,90.35212366070871,140.57960378376373,40.32141180563994,90.35212366070871,135.11337831613864,40.32141180563994,90.35212366070871,140.57960378376373,57.650075888935305,97.88951041863474,97.88951041863474,57.650075888935305,97.88951041863474,97.88951041863474,57.650075888935305,97.88951041863474,97.88951041863474,10.022537103947284,10.022537103947284,165.54946390731683,10.022537103947284,35.68061448461896,130.87255250815582,10.022537103947284,35.68061448461896,130.87255250815582,67.59068907771247,103.25998741041953,138.43455132299883,67.59068907771247,103.25998741041953,138.43455132299883,67.59068907771247,102.26497445362219,138.43455132299883,10.022537103947284,33.72582467486896,140.92240772850852,10.022537103947284,47.75621687278003,140.92240772850852,10.022537103947284,49.26364024308395,140.92240772850852,44.459883603086496,136.89274999064048,44.459883603086496,136.39510621719535,38.6646641004419,40.619961225978535,39.85895445191707,41.36642660419195,68.0854242844972,104.25509579871864,68.0854242844972,104.25509579871864,82.16522987249533,104.7526849297907,82.16522987249533,104.7526849297907,42.72459771606984,133.40961359662205,42.72459771606984,118.33480046038866,87.78505709971374,112.97178851377011,87.78505709971374,112.97178851377011
85.0,57.55711294010498,83.05754782077302,83.07109154212432,37.55111516320121,83.05754782077302,89.94454541549476,37.55111516320121,83.05754782077302,83.05754782077302,59.96145636990482,80.53205107284924,89.94454541549476,59.96145636990482,80.53205107284924,89.94454541549476,59.96145636990482,80.53205107284924,89.94454541549476,67.48541509096613,102.58228404554073,138.20862852948076,67.48541509096613,103.08067229117202,138.20862852948076,67.48541509096613,102.08391156298822,156.94465585039842,40.25439417007788,90.20682485266843,140.70047974331857,40.25439417007788,90.20682485266843,140.20208628975533,40.25439417007788,90.20682485266843,140.70047974331857,57.55711294010498,97.73078455635154,97.73078455635154,57.55711294010498,97.73078455635154,97.73078455635154,57.55711294010498,97.73078455635154,97.73078455635154,10.009058397271943,27.636049826268586,165.28195606296532,10.009058397271943,36.979335445624216,130.69286514573014,10.009058397271943,36.979335445624216,130.69286514573014,67.48541509096613,103.08067229117202,138.20862852948076,67.48541509096613,103.08067229117202,138.20862852948076,67.48541509096613,102.08391156298822,138.20862852948076,10.009058397271943,35.32253176090298,140.70047974331857,41.039873903315055,49.77209308437811,140.70047974331857,41.039873903315055,50.818020917780736,140.70047974331857,58.34180533716796,58.34180533716796,58.34180533716796,58.34180533716796,52.515961859229044,52.515961859229044,52.515961859229044,52.515961859229044,67.99356587207352,104.07749516586186,67.99356587207352,104.07749516586186,82.02819637173549,104.57592935279132,82.02819637173549,104.57592935279132,57.59462865580436,133.18455240755213,57.59462865580436,132.6861899370089,87.65295916282577,128.33598482109372,87.65295916282577,128.8337106505902
86.0,57.4831823231804,97.54666191110795,97.55796353963113,37.49714989169177,97.54666191110795,97.55796353963113,37.49714989169177,97.54666191110795,97.55796353963113,59.88786396257592,95.01555793658216,95.16509995791525,59.88786396257592,95.01555793658216,95.16509995791525,59.88786396257592,95.01555793658216,95.2095386502844,67.40134457115822,102.47255730194304,138.02762404678276,67.40134457115822,102.97147663309485,138.02762404678276,67.40134457115822,101.94177259592851,101.94177259592851,40.2012593086336,90.100756101156,140.52268500139044,40.2012593086336,90.100756101156,140.02365871523284,40.2012593086336,90.100756101156,140.02365871523284,57.4831823231804,97.6142215560827,97.6142215560827,42.905375537337974,97.6142215560827,97.6142215560827,42.905375537337974,97.6142215560827,97.70752913670471,10.147475055401713,29.405547945923402,151.0335227689535,10.147475055401713,37.97652235263255,58.5704383627099,10.147475055401713,37.97652235263255,59.7675183523626,67.40134457115822,102.97147663309485,138.02762404678276,42.15680550041713,102.97147663309485,138.02762404678276,37.9658563712186,101.94177259592851,138.02762404678276,10.147475055401713,36.61920602634634,40.84092616481659,42.63603229663848,50.9078211083523,53.0131705333684,42.63603229663848,51.655892693864075,87.57566014595608,68.06075410983925,68.06075410983925,68.06075410983925,68.06075410983925,72.39959426681892,72.39959426681892,72.39959426681892,72.39959426681892,32.419612119826475,104.00300476428554,32.419612119826475,104.03905516679782,37.66658001464959,104.4682966262971,37.66658001464959,104.4682966262971,64.17204414696481,72.54923328333663,64.17204414696481,72.54923328333663,87.5463662866712,132.60891749803253,72.51945428641889,117.9729841955352
87.0,57.435017628620955,97.51874819746202,97.51874819746202,37.464733416908224,97.51874819746202,97.51874819746202,37.464733416908224,97.51874819746202,97.51874819746202,59.83261025561228,94.97126539116977,129.98124864764148,59.83261025561228,94.97126539116977,129.98124864764148,59.83261025561228,94.97126539116977,129.98124864764148,67.34523925267472,101.86081189544878,137.8917147619827,67.34523925267472,102.8597345903634,137.8917147619827,67.34523925267472,101.86081189544878,101.86081189544878,40.16878452231285,90.01281158812894,140.3891911793782,40.16878452231285,90.01281158812894,139.88968868361957,40.16878452231285,90.01281158812894,139.88968868361957,20.648032593930104,97.51874819746202,97.54689256967646,37.02251004456613,97.51874819746202,97.51874819746202,37.02251004456613,97.51874819746202,97.51874819746202,10.138601974631413,31.031697504326118,34.63424966705645,10.138601974631413,38.68618939621735,59.696702170220426,10.138601974631413,38.68618939621735,61.651733552269235,31.913888042668823,102.8597345903634,137.8917147619827,49.79423912462163,102.8597345903634,137.8917147619827,49.79423912462163,101.86081189544878,137.8917147619827,10.138601974631413,37.188657545009605,41.390352136699676,44.09451496501577,51.75771681594929,53.713091979516506,44.09451496501577,52.34860313322601,88.08621486929722,79.87390844324571,94.40882506418559,79.87390844324571,94.40882506418559,81.83596397672602,94.40882506418559,81.90748592161769,94.40882506418559,32.978345167700574,104.35815732370901,32.978345167700574,104.35815732370901,38.087153345977434,40.7913134135198,38.236909524698774,40.94107045498444,79.87390844324571,87.51089217920247,79.87390844324571,87.51089217920247,87.45868310236554,132.89704661880188,87.45868310236554,132.4221469392488
88.0,57.39661357606388,97.46035732542745,97.46035732542745,37.4419049996124,97.46035732542745,97.46035732542745,37.4419049996124,97.46035732542745,97.46035732542745,59.79574608615566,94.9113072821147,164.81846073786758,59.79574608615566,94.9113072821147,130.30397154346448,59.79574608615566,94.9113072821147,129.8041794396467,67.30112369047042,101.78715537826962,137.80103410352189,72.55326491619795,102.7867938988273,137.80103410352189,67.30112369047042,101.78715537826962,101.78715537826962,40.14076792987399,89.95905318532427,140.30012473266015,40.14076792987399,89.95905318532427,139.80030400539192,59.959204881319096,89.95905318532427,139.80030400539192,20.791374413443666,97.46035732542745,97.61030299102651,37.1523384190013,97.46035732542745,97.46035732542745,37.1523384190013,97.46035732542745,97.46035732542745,10.131942064579722,32.35013523928454,35.353730354801314,10.131942064579722,39.10672896062773,61.01377918142753,10.131942064579722,39.10672896062773,62.96257817148214,32.05037051267894,102.7867938988273,137.80103410352189,65.37771982870005,102.7867938988273,137.80103410352189,66.12712189412147,83.06648692463163,137.80103410352189,10.131942064579722,37.90179745078062,41.95457364817333,45.85745577329819,52.31420696139816,54.2627980295893,45.85745577329819,52.769842239673224,88.92311988453847,85.77951387132012,121.86314044861966,85.77951387132012,130.35576320209245,81.78095744120388,125.85954473141877,81.85390186179276,125.85954473141877,33.555271567966784,35.05397623665538,33.555271567966784,35.05397623665538,38.95685113044944,41.80467976195966,38.95685113044944,41.95457364817333,87.40592800262463,132.35416502702134,87.40592800262463,117.79484284127213,28.89690727396273,132.80295553940056,28.89690727396273,132.80295553940056
89.0,57.37740191050829,97.27988615330509,97.42987863073627,37.426878710360015,97.42987863073627,97.42987863073627,37.426878710360015,97.27988615330509,99.98740545688742,59.777305476242404,94.88000974915633,164.75929412327548,59.777305476242404,94.88000974915633,130.25599794251318,59.777305476242404,94.88000974915633,129.75602105490134,67.27838620240529,101.75767784300112,137.75567138960196,72.52814109020028,102.75760312502427,137.75567138960196,67.27838620240529,106.78541567086772,101.75767784300112,39.97675887312527,89.92878432404166,140.2555702993646,40.126752298186304,89.92878432404166,139.75559022808355,60.07729396369314,89.92878432404166,139.75559022808355,20.928359945299107,32.335526128393205,36.981160744357396,37.287749328700436,74.02807744362944,76.13567659120132,37.287749328700436,55.57747970176409,94.58573491811543,10.12749969143421,33.08528751575237,35.934471611532004,10.12749969143421,39.53360911933035,62.33515260268478,10.12749969143421,39.53360911933035,63.834914036129156,32.33204679571028,33.53514947036914,34.734798833446554,65.48019738821806,67.2870808550943,68.33426117256262,66.23455480336528,98.20252669865475,131.7559296578336,10.12749969143421,38.1874488543029,42.38303021257447,47.18507444097126,52.734014165432164,54.536604679792816,47.18507444097126,53.17928403053204,90.08627115160223,85.75327982065758,122.2563904260223,85.75327982065758,139.75559022808355,81.75344029458333,126.2561879671646,81.82915892272143,126.2561879671646,33.98501508017909,35.48459172655083,33.98501508017909,35.48459172655083,39.683576577722924,42.236255160702875,39.683576577722924,42.38303021257447,87.37889476298038,132.75588499196562,87.37889476298038,117.75663463261847,29.182807438627282,57.683240633653725,29.182807438627282,54.67752051803373
90.0,42.525066137514706,97.27502891287156,97.425028868356,37.42507515022515,97.27502891287156,97.425028868356,37.42507515022515,97.27502891287156,117.75026539248223,59.77504705142439,94.87502964426415,164.75018968122617,59.77504705142439,94.87502964426415,129.75024084756066,59.77504705142439,94.87502964426415,95.02502959746973,67.27504180600707,101.7503071248436,137.75022686006727,72.52503877972075,102.75273718981894,137.75022686006727,67.27504180600707,107.75029002281154,101.7503071248436,39.825070621406304,89.92503127605795,140.2502228162223,40.12507009339672,89.92503127605795,139.7502236134168,60.07504681646115,89.92503127605795,139.7502236134168,21.07513345153477,32.77508581224464,37.12568181192098,37.575074850224844,74.02503799391121,76.57503672868854,37.575074850224844,55.57626516778542,94.72502969120674,10.125277773967488,33.525083892512484,36.22569875102481,10.125277773967488,39.67507088840548,62.77612006169225,10.125277773967488,39.67507088840548,64.12609648185362,32.625086206782655,33.82508314845656,35.1750799572652,65.50190836914601,67.50185182644992,68.62602458251534,66.37504237286782,117.75026539248223,131.75023719143735,10.125277773967488,38.475073099345764,42.525066137514706,47.77505886966545,52.875053191462605,54.67505144030501,47.77505886966545,53.325052742589946,90.50138120492969,85.75036443071248,122.25025562345463,68.02504134508114,122.25025562345463,81.75038226210322,126.25024752450983,81.82503437212844,126.25024752450983,34.27508205679455,35.77570754017312,34.27508205679455,35.77570754017312,39.9756332032402,42.525595233929415,40.12507009339672,42.67506590504577,72.3750388600932,132.75023540468771,72.3750388600932,117.75026539248223,29.325095907771555,58.126209664831926,29.325095907771555,54.67628599310673
