Theta_deg,config_01_det1_b15_s5_h4_w50,config_02_det1_b15_s5_h4_w500,config_03_det1_b15_s5_h4_w1500,config_04_det1_b15_s5_h12_w50,config_05_det1_b15_s5_h12_w500,config_06_det1_b15_s5_h12_w1500,config_07_det1_b15_s5_h24_w50,config_08_det1_b15_s5_h24_w500,config_09_det1_b15_s5_h24_w1500,config_10_det1_b15_s20_h4_w50,config_11_det1_b15_s20_h4_w500,config_12_det1_b15_s20_h4_w1500,config_13_det1_b15_s20_h12_w50,config_14_det1_b15_s20_h12_w500,config_15_det1_b15_s20_h12_w1500,config_16_det1_b15_s20_h24_w50,config_17_det1_b15_s20_h24_w500,config_18_det1_b15_s20_h24_w1500,config_19_det1_b30_s5_h4_w50,config_20_det1_b30_s5_h4_w500,config_21_det1_b30_s5_h4_w1500,config_22_det1_b30_s5_h12_w50,config_23_det1_b30_s5_h12_w500,config_24_det1_b30_s5_h12_w1500,config_25_det1_b30_s5_h24_w50,config_26_det1_b30_s5_h24_w500,config_27_det1_b30_s5_h24_w1500,config_28_det1_b30_s20_h4_w50,config_29_det1_b30_s20_h4_w500,config_30_det1_b30_s20_h4_w1500,config_31_det1_b30_s20_h12_w50,config_32_det1_b30_s20_h12_w500,config_33_det1_b30_s20_h12_w1500,config_34_det1_b30_s20_h24_w50,config_35_det1_b30_s20_h24_w500,config_36_det1_b30_s20_h24_w1500,config_37_det2_b15_s5_h4_w50,config_38_det2_b15_s5_h4_w500,config_39_det2_b15_s5_h4_w1500,config_40_det2_b15_s5_h12_w50,config_41_det2_b15_s5_h12_w500,config_42_det2_b15_s5_h12_w1500,config_43_det2_b15_s5_h24_w50,config_44_det2_b15_s5_h24_w500,config_45_det2_b15_s5_h24_w1500,config_46_det2_b15_s20_h4_w50,config_47_det2_b15_s20_h4_w500,config_48_det2_b15_s20_h4_w1500,config_49_det2_b15_s20_h12_w50,config_50_det2_b15_s20_h12_w500,config_51_det2_b15_s20_h12_w1500,config_52_det2_b15_s20_h24_w50,config_53_det2_b15_s20_h24_w500,config_54_det2_b15_s20_h24_w1500,config_55_det2_b30_s5_h4_w50,config_56_det2_b30_s5_h4_w500,config_57_det2_b30_s5_h4_w1500,config_58_det2_b30_s5_h12_w50,config_59_det2_b30_s5_h12_w500,config_60_det2_b30_s5_h12_w1500,config_61_det2_b30_s5_h24_w50,config_62_det2_b30_s5_h24_w500,config_63_det2_b30_s5_h24_w1500,config_64_det2_b30_s20_h4_w50,config_65_det2_b30_s20_h4_w500,config_66_det2_b30_s20_h4_w1500,config_67_det2_b30_s20_h12_w50,config_68_det2_b30_s20_h12_w500,config_69_det2_b30_s20_h12_w1500,config_70_det2_b30_s20_h24_w50,config_71_det2_b30_s20_h24_w500,config_72_det2_b30_s20_h24_w1500,config_73_det1_b10_s8_h10_w250,config_74_det1_b10_s8_h10_w1000,config_75_det1_b10_s8_h15_w250,config_76_det1_b10_s8_h15_w1000,config_77_det1_b10_s12_h10_w250,config_78_det1_b10_s12_h10_w1000,config_79_det1_b10_s12_h15_w250,config_80_det1_b10_s12_h15_w1000,config_81_det2_b10_s8_h10_w250,config_82_det2_b10_s8_h10_w1000,config_83_det2_b10_s8_h15_w250,config_84_det2_b10_s8_h15_w1000,config_85_det2_b10_s12_h10_w250,config_86_det2_b10_s12_h10_w1000,config_87_det2_b10_s12_h15_w250,config_88_det2_b10_s12_h15_w1000,config_89_det1_b10_s5_h15_w250,config_90_det1_b10_s5_h15_w1000,config_91_det1_b10_s5_h24_w250,config_92_det1_b10_s5_h24_w1000,config_93_det2_b10_s5_h15_w250,config_94_det2_b10_s5_h15_w1000,config_95_det2_b10_s5_h24_w250,config_96_det2_b10_s5_h24_w1000
0.0,33.547391866605395,49.412399342552064,82.7724780659708,46.78168194779838,70.61472970287868,84.86223653671358,46.77720395855428,70.69100156609545,87.75542332155672,12.525224548885342,12.533888237977331,64.95624472662675,12.525226932566358,22.870100170324143,72.68894414977959,12.525226932566358,22.917691377788216,72.91881825216468,43.37850826722084,54.62238643237749,88.8293666896177,55.49959350814059,90.17898156526803,100.0594586521349,55.3201955335823,97.84896562380105,120.94550487204486,18.075155600989994,22.33061376117341,73.17848564616635,18.095336709485082,87.49438569330178,97.80610871697911,18.095337000246218,88.02594555500879,112.33513332814489,36.03310885108818,46.13008781804351,80.56391578573293,40.889610322478596,63.39331328794389,98.97744724891798,40.88360993952874,62.43534072371079,100.23634549814733,10.125277773967488,51.13914860835645,55.24847419480169,10.125277773967488,57.61515522948146,85.15427555532246,10.125277773967488,57.61659910181951,85.9818028126593,37.592970659809104,50.771452449617755,84.96000576296485,56.04285764548039,87.03343298795379,100.20263898045087,56.062575471728834,97.1291830378782,121.42500745083673,10.12527866372046,60.13139081681224,63.43768505299875,10.17848673536704,71.72969539169509,100.31567776752905,10.178479469582287,72.35353120663302,105.59843849636829,51.118534865630295,67.8000129361157,51.11687649228226,68.41493507252596,17.817936774313758,47.90682217487259,17.81794131693542,48.574568641981905,49.13031408970558,60.2637298467256,49.117000497298974,60.42004687842592,47.17347379324529,59.29572714151424,47.21209199807523,61.15489342700601,53.022139670484954,68.11324414139474,53.0031669619172,72.42970745834067,46.80741559210024,94.3766107834794,46.58224499427266,60.881269009248
1.0,33.432282300557475,49.3445707734257,90.10064008657548,46.738588642572644,69.50201872139068,83.67234565452793,46.73517569637001,69.5763673404236,87.56918580784554,12.527020795065361,12.53257134164591,64.89649410304412,12.527023148273372,16.947502484316374,73.18339418973856,12.527023148273372,16.98516681990813,73.45314181665148,43.90239987583181,53.881591155217265,90.28229503914227,55.41801431896187,90.6554806041399,99.97126835250698,55.115845131387644,98.07127545441841,119.73217889874654,18.076400360691284,21.92681871603952,74.20669299184323,18.07640499465595,87.40792914903712,98.09591573819854,18.076404994385456,88.001111816692,111.8933926252561,36.28625725057924,53.03931354188368,82.83601885197675,40.492406351480106,61.60466132922589,99.01075569354488,40.487031867022594,61.37141533439146,99.82858726079955,10.12749969143421,51.32197576777437,55.61343055578934,10.12749969143421,58.342608658228514,84.69094505940214,10.12749969143421,58.34398003803712,85.65970755628601,37.33265014656304,50.59383890385824,84.29598464442962,58.457971206620776,88.90264392296093,100.22882020862052,58.48789841525253,97.51517020206482,123.13250850505413,10.127499691916139,60.185263539117265,63.49382039896998,10.16853176449408,72.49950354353925,99.94891890286534,10.16852724660599,73.08720289544343,104.01797439726144,50.935361212849934,67.14820834603168,50.93079661924143,67.94256310689278,17.898264638324243,43.44706412863876,17.898266162638638,43.55911430988425,46.44558681680607,60.07450142994082,46.46656371712181,60.16440387915562,47.79041856729012,59.20566561793562,47.82068662090461,59.95692977748702,51.94643451043588,66.8357914422728,51.932650350068386,71.47653297956599,45.703298973659834,98.79702639250449,45.7023013927626,60.31502469376175
2.0,32.74950242987117,48.50955074272079,89.7794205252642,45.4964797284063,67.6678610612972,80.4971543953635,45.49302619042035,67.82377491748494,81.59356502802073,12.509996003196804,12.510663596242729,63.365922133061694,12.509999860096706,12.637984268767251,72.70060538347737,12.509999860096706,12.639347096380055,73.00532298253343,43.79015652822198,51.76778200493018,87.29039970677772,57.649857522518246,90.05281557278198,90.11324122787244,56.89049874498923,90.10917971341345,90.1555685382249,18.08262287390853,19.581109588042775,74.37014256895688,18.08262287390853,83.75752339110083,97.51544538944589,18.08262287390853,84.21544613456439,107.4232016714254,35.489063841048335,61.36876871415328,80.79662265424854,38.94336477089695,60.63958969330794,81.78551484114864,38.937985125265975,60.61884524475525,82.55603762088707,10.131942064579722,50.35929658746638,55.42900554974054,10.131942064579722,58.061631602297105,79.93493572199408,10.131942064579722,58.061198190657954,80.73445004761471,36.01054735314135,49.28452236101028,82.99822754795228,57.831083736737696,81.04699250957756,83.06648905650724,57.83823755656941,81.79393674313107,90.55036954198984,10.131942064579722,58.86317531014701,62.82552033434176,10.133308651587136,72.44327003133209,99.64928035736632,10.133308558288618,73.84883353322006,100.20219989532552,49.095709687124334,62.94331543143005,49.10788487597241,64.74088453189766,18.240912579796863,42.06018681363073,18.24091043820035,42.04935430157906,49.58058737000648,60.66822947180058,49.58801458192165,63.51617643330525,45.8040927755937,64.25744971585505,45.821914462804465,64.76145740315428,49.65017701261887,64.41494854690778,49.642856181202006,76.96185521321426,43.417305912491265,83.03751345906657,43.422367250424465,76.16871446066038
3.0000000000000004,34.521695385229116,47.791993932043425,89.13573195710323,43.16182533798058,58.10482166293738,72.59864577906647,43.16163289925989,60.62815749995333,82.32047189716633,12.543175435271564,12.545041239041403,56.037879804722294,12.543178061878299,12.70708246448505,71.95986208519696,12.543178061878299,12.705307136522661,73.01135720129696,43.11780029857624,54.17267452486185,86.46426862853897,54.6424823543258,82.29760915545869,90.16266549964016,54.38976185107877,90.10421322505574,90.16309155632288,18.09381800505355,20.757667700420974,74.42343899703782,18.09381800505355,79.06562254810216,98.15632135100861,18.09381800505355,79.33759958136619,113.28907641344307,34.252703774224344,48.59492401590598,82.43350663713946,37.73537626686726,62.6826451497542,62.83518255893667,37.731690391872384,62.68291435082883,70.68524302501132,10.138601974631413,44.53286379996749,55.263127184891495,10.138601974631413,58.626371294245786,76.9320468763096,10.138601974631413,58.62931704912829,77.258966253071,34.665192235795004,46.931942429945735,72.16327430606039,46.954916211645745,72.59665879740407,72.59667076174107,46.93982609276804,72.59666831198247,73.39478610243889,10.138601974631413,56.700974767546384,61.52726223818723,10.138968631383351,79.58520911507874,99.20759696364459,10.138968537094037,88.97968577882538,99.87470352970111,56.91961272359986,66.5948906115031,57.03950831836332,74.86807839419527,19.050550377985658,44.748262893168075,19.050617130970426,44.43722466098277,51.11257447649867,68.58158031791595,51.113621081467734,68.16013711839886,45.62424329530031,65.05699010119999,45.63110271575629,65.24172373267389,48.77080834962867,68.39482668329671,48.767959273422704,69.09162341881654,42.41276133747178,61.110246328724514,42.415972735809355,76.02551566783644
4.0,33.597569680036536,51.069997746541894,78.23832071055841,35.568676711989504,52.71054679102908,72.70496385237595,35.56866673421652,52.7314500360542,88.37020795191646,12.552141251595284,12.564104930112748,54.851053460043204,12.552144830376507,13.759584330729794,76.12257246353526,12.552144830376507,13.753209361682703,83.08860438367475,35.56249275535227,54.429881245861075,73.74789715332695,54.954655669402584,55.30694773649378,90.24906447750533,54.73262048423857,87.77460364775169,90.2504706530784,18.10997653228739,23.1449763660751,73.10657125691084,18.10997653228739,74.60650401741063,104.05518118988888,18.10997653228739,74.80428531117369,114.25770571903324,32.95774882309702,55.33747408612489,81.81248288317751,36.471172218707444,62.66908824641624,78.68326275064177,36.45878405945762,62.673051467968165,65.3562631362158,10.147475057082584,42.334825502635994,55.02230326411253,10.14747506407387,63.871596059374774,75.76927179276286,10.147475064070624,63.883624328148436,77.62656287597056,34.89489446792643,37.58324094593227,72.617899566482,37.58318949978781,72.66508717259714,72.66916399750025,37.5831868542441,72.66697574668427,72.67227436250687,10.147525287670087,53.10731095533643,59.856683811403194,10.150466582961466,93.31123454482267,97.17763133735993,10.15046569257906,94.5182836938675,98.5405932280355,57.377026433001646,79.62647904114534,57.41365253178424,76.4441037527938,19.74814535659788,54.09825201717956,19.74815119573391,53.02249354230424,50.28050198739329,74.24555856713704,50.28085781949927,72.45895456047064,45.05063093960527,64.51022073978962,45.057639453568434,64.06177381605097,40.89648857621057,68.28543126507243,40.681470548648846,71.19151621767693,45.98449217655454,61.67732420773287,46.61330096778093,75.7871555303179
5.0,32.7291805516513,50.65463250839904,72.04989729612386,32.731311945480755,52.76574465425756,73.47879871436537,32.73130805059473,52.78586240601838,78.36455604881628,12.575422458112492,12.678130463089445,53.640441388371514,12.575425106518377,21.814958883658967,82.60818197616642,12.575425106518377,21.787928629038113,83.48342340787127,27.64988697987751,52.7865434232065,59.409232564842156,41.24875603377217,55.302584438624194,90.32608037911636,38.74830818794738,56.77787081836525,90.35635712356196,18.13108518539362,23.555833371186814,71.14445782178919,18.13108518539362,71.8198251631272,106.08295423478903,18.13108518539362,72.45296499341725,110.63960234011957,27.649698796405776,58.42299276410294,81.05298290673262,30.62155233858182,50.10962618896446,79.93611162719965,30.591962033612596,56.50015156481843,78.45683610775615,10.00905861058305,41.55576621140986,59.26987643357261,10.009059176957726,66.82647759139981,74.54509943834839,10.009059176578692,66.8321473561128,77.6426141629135,36.026975423385636,37.664653679193734,72.66277899742201,37.662979170532964,72.71424829255857,72.75456795967092,37.662979170532964,72.73359903993794,72.75458238594688,10.009418846439393,47.89264542587899,59.08504899324711,10.021370069272637,92.33216195395515,94.45342680758519,10.02136920401553,92.80528183267953,95.12431852011865,47.49542102006332,78.39785820679383,47.476113954040514,68.92118703140822,20.855470546576687,78.6541889875738,20.855379702169827,77.4798750527072,46.77789173301127,74.0849426037447,46.777922917780316,73.62153360914303,44.05704950509895,71.81129856396281,44.06444149753338,72.90304949103894,41.008171064649844,72.22273535630373,40.29971212986756,68.47531661019198,41.82377377909592,74.69669263846977,44.89106351891236,76.67030709351243
6.000000000000001,32.783498945604926,50.36181437548944,71.23695287759041,32.78404474472767,52.85564970627015,80.76160708573549,32.78404458108735,52.876837987901375,74.23211528530271,12.58972795575822,13.777810444628198,54.13815057512512,12.589730816110947,46.62646448490271,89.58010522252876,12.589730816110947,46.56209817988496,96.50243060346958,23.323191248197578,52.456015705269856,55.949637610020005,24.84610749002203,55.38159994623822,80.78846450508968,24.414275272880996,55.48308727999815,90.50121928922586,18.03902020620854,26.784307325407248,69.72447933989275,18.03902020620854,69.51611164563695,100.25174145303086,18.03902020620854,69.76610346724785,100.41367020074262,23.323161568385256,55.803925815948716,81.2326900907136,23.68357869837387,56.1515141923232,80.06320050145555,23.679618685259168,57.99567760264568,78.35213351770098,10.022538437789,40.83822540785809,65.52431387888863,10.022541277644702,65.52343291138334,74.3292059383228,10.02254127531012,65.52789673328266,78.35365703022568,30.033294267610138,37.761964479132416,72.03041889940317,37.75403742841538,70.2401470287857,72.87415769002153,37.75402959796301,72.75892939722463,72.87414712008314,10.024014604902359,47.579697590174504,83.64696454323483,10.072603919549135,90.52067397352963,91.49597272755538,10.072577948164055,90.65890266639506,91.77275811341802,49.35321826748381,75.75828110409442,49.35307441177096,66.25562096372097,21.903537927096064,78.83464439521951,21.903579401402553,78.85949293313354,40.4580929232572,73.73542662239815,40.458300881898126,73.60412300292509,42.79520525877877,72.3995437833429,42.797409756313485,72.41032970941636,40.37305198837527,71.7079466358563,40.35125956782232,70.96115186932902,44.73814295221376,92.89568788107,44.81619835005445,76.81848789450152
7.0,32.844300870403075,50.0744923200094,69.99777472041218,32.84845886795909,52.96914274726448,64.54675316507334,32.84845886795909,52.944302380445386,59.771620250655786,12.589680295692698,25.957828088947288,98.79288401584287,12.589694280936563,50.057991193913935,98.16039298333499,12.589694272448574,50.05539674947028,98.17300976137368,20.196323502367708,52.19197840733747,52.83925588465762,20.279449838180252,55.49239854956032,58.701383104650105,20.256302842005244,55.57940900398078,90.65760188935867,18.056473908269023,36.76264802593884,85.81058077873227,18.056473908269023,68.38813008308404,85.69666152695211,18.056473908269023,69.30686556155746,85.70363112740401,22.727103900056434,60.27785734497476,81.08991172713297,22.74031067253489,47.33837778909103,80.1378665156884,22.740163221274894,48.63670140502204,78.72338147572712,10.05615936806042,40.05755255514862,67.50965323920285,10.056168313355784,63.518160277854356,80.59353148794533,10.056168306072585,63.52408829268682,80.6721512005807,20.94572876515459,37.78402692998182,71.1903899627266,37.76747225992761,39.317408302022095,73.00124142780038,37.7674468904073,50.73282224691224,73.00124332489487,10.062666611517619,47.139778127876184,91.95429783150213,10.28682674338818,85.34502838945453,85.90164204481916,10.286678106968976,85.37171833415599,85.6048040360041,49.164367652942715,68.95415127536269,49.15851840555606,74.04494024786553,23.289402590003306,74.35118543402804,23.290864407699107,78.86104724401153,40.38692455271409,73.88949031477856,40.38626918144004,73.7132386443768,49.57015757158981,70.41420278771281,49.579707290589816,72.01189233227205,40.44225414370056,68.7740732491279,40.44167933229184,69.60231468310924,44.85733526909162,93.22645747485208,44.852578003611505,75.97171051992628
8.0,32.80998125718349,49.96777153547368,67.13660032905499,32.92349250991252,53.073931028772655,54.140450381027755,32.923493057245786,53.032520767621975,69.86823879576258,12.64326625275031,48.34808085422531,102.89700894580824,12.643325297060782,49.137962150876994,89.89972439000663,12.643325256429486,49.129489295902175,98.28335642212662,20.21738653386495,51.99544047177383,52.21924054528012,20.224095959458808,55.60297912351755,58.55461335433661,20.222085978044845,55.65038186642651,90.84976603832862,18.095061480967676,49.2396745729922,86.58152891597115,18.09542961821641,74.09663458898325,85.87504172434913,18.095426939871263,79.74810884655543,85.87504175638293,22.783464418786572,59.90011633572014,80.37884068221666,22.783985045943435,45.14531655212535,77.42736482731858,22.783979621028184,44.42753806896248,101.80222703999495,10.076284628110056,41.52891637793879,81.22464172711952,10.076307359673569,79.01031994629665,80.7207321514692,10.07630734310689,79.18394043362102,80.72070021248919,17.82957351254519,37.967999715276996,70.53985688393202,37.87880083415405,37.92732344033396,73.16748765674546,37.878540671561325,40.23950257660476,73.16748774569422,10.10974898573341,46.038524360882796,83.65132365352716,11.258159810229435,74.08958053509484,85.51209314402303,11.257356743793139,74.09360151428079,89.75015946657942,44.38344533109452,64.55009263688743,44.40291881990716,73.04581285144577,22.98912533524167,77.13983273447487,22.98911071224115,78.83848793741974,40.477281933320555,73.75056187266948,40.478412436953974,73.87602908701108,50.46725330715752,67.88404687379727,50.467262275825696,68.34565685348522,40.69559459884758,67.88873602616879,40.69316484928687,68.05969968979849,44.746437092663434,79.53740168015501,44.73968870353573,69.49183255672258
9.0,29.3139703557359,49.97317574074188,53.98895448015158,33.006782477425034,58.68458283200932,93.65857155044134,33.00678545121435,52.789090083114985,60.61096716875282,12.51641687939625,50.36328543958929,129.33577876309712,12.516652595637034,48.04586178867034,84.91970346008297,12.516652574865049,48.03855457953362,86.37939562341289,20.27062543237678,55.25320811346637,55.754185964617214,20.260710215964693,55.750078550953695,56.534797382222116,20.260466078251454,55.77162376087411,91.00988509390044,18.138576749749518,59.81209161080297,88.90101500051324,18.142240374648306,64.48407445931947,86.08589049036851,18.142237484567143,65.99322220356933,86.08569167527776,22.825892831471773,59.17328878330051,61.89054911347679,22.825918090753873,46.183061459399426,53.43975110915497,22.82591780146994,43.311371630410676,125.28748616949552,10.09861783706907,62.74092911118159,81.36214274274822,10.098680567422006,74.54150476084708,80.9312476730876,10.09868053365912,75.1847905159433,80.93087350656226,16.041628759202997,38.058368365501224,70.00508584851505,37.82574252366294,37.997486099028414,73.33563249256977,37.82160905898104,41.68250664245582,73.33581169870556,10.293633093397146,45.149591687858255,66.69452422021362,15.87901742529015,49.65125324450615,65.51216133349287,15.875540247981224,49.86321697899102,65.51229941949677,44.89621851917932,90.91302289462199,44.852870641240095,68.49207682070974,23.78385268178165,76.14339919211889,23.79449827835717,77.092221300595,40.58111874934711,70.54037167840072,40.840405737319124,73.81489439471359,50.59087924797144,67.74954532651853,50.59090628703057,67.96504888353573,40.74949862321249,76.76035166839729,40.7483525996545,60.119507755423875,44.708397795984936,92.93322022242181,44.70220800066265,61.55184517232291
10.0,17.077434080218033,53.31730350660405,61.43872921034951,33.06197128429104,93.18031045582649,101.16314035865985,33.06203395337709,34.63308346339352,53.35604885066233,12.565620445267523,64.57351567070094,128.86711923539946,12.56669670551229,63.398838968835406,91.74331216386275,12.566696869859834,63.40184588346389,87.69684064900626,20.3569985053587,55.890998704347474,55.89245128077264,20.307437982792067,55.89155799479671,55.98633607930267,20.30741918961189,55.89984137428639,90.3220567804392,18.039310673213937,62.82810709482094,92.7221289428109,18.047592084764517,58.537994440296636,86.3225679721245,18.047582291136703,58.636443330590964,86.32176280255844,22.896841658134385,53.66410535714839,63.11883233848015,22.896753904233428,83.58870410732133,99.82726721128496,22.89675388340171,44.317394788611864,120.47157800688491,10.123214941447271,72.31486748747986,86.26406549531194,10.124041437591647,59.230737102953334,81.14274759992057,10.124041268761253,59.437434854336644,81.14292519264691,14.416566264426244,38.12001364820016,67.92559826727981,29.48505097830202,38.06223852741452,73.5445216363251,29.390028014534476,41.25368073049037,73.54791071033594,11.425681632477636,44.39978216012222,63.773030306213535,30.662008327464466,60.91893173590678,60.92227097294943,30.654779513517187,60.91892623088966,60.92228659907322,45.840049398400204,85.28725979103953,45.65145377405385,68.70129217885398,39.47169205454201,74.85534334993534,39.47918313702306,76.04851449531675,40.66592594725445,68.27190707215102,40.89629339535664,62.51481769679471,50.70755232264118,69.60495021604028,50.70786081231521,67.59097463874782,40.86157399906716,49.45336362569387,40.863034134368775,55.13112278788686,44.72710277674998,93.02090021941655,44.72665310033376,63.517349301868336
11.0,13.336534379555653,53.485137188215816,67.37704468071823,31.910944660251605,72.39307045307592,101.45169123489504,31.9163153501957,33.26398361631365,53.48622302589432,12.59731504630262,78.32874642237499,99.24804913604251,12.602840611733532,63.61891638137761,88.88551206114843,12.602839439225594,63.61980942790233,89.13015705346405,20.460694318907137,56.0744259890371,56.0750649016121,20.387036322133728,56.07442603440688,56.08764045107566,20.387039519606777,56.07764036830796,90.95298624422645,18.09327914134358,69.99901711850383,93.58913970657487,18.10399590589321,53.07106514558387,86.59269724694605,18.10398210454945,53.07377028853056,86.58188837346806,22.977548477979184,44.25898851886065,64.06725789755244,22.976210662539224,84.19799344094669,101.86585710547772,22.9762106607464,44.50604186052404,106.80824101527827,10.003163805255033,78.17970109860768,104.70199794760248,10.004247270611083,60.71978394259294,81.4038797170887,10.00424708837106,60.722226123680144,81.40389645475499,13.260546673029529,38.23913976305177,46.88246373420805,15.938002576058608,38.218843693402945,73.74582031194235,15.913317468724962,40.29272820101761,74.03929330045744,18.067573032190896,52.067815127055155,71.97050706327978,41.25026610389109,61.10521778533578,61.105647624707366,41.24905157503228,61.105217275309265,61.10557702738974,46.017335336596034,88.72306269252505,45.6764426224633,70.134266912065,39.683599629939444,74.26388705809788,39.68393099467588,74.85232434513503,39.653785421952996,63.71651315050745,40.05505481667253,60.00494319420673,48.4010735724756,66.96743006812045,48.42255851327702,67.53491509168558,40.89081152749564,41.00802758494769,40.90039851710977,61.74868900340206,44.79779532340375,90.14309229461027,44.82452570835841,46.42636583142597
12.000000000000002,12.839093252193754,53.65777145561075,59.81896107622568,20.353667241411866,90.56811783688615,102.41798601780418,20.36819034820581,33.32795684182119,53.66063078815874,12.545896251327964,87.40108045420145,99.57859534677459,12.578479180492335,56.36744717887485,88.69715705758668,12.57844795708186,56.41029518573499,88.37029068810178,20.480873834788465,56.27629385451746,56.276661630083495,20.445445703138876,56.27629661513752,59.78522581878302,20.445450924237093,56.277447750744706,110.38190625239127,18.03639832482763,77.68862520254147,91.13730288610095,18.047094755670553,48.535868757952336,86.93279099133474,18.047080748332842,48.53593459933673,86.85377917179981,23.076671245605525,44.31618334996513,65.43132257524934,23.064176773706325,88.81917372045855,101.631380912247,23.06417677361294,43.57504262266218,102.32353924943378,10.03745313374455,80.87088380770355,88.99137288231304,10.042536377294924,38.97851832809018,81.77265375250346,10.042536366097451,38.96683974166619,81.67127487702746,12.551197801081216,38.382082723840725,50.10039995580682,12.49913437957305,38.36213672758562,72.26732116790713,12.497136759677486,39.22820595955656,97.22535578120748,35.198538308573056,57.28886930151509,86.6303719298241,41.39275889307457,61.304032582054994,61.30681051248666,41.39237743055496,61.30403076709515,61.30628740948532,45.4009982511777,98.50466998313532,45.42143455223121,56.7736869697248,39.02019023903928,72.16256206435189,39.0256945323023,76.17945503991476,37.87607681594109,76.78855086191396,38.115244361603764,63.80850768198538,43.39585856944668,66.80103202095697,43.41222142948795,66.60975011241071,37.52960346042556,41.09877612391212,37.553651028054865,47.98209762507945,44.1145850234765,84.62325943177132,44.071013328895035,60.728127063201995
13.0,15.581816526321122,53.877788046016384,74.43084873828933,14.018425889477486,90.42734574210863,102.19880881899817,14.020104564927568,33.45746167151906,53.95931584934992,12.794252523922847,95.52056099772355,99.95342043003315,12.935747009848832,48.29374012013629,86.71928065039194,12.935438439109015,48.35562559302548,88.36904198217877,20.545811144832705,56.464291858248664,56.46450116679561,20.540965167196987,56.46438074431045,90.47949410128415,20.540975052148763,56.49820509874264,157.15014161872068,18.06909949677224,84.33370046586684,88.5691028392257,18.076051794038136,44.73556221155779,81.45662273012236,18.076030406833752,44.735468351195756,87.00553460936324,23.169033351844792,43.60069812498311,48.23209526148341,23.12749986487947,87.53594652401262,99.85221902466694,23.12749986487947,43.47848094582339,99.88687796909872,10.192202178827461,81.90453765048979,81.97555162709892,10.501880769955696,46.19898547688769,78.88001068493699,10.501523070035567,46.19929989442711,80.67867426001929,14.850383471169097,38.49175916680499,61.96689091347883,11.371107220227378,38.45197221401239,71.10730191017042,11.37092393365455,38.783588321711754,112.0443320584473,39.391665236318616,58.463760990954825,98.61484703915295,41.01603349030132,61.54346293220665,61.558715929001615,41.01581936253708,61.543479207222745,61.55681249264142,49.18050310643928,97.37848778939363,45.151652898521,77.29099173700706,37.68473896262768,62.19354410424859,37.66208960483076,74.48132441218145,37.753448410931426,89.52331812360661,37.84127632653447,56.54144350959945,44.41973473167587,65.10389615256351,44.48701343181886,72.67344658535913,30.517637839699226,71.92638336337825,30.394373285488026,60.81481055312957,38.1093765194443,72.7002445674715,38.07171996521775,66.30974333308414
14.0,30.020483490054666,54.08220829177448,76.24097241172832,12.988930344305135,89.54239800302851,95.29921469323936,12.988630103515005,33.598695045942605,64.0254589382493,13.236007512209989,86.50423096140534,100.35913652386287,13.308985129364123,54.81956725000498,84.65101096361171,13.30772762122516,54.93845675052054,88.30093250881356,20.609864204261093,56.700892956252915,56.701042995046244,20.609858078113977,56.702842777775814,92.69221310894046,20.60986771186178,57.46108375746981,153.26918973864124,18.070397862477396,86.26825165839561,88.00813440893334,18.072494392353736,41.52847727415911,84.08526824011554,18.072483339153024,41.52820997473411,80.14701565838708,23.28070536321478,43.74896148009756,64.32202859218849,23.22942638120881,89.86996645879799,94.75353839521283,23.22942638120881,33.070691070301,84.22058771742368,12.524729293738105,82.29794427540813,82.31389132211429,20.649919536583475,46.36865768897844,73.66239634085657,20.64320557804235,46.369076654613586,74.05873440680337,28.738955892138073,38.69150059272308,50.02481186568466,10.61124109072481,38.660736912767256,71.03541422366462,10.611218566994747,39.39155485630791,143.5290779656088,39.59528805490883,58.96751129080587,105.14394524232333,40.705251358552616,60.95825149660143,61.83831107986382,40.70502606768634,60.99334129937735,61.7942788707991,69.9226350897226,92.59025217146873,44.92417295861779,84.10380230298829,37.582729097017626,57.30573196103891,37.52709294963295,73.54149718497251,37.952877785544416,89.97000598905547,38.806336246682,59.19222214492229,45.20836260071012,64.71205398821066,45.40345973845572,67.76067248647598,27.75518605058289,73.73735249415061,27.696212097352465,57.85998208865683,33.562867960594495,72.59833533832835,33.56261209971361,77.11030840370597
14.999999999999998,33.666131168223664,55.150723637296586,87.41509252454313,13.072696226912962,87.13027425537376,95.6621289616767,13.01190850102464,33.73032528905509,72.4340908661912,13.513756336304498,64.70309161937689,86.66181923567738,13.44931760275925,56.65016199088769,70.75817761257889,13.446678041695872,57.00843072158816,88.05716596432487,20.72091334859542,56.95587118153428,56.95592590042675,20.72091334859542,56.98082575743985,93.04033030158378,20.72092065167047,58.010651688037264,142.68898887390472,18.06421046502874,86.6401616362422,88.33844209625447,18.06437552376437,38.626757627503046,90.52696511181078,18.06437403147235,38.625663736476085,78.23407282058547,23.36198913963383,43.93785088011215,64.78754956177977,23.339146451628505,82.32974118497266,87.63268694640472,23.339148270694686,63.330984065632485,86.96715828370917,21.07684756545827,82.66330592493982,82.67772221009335,28.440631384195903,46.58791565516093,74.11356992783415,28.437031284857348,46.588062676173095,73.60754562414289,37.613256287564965,38.86516496715162,50.18047717004731,9.881211101007738,38.88180265088615,74.4293212164737,9.881208577465824,45.43942269406701,142.38754934636347,38.10116927664626,59.955135610866996,104.22822738016325,38.50375144430267,54.62252145386549,77.92771700176276,38.50373466117201,54.621647153190594,62.086335727440584,80.87593673394035,87.95347616581883,44.742428643252495,58.095477395683325,37.65457041964667,64.331073170209,37.5764685494408,73.11524928422142,37.909804818281174,86.647815758289,41.45685336821503,61.45520815499316,45.38007506040589,69.33615559490781,45.721618401087696,66.46792527802427,26.22737090911685,72.98238502073032,26.223413723408054,68.89745953812059,33.696756349041934,95.70121928866949,33.70171344855847,77.4835618888529
16.0,33.861070034364445,61.04245552988365,83.03990734580195,13.334422356110831,82.13599353323978,82.59236738191035,13.046869129964287,33.86995869281889,72.19858412376281,13.299656732308527,65.01683651948902,65.02349781509352,13.21704688722816,56.86336222905091,64.51596779589524,13.213346165896969,57.18577929756651,86.97517404304992,20.80003004805522,57.22840522311377,57.22902209798591,20.80003004805522,58.4180011684536,101.93124689923444,20.80003534185988,121.67655065404847,134.44337397447518,18.096180675464765,84.10592893714202,88.47237366436593,18.127674961693618,36.46299821042023,87.27887964978733,18.127388751889583,36.458972075942995,78.13043926489058,23.461767338816152,44.18441846475969,81.16356472076905,23.457590702102827,81.34416949047416,85.72546773347973,23.457212927630216,52.23300779287677,86.13657261397914,29.834757731437726,83.05935705753146,83.06740708372656,31.01725685791085,46.78296596496366,75.20259716698939,31.016428145082575,46.78319599984298,80.4018500349838,38.83316974929249,38.95690245978685,49.31542534198719,9.303255580001613,39.20024105109399,103.86502073722436,9.303255044688374,55.284455776956094,134.6327422997283,36.059348654107794,61.43373560362686,100.76935718450865,36.13768026568338,53.62050268799474,74.5518068392659,36.13768039255961,53.674363657018176,62.3596977437582,80.03128568992253,88.33987877774494,43.78811769861301,57.95617132872847,37.844162369338655,97.71415162792907,37.74327690811258,70.6853860004339,38.96184237082303,74.471420030734,37.907996905862476,61.717037282491646,45.507428949289014,66.9283491800498,45.85720807458903,63.976298219635616,26.099298800957328,89.35695372612868,26.098905986308893,69.4712420035117,37.645905438082046,103.41851104872245,38.01344694521927,77.53599082261354
17.0,34.02892144220679,54.40869042966426,95.26509123977476,13.154845068762988,77.3884207475311,77.39266667018973,13.104520320132744,34.04927865633966,124.2666692297175,12.986249625587124,65.35007064047153,65.40618716323497,12.940128052001198,56.91363486982353,59.043204159266104,12.938643854671481,57.14633456203615,85.15598699821207,20.926209642455557,57.490407101913576,57.52000652746543,20.926209642455557,78.41441231676453,114.07685814034835,20.926209642455557,124.47017241947246,130.81080201244345,35.525116910569665,68.73386828046387,88.7980516716506,36.01947184412618,36.55646858591066,87.59380357204229,36.01547976134275,36.54355684005295,78.2374407542278,23.487909142837463,44.60129084231568,82.97560140140752,23.582120776947725,77.40434297709189,86.12565322248574,23.575937564655963,63.37105116274636,81.63582641924091,29.517428383006337,83.39864203562496,83.48607426880446,29.832747715688313,47.03957972043553,75.51437747121903,29.83252408938045,47.03181043991621,76.05718999639339,39.18078204286297,39.211186871061884,41.78803980683242,8.872283652817677,40.48579894793214,108.32670167116521,8.872283179036108,53.340948852415714,127.41595430724725,34.13493601944063,62.56968879051164,93.75497979586892,34.15011607718421,54.99776415992821,68.50439198124332,34.15011607906768,55.12513382034675,62.691661926146814,76.35537689282503,83.55885745165952,33.3958024378632,57.762158355870795,38.07453582169304,95.83760796130407,37.9571224563981,90.76623822005048,68.6468372334268,79.40438864142588,38.06804404429736,58.93990844284622,45.267782941145974,98.1783181876259,45.657977004351196,63.61685343645638,33.473912144036255,100.6513394694657,33.770126736166524,69.78737121283325,46.42660081887347,104.46986728325443,46.452916227897845,78.29781022240935
18.0,34.25005454536042,52.58349126576156,97.1175321776782,13.214915671148187,76.04598959677645,76.31813896740685,13.142633685609152,34.34751964353192,129.50334613159532,12.60295865398821,65.70316586452981,65.82959665826691,12.590524882765603,56.94937110380714,68.21014013093064,12.590406338569654,57.173875969970574,84.89994980469795,21.01526231099674,57.526828921786255,57.82872715176921,21.01526231099674,94.47823332028518,113.03361831941447,21.01526231099674,120.02176420563626,131.21741265400522,36.75940670571885,44.83128197465015,89.28169605399214,36.76156660650284,36.79808663745923,89.2514019098652,36.76155334284302,36.764541448863675,80.08445798946397,22.35037225634292,59.87556222868252,70.11230100828176,25.50785427271742,73.09835807513123,81.91527249503926,23.472281412492165,64.95005710265656,104.76663170045522,29.066092127300557,47.40204724394068,83.31896820585693,29.16107427006502,47.45980382769122,75.00077284448987,29.161010512744582,47.296561882693894,86.97270485332518,39.39811719033082,39.42805461709724,40.27840592553365,8.301004879208346,95.99912711401224,106.63360657097277,8.301004332897751,81.27858367131078,120.6793058325141,32.297604739296744,62.97713661597008,85.21738577301991,32.300173567887605,55.59213311658167,71.85711842169012,32.300173535604934,55.779625490838036,62.99808462628822,65.9701887112506,72.26539240226886,34.570029981941865,78.76914593337632,38.30130852756179,60.838858753285194,38.11904777408414,56.00667404957429,71.1191533208144,79.82620534499411,45.279857781603475,47.621576042642744,45.36303067670626,98.7428269250612,45.65466869147885,66.53102853746512,29.971402576157413,98.86897504041136,30.031549458083795,70.63119325238183,50.04771319273999,105.04301407515179,43.10247220383668,77.6012828641418
19.0,34.437497731397386,57.130077532614784,97.36934413014723,13.421392354894659,76.23824671336764,76.66902920161631,13.234986138441549,34.65975155283016,128.50642397149102,12.622953907855049,66.07606447803076,66.29022158173653,12.621213973388986,56.759816664342054,62.234157990394614,12.6212136171915,57.35986366492152,86.50250200988933,21.156116136947254,57.582103007130954,58.2449857996932,21.156141074701893,95.04997675380854,112.358690591716,21.156116136947254,113.2003087976111,120.27496376512165,36.941823342438,37.472366298061836,89.84236832119234,36.944955186941016,37.0018985701478,89.83198427365764,36.94493656904849,36.9513362410617,106.02474682863136,20.8030413089419,58.47707845109735,64.59157851265766,23.920186802349093,69.25753840425784,107.83525575344206,22.050118056051005,68.02183239175137,119.09530515296424,28.476191482142237,47.582446807231065,54.17100386920836,28.503874293375837,48.26044461167918,72.67416480284523,28.503865555762168,47.57684573403327,89.14525685828202,39.546319428389836,39.657937548516195,40.956190441494876,7.875372534124638,105.43825110801252,108.00969736656597,7.875371969455597,97.6020901597845,114.16689750225902,30.456932186146396,63.35733373033621,79.35672279673594,30.457039737427564,55.80059453128095,76.67671331076565,30.457039737628197,56.0627292224702,63.28307111140282,70.81313535517671,94.53823091430766,32.825346184369224,59.57529560122905,38.15930780617538,87.61717739551217,38.06242569891737,57.157049902451334,68.21726439555258,72.21829142788476,46.688050918868704,76.0176584299899,45.583119882156346,95.62154422375173,45.83485369045699,62.74917485251391,39.9448265536318,98.7503362871739,38.42202956579651,69.82387552889874,34.49143808474181,101.31744020094432,31.30692540482408,63.236452152925786
20.0,34.63424952479827,57.870341328750534,78.53194923808596,13.800550193023623,67.65860566232743,79.39675543322373,13.334556316444866,57.275480678019925,123.12787997293476,12.540837491929057,66.4685454427388,71.7949340573834,12.53581452623723,57.40134696644111,100.07280646253113,12.535814677630098,57.691767214848205,88.716996448949,21.25479357697929,56.3858295467692,82.83857667615356,21.25499039246419,95.31139172238338,108.13428601025805,21.25479357697929,107.1703299001173,110.39462064770642,37.183393295238545,37.21733340629997,90.39672182903323,37.188108638555356,37.26500928379688,90.42241409460179,37.188093053069856,37.19712690517911,172.32681525741353,20.620646190456213,55.65984701292113,66.8568901571027,20.946334889740662,66.56971433730354,108.11259027096456,20.710332936015377,66.5614545149167,118.70873594477018,27.896398949611818,47.82567815807073,48.28529940222589,27.905544886235067,50.49566621053515,68.76745409277602,27.905541603946563,48.309860750965825,92.38128416405097,38.342460919397176,39.8570809412326,41.899592460320385,7.593186292207273,104.51135211831152,108.14915843547055,7.593185605127946,83.6212249291522,114.33421242256799,29.047335830445263,63.760248078551896,64.71093819894703,29.046773827047698,55.959296234351754,60.17942634014456,29.04677382629675,56.31635179885163,60.58362451474994,71.15562796191779,75.55653117923097,32.96933735959725,79.89337357715746,37.88040664820631,88.14945488916862,38.1518514014395,58.405340009789334,52.821613094779394,97.96890288209586,46.59129618292612,96.35616337268249,45.7938093203828,83.10803633548416,46.1409685571475,62.18244596968769,44.966506675981044,95.93041631046788,38.478350737079964,66.26084741868901,39.28199412611032,98.34733860372455,34.62885293541792,63.399256652278574
21.0,34.840176817239495,60.60089352320577,78.87000545326315,14.090276595248605,62.8185665079256,100.5547875379,13.386679058663864,76.32846000985249,126.90101570952969,29.142118596845044,66.88031195428225,82.92804682193533,29.051660405316248,58.220890681729955,123.62692335877679,29.051662287220115,58.106140000269704,88.94472573542198,21.40984002742664,55.85618208483691,91.28549191432045,21.41075986827273,72.72762913542456,105.5321089565528,21.40984002742664,104.77331618566845,109.61629028379971,37.33471932799979,37.405034557335725,91.04127389791516,37.37814975085988,37.525085546681645,91.06328471393103,37.37805915822141,37.4034256452534,166.89841409678016,20.65372604394326,61.3903970708915,80.89705745967711,20.579418918037632,66.88070001130377,107.82986830904522,20.545229111513088,66.861620670386,111.7103972628775,27.353113446999483,48.14272019515172,50.14931128081898,27.356314261758136,48.29026067956949,68.17722509969555,27.356314351489242,50.935578283684016,87.44659108204552,29.101037375142397,40.1603222227898,46.767687321450666,7.172619879732763,102.28203520002967,105.54040377548905,7.172619169863756,40.236989675847916,115.18201010652677,27.647602884808844,64.17569754324047,64.7945661331452,27.64581794774754,56.14099947869153,57.69384785267687,27.64581794774754,56.607012313487154,58.3177279094593,67.80474916239898,104.36528708655483,40.1723576799112,80.74216223251608,47.73625773512831,88.72419454718516,38.401675339886154,64.02131560419735,45.84231206095084,98.83582573385146,47.032263396902046,86.16031774161533,46.21593982049145,75.06251908916673,47.245156668132566,60.30101446321934,65.76391429156101,91.23256352083462,38.7671931614446,58.83394156738981,80.33774797690697,92.86437771634881,31.633936379511308,63.912086049400806
22.0,35.110240301154114,59.30014195779881,82.03745540767483,13.780294525871241,60.27849983794132,106.3734212062196,13.495445847121827,95.10659084055594,116.57169706311022,29.594930319858147,67.13087752983418,88.35062961304752,29.59483304151758,58.86929699453318,119.61616812425905,29.594833016909686,58.57022305545754,86.81049166653571,21.57316040824802,55.038350727016926,91.0254534215838,21.576455246887736,66.87490691608065,100.93011229204079,21.57316040824802,100.83454721244931,103.87833348157118,37.53812313942462,37.67397593973316,91.7019439172976,37.623867960929346,37.9675231722641,91.69034212860421,37.623609887011824,37.67315025319757,155.64196791799887,20.80889002437208,60.13943835727189,102.68759467939742,20.64700190924106,69.01626186490843,107.9357270895343,20.578538896256735,67.01154649164567,109.93697699460263,26.538731411207127,48.46483043367933,63.83334932009684,26.537356658843695,48.46699339778902,75.28390458892294,26.53735643983023,50.11609939007321,83.59628317339471,13.985815412724207,40.43077594886394,57.196009422788535,6.894305865554862,99.91404583926034,100.93011057048632,6.894305249609799,40.42769087654025,115.75514669181987,26.535891783196377,64.60806988136181,64.73848147850715,26.532833433314277,56.36915215104682,57.884607787490516,26.532833433314277,56.92744881915581,58.79190900485862,59.68037454385574,104.06195851079092,41.12046787134572,102.78987237441214,48.47832429157739,80.51260067266819,38.734892579919396,75.3790929126649,44.1687752024492,107.34375510729181,46.63935484184468,76.51771377273883,46.058701241744075,77.57723235914986,46.04248229636231,73.73078829797342,50.193555674155334,89.17686765803684,35.556307797180935,47.04939965386913,78.68269234334419,87.88541022018141,32.501468664201255,59.41056778004217
23.0,35.33535218259749,56.436256248770505,78.71303931170188,13.623678995488573,58.69497199732449,105.74797780967826,13.609996959665203,89.77205909218044,122.90806110568711,29.80766515495143,30.611098282790888,83.95543458078242,29.807647406250684,59.325600868968436,64.72270731585256,29.807647407690833,59.16852589097206,84.80863657081115,21.68654111995474,53.58862321946801,92.63811326221295,21.695799514625307,86.05301800950062,97.71398744968312,21.686545368038683,97.6801693179415,100.1821851825463,37.64806051802537,37.95629226679768,92.31334974104877,37.83606055532019,38.61221102774876,92.31115056534915,37.83532086563097,37.95578019221842,78.61051411472738,21.68717681098628,57.62368017371075,100.63943726319702,20.904852954862456,73.113242196489,106.77696814036241,20.63911390346326,59.88502142307967,133.6536273752658,25.432557420260572,48.79360688774969,80.48770716540025,25.430566676330095,49.47828250420396,102.15542997947404,25.430566659470593,48.96155349719643,83.69254109287708,7.434621484504032,40.71350452019333,77.62043558157725,6.617885888513734,96.0283606957952,96.07738737778865,6.61788540510659,40.67239743463186,112.91933877665748,25.43338664508555,65.05955366052649,65.41384577179365,25.42776533634051,56.63155187572995,59.713804174494086,25.42776533634051,57.268767617025,60.12897628724308,57.825457343875996,102.87373252318613,41.8031378854269,102.76063762513556,49.07271408353027,72.7394571464936,43.91792817681019,80.11512913346455,37.92714835458928,95.92218773634319,45.576294469342216,60.996938092102546,43.49267318822518,78.1115723409185,46.52615970754626,62.82131018908622,74.31192169798838,84.10240053005666,27.252453810852078,44.45585146578293,76.86257332918622,100.93599193146241,46.967545955727736,68.47679390120835
24.000000000000004,35.6281329438957,57.38576680105182,80.05477030049904,13.673846228417778,57.51180852790697,104.43582364246407,13.66937762238695,95.13345137906487,123.64722768035048,30.05711319372828,33.38066800106486,58.67424692646127,30.05709909280332,58.1595685362448,61.91719836800236,30.057099089464707,59.7426368205345,86.33796516780026,21.861239903402794,52.58098009458809,92.42292194808091,21.88093939123458,90.99652658217612,98.48592986267903,21.862684051903788,98.44471543219757,102.90180308179788,36.963069331473356,38.25146959856496,92.97297774680159,37.61325073403706,39.2149584716585,93.04980389786026,37.60941164195969,38.25102939791294,78.53948841827304,23.521100353169686,53.67107742250038,103.98302726176843,22.233580934844245,89.50570837294913,104.82466018261366,20.719755855329158,57.832854975853586,147.2506078896202,24.55870618401805,49.36708977307674,121.42272205969182,24.533214617894796,52.08957590611592,105.9574457064573,24.533214915042613,51.61224406746486,83.70677670692193,6.389021070615026,40.96964839836476,79.48767838481511,6.343609439509003,92.36182573240907,92.36356401743488,6.343609060903499,40.705588331855594,112.90927257348321,24.4765616304811,65.52964941108125,66.23643048661106,24.468168096529006,56.9186269719021,63.76084696617784,24.468168096529006,57.62286681552681,61.22615145950187,54.47126972397918,99.43073584647863,41.41210658139733,99.41972875303276,49.39110706540521,79.36815400756512,45.0382383529798,66.63694546639331,53.7866059951886,100.16954312364764,43.33310625894447,89.23009418591045,43.23119552465672,79.82256923540572,46.31154420987978,58.38676657148044,74.14566260679369,80.70577123036134,30.58030494819227,52.960463913368415,76.03587406646585,109.10250504574687,47.05816136108272,64.45317557229008
25.0,35.85975464125585,57.836167491530574,83.69622919609701,13.793189705922531,58.50211935749974,102.16095605790147,13.792275905909298,56.75488839763043,135.5642985815498,30.303130411169143,45.06775552880589,107.56782681528826,30.303116481314415,56.57941654677469,107.56692219660131,30.303116473248007,62.021722675578424,84.06760773378683,22.04435705053468,49.87884830412128,90.25642905380931,22.074847249950764,88.70530040691727,99.27606854252139,22.046841062934487,99.14883990530537,107.4069600675199,33.325061768657214,38.496149042464765,88.18816140794071,34.78663388973905,38.57618290246671,97.32668001608468,34.7734294216564,38.496119934351825,83.32553593176357,24.669449282026083,52.88809998501774,101.75501504572962,28.41374546526444,98.65534695115298,100.70423380168707,20.802315930826737,53.20686657039958,146.6261544381095,24.59498145586374,80.87346016916437,124.37239117266968,24.398783677125145,51.51930442774854,106.11538255871089,24.398785982107192,49.54783065874324,80.410079404296,6.208780610342388,44.54684261587616,79.59084571625755,6.207361648910183,88.80596826790416,88.8059741437328,6.2073613808508075,77.04985216640185,131.31935995797085,23.661371150381235,66.0804906912774,67.73167378435254,23.651770546832218,57.236008521489865,69.56696669919015,23.651770546832218,58.00216104745498,67.85589386032892,52.779090563474305,95.592191587206,41.634642127292004,95.57606699264778,49.1609599612195,65.93508150829543,46.14286629365705,66.00617577220977,52.34423982717073,95.07456791483114,28.536562956751183,93.54231155975243,44.2566333524467,77.42333745417889,47.96130175842578,70.48336187176439,72.68018431625153,93.18313273459079,37.24912450574929,105.65404590747082,76.20308036752274,110.19302273449571,46.87355293389871,80.5950606690149
26.0,36.088715629349835,58.271655080415115,95.62784015110313,13.920692002877765,62.269862814492114,102.49157883649086,13.920559913359044,34.40109570609274,138.25234406623832,30.5589379318822,108.05801722199584,108.51140666735645,30.55892263325831,107.37658711406804,108.51322152580865,30.55892263332958,62.58164651011279,83.26139572000699,22.23517352024633,51.19826622306884,98.75898901949363,22.286197619975518,85.48464254082587,99.97042106004511,22.235144970532872,99.78165750316352,110.95084874137115,30.060213619546445,38.81335143993623,99.92794517607327,31.26636449644933,38.81515848005225,111.95472467828932,31.246633030660917,38.81335143993623,80.99725191785409,25.051719015160728,54.694831448694806,101.96171144848692,38.81298863152941,95.21580120886304,97.04156682587661,20.918148916113342,67.05077938771107,146.0363439697972,22.710731913658304,91.49073489062461,126.5420231756592,22.707296076329857,50.58707543156971,103.14113901426661,22.707296075719388,49.401719987444174,80.22746397555743,5.936903425670622,75.15629361308737,80.11153704149994,5.936861310494172,85.5666187832615,85.56662793021734,5.9368607326340594,79.29533935017233,145.13182156434144,22.711975300996603,66.58927281735335,69.05284487036008,22.707295083298668,57.59227284013118,66.48906830950018,22.707295083298668,58.397601302206795,71.80409521388948,54.06792258962439,94.55697892755747,43.36963514232695,82.54455854667938,48.410583724754275,73.3401911636405,47.701421254505966,67.19822925365683,52.29590468327965,92.21835529215942,30.439341488878547,93.64911392388977,45.596120217235416,112.30000827395578,47.779704210910545,111.34026968903144,72.03328890716713,95.39636883942038,37.67191883639267,77.31613417855972,74.41786727642773,109.27018548723132,46.80755049508005,85.85589640055166
27.0,27.00170825624172,58.80042321629002,85.38015133765293,14.054099078457341,82.78589036459306,93.97332432822104,14.054082131186037,33.66578651383653,137.19925763033802,30.756865319048117,104.81856396492441,109.52101256010678,30.75681722512552,99.4344190519158,109.5215767333432,30.756817044702416,61.26626417826436,76.96683775359992,22.438512115245217,58.18984857451962,100.71806774987208,22.597329255224775,82.30653112708335,99.99259576421953,22.403853355370526,100.2948767150819,129.93413150641737,24.833863722670436,39.142384316748,104.72805558729564,25.04898448388133,39.142534918522124,129.37213749039356,25.03080526106788,39.142384316748,83.90615418885794,25.252496108848153,61.70067859276491,97.26653052235632,24.3555099389231,92.41815828622114,93.62650789046485,20.97255837516646,78.56976393739426,151.65405323082499,22.044031593527468,64.87232634542545,126.94567457595207,22.038517418374585,54.82291889533491,99.31840596454849,22.038517418374585,47.26440718542825,76.32266445969293,5.802701321696459,74.57501020158008,79.55963731904815,5.802701819576242,82.4160254440846,82.41619754233373,5.802697472611643,79.51260007278788,152.9204841250988,22.039708917330323,67.24995369167948,68.65442278444398,22.038517418374585,57.97873289431472,63.58457419493035,22.038517418374585,58.812451876628955,68.93141739123274,86.43427322934419,95.44103695183655,43.50733864017109,86.73967773752112,47.71230757855732,105.84609496910548,48.59474330342325,69.9002170961073,52.993230346131064,88.98726941594843,34.34115006427553,98.19992730396905,54.58539273754797,110.38449803600733,45.899037533473766,110.12723759985877,71.71669119351033,97.02160890544252,39.44219157590148,81.92885953943392,71.37326082296947,105.75393851847632,40.27047372887739,98.86079737459056
28.0,14.41013923523326,59.82096840492194,90.00971639221171,14.122792334263444,87.88495600112995,90.71992916321645,14.122748085178339,54.92799708297787,137.84799671121664,31.088285488691938,74.8487752636461,110.57124473073289,31.088237962265893,63.84196252103409,112.0533186687439,31.088237756981613,61.445125345366854,67.4702032994261,22.576050630214745,72.4858154424961,101.04261133727773,22.944665776073002,79.13382526360779,101.29709021801814,22.006479613168214,100.91985942791119,141.72343795779568,23.567098191922664,39.55238614799365,112.22138591821354,23.000403872671402,39.552726163862786,127.37604725757342,22.9886415455663,39.55238614799365,106.57643765151909,25.467919603827536,62.16027770798655,94.45067967772093,21.539008373499907,93.21035366109567,95.0433245607844,21.1100145695682,89.53765110694509,135.90650198787347,21.253290085929596,53.489166438475124,96.25063230708034,21.243145953459905,59.326829385026365,95.99600627264272,21.243145953459905,53.58696768061358,71.90076378300964,5.536815614177625,75.42594493380795,82.02544698164205,5.536840971935731,82.02168158481024,82.02227813982559,5.5368115348238875,76.76104718456725,153.62609208353936,21.243145953459905,67.86741671663435,68.4599964984418,21.243145953459905,58.410233985960666,63.440427435988084,21.243145953459905,59.26813139694626,86.00428637056322,85.842820440168,93.84588226226003,46.36090071017249,107.69587665545522,47.57490856682979,105.92092800065348,48.473315235094596,80.00546612302321,47.019453503239305,86.49446283103293,35.016376764864056,105.01281475025993,58.29207528173331,106.0956349322841,44.36668391811296,85.37308166270277,69.63002145241792,99.62240098450137,37.007907997862,106.24922232839562,70.72179818281273,104.93864644499752,26.208996039183802,114.89538811514998
29.000000000000004,14.36940229617215,60.08950415005279,94.20311958844187,14.26420721032552,87.16357984857517,88.34409949837844,14.263842715105252,54.28297778377659,144.62967366807715,31.382421835303784,93.82237424657016,111.56036237242652,31.38236427554677,59.47076879100067,121.40718099522324,31.382363635115546,63.18576434565603,69.45029510752006,22.78741428947128,75.26455318985276,98.64339563728407,23.35951742800754,72.77472387856707,102.63039670696297,20.96887753736751,101.76175932805646,143.82531339732932,21.69356050893275,39.90634348070492,114.16298890917555,21.035748397085307,39.91167384665212,122.99468198901846,21.03078320929128,39.90634348070491,116.26505585426844,25.885945242986086,56.50715882364676,94.82300582478348,24.528797165931845,88.82908804293292,112.15332677073906,20.405088202675906,120.8878553344893,136.0035999564788,20.60957100244417,51.948778045425776,60.69182764848488,20.586919390719924,55.38354815314869,92.83782065598632,20.586919390719924,54.8918171221432,70.03571595208945,5.405214387596108,76.70567925793746,82.80084317695099,5.412121332458512,82.79951462406657,82.8068454742513,5.405207998123456,76.77805640958029,155.84484562103418,20.586919390719924,68.50592134037393,70.83469681555951,20.586919390719924,58.863388447461034,88.36070178283437,20.586919390719924,59.7547875476909,89.03319381615883,83.1403249064785,83.36766492037093,39.46059666159141,86.89257698163567,47.446380189514194,103.23767092307985,47.53929012940245,80.898290959542,38.3688544151298,102.7167159305747,35.995950734348234,105.4741021782505,43.64067630866104,107.58758814661952,43.42630411673348,85.60007529567065,67.36092621549729,98.35245098794243,35.56773109286535,74.78778280755803,86.78753211646956,99.63168742264862,37.22182717495422,124.33629543660396
29.999999999999996,14.425059740079064,60.56262014656929,88.21139839663445,14.414649856504392,84.32484351012526,86.38253845295216,14.409781715618877,116.85721119783916,131.29879272771697,31.67490819918953,92.44027483720026,112.55369768335555,31.67484359567795,89.44802967996658,92.99581671464907,31.67484262331633,60.616934573646056,87.51416387554899,23.079780111604183,69.44474804084128,96.0163062326541,24.66962509612145,72.82827289027738,103.59085229513377,19.689209552457832,102.64730320460298,149.10913372372846,20.504954854839347,40.271574476471955,119.43698442478077,20.01097480372226,40.27126885766082,119.55611253782826,20.00950342890679,40.2713261142392,117.49122584039145,28.041933595251674,53.42009130524101,95.39679277914261,23.79769526218109,84.81969145454036,103.42790404205392,18.61754808714781,123.47098016607141,136.36659960878129,20.26433225572484,52.12899405532432,92.58973587046923,20.066670127352968,56.62828935213468,92.15650175267243,20.066670127352968,55.823211643292844,78.49667693707758,5.274596095257975,74.68991276092989,83.47603202079911,5.363876712409304,83.47194356226876,99.73635917644923,5.274586791467219,74.90561076054756,157.11653152803282,20.066670127352968,69.16635473767148,116.43300458184892,20.066670127352968,59.363059565308774,121.65256026506191,20.066670127352968,60.27707302160223,88.16001465145706,80.64630397164117,80.68512909509275,38.87388271430493,80.7619246645311,46.96074765613631,100.08204413568164,43.85740853252407,78.11245329503288,50.06473306308025,115.1582079444277,41.93046823361494,114.51074573323783,42.99814848348439,108.79963764813914,43.53198024521336,70.96697713056868,64.63020176051576,98.19398525314706,33.797675232358515,87.56788141729835,87.29523290104932,95.80292727914363,37.46955870303387,123.32376844130702
31.0,14.837991771755231,61.19533797264826,93.80465227678327,14.674489703748167,84.44313610593767,108.14951918616886,14.560437284544381,117.05182388099196,125.59937587203402,31.97592224515957,93.14555877966595,113.69517896750283,31.97584629327303,87.21956422459765,87.5036986258051,31.975844792918778,56.29591775498559,81.26481596512834,23.306785492641406,44.28061553258069,81.09684245507603,23.067896855662102,72.36351270079439,104.94552538889907,18.541646618807828,104.67885835724623,138.7926776954785,19.907373158753998,40.73207711816161,132.42054606542558,19.493820352687422,40.7232189801394,116.52658532456887,19.49318339742218,40.722859238169974,111.6155955177075,38.18076009302153,65.20955659933875,113.26783227042229,19.49665947209283,82.35198049400202,114.54665627526018,16.80161953416466,125.42802907282686,142.92634173515808,19.646499428962976,92.06647903738241,93.92059260629271,19.422828063904596,59.33591912938267,94.46647104846491,19.422828063904596,57.21878351764726,88.38849210010952,5.145034250770036,73.06220476850265,84.43661927598308,6.29151189958298,84.4075713801796,102.04769022465094,5.1450230026182115,73.2534669605565,159.25228042780878,19.422828063904596,69.92687948200415,127.33534640108168,19.422828063904596,59.87963283247048,126.04009314135737,19.422828063904596,60.815293622601466,87.46967520533359,46.614615866340415,86.63375691414367,40.27570743774026,89.1589439769171,46.75794447633691,78.50995619753014,47.850208154052716,79.95701426422893,77.18790707104645,113.48131617383926,43.786874960953774,113.51216769556832,43.415251882206256,106.25611361885773,48.4042590393862,94.06844683710952,41.887261619525596,95.15798145773222,31.517484867826205,118.24871909129344,86.88738315743059,108.14385535347913,33.878526899385584,130.49189883651337
32.0,16.091645190392118,62.01751707777806,95.89009290102435,16.542104855784366,85.17695247667818,108.60528938507201,14.716157910144108,117.67197005919871,126.50039701532785,32.28532320961665,85.01263526420247,113.73465509000033,32.285251562840386,62.77842106139414,87.94367555422207,32.28524951813895,59.579539381186095,77.9670580413057,23.54020496937102,28.76318210975431,72.5850167859553,45.89865593033633,70.67892265552848,105.88374621212384,18.036496892597828,105.88218378080953,138.71151807659294,19.28667650818943,41.1181342336574,131.15820228929513,19.03889456229414,41.110659007773975,113.89916444346494,19.038720699919658,41.110542204590615,111.32730041490112,41.821354118640656,72.34194021923378,114.85080599754043,12.673269820025887,80.1839532219135,114.37334112326606,11.706070672627078,121.28083098005013,149.58205885840803,18.9616488595236,93.6545887439236,97.21456912349873,18.91338811530076,62.385042424492795,139.3452770450767,18.91338811530076,58.552928253667595,89.05256085633896,2.726963835997677,74.54308249995599,85.28729349571474,23.644748386491024,85.07221067990011,96.5879817215301,2.7269497186672873,80.61151092326601,161.64489076448507,18.91338811530076,70.752708641715,128.567019696604,18.91338811530076,62.89921253866777,121.03785603506358,18.91338811530076,61.36092983175496,86.83727622246637,41.80794930997797,109.27163949455345,43.65400364015434,109.6208049421878,47.348115338068595,79.09795087656171,44.74867785652933,80.09826905834898,75.83171071260934,103.79048066081032,44.23234255364387,110.59239648958744,48.67656591431567,95.70963348230656,48.29761491989023,94.27651687478165,70.17379489773148,90.24329338072617,30.47034988634881,114.97900534266034,84.06551711076112,109.47763412810521,34.68322780666356,131.1111489731413
33.0,14.466131020576194,63.115223749268296,106.80743926830468,17.152136343076858,83.79528828428454,106.67290344530589,14.875723423761537,115.79799640256256,116.90182179063129,32.68307468814247,82.65395160249233,83.95695722242094,32.68296998249315,62.40575559194945,92.06000032748112,32.68296650275499,58.04453900606868,77.18378579209055,23.779849663107626,59.86384563442851,69.5790842110514,36.195871739731416,68.79189906471966,107.04634753292048,17.741228000687723,107.51295494203194,140.17636250975838,18.598165705269604,41.59068906098955,119.88722215069066,18.42139123101165,41.58955692984753,110.77947120555785,18.421332425680045,41.588835641311235,89.05619251568827,41.0386819200337,72.50797834002996,118.63324045945588,9.888770032938043,78.04627529147898,114.49819999229459,9.598468375830599,116.13252633178189,150.1811779171733,18.41935440269058,92.14684425635954,95.33380863904947,18.409406562950366,63.314646141406044,118.72417248029421,18.409406562950366,59.994582237635036,89.42988086691692,2.600258562428148,77.30033345296144,87.608529795611,61.09493421781884,83.51254891507138,86.5221811532349,2.6002410017544038,126.37428851401027,163.5963202212833,18.409406562950366,93.73991563311628,129.50737977788623,18.409406562950366,61.10033719269446,113.79856879662317,18.409406562950366,61.99695362056884,86.292610553884,40.50011572199275,107.3238330593723,41.41218079999679,107.27284461155595,47.82651441110907,77.82143208748569,43.021066112874365,79.1423054891904,73.86147290384262,103.7776850779598,44.650607694325466,104.35257689160966,46.55595968028513,97.1838745852337,46.98973489087732,91.91549987919893,80.22735656947603,87.71485603678431,30.17640656881133,118.95034474830985,82.08531401561551,113.71075165739884,36.2834565050331,134.97213360643886
34.0,13.954944672677174,63.540937329709124,91.41155757473986,15.044593639855096,76.81095296292015,89.68152954287648,15.039302139590399,112.67333023558547,120.0558140633711,33.00991044545938,80.45836197064126,82.37106042971176,33.00977711848985,55.95020331949119,80.38191146511966,33.009771113239346,56.77063337308603,76.67236652081709,24.025533292728383,25.26047909362417,64.25813495009001,18.37028857787128,66.79793544991578,108.00591031926344,17.785036257872235,119.12381611537572,140.3722818985453,18.166392589871993,42.08107340383814,100.15007222853149,18.059056756738972,42.08094933339865,100.58679538266829,18.059021318950688,42.080948777326775,81.23048139871366,40.007205680583816,71.9884186090022,112.49251753463618,8.093090205074954,76.45593529668943,112.66377657699829,8.018274699647618,112.73253141115401,153.35959755972374,17.913828019823455,90.08724141503619,96.16570351580864,17.911344170664577,61.93372019737277,96.39633375643183,17.911344170664577,61.46207973578401,90.22781387699747,2.808268166852182,73.79661950090089,121.86196666524673,61.25294844031733,82.02886472912115,121.22874981973737,2.808247246188114,125.39966121483647,130.11663444371555,17.911344170664577,107.47888703660675,130.44753667111192,17.911344170664577,61.730016267968644,109.80825805020561,17.911344170664577,62.529271165071656,85.70630232873548,38.012909658488994,104.31403073191707,35.09793215993377,100.14563113641329,47.62989274272058,67.02688204331099,44.02434625524045,78.87177137159203,71.8718742835317,103.27775474442213,45.13083161557741,103.48756645669138,45.46658830302393,90.24261447443834,45.8226730053243,89.54716874003354,80.03806381994552,89.45254984900096,27.809351503971865,112.92163885522177,82.35536050962628,112.46555437265793,36.463559374846646,136.30119833999225
35.0,13.651057702896562,63.64121554068662,88.39104430733781,15.207346201975405,74.40555590220664,88.60902234463364,15.20777919221468,113.17193043499712,135.33919299407546,33.42876181186414,37.53359202229736,88.00234123015487,33.42859362586658,56.582444805337595,74.62455896942365,33.428583152233465,57.99554565951584,76.65065713811795,24.362188941061923,27.402992029407237,67.15776097196735,21.575213182940093,67.13851202509062,83.76607442885724,18.006496030571984,121.58099973393024,140.80620367353492,19.581376807787926,42.64794407464536,75.8066508482469,19.392592968658366,42.50124998161818,81.44161724710642,19.392534981839713,42.50124998161819,83.71437132279557,39.03775380615042,72.42194661406927,104.38880334921508,6.836960068033971,85.33563615817171,109.69128378999949,6.820538475468325,109.85277132748155,143.05269956201843,17.542946047359333,87.31334045907707,97.40623900104812,17.54198534944092,59.37767312941532,87.65850925149306,17.54198534944092,61.02985604451496,91.17461397140535,3.0168564793834527,67.89158591641905,121.38598951588595,59.80915302855362,88.56646111004248,120.9159930144919,3.016828207237023,118.9015319348992,130.9275043209004,17.54198534944092,104.59166158261314,132.00547784594016,17.54198534944092,61.76192183075767,106.23846693383534,17.54198534944092,61.75647380155443,85.00178766506598,53.765222363918404,85.39953661628913,36.14322475394497,103.41565776999744,47.58356713154356,86.16736413462493,43.038054431023916,78.69491104759513,70.94115649969987,101.71610495626123,45.594590612169426,101.77365492701173,45.61626123288103,123.09235916332906,45.76551462863354,91.94062156111755,76.22122235235781,104.47981704819536,39.36276499649138,109.33547737069333,82.09883225336348,112.5601710079162,35.613154787987746,134.10403145264456
36.0,13.623160738976066,62.97615371622257,89.72113930951153,15.466626573432471,72.3318473597998,90.56407473974673,15.472113064068227,114.55235505419913,136.9924958216807,33.858179101248986,44.63471716760037,124.2831460733231,33.857937320277955,63.8039837640002,106.71835356482241,33.85791913590331,57.6778500370309,76.66607408789538,24.621256060566854,48.63992468443596,68.03642384700808,27.053896060935237,68.00587362054365,101.16051026362268,18.173569778295995,122.00604006153259,123.33095203295636,21.57784440941277,43.227194784851086,105.28192361461696,22.09951810163231,43.10480507996935,89.95503259582108,22.09938029353049,43.10471261938768,91.83598683495798,38.06539074765252,90.0805101808486,101.96654955398624,5.318301715028537,79.2589077904141,107.74854582863382,5.305026814522054,107.31230540648104,144.09219568865348,17.056114163626724,88.83726134655721,98.92590251721374,17.055534292422504,71.7423163481385,115.61312947093806,17.055534292422504,61.505744223887895,92.38095328385273,2.6854178917466704,66.3714590790112,121.13939804667505,58.19677226358376,91.51480175415259,120.77502079928962,2.6853774795287153,58.368376857585254,132.5769182234786,17.055534292422504,101.90313755809616,130.62877654313792,17.055534292422504,63.73265758272128,103.56953164285865,17.055534292422504,59.14193036909997,84.30800326396214,67.79587396525326,79.80507255591799,36.57991082860793,103.68078890352,45.061299791990045,85.11380421911645,39.376287833670766,78.15382878832816,76.08909787808902,99.28779572855825,46.24373286300362,99.53750362854463,45.395734886548354,122.97030955829224,43.63503527228801,122.76091002505669,35.90556641247651,106.80709400835252,30.99706344824002,109.48042314301446,80.77657629414858,106.56893973061725,35.40951996436088,135.8911182713653
37.0,13.778477587558378,61.925491627386926,90.46280795063328,15.646988970234117,70.60209692908461,93.96912249712199,15.661076713055047,115.32722006816888,131.19047837295696,34.29156569912403,78.39772647920327,114.00044614310934,34.29099005132767,62.08992107399484,95.74751809902365,34.290926556379134,59.60135553735547,76.56027377530901,24.975112612358725,60.62418231118839,68.95270488723857,26.37097422033893,68.89501540855422,106.30150637524642,18.436576232612953,120.83830767649626,120.94743359324028,22.032206946561942,45.10636805753763,106.75733486342949,23.915350136352775,43.63656364630522,106.11663916508088,23.91523552107523,43.63540322131737,95.31766000041765,37.10804918453464,78.70722235024013,100.65859200237192,4.317111247504177,78.93483800506456,106.85731148700698,4.254547608762502,110.18530515569847,146.1263794830033,16.69609565592822,79.82916196768348,101.30322788140998,16.695545813180235,74.60090902533865,79.61257892868608,16.695545813180235,61.62914218545612,93.62899301965477,2.89566733180077,65.53486276621437,119.30818649714432,53.75951234342982,95.12042108177144,119.55263539344296,2.895039337983003,57.94810136514645,133.82540695872544,16.695545813180235,99.48195630740538,133.26810108258996,16.695545813180235,77.4849599505473,102.03433124798664,16.695545813180235,64.12067171815436,83.50999864479112,66.58576668403967,85.49320319568993,36.83210001832479,76.2554670288908,45.352365122886006,83.08866779948929,45.25881075831963,77.09164252042588,72.64530202821597,100.88550650551147,46.94218665436435,123.68013150353521,39.54594038440324,120.20685705247698,40.396653852063565,107.55649559532166,32.78959740993765,105.66755711262554,31.32088066713942,125.93264342841685,80.72520024230994,106.71679909376182,35.42124486339684,131.5762310530342
38.0,13.861209182719291,62.657765365986435,90.32296717101296,15.991767733960254,69.14672656965087,97.67376753973791,15.88795525738542,113.25397966235232,129.40761687605666,34.734762509006664,79.48886537520593,88.49663743784627,34.73176016938669,59.99048140223565,75.46677328554267,34.73149322472583,59.818024123640036,76.67258665203995,25.24660868314792,60.7788610346676,97.38453799272678,20.93901266402851,69.80541801082646,81.37181019909275,18.708738852266336,118.30307991585548,118.32490511366089,22.103606256773407,55.48668824011146,108.22129430183327,25.254717526488058,44.17909206151453,106.98228349964192,25.25448613837984,44.177981367257296,87.80887025281217,36.25977887468354,79.51382744743127,125.55137219241354,3.9171065687623443,80.10221304791166,104.79767504143355,3.8409692184403754,128.9253998393302,151.08113706820075,16.369611264858133,73.29507195152017,106.0659586033775,16.340019889828774,73.29051868636114,115.07862152187695,16.340019889828774,63.40400413507616,93.39257194316772,2.5669692153546197,62.34276066208097,117.71807619025114,34.84995825084363,93.449302039986,117.7009255188884,2.565395409167373,58.86318570544714,135.1680739357794,16.340019889828774,97.52082136464944,134.0286590238797,16.340019889828774,91.71687242589847,101.90531922530819,16.340019889828774,63.12903534411196,82.72555235266852,65.16485251031244,92.07056311973486,37.23416045110348,94.41246109648273,43.58517065062387,81.47818716649101,43.50798780809545,75.84514339187268,63.90617188729579,118.35393894921596,48.50362825128674,124.09224711390156,39.144994111902875,119.66683228996514,40.416971818729124,119.63885959154227,51.79225171252491,91.58702133012113,31.762523218243338,123.83340007171338,94.81596897189692,117.15267015131458,35.09267589204504,128.04182884617882
39.0,14.00530392698288,63.86935591314627,89.9399616182652,16.172997815166298,69.41097544856675,98.02095164913932,16.156019829687512,114.49040376444304,129.3732225067355,35.138054571846,80.60127711190181,120.96426214796217,35.1196045856817,60.61743513523307,87.3419560782011,35.11855267202695,60.617399804206414,77.06892435312838,25.616425394656453,64.26821631128358,78.16656540551884,19.143290337205684,70.73565482556876,110.14669432986547,18.893736512317417,116.304712931162,116.30508952472373,22.209387144259832,59.65619847868759,109.71871208459602,26.351288851455752,44.82558566485611,90.04100808261191,26.351021929282854,44.825351198451315,88.68584750176313,35.51433638268862,80.65896975805668,126.72038145622653,3.2616978482255847,81.70256568172235,114.00366429017342,3.2600065671106813,129.39043122836162,153.5155861750891,16.083144595126644,72.72009912915597,125.25254856116736,15.989254203995882,71.66968401831515,122.41372477784358,15.989254203995882,60.91725110735339,93.34928458601291,2.988415187752237,60.729957843659975,115.8946810626724,50.3246498898728,92.29716474431675,115.42144258405506,2.9868471799866825,59.17900467947576,137.45795455499476,15.989254203995882,95.61821564979314,127.74899824593537,15.989254203995882,95.07976999295177,101.6626557749726,15.989254203995882,62.90076162607747,81.90130786397891,63.83609729962951,91.86725949552607,37.74773434675766,92.60879612436767,41.95678396439844,90.16993314956989,41.927408501831536,73.97589418298716,63.33947086631374,109.32279086995207,48.90445443337232,120.17586158627772,39.034874584511634,121.38017811980976,40.05750515917851,121.34862590284014,68.25004654541051,89.12296129336227,32.12973408408909,120.31976702862748,90.10401292438318,118.65679058434772,48.595920818470034,130.09522356502342
40.0,18.304950915070318,63.05176766054407,91.14832468930548,16.704306255762955,69.77142406003078,97.65127987514357,16.704659540481874,116.42735716032134,128.66293887710518,35.299444138507994,81.76672966951882,127.65034419056296,35.188094305308006,61.79546715012524,75.35259630680608,35.18404032537479,61.856204379682765,77.63307403025871,25.994841575485452,69.88896313679476,73.00870563191715,19.210047679049843,71.87688010171289,110.96169864405796,19.177129934981856,117.8359467645933,117.83764735577233,22.213678811796896,55.66458342748426,111.3435528910924,27.25643175034598,45.486539681017526,79.39909116959126,27.250126914910325,45.48647826869062,93.16156966612319,34.71621035129721,81.72341594246146,122.5156701127658,2.7043647756173907,92.6749993247142,123.42585721110055,2.7031029879122133,127.25111070497805,152.55591447657645,15.797927571461079,109.26937910320473,123.93418495463446,15.643568966191825,71.9230102419256,123.12538487128731,15.643568966191825,57.74036693356197,93.16979713366055,2.661373794456484,59.539078703963256,113.88055028409713,56.58167979459114,91.83966307458596,112.83405964841796,2.66013478089324,58.284454164077026,139.76367618872834,15.643568966191825,93.62223981632032,94.9608529620144,15.643568966191825,93.6388528699356,94.13333028196999,15.643568966191825,63.4199169387335,80.31393659895576,65.89853972760194,91.25253557457827,38.835170044299005,101.81620448670786,40.363891271569,112.1677722791476,40.234009097774546,72.59875024712008,62.3866878620178,99.98336317513662,47.76254306487853,122.70760484680194,39.662998727354534,121.95901637181841,40.08643659829217,120.69390804321638,70.01574001094914,95.73871568555977,32.605792341596384,119.79270414542762,83.8518225816449,117.33486288073554,68.75018830029933,142.9997594044059
41.0,32.69843400938373,80.7809469547029,103.7535869113393,17.534401527160906,89.70138998798498,96.21387634979048,17.54701222076286,122.94538391129066,126.47753940311637,33.543631126040836,83.17252729443484,129.61514529060557,32.65823446871727,62.942077996859254,76.13570069161395,32.64373907777695,63.01076961383185,92.97002860856566,26.381456555694562,72.43262687244828,77.05380904756584,19.48095462574951,72.94671769074336,110.97434372106444,19.46689221182869,119.416620716999,119.69528211586737,22.3083109034297,51.503837395564844,113.0252191100014,27.850506310269857,46.15956515135935,79.72034648066844,27.85037428348391,46.15954460910975,89.77380362865172,34.06187717803823,82.48324943291271,121.10740700583658,2.879251828092353,91.50593005382419,126.51771752387074,2.8741389505387795,126.37331195873165,145.01139567709188,15.420591326830856,121.861092398812,122.521858012819,15.303308465818755,114.91254836416539,122.4910516846077,15.303308465818755,66.35281480141947,95.75885734317806,2.8723502556458023,58.151155512764895,111.77396339219013,56.47550814945546,91.37733733800934,111.07395758465006,2.8722886869970523,57.18964237193919,141.7067777373036,15.303308465818755,91.70627558686289,92.83250082325996,15.303308465818755,91.7520533768832,91.87949831212838,15.303308465818755,63.63751561372695,73.03787120347846,65.03838630942727,93.54872035241134,40.23112915111557,104.96066967089789,41.152180286330456,74.60693557847021,41.16574538052413,73.78766086599927,61.46431200263725,98.92993628200554,36.55847820716699,107.55398305720617,54.17037660797501,112.06765647946426,42.659565905284566,108.22325696513911,70.20540481375564,95.69222441547832,33.46835135607431,118.65876765841922,74.3493363274934,114.33163866224173,29.186131458533616,141.31107193092387
42.0,33.35356507837765,62.903050949290744,118.7711831389576,23.50840541806805,70.82604114295502,117.3564744243206,23.50528791791782,124.36151703236426,125.12642024023197,32.453467314042314,84.08168215630741,131.48391398439733,30.990841969248734,63.35173919155979,77.09869426708823,30.972842590557732,63.88689118179461,93.591866928979,26.77594536146203,73.17996593760815,95.89850154460534,19.76864150623009,74.13873285766759,108.69861084359506,19.76281831227585,120.73018694203756,121.59111077248971,22.54944238967992,59.966334620518964,114.84220005760498,27.925956136244125,46.85271285353271,91.30620696980246,27.925834669095167,46.85217076313784,90.63605724464807,33.3746143873468,82.37448260849855,116.00859086593695,3.5413232513931057,92.07012772863906,120.35825492903543,3.506752030642453,123.76738070278637,144.97889108874747,15.127919993007577,120.00219136033343,121.93051144796301,15.079663457783134,119.72650415962751,120.18504907354881,15.079663457783134,67.16689206238576,94.04604801688735,3.506997287292458,56.53273355932434,109.2969088229379,55.93974296070457,93.15962914934484,108.90940667276787,3.511980143376027,56.066770819217155,143.90885774103023,15.079663457783134,89.91680272424283,90.72954964105972,15.079663457783134,89.95861621023539,90.13916456419794,15.079663457783134,62.31428406239652,87.73686951292898,66.05030485932079,105.84972493685517,42.920100494449954,105.66724146204298,40.26082428308814,111.64578225993593,40.261819492551425,75.15175952268413,70.6700042737132,106.37932254718673,33.04175583690885,113.82827464330195,73.80921132894012,112.89199143212045,41.82245973288089,108.16494656260295,75.24387539390081,96.7383550370088,46.35522569100141,122.3854476441171,74.41761568596245,114.28570185076283,26.482441496122245,136.11625951779007
43.0,32.86140065650711,62.249982946081815,110.13819461656594,27.527949345533518,73.51630499589712,101.05481541570839,27.514665137240268,122.27468232007715,127.49597140153568,12.622341936131818,81.29306972621671,132.84351834730512,12.569616602215602,63.612576628320134,78.81585390503547,12.569488949972177,64.04108265798929,92.2001792939207,27.177955221097847,71.177182280797,100.21526435985743,20.066798749434096,75.35468104230432,106.66481957815706,20.064517278119563,120.49059846626686,123.525821222012,22.950320136222256,89.50352084462344,116.78445495164802,27.48898730529757,47.637295374060166,92.82469261125357,27.488977540354735,47.63678597109685,93.14110889020384,32.760813717189095,82.18008821387401,112.76515919601556,3.1746708378802366,91.6789752403858,113.5724355790861,2.5554150346825026,121.52227963097151,145.47588634984095,14.755916077246631,117.78479128722961,120.35420065683597,14.749279643426657,117.80021054546252,118.04495819942882,14.749279643426657,66.07006190556426,92.91487669857733,2.548196590607193,55.423509826990006,106.86926856819215,54.96153789812803,94.15488750301176,106.63650768624113,2.592960177455047,54.96522764439351,146.3496980559536,14.749279643426657,88.24421755442314,88.4998739027683,14.749279643426657,88.2999675830353,88.80951967262,14.749279643426657,59.187845294585635,141.91815296253526,66.7992598595022,92.95919914922997,47.70828287792394,102.21839985399843,40.44589063941235,111.87804567938738,40.44589012492232,76.18278630586987,84.91041323797204,111.12062822712505,32.34341642790091,116.57590738494248,73.46381277450982,137.03313022092155,40.956644159743725,136.9133723109683,61.210107426268344,103.73958652425247,45.77611553483511,130.94257649768196,83.63915549052705,113.62620176574407,26.0337325311994,135.84788692491279
44.0,32.2376772897274,61.3551654189914,95.44607890036522,27.65995735098929,73.00178157313483,112.08048039503112,27.6683335481385,114.3081569121894,129.28707312036087,12.519901232786237,59.910669732182924,115.45653897497435,12.519896630558907,61.23965688051562,87.09569334597312,12.519896660026399,61.35372203735563,83.9711562163304,27.690544415016472,62.470038043229316,98.92841570269833,20.372877640619723,76.59292149205707,104.7046650139041,20.37171269397808,121.68359739063602,125.5958763586044,23.542305183834483,88.38953445660171,121.2718023713544,26.80318163642434,48.43469169531971,89.43506610818007,26.802540922415837,48.43431720995705,94.8889213508849,32.23794180184568,83.00116418810923,113.9468454529918,48.95878902674431,90.37802929385468,117.28145538067392,24.495412819043448,119.41427440761717,147.14255461532758,14.532623542850448,115.61840920569222,116.10140786839986,14.532592679904022,115.63189643876322,115.74723465444063,14.532592679904022,64.76331569410493,89.23296886403534,43.85346446193006,55.114578067979956,104.80333141429577,53.991335683874865,89.46580834681079,104.7346326985152,43.91941029262493,53.991353474422176,147.7713104998054,14.532592679904022,75.18351524957828,86.67323962598064,14.532753733294216,86.66325200801026,87.81520439538102,14.532592679904022,30.339737702619093,140.4676473566393,55.35759971864003,93.39882934168891,48.06168537065889,94.08170279783504,40.94365163050704,85.99574714281641,41.15542685376204,77.52284558105573,83.78438072564586,111.26382046369645,31.907915854466555,124.25110672157714,72.64287994097911,136.11022595855127,39.85468105597783,136.02076103293876,59.40984613536879,98.83497881943387,45.35588589595229,121.98948391780952,89.33279635297089,112.94291062216176,44.114318401852685,135.8571096250491
45.0,31.71396944137201,60.646978428788294,95.13982673005842,27.896177021161687,74.46412428200763,102.22327094734896,27.694770019549875,112.08467288155722,131.5428083504357,12.51635412189561,46.97115785253086,88.61651245400577,12.516401059101296,58.89976263879036,88.96000155880891,12.51640113582537,59.088918000947274,87.63401375458739,28.108295040895687,55.484344242630485,97.7113278663401,20.78976798324339,78.06508935393673,102.88287740518048,20.78931393921279,123.46980899992955,127.91852601391439,24.01841190981078,86.7133282250513,123.98137416178861,25.981096243967347,48.983075644047446,79.83026359776635,25.953788808885754,48.98552657571609,94.80376161646215,31.927160870243423,107.63476991491086,123.09123554936896,55.65719657597815,90.75174879123033,140.5456312649362,25.79387270580965,117.93165147737656,158.5253402788974,14.305319252101548,106.63549589950154,131.10754344054976,14.305319069438383,113.80265354742997,140.33168190385285,14.305319069438383,45.80763038263536,87.8182316702339,2.6517277052539776,96.26220937970668,105.47706481171593,53.245246266685626,97.68099692307706,105.64050254120521,9.912036509829282,53.245246266685626,150.36311547140897,14.305319252101548,16.83853261017095,85.38106306778579,14.312436682826194,85.37168385867486,138.14681772185395,14.305319069438383,14.611264939714049,81.91328033052218,49.61938152308949,94.23156498409526,49.375708727504815,94.6811297476695,40.30406833333005,76.82386212477351,41.3641129879123,79.1808509526316,82.50274771851294,118.56170209777422,31.707219385287956,124.66548006605416,46.46446118354108,133.9639230608548,33.00415991984017,126.2364740645338,56.87871401245458,97.76822678864636,44.16796323563497,120.79267887404627,88.95921573601505,113.75600070933248,79.56640434703976,145.89098737537208
46.0,31.192217181429427,61.26897606236089,95.4000276938836,27.52789108712792,75.75731011782939,98.71056129575912,27.71474947686604,112.06841411891651,133.08482427714003,12.520203984027113,61.32073487483376,110.85974015390939,12.520384732751726,58.10573895809448,90.12536956044312,12.52038494833298,59.42755314502498,87.32203905315336,28.63959262556552,54.76636278772313,101.26801138321873,21.108726927098097,79.45740123725956,100.95317687464475,21.108354947760077,119.29143434306506,130.28300434458473,24.783699134434947,86.09315793052377,125.89119705772134,26.83435506725513,49.49586114114577,79.04623989316333,25.34310006164956,49.503865657951295,86.39387879635898,32.23794226407452,83.00117083695744,113.94686013414328,48.95885276766393,90.37802924692794,117.2814480247009,24.49540971589123,119.4142732530271,147.1425002788066,14.53262354242532,115.61840934960506,116.10140286979096,14.532592679904022,115.63189643831195,115.74723956050609,14.532592679904022,64.76331455034477,89.23297604988132,43.85346446102207,55.114599711362835,104.80333145328193,53.99133568188635,89.465725694224,104.73463285993859,43.91940819869672,53.991353474422176,147.77131757259994,14.532592679904022,75.18342582927512,86.67323974901635,14.532753735161494,86.66325189712825,87.81522240908191,14.532592679904022,30.34001414707069,140.4679952970837,48.65001826624655,93.73957450328993,50.17105446607348,80.358890430666,37.41709564117237,78.1533041136764,41.37616172578257,79.98189534216728,83.7843807971324,111.26379762258398,31.907900324356877,124.25111049512279,72.64285351763998,136.11022603848048,39.85467202159781,136.02076073107145,58.35441254877399,93.85165270056217,42.78380441724892,123.69835395996611,89.33276743528639,112.94293826011466,44.11433649979753,135.85704925986926
47.0,30.679462018398794,60.95661964888357,94.89886744244447,27.570988956178194,77.04233667853784,89.71375986148232,27.880300229234944,112.93128827957135,134.10630053907795,12.528300450899733,62.00836856253822,109.56160148869259,12.528992260396159,53.81404408257024,90.8707256923676,12.52899270823408,62.00986725461076,86.60383043577825,29.18049806861813,56.352785927210086,101.71360983308209,21.5411747827521,80.98222711095984,97.06294331042763,21.540964623383243,67.23309714380234,132.69084835189466,25.472289683186897,82.26139115584714,125.82101249135383,32.77392551864128,49.344433730023376,78.11057125978793,24.730354093535936,49.38939334062578,78.7658342394128,32.760812712494754,82.18009078706321,112.76515973126646,3.174672553570869,91.6789755691589,113.57243762409188,2.5554147670977136,121.52227959036007,145.4758957582161,14.755916306605917,117.78479150554476,120.35427580175548,14.749279643426657,117.80021043115397,118.044959020937,14.749279643426657,66.07006037143465,92.91486004555509,2.5481966017220015,55.423504537326814,106.86927388374643,54.961538050114115,94.15484997104916,106.63651197449457,2.5929614863325905,54.96522764439351,146.34969803465714,14.749279643426657,88.24421787753393,88.4998756728354,14.749279643426657,88.29996755628204,88.809520602515,14.749279643426657,59.18783783944465,141.91864264544623,48.25799749621686,80.43835745897067,49.24105436438132,69.50629867282709,36.72789816077582,78.70596376782531,41.380592560789395,80.05429843594146,84.91041464672315,111.1206339449776,32.34341841576805,116.57589332840311,73.46381367527056,137.03313213595874,40.956644118562004,136.9133770567071,73.42003801705896,95.64189611672415,41.4625820737195,126.70331561537256,83.63912373828269,113.62620403077092,26.033723269365076,135.84788964345134
48.00000000000001,30.176109633624957,58.27136067844697,88.90503243679149,27.247061036078993,81.10129153651818,103.82581486715519,27.387993384436932,111.41434604338255,135.90986577186467,12.54412285723859,63.12116883534142,107.88159261782435,12.548285439577464,42.76763591460978,91.84830357108982,12.548286199139334,48.46835940449954,80.48913301723658,29.730488371982204,57.199812338648584,99.06836816913139,21.87085602816809,82.48124554922698,94.88970209834363,21.870678241772573,44.75713611382675,134.331877349628,26.138243624081454,80.79634471946974,87.02406234568569,27.214601660845016,55.826862844306774,73.59310102933249,24.218697763993514,55.82316852099537,77.0782559289957,33.374613492973644,82.3744824814101,116.0106394275633,3.5413230096839285,92.07014124149119,120.36252344359633,3.506752033817542,123.76738274995526,144.97889659302732,15.127921177007856,120.00218952652352,121.93048276047266,15.079663457783134,119.72650498518091,120.18504835697848,15.079663457783134,67.16689273364477,94.04602465464147,3.5069972904999664,56.53273362783346,109.29690111177997,55.939743985636966,93.15964052695084,108.90941194270214,3.5119803505164877,56.066770842389566,143.90885593537897,15.079663457783134,89.9168032178366,90.72956838980548,15.079663457783134,89.95861621430844,90.13916015913797,15.079663457783134,62.31428522985202,87.73725807076993,48.568263539920345,95.09218868301194,48.27613747098686,106.71169281858005,47.497930925030346,80.96374160023541,41.93680941166158,79.87246152425314,70.67008968371807,106.37929980842841,33.04175772156038,113.82827654622491,73.80918120498396,112.8922983839674,41.8224598924583,108.16495332174006,76.78583763292824,100.52516469345092,40.623156196629026,127.81094846203186,74.41752953546123,114.28570575406987,26.482439066826338,136.11627160204227
49.0,29.771059399211598,56.458774465294624,104.25228515261969,27.00457602352227,82.91049177172053,105.61694476684794,27.02675396168722,111.01458321184523,134.52230243565646,12.591718257068502,65.75242128213652,106.19978380843504,12.622278980944944,46.86895817665687,90.9878523384128,12.62227997816096,49.45664347571797,81.29464223136802,30.289138395691186,55.08930998824087,96.48020118847973,22.31695064435227,84.09713921988721,87.28790569359163,22.316738337474252,45.16370295676377,133.99382198733275,26.665118847328465,79.5946829609163,84.83200009793438,23.8594996374912,58.186096756035745,72.41055874116033,23.82495570073438,58.17998393844571,75.59946867744989,34.061878494384345,82.48325118520418,121.10749308489909,2.879251786987176,91.50601749521174,126.51775716818784,2.8741388880356697,126.37331209367356,145.01136455821728,15.420589074459565,121.86109656387508,122.52185839032913,15.303308465818755,114.91271435101217,122.49105193592393,15.303308465818755,66.35276677997209,95.75888595438289,2.8723502407624206,58.15116161067552,111.77397051764238,56.47550168267761,91.37737392791264,111.07395906798315,2.8722886895862603,57.18964242145376,141.70677796662716,15.303308465818755,91.7062752117374,92.83249906618867,15.303308465818755,91.7520534709666,91.87949576934363,15.303308465818755,63.63752019110022,73.03798305500652,43.483826525323806,105.05998192593394,47.21169214043731,115.55897723555842,48.02269185746914,80.0585404947658,42.4053982267747,81.20373246392654,61.46430928486245,98.92994342606617,36.55852163164543,107.5539989044912,54.17017810139858,112.06767516186956,42.65956569529345,108.22332379271776,78.71159863633068,101.36518304506585,39.92005749987739,129.73254773113675,74.34934726915942,114.33163791245983,29.186154409843326,141.3110851469006
50.0,28.892170595501952,55.659284161048596,105.80583545886415,26.492411259878534,82.48887880479168,106.03733878884483,26.47572486778152,113.28380976124133,133.96835703128772,13.341850365315572,70.31883071636496,104.65169861536282,13.480407773459392,55.63774846583762,88.88665317639318,13.48040855690373,56.549251302248706,82.4342685312829,30.858334275571824,52.41744201530403,94.69559708089245,22.770482179109855,84.77027851514532,88.7768487794069,22.769849902451348,63.0583809147394,133.1001670257923,27.19763859610979,78.32101542654375,82.72993304977649,22.769642537006153,60.17479592571559,71.11523438876098,22.769634384416452,60.22946549678018,74.19631894053013,34.716207945209305,81.72341809602972,122.50932393614268,2.7043647063339895,92.67504789787532,123.42668422172345,2.70310304164649,127.25112630445712,152.55593150726722,15.797928907126986,109.2614377609639,123.93412662209036,15.643568966191825,71.9226090068412,123.12535437898151,15.643568966191825,57.74035485013935,93.16979598511402,2.661373788668243,59.53911361626237,113.8805458986301,56.581681277242254,91.83968970315325,112.83429988623455,2.66013478143929,58.28445403113123,139.76367442295248,15.643568966191825,93.62224081350064,94.96083898665422,15.643568966191825,93.63885237340178,94.13332814345172,15.643568966191825,63.419931594872956,80.31393887823648,40.313953523438265,104.65712506546768,46.36086710706791,104.72100564240102,48.587576567614846,81.98419251434359,41.9926840041151,80.40140572622327,62.38668781346551,99.986516320436,47.76257970368426,122.70760123001227,39.66300469245246,121.95901356216507,40.086428486644586,120.69398377172865,78.13651323496843,101.60208885653276,39.56543311976699,126.56327130231568,83.85184789853962,117.33487201379354,68.70720102856585,142.99975773073047
51.0,25.780853599404143,66.22928739843935,102.2446786306354,26.131425725571177,83.60948854255585,106.2619361429854,26.11152727993155,115.5407251827759,119.61197849484296,16.247732073349944,61.76593222652307,103.1229987343129,17.559924622503328,57.66379671601759,93.54643325571308,17.559929028698324,57.661292456374895,82.52946074448128,31.580770997821542,50.13059088826908,91.39638893892717,23.231922869482265,84.06605469155161,93.05411703407883,23.229771532243706,78.9794669962936,141.41367045903812,27.760107678642022,77.26853889249351,77.62812853841254,23.229426381208814,61.76873929061572,69.98884798534716,23.229426381208814,61.77445049522925,72.85227330590396,35.514335924181374,80.65896987945507,126.72036592476078,3.2616964742149905,81.70254899234585,114.00354165886684,3.260011988810008,129.39043287147607,153.51560459202915,16.083147733256652,72.7201017596607,125.25254887765362,15.989254203995882,71.66968402835938,122.41372345559745,15.989254203995882,60.91726768169766,93.34928154820851,2.988415185983413,60.7299517746316,115.8946919359623,50.324596162467884,92.29715407341058,115.42145954976483,2.98684718005203,59.17900372722246,137.45794939210012,15.989254203995882,95.61821508052186,127.74942522396061,15.989254203995882,95.07977227722503,101.6627174789939,15.989254203995882,62.90078618865506,81.90130674851804,40.2971864740141,107.01276646667291,46.84570425108627,107.04872266640827,46.782030637632936,75.25389065818499,34.4634199484349,79.78240176778684,63.339472473612865,109.32279628356125,48.90448232301482,120.17587100609092,39.034870560733076,121.38017949614503,40.0575040303822,121.3486285679491,61.43433388668787,89.74575927001243,39.47687111953015,112.15601941959692,90.10404750470458,118.65684103844451,48.59587009845818,130.095289629064
52.0,24.767424288124698,58.31309721832758,104.19786281330151,25.769286588262247,83.54202670633086,101.28155045629613,25.688908019628336,117.22950846009125,118.3551728823462,19.7356322571647,56.99233239693266,60.83456390860934,20.084985144446613,56.958797747740405,93.60418539581661,20.084984695845122,56.95853879196666,82.44309168992217,32.393663573415246,48.399309542536386,89.0090019813828,23.82393453642255,83.56316717612818,91.82933753516531,23.81383839221205,82.87964435810296,141.0063261449222,28.183338042248476,75.89548297634855,75.9252767220334,23.812942909266802,62.71929606775351,69.08188622433305,23.812942909266802,62.891950017554166,71.59784772646515,36.25977855218351,79.51382508383703,125.55145173983848,3.917110447944445,80.10222507266207,104.79767754483413,3.8409835117592754,128.92541940081225,151.08115781443885,16.369610925097238,73.295071889041,106.06600640810052,16.340019889828774,73.2905187633793,115.0784240535302,16.340019889828774,63.404000253862115,93.3925907533517,2.566969233834177,62.342752555008374,117.71807685836595,34.850075851695635,93.44908687697878,117.70091799665056,2.5653954091950393,58.86318833819718,135.16807351044642,16.340019889828774,97.5208203002882,134.02870621575502,16.340019889828774,91.71693892780445,101.90528790666355,16.340019889828774,63.129045682566634,82.72554699998916,35.13607079092811,105.20878754452293,47.7357597440931,108.23098910072066,34.01253930712082,79.41888751702423,34.01416236914503,80.77626292208818,63.90614184064503,118.35388957105776,48.50363844764561,124.0922476491521,39.14499154831719,119.66683214177456,40.41697226404366,119.6388591794688,32.24024072343993,89.77204028953163,25.59977511914655,114.94069025717872,94.81596674602902,117.15267424821776,35.09265045957078,128.0418633324196
53.0,24.600940139085488,51.6610004260728,103.54503807684269,25.47086362395641,81.18244572938163,87.42960231326406,25.465863398251155,119.6164147483369,120.9570329084855,20.99424187554191,56.75842220278708,104.80798886301417,21.23653771486247,56.25126514199463,93.80419625122362,21.236543236017614,56.25113165060756,82.723670621199,33.173750840696826,47.28771130313495,85.3215072184517,24.314648605492067,85.15434601217235,92.05212947382684,24.289095187313656,49.06266767456129,135.48227783086486,28.05118052913511,74.8925548102518,74.91379664693586,24.286338752475636,62.2813348483502,68.51171411033674,24.286338752475636,62.28595463078682,70.46933550632392,37.10804933712501,78.71930022435946,100.64965863981918,4.317083384085219,78.9376376444915,106.85733322885585,4.254526970396638,110.18528312031121,146.12638203354524,16.696095664771363,79.82920727360465,101.30322666090684,16.695545813180235,74.6318576715215,79.6172310833148,16.695545813180235,61.6290938000863,93.63463338483724,2.8956673291665957,65.60708829483467,119.30767216307818,53.75961822439393,95.11733087551957,119.54801839860902,2.8950393380049757,57.94808829411949,133.82540604890005,16.695545813180235,99.48185577512868,133.26825417827052,16.695545813180235,77.49734697965557,102.03441165851541,16.695545813180235,64.1177655643176,83.50999768041328,33.142351166375484,81.92021735218879,49.4246039286954,93.77632599368228,41.11030475687724,78.20756991776466,33.60648935396256,80.34962638633594,72.6559467566875,100.92782756924319,46.942216364181,123.7223336872152,39.54592384243415,120.20685711708943,40.39665165319123,107.55719324615056,48.343093917935654,91.02160500992484,21.70949312772382,117.36069709717452,80.72743433180993,106.71663686869535,35.421240927291905,131.5762252753868
54.0,24.441550547130067,56.31449926410885,103.01552875323935,25.185500102451247,79.21570126502152,89.54888246157704,25.182083466256294,119.34326809466755,124.33394611875413,21.884625128411205,69.43877307871108,107.018359989695,22.097420534004506,55.46119278208747,90.78330967866438,22.097421102388598,55.46112892068542,83.41372372992392,33.84148025102833,46.55614080272295,87.34462708270826,24.948995460385852,81.59400408827923,94.11034556444379,24.893669089179213,91.95685675460712,98.25311937570825,27.421397836095444,73.94006207381481,73.95986871208385,24.885764002738593,58.249969885840464,68.36871681785732,24.885764002738593,58.54961559905249,69.42902196698176,38.06539060887841,90.08060913386218,101.96656465875066,5.318264770092813,79.25896138893033,107.74854052717508,5.304954329281847,107.31230887923134,144.09218705268447,17.05611417977589,88.83711209117855,98.92590305656469,17.055534292422504,71.74239135128092,115.61290493144745,17.055534292422504,61.50574110495484,92.38095806455156,2.6854178930782906,66.3714501382285,121.13939283449096,58.19676265889486,91.51490554835674,120.77502284796125,2.6853774795350316,58.36837319307767,132.57691832886007,17.055534292422504,101.9031555536486,130.6287475647595,17.055534292422504,63.732693635731756,103.56953477941704,17.055534292422504,59.141996435313835,84.30800301802566,39.70597857309846,83.7688684777816,49.89998512016984,94.30130607574205,42.967115077162866,76.74006490704282,33.25706879244395,73.62370092675404,76.08914606339145,99.28779566077124,46.24373725047756,99.5375074213519,45.395757774779966,122.97030955287129,43.63501933297334,122.76091889580879,51.640286479289884,109.3517510632651,22.212538991303497,119.39877948481012,80.77658399106667,106.56895030372627,35.409516456584605,135.8911980523596
55.0,23.58991046364058,57.42802307024244,100.52288209056002,25.02881933797861,60.38760937077006,91.73987060779233,25.02741543279781,120.08705680602242,128.2404548438517,22.611731162832136,103.4538484275284,109.71062953595926,22.8727834194748,54.77473042866454,87.05290077236573,22.872782347119863,54.77468251259175,91.39754582716402,34.59574374486949,45.664728075541234,84.49956461581425,25.62344671788672,57.393890041314656,96.37410591279674,25.51463409114207,96.04440963873017,97.29654598753145,26.839972135965198,73.08145577014484,73.11503583361413,25.493160847568507,54.66535070436746,68.19776214303502,25.493160847568507,55.67277080307872,68.68845816737861,39.03775363091669,72.42196323814494,104.3891558423261,6.836830659477301,85.3356149014549,109.69128356890414,6.820484706953114,109.85276579026011,143.05270589995772,17.542946076976268,87.3134268908087,97.40623656853172,17.54198534944092,59.37766571818429,87.6587775659624,17.54198534944092,61.029849177900516,91.17462229882963,3.0168564782877394,67.89158893992249,121.38599654969788,59.80914818239943,88.56645272692008,120.9159885093197,3.0168282072263013,118.90160309619947,130.92750644797783,17.54198534944092,104.59165992331447,132.00551756755195,17.54198534944092,61.761926167998,106.23847398410247,17.54198534944092,61.75652293557872,85.00178475091948,40.05760323098449,90.85959655276201,50.170071731453575,108.75126801421051,32.982224812173925,78.4276372811104,32.98377816093966,68.54723937216933,70.94116333479644,101.71610493815633,45.59459557856254,101.7736547446283,45.61622770370526,123.09236229476706,45.76548732413955,91.94063352587783,57.7595290558303,108.65688468012904,36.437208149293106,119.74356823538963,82.0988341152369,112.56020520592641,35.61315674053671,134.10403003084042
56.0,21.724214464429632,62.198950275268615,98.97547709674427,24.91034404960396,61.30646510859221,93.24315908404611,24.90942470686782,48.50923644525591,131.16704314080098,23.110044818522027,112.42047386678495,112.75912671140426,23.530306000978808,54.10120604995688,111.4816366589193,23.528532192552042,54.09901438069193,90.7898475320791,35.40520735377073,45.13300869552522,53.62357831253599,26.314838015558784,87.13244124669248,98.72049953324978,26.153178835749024,98.72815463515641,99.11047511049141,26.32630481784446,72.24088488453921,72.28153246179575,26.10797292016368,52.72755589284958,68.19136777844518,26.10797292016368,54.931474024607944,68.28407240147509,40.0072056515605,71.98834294228604,112.49242945509526,8.0930390721449,76.46625493967561,112.66377735683582,8.018257703176177,112.7325320121477,153.35957797885462,17.913828156135253,90.04543205720525,96.16570364282714,17.911344170664577,61.93366835053843,96.39128517224847,17.911344170664577,61.4620879618199,90.22701232306628,2.808268166032796,73.79065686023137,121.86196426757098,61.252940798375526,82.02722671213985,121.22874468916083,2.808247246168266,125.3996364821798,130.1166325535953,17.911344170664577,107.52447736580777,130.44793624482608,17.911344170664577,61.72936716747641,109.97371769467283,17.911344170664577,62.52929152504261,85.70630108649384,40.55789082008958,95.9845694309545,49.6744536674839,120.01981252838205,36.35576609710336,77.18955473387092,32.766022183311556,74.44610683660258,71.87186631905054,103.2777559237265,45.13083015772168,103.48756593663035,45.46663278617053,90.24264748077768,45.82267595991196,89.54716843051384,64.53174455137696,111.36358781851234,21.61808509281197,119.08281273445404,82.35514811196042,112.46555556828635,36.46336066962056,136.30116868058604
57.00000000000001,21.597144435645436,66.38491097179126,96.08377938658123,24.75939768031691,61.048172588407745,95.27854525149935,24.758541383434856,52.618651031485435,131.505090144038,23.342378619766023,102.89426007714978,115.22985348265539,24.005987509674018,53.507643291735086,97.47971374498711,24.00593542446536,53.50680241858505,86.70867111705383,36.4988529483944,44.64380571404531,60.269592005785185,27.13635395423711,86.07711882740908,100.64571078288888,26.935318262966103,101.71295131238064,101.80166907153361,26.930647695533985,71.42040823807186,71.45123289037844,26.854818003479377,51.8759963217696,71.10569569153832,26.854818003479377,56.46749227960815,68.17847464796,41.03867973180268,72.50797540298801,118.63321010767334,9.88876140352898,78.0462750339331,114.49819426784515,9.598410466911458,116.1325239074105,150.18117918529518,18.419354779373567,92.14685980267338,95.33381186449631,18.409406562950366,63.3146542717012,118.72430263809696,18.409406562950366,59.99458126484298,89.42988957890961,2.600258561396403,77.30053376601883,87.60854896153194,61.09485434248425,83.51262928093496,86.52218242510904,2.600241001774727,126.37422756766611,163.59632019020617,18.409406562950366,93.74007219591354,129.5074032762927,18.409406562950366,61.100329230983895,113.7986633593882,18.409406562950366,61.99694714077076,86.29260732436902,41.425855596843924,88.45907750455856,46.0766385471834,98.86850623577067,32.626100986368215,78.17269628081992,32.627022745298554,72.91922255075991,73.86147293900814,103.77769124300579,44.65061066293383,104.35254421578821,46.555972751556425,97.18392237903089,46.98977532823842,91.91550013169054,67.23650938038341,101.69242823340421,27.034887833724383,99.49679193628359,82.08530677936184,113.71076208187735,36.28342776027728,134.97205428826769
58.00000000000001,21.836985016856705,65.466470805935,91.7692728609971,23.989220763602148,61.68196485540666,99.68367916563989,23.988835442295038,56.71034965190745,130.90499170664495,23.540895232474057,53.025966216485486,114.95930205569542,24.51604908640609,48.668764463258725,82.83446284615098,24.520921048222355,48.67054278252409,83.35925030857324,37.484417232489044,44.17553101193025,72.90617547987854,27.93727651036898,84.90156611863601,104.40375805414563,27.73521505949617,104.68505092276051,104.70608755953563,27.611274854738312,70.6205705026308,70.64144162039541,27.610799517580073,50.914496440841624,70.60798977979648,27.610799517580073,59.204671252060066,69.38909694642363,41.82135315981457,72.34193838646596,114.85153593408549,12.673226777636964,80.18395312035598,114.37365560681529,11.705956317888313,121.2808283507533,149.58205814611304,18.961649652140757,93.65521283422552,97.2145613203094,18.91338811530076,62.385047719064914,139.34519118493688,18.91338811530076,58.552919642559814,89.05257645263254,2.726963835478087,74.54306872677185,85.2872921675324,23.645032928255638,85.07220976812235,96.58786893612927,2.726949718672821,80.61157917177462,161.6448925054487,18.91338811530076,70.75243152587963,128.56704666526775,18.91338811530076,62.899271722149514,121.03796864285658,18.91338811530076,61.360929573452765,86.83727530028547,47.39217532750046,92.50511228714818,44.82922450552272,93.71151043653214,32.55094250885791,79.71027936996843,32.55135481588996,74.8010396967779,75.83171229610709,103.79105786852276,44.23234348625359,110.5924302326304,48.6380759132598,95.70959288386325,48.2976193417446,94.27650705852902,67.27628181059937,102.60312011998947,37.70800383378814,100.16459151897818,84.0649160382724,109.47572472273778,34.68321353581947,131.1110739693265
59.00000000000001,23.509647098180373,63.81930622023447,100.49007178274118,20.417532599999767,92.71050971689557,100.93277476902536,20.424094724893525,75.1468046219037,123.54941109211613,23.50883082499141,32.48213694211919,54.89678313813532,24.88705290349713,48.93978942886109,86.33916313374411,24.89586314961734,48.94158883901744,83.54159879827986,37.93635787100079,43.699046066551034,74.80843082888254,28.417812388608713,79.43134594837687,107.6314974985884,28.397946407534985,107.77851517525406,114.18269151225213,28.37518722405193,69.91910022406418,69.93746548097099,28.37518722405193,51.404692339140155,69.91483722611935,28.37518722405193,61.30416890850148,69.04779702907148,38.18070404923687,65.4691568236647,113.26780072629107,19.496646307052128,82.35192037862305,114.54664715319494,16.80162341090333,125.42789558436945,142.9263168242833,19.646500403196463,92.06650956387207,93.9206019118282,19.422828063904596,59.336704791232286,94.46888290467963,19.422828063904596,57.217149248628644,88.3885704498922,5.145034250468216,73.06219690394907,84.43661934116477,6.2913204787331845,84.40757177311842,102.0476481725031,5.145023002615704,73.25346607610349,159.25228936094126,19.422828063904596,69.92687981384893,127.33541794894256,19.422828063904596,59.88013302114762,126.03992145642803,19.422828063904596,60.817290009245,87.46919762814682,49.10905459998507,95.82527148582798,44.81522388991237,107.19064053090676,32.744595900116636,79.72851052216123,32.744839450887774,75.02814026197477,77.18390629370883,113.48131746463278,43.78687020538887,113.51216584135882,43.41929924695901,106.25606352548259,48.40422019296055,94.06774962561227,56.298606743276046,97.233751321717,37.81511477111526,103.4227403189162,86.88749257771994,108.14248401703748,33.87851152081041,130.49188552393406
59.99999999999999,22.909047957231703,65.21818950048144,102.66692369983456,16.688236849025756,94.68009293587717,102.67828084331931,16.691087259386954,97.77514073596302,106.75021665640182,23.47291929274199,46.14845978955238,55.20963911178931,25.236517842787425,49.3561184787619,86.30846169612228,25.25160762253748,49.357256187159365,91.48874560740704,37.97148500292882,43.24798275438572,67.14029269628121,29.15055329703208,53.38913157329918,110.52760892763094,29.15186869897057,110.88249437993433,123.02910181041325,29.147319773866002,37.94341253958005,67.07836439395301,29.147319773866002,54.58762167163702,55.78703330624691,29.147319773866002,62.84058625905799,67.31499538250887,28.041966103921766,53.42008804242953,95.39679042859221,23.79753981518597,84.81969142306555,103.42787190551384,18.61751768732343,123.47098661379219,136.36658685896109,20.264328065490655,52.12891533757479,92.58974748011036,20.066670127352968,56.62826235368615,92.15650216969011,20.066670127352968,55.823207560830674,78.49669361586277,5.274596094857255,74.68991441217356,83.47603198252807,5.363878521199738,83.47194356235775,99.73684723303654,5.274586791473182,74.90560579683601,157.11652317398355,20.066670127352968,69.16635478709236,116.43300003145212,20.066670127352968,59.36305309385513,121.65256471999145,20.066670127352968,60.277073053707866,88.16000356836145,49.28954772502722,98.80548165477728,47.16002248640114,98.76238562798282,33.55276195515787,79.95415181850665,33.554278262749385,71.80447287837802,50.06514953471248,115.15821357033103,41.93042891813552,114.51074300310418,42.99817383339015,108.79964094374417,43.53199264071581,70.96712186664594,37.62019282313337,110.76378553650343,37.64591509188216,110.38595966585468,87.29522527875223,95.80292679478728,37.46955901091256,123.32379497112993
61.0,22.26560356230786,58.81453308203175,104.8601300331485,15.015932319040438,91.63593095569793,106.76844086483976,15.016632311521162,107.6232433914304,109.7170321637823,23.319396279116297,56.16168755452859,63.26792832809146,25.531893688328193,49.76230261744659,86.97413226681594,25.553731937396922,49.76401491670731,93.04783979625763,36.7631831197128,42.752504592087725,55.698724907321946,30.05895209326997,42.86395769387314,112.12200612730784,30.061647344209884,113.93487097349124,129.49134411592547,30.057133096820795,44.11934593358813,77.73378310920548,30.057133096820795,56.75081353453088,57.17323251854955,30.057133096820795,64.24159222774026,67.26069200578735,25.88594073560774,56.50725687984995,94.8229986840287,24.528966771381587,88.82911058969165,112.15341000304667,20.4050892002123,120.88789911357539,136.00358547441516,20.60957143434255,51.94878171015517,60.69179933313761,20.586919390719924,55.38353813848331,92.83782053713831,20.586919390719924,54.89181948256089,70.03571557604445,5.405214387198167,76.70567877101438,82.80084306870945,5.41212145071538,82.79951462533386,82.80684540096266,5.405207998101619,76.77805475435927,155.84485562998077,20.586919390719924,68.505921340373,70.83460724936312,20.586919390719924,58.86338543133536,88.36025253585093,20.586919390719924,59.754799907425415,89.03318330339572,48.75867740687572,101.84640402092938,45.52733552350893,100.24237340938197,34.18913300479344,80.48765365627416,34.19374739533258,72.79785573997886,38.368995965967756,102.71646609114092,35.99591453381512,105.47432392311943,43.64065701181912,107.58758799430016,43.42630274631295,85.600291742807,38.28416862840739,113.7110495337939,36.57381316065967,113.11497880741645,86.78752523120129,99.6316689769016,37.22182615794108,124.33629171064263
62.0,22.128002812098146,48.62688236646746,100.85617348281944,15.279907371818364,78.97258989259223,108.83884935440187,15.27999258354236,110.26991657537607,124.2627547745816,23.172979124120545,62.4078318599314,90.22242183235984,25.81140963775909,50.20364291119966,93.53144884947365,25.835161777107178,50.20684308837214,93.57971832159248,34.09471114459764,42.3122198339634,43.500470828315656,30.977824675679333,41.260252199811625,92.97310357191893,30.9813145636578,114.77601675131808,116.59506990195798,30.97581718050389,72.1442460464668,90.69010510482178,30.97581718050389,59.550322295679166,59.219717607749594,30.97581718050389,63.10588831445585,68.01816420796285,25.4679195210758,62.16020865242644,94.45067735589245,21.53900633951206,93.21035979662844,95.04335799404714,21.11002127756376,89.53746631196962,135.9064943631453,21.253290337674226,53.489152773339114,96.2506321808696,21.243145953459905,59.326743591207936,95.99600628041883,21.243145953459905,53.586967952903784,71.90076456975304,5.536815614117001,75.42593257455925,82.02544695080238,5.536840970372429,82.02168158481024,82.02227814201834,5.536811534749438,76.76106209288069,153.62609781802644,21.243145953459905,67.8674167166341,68.46000437684482,21.243145953459905,58.41024105634106,63.44038452474801,21.243145953459905,59.26813274623638,86.00426018096216,47.60563776136249,106.02705078908323,43.91379246873528,103.84494696726823,34.782758130592306,78.06027359358097,34.78723464306909,73.80899941063845,47.01945388316691,86.49446223644529,35.016365530278556,105.01283313259013,58.2920229913983,106.09562864707702,44.36667953308572,85.37329727976737,62.733691190958666,104.10038275766131,35.95432443542689,89.67344797158721,70.72181159955724,104.93864666898858,26.209078220039423,114.89550668130876
63.0,20.940928595991316,49.32633730655197,93.20158819181216,15.800839288017542,71.97367807817638,103.76358695944577,15.800847274477455,111.66375552483265,111.54983384891368,22.98672810312873,75.29789693234785,89.74761986823682,25.980683258037566,50.7382684246196,92.01568509866159,26.01412449937632,50.74394523546588,91.2579268473476,34.67133318837149,43.607659970788255,43.71364873800927,32.037821746375926,43.12286088996803,51.44986453054925,32.041608139214155,113.96816191932606,117.25934277887194,32.03562470126032,76.44384780092889,102.99648861980273,32.03562470126032,62.07337936125275,61.50044122296344,32.03562470126032,62.74432805269878,69.11191393664312,25.25249623194455,61.700684626519156,97.26654400143092,24.35564309766915,92.41818269470642,93.62650750660696,20.97255165073044,78.57046055690832,151.65407014182068,22.044031703116413,64.87229245683595,126.94562454430351,22.038517418374585,54.82294053893923,99.31840621336195,22.038517418374585,47.26439249617887,76.32265732476459,5.802701322014758,74.57501682568981,79.55963473010246,5.802701819543877,82.4160254440846,82.41619754218446,5.802697472565486,79.51259998565655,152.92049147439212,22.039708910579503,67.24995369167787,68.65444900723739,22.038517418374585,57.97872359871813,63.5844729401326,22.038517418374585,58.81245682804903,68.93122930870713,43.90458248356226,67.87944225828757,43.01819067734702,91.17701883523165,37.359173108104095,76.01519503888827,35.58124021461376,75.46810189434196,52.99319702799224,88.98726949206103,34.34114564341196,98.19993405052477,54.585185618312394,110.38449809703127,45.89902500251153,110.12723847453232,52.06732248338091,103.9342893388867,35.20076048071213,77.14212781482007,71.37327887734371,105.75393853333244,40.2705104516966,98.86105968151372
64.0,18.869800792215276,47.35202212515613,91.82135563682154,16.335067512083313,74.72176293904641,72.25433756663004,16.335070976170705,106.73024023513963,103.981064576017,22.883207823785643,65.49535938616283,88.88255766714764,26.293112672731773,51.42076944521451,81.37683534010229,26.337047969034362,51.42945642782141,87.88232727595314,34.892397718008304,45.177619627427866,43.59579243753552,33.239999334228436,45.147620391203084,45.27107041468536,33.241201402265546,45.124512994981416,80.293744490214,33.23930279052195,79.35714786051429,106.99385673678168,33.23930279052195,63.79750631960633,64.00588018048869,33.23930279052195,62.41674517333505,70.5072057806452,25.05171916927921,54.694812931788626,101.96181594092658,38.81316992506574,95.21579494548658,97.04156680383272,20.918150365801075,67.05081929479277,146.036267860983,22.710732028025888,91.49074946983663,126.54195772848338,22.70729607638815,50.58710348472071,103.14113647152737,22.70729607570529,49.401714924098435,80.2274574914299,5.9369034269098595,75.15629022663634,80.11154673722568,5.936861310441942,85.5666187832615,85.56662793012376,5.936860732403179,79.29533945792865,145.13199825465327,22.711975338491122,66.58927281735392,69.05292384985208,22.707295083298668,57.59227180241575,66.48899847505342,22.707295083298668,58.39760305102856,71.80423992249308,43.77767198909752,85.94765386899095,42.3581216691895,85.95296534974047,38.67567505340595,77.12999069774843,36.42557064768933,77.02361853761347,52.295901057707916,92.21835555721076,30.439453923729843,93.64907265009066,45.59609457571677,112.30000691545827,47.77970372331041,111.34026165099506,34.98891539419303,102.9437416064692,34.667859540917,66.30053118737801,74.41787046539972,109.27018326403504,46.80754604953882,85.85584273265559
65.0,17.928083498159843,46.822989608279265,91.19883545290482,17.009707806008034,77.59472170776091,112.60907435308287,17.009709643741598,50.71753592438444,89.67040604873688,22.690681447614928,65.25264855703014,88.1676571118278,26.450277489748974,52.492058712983486,81.41666797960241,26.490905614653357,52.502983908578656,84.95333695177544,34.49838183182461,46.12480262535052,45.30704174824096,34.4538324773051,46.383675121368,46.74925791691773,34.45383756502846,44.46089295570985,109.34357327020363,34.45382779895436,82.1863534451137,105.61920067898266,34.45382779895436,64.03163611434572,66.41275160815178,34.45382779895436,61.94905380105672,72.3495287308627,24.669441146350767,52.88809358525596,101.75503014595255,28.413764838168756,98.65533175069632,100.70423375653378,20.8023142095488,53.206871702335924,146.62615460520684,24.594987831969174,80.87373521332488,124.37238183065479,24.398793001719003,51.51931220547269,106.1153792843976,24.398793937368865,49.5478306420499,80.41009526363352,6.20878057546949,44.546782678625604,79.59085747565075,6.207361648857939,88.80596826790416,88.80597414375917,6.207361380580364,77.0498551165839,131.31915320216342,23.661370932255146,66.0804906912774,67.73170590239562,23.651770546832218,57.23600849987343,69.56688084183581,23.651770546832218,58.00216393605136,67.85593915977431,43.15792869694202,104.43265764779255,42.03924886888355,99.13674412722136,37.33261033158172,80.89922033472956,37.57631238690562,76.69375833154395,52.344243477600436,95.07456844021435,28.536396137077375,93.54232297792943,44.2566296554907,77.42340204992782,47.961309200003555,70.48344172969688,36.23701863531201,94.86705585706072,34.331951244586,65.10181978841476,76.2030823045676,110.19301454355433,46.87355987485326,80.59474209983132
66.0,18.25595346804706,46.7941761619733,90.98947248067864,17.553983568788617,80.5858886316853,115.56914113152106,17.55398422986172,61.2487695588061,90.5184147614525,22.567854130514093,66.08962395855879,87.47772467526008,26.654510821696427,53.938551404639504,81.82428161348246,26.679374303467277,53.9479315919845,83.53237948490063,34.80631742820602,40.32518422441419,49.25150405186051,34.80122284991741,40.332265689066176,58.096411621633194,34.80122401931962,38.510653814002204,117.51496910034231,35.67809201737111,85.3139789080225,105.78749703447264,35.67809201737111,63.92832830673635,68.65195869285617,35.67809201737111,61.01736717457076,74.57912994080058,23.521099079409208,53.67107344408701,103.98298901174783,22.23357629128308,89.5156458826588,104.82466073358593,20.719759714641203,57.83287092853165,147.2506275744444,24.558706437331843,49.36705301936721,121.4222397976629,24.53321462815861,52.08958448351516,105.95739331582163,24.533215321311477,51.61227040042808,83.70676201912495,6.389020627738175,40.96964840000558,79.48779139763839,6.343609439001406,92.36182578263244,92.36356401660512,6.343609060079915,40.70558965349802,112.90937148974776,24.47656153397218,65.52964941108125,66.23645731105829,24.468168096529006,56.91862877603291,63.76092417664982,24.468168096529006,57.62288053833853,61.22626518701015,43.02592297183934,102.16167819452963,42.20706467607742,65.25028718736287,38.36431246825617,81.53635438809697,38.457374540197634,75.18956868550457,53.78660584938299,100.16949561277669,43.3330606619615,89.23014781638011,43.231201998520916,79.82262277775537,46.31154452053206,58.38669967711322,34.255508228892985,97.24882239112146,33.99615478404415,64.59713314729039,76.03588137499824,109.10155219401972,47.05818000898431,64.45800242409648
67.0,18.642072950526337,43.604877555469635,83.70157812860104,18.562894494364713,83.82628383597614,105.85296884091086,18.563025927711756,45.86386435144524,68.6314805943364,22.432368756037864,41.227811928912566,86.74690584954688,26.778113205055217,55.563906615925205,81.57040224018697,26.7759626421039,55.568014915953206,83.26331569747636,34.416304399002385,56.75626829532162,72.89700657055386,34.40385238760117,37.692365691882415,81.69326061033371,34.403852755841015,37.726382626559335,64.61148391507169,37.186237373523014,86.21042018203991,98.85012804096667,37.186237373523014,63.33691329928133,70.8828506563115,37.186237373523014,59.40990675486523,76.85339532350307,21.68713923400211,57.62364995907121,100.63945782648305,20.90485116324157,73.11328568002861,106.77696977991351,20.639115394248357,59.884991115430225,133.65380970772185,25.43255750931916,48.7936069671924,80.48793633746016,25.43056673775855,49.47828594386632,102.15547088274718,25.430566686172398,48.9615621280827,83.69252117225837,7.434604559233852,40.71350451931923,77.62044694068896,6.617885887998782,96.02836109958714,96.0773873776916,6.617885404436326,40.67239598748407,112.91946591491194,25.43338660333226,65.05955366290527,65.41386772774362,25.42776533634051,56.63155307147448,59.71380853337905,25.42776533634051,57.26877821724583,60.128954984637225,42.68999829993836,89.2960665557727,42.76346858388512,79.86373347476412,43.46690406312667,79.12210845289012,43.486727857562016,73.25885585853933,37.92706213189601,95.92218397647731,45.57630931580063,60.99692077219606,43.49267637908298,78.11157236990297,46.5261709658115,62.82144591391686,33.84583836090933,97.75071003880629,33.75178301079787,69.6273842753564,76.8625570556891,100.93598405166264,46.96753767420438,68.47680574673082
68.0,19.78981840726281,43.30444027141423,84.82041713768328,19.82451730954887,84.78147455921531,88.71199627755911,19.82468124650377,46.15675274210529,65.1651422261726,22.353836600079106,30.379646678272845,86.12639681693791,26.80780750841891,57.253620514968986,81.75738376650116,26.807820822988855,57.24909799848201,82.66035356304855,34.23766906652297,77.90507617810376,77.92182819216018,34.21439863478967,41.732427029716014,89.21988328368623,34.214398539469705,39.91309506257039,66.47467130363785,38.70595884356826,76.53897421932427,99.83648758998653,38.70595884356826,60.907576373205345,73.24040335377919,38.70595884356826,56.81130402281485,79.11309397088891,20.808891251422285,60.13943125662713,102.68481204464963,20.646998730374772,69.01589885777186,107.93572539262789,20.578541666203904,67.01158943646736,109.93697774903708,26.538731485009187,48.464830396870944,63.833491772844106,26.53735677504235,48.46699350903806,75.3487514772525,26.53735670198767,50.1160636795241,83.59599640912572,13.985782433627097,40.430775915002975,63.068318022728796,6.894305865767072,99.91404451120505,100.93011057059825,6.894305249236844,40.42769095838868,115.75514725508653,26.535891796842787,64.60806989162431,64.73851012195642,26.532833433314277,56.36915355754022,57.884610066853,26.532833433314277,56.927453729974644,58.78796263825962,42.366688974235124,77.11482136880018,42.402070747897106,61.449790792018064,44.609253501562414,80.43553804528722,44.618390143345806,73.6536760284089,44.16876205621927,107.34359999745799,46.63935122254869,76.52803632450058,46.058694146167696,77.57722855609222,46.04248089221406,73.73081627347669,43.53031689600926,88.46155659846931,45.058214734639755,58.36777976368986,78.6828373055289,87.88541820532517,32.50126784030861,59.409393394499766
69.0,19.859985674884076,43.19915278455232,83.04658493939657,20.38022500649159,85.76827556651733,104.6099695898756,20.380713861970325,44.88224591905318,65.47184242602373,22.286672299811748,32.669614403041905,85.53606638272598,26.8893965331595,58.95054988867074,82.3457056555681,26.889292342785616,58.94333764729362,82.62581897830474,34.08135706806696,77.45896269720566,77.46405123109119,34.03123639965078,49.45910304147568,76.25473849568927,34.031237261935054,43.71633733866816,74.35097548305384,40.37550309284083,57.719642773320224,98.57538398412588,40.37550309284083,56.73739387658079,75.5861928015498,40.37550309284083,55.011664740533924,81.31303599210027,20.653727542057638,61.39039736129016,80.8967564814586,20.57941968366319,66.88070000742601,107.82985585954428,20.54523098348969,66.86162098548056,111.71035630745904,27.353113270594974,48.1427200098289,50.14931745001946,27.356315593201288,48.29026201033546,68.17721869971002,27.356315171440954,50.9355809919702,87.44653947667993,29.100690279150765,40.160322213732094,46.76764715266681,7.172619879277735,102.28203341935327,105.54040377331,7.172619169961044,40.236991117668445,115.18201019770203,27.647602846578575,64.17569754491367,64.7945760001069,27.64581794774754,56.140998822357105,57.69384709667529,27.64581794774754,56.60702212541301,58.31770862965814,41.90568500912616,69.12237331483253,41.91834627449439,59.37769781472163,45.550325079547115,78.80972029664247,45.55090641369568,73.98242655407608,45.84229573148243,98.83582533126518,47.03226603400287,86.16028293005361,46.21593624785662,75.0624296490033,47.24514752381079,60.30102223880603,38.664051894687006,72.38436520887063,44.901603683841074,51.66975805091659,80.3377411001692,92.86435433959295,31.633934542810024,63.91209333596043
70.0,19.81203384807126,43.148529999605145,65.99486053222074,20.88654354427449,81.64901987161475,121.93162541144368,20.887335464755672,43.314021593663824,79.21945454448398,21.55230894900081,40.85281225139913,85.60240855793182,26.81677587081133,60.67137268127941,82.87795361690095,26.816772731359755,60.63889255980384,82.84069771687501,33.68464896118383,76.94826117557344,76.95067794383418,33.68419526610892,52.15602613063036,74.90795514230449,33.68419557445548,44.30553465081939,111.46045274177705,42.19628241918949,48.358181871424144,80.86090946935298,42.19628241918949,55.903707068555754,77.72875879709777,42.19628241918949,55.423285476833186,83.44806067583553,20.620645289281693,55.65987246189654,66.85687562945591,20.946335538996216,66.5697143387118,108.1124712859256,20.710335529165825,66.56145428597198,118.70870918480402,27.89639516028987,47.825678067506644,48.285296996113004,27.905540563554972,50.49565194314881,68.7674424362378,27.90554016978646,48.30985243139089,92.38126851255004,38.342426486583086,39.85708096661328,41.89961777883169,7.593186292229647,104.51136813346442,108.14915738456388,7.593185605161069,83.62088910812385,114.33421251588634,29.047335819738247,63.76024791741662,64.71096001919382,29.046773821466488,55.95929364623372,60.17939944330957,29.046773824505077,56.3163507234761,60.583659552535494,41.68797773128038,77.80371487828462,41.70340434199419,61.006722060707716,46.34966424952524,71.65086763014638,46.34995249664679,75.77434003629507,52.82171678941771,97.96890463545816,46.59128466419497,96.35615900680747,45.79380750334723,83.10803538567374,46.140965800968054,62.18247196095885,36.15013449877717,87.08871306146864,43.14916733680959,57.262245760084234,39.282051832751414,98.34733917876109,34.62885346551648,63.3992559365092
71.0,20.114698021264093,43.849908555365516,59.162475743811804,21.392079498228796,66.08414971614746,66.48439521850528,21.393596734382264,43.107364722415994,66.1887135566484,21.903370825075648,38.069378531158605,51.327436940952246,26.530244007333994,62.32636241904008,82.21239370916697,26.530245339655607,62.274734326250154,82.16296088379103,33.52067906684836,76.48316053283654,76.50216703076394,33.52051617496993,45.4061306011224,74.19106697247655,33.520516147381926,39.95935668546964,113.19432217918344,42.02691102139199,48.65289965431806,54.48973452628503,42.02691102139199,55.469108587725266,79.15852510069409,42.02691102139199,56.125448272019035,85.45487295683589,20.803044111187706,58.47708916493005,64.59158733285749,23.920175731394448,69.25753840430984,107.83548117665521,22.050109944584865,68.02184299467173,119.09540382389461,28.476196790896285,47.582446796191576,54.17088087256052,28.50387803114544,48.26042913017237,72.67419030738209,28.503866683238215,47.57684573403327,89.14526264859136,39.546319801167364,39.65793754869881,40.9561604309702,7.875372533664455,105.43825407719196,108.00970282200358,7.875371968957517,97.60228754240335,114.16689746644805,30.456932188625313,63.35733377355308,79.35642289495934,30.457039742848064,55.800593546598265,76.67624706868693,30.457039742139262,56.06272975283672,63.28307079818559,41.66861847444257,72.94809451715635,41.68389881545075,61.41404070570164,46.93254754904076,71.49830311408327,46.93288264659982,75.48384271727814,68.21726473329038,72.2181807997483,46.688049030015364,76.01766553977335,45.583117401166234,95.62158798938998,45.834842073293466,62.74924050501297,34.031265226661354,66.58461427997551,46.44169549456028,66.89027795888612,34.49146994632235,101.31744017369157,31.306925368545173,63.236450115656524
72.0,24.062071641140353,44.26820502313207,86.75042242583982,21.82157368368028,78.21182106898983,80.56063960238258,21.82326722867987,43.08894222064604,65.0481949062976,23.019617551481062,38.476238887792775,49.75467768697977,25.993580653809584,63.281772293937195,76.55610960356455,25.993579123545206,63.2473176846907,76.55986418603598,33.36373340634975,49.681164097089464,67.02552124339589,33.36352810591046,41.01524426962421,73.85975822934172,33.36352808205038,38.74759092703595,106.7155868194445,41.79337567127116,49.343264678366914,54.152247082783845,41.79337567127116,60.25241420863769,78.56949626287057,41.79337567127116,57.62718941073065,87.07688597756852,22.35037302783574,59.87555839578604,70.11217146547283,25.507836758300815,73.09835807552709,81.9153187643522,23.472286410963616,64.95005961282737,104.76665407587817,29.066094684679605,47.40204630655357,83.31896923047643,29.161074377909284,47.45979852693175,75.0007742770046,29.16101249236329,47.296561882189316,86.97269868648743,39.39811696809068,39.428054610866575,40.27841669917324,8.301004879568188,95.99913094772053,106.63359923727643,8.301004333050807,81.27830902171848,120.67930723978905,32.29760486565196,62.97713582990903,85.21843141253729,32.30017368368647,55.59213990591395,71.85721417714045,32.30017361417362,55.77962642065015,62.99808453938397,41.785585680832426,58.448445634169936,41.786220098225,60.97708981963221,47.247050649002794,71.51878111866345,47.247332113877775,75.21025559055914,71.11915602724159,79.82620476812552,45.279798565129816,47.62156733986128,45.363024379645715,98.74282695403002,45.654664570110334,66.53112736514377,33.40977031884822,84.03778845751489,46.56465872393757,65.29770486799742,50.04774300819542,105.04301337634924,43.10248939853385,77.60123062137174
73.0,24.501141269589077,43.96494958970928,86.35300754672515,22.10153362107153,67.78197571055084,87.14509358466526,22.101840956218624,42.98508263614138,63.73862340113783,25.117422455238316,38.35035820191506,48.57962441291853,24.290044256855523,62.97572989659566,74.35454585331429,24.290044256855523,62.99860773816995,74.37241140054014,33.213619518874204,39.426624309408446,72.42939962382665,33.21332587343667,40.184949278901726,73.7940120625486,33.21332564942154,38.31824509328681,99.07363350042614,41.57206093038929,50.862435113248246,55.28739176876551,41.57206093038929,59.97802619626171,77.38790093192188,41.57206093038929,58.27159075714385,88.48643546509541,23.487911843908908,44.60129055552886,82.975603305981,23.582121005849448,77.40434271180955,86.12565283234808,23.575937828567543,63.37104957220351,81.63565307678432,29.517429059220966,83.39864305931388,83.48607423203045,29.832749613598054,47.03957949147333,75.51437635590435,29.832515923946964,47.03181044116512,76.05718041015088,39.18078151334895,39.21118684202971,41.788079615534926,8.872283651605246,40.4857691066621,108.32677006950694,8.872283179192339,53.340918813178874,127.41595492637815,34.13493621077609,62.56968506115907,93.75506311185032,34.15011618017221,54.99776450155574,68.50430929470895,34.15011617011928,55.125126707885606,62.69166193036945,42.64568775691829,76.52409310314152,43.3179591701525,60.92443066812376,46.22750034251164,71.87967773048962,46.22768391596032,74.96438573604081,68.64684242257312,79.40438872787836,38.06804444528479,58.93983479888606,45.26777225219911,98.17832188818477,45.65796383801546,63.616905182703135,24.46242314032867,65.66984339770697,46.2915066728763,64.29417742657621,46.42659796496034,104.4698649645075,46.45291568249965,78.29781828758705
74.0,23.890216163579147,44.51386388371852,85.72077737552243,22.056592912618385,85.345780901107,85.74573566135523,22.056064805117828,30.592000617670173,64.43984896714133,25.736103389029203,37.812820785741614,47.53120390407239,25.725109329213744,62.220813727938626,73.50203873827752,25.725109329213744,62.22642395569393,73.7260540624655,33.07019658411159,39.18510813670266,73.23930973060868,33.07000176667648,39.90440328815514,70.64731242605859,33.07000151194433,38.72648963381478,78.42094414282084,41.36316295932892,52.75789578057905,57.0316698130122,41.36316295932892,59.164171069164055,78.02832700803579,41.36316295932892,58.75129190123738,90.01747555689859,23.46176756951563,44.184418214020404,81.25952253362505,23.457590686816243,81.34420073041774,85.72546769785956,23.457212926248744,52.232942512344884,86.13653810120252,29.834740419961385,83.0593570347716,83.0674070850404,31.017239854338463,46.7829659626683,75.2035509295647,31.016382879701695,46.78319600150132,80.83199232953504,38.83316905297813,38.956902535859385,49.315456731030494,9.303255578269841,39.20027698596229,103.86502853026191,9.303255045161778,55.28461023773083,134.6327425880357,36.059349545183814,61.43378551801398,100.76873885720988,36.13768054027348,53.62051950649518,74.55046641026765,36.13768167948628,53.6743686426483,62.35969774618771,43.571177909055955,79.53867118195274,43.961341641327095,57.17568849934773,39.467069080264416,72.29970321927628,39.46706869865758,74.56320132341777,38.96183564322332,74.47139097520129,37.90799739120259,61.71703094102443,45.507429844894375,66.92696595095887,45.85720582868854,63.97629389744923,28.97374531619409,63.97560965234272,46.14398059857238,64.78569375853112,37.64593826716543,103.41851161754242,38.013341347955055,77.53441573222649
75.0,23.394112344513836,47.31590162425646,85.27495160625811,21.894523891649758,84.80872841937553,85.29719075590258,21.898698763550687,24.146233123361768,62.305470432798394,25.666150599232928,36.94003730350854,46.12137195788499,25.653947064730605,61.947643189313794,72.49801334764717,25.653947064730605,61.02450121156372,73.38919081710371,32.8043475076454,38.942009694942016,74.07615622609,32.80434470215677,37.608945806200225,69.87161940981701,32.80434422450783,37.84334912487772,79.83381490413323,41.16687078222001,54.56850858539632,58.78348965684809,41.16687078222001,59.16694673552692,79.53152700332319,41.16687078222001,59.42347456681285,91.59882871706904,23.361989579108773,43.937851579854616,64.78754667909207,23.339146451131082,82.32973803288644,87.63268694690133,23.339148276456026,63.33099378282744,86.96714356640686,21.076671459162927,82.66330575863333,82.67772221037252,28.440661158918,46.58791564984894,74.11356634577118,28.436905700247337,46.588062689269464,73.60755171815852,37.61319867604638,38.865164517961254,50.18034637964812,9.881211109491757,38.881803392583244,74.42933001075596,9.881208578826609,45.43937413002675,142.38756288608764,38.10117672156458,59.955124586051475,104.22779295266285,38.50375401584709,54.62232488910014,77.92784930953518,38.50373801646741,54.62175113595934,62.086335726928624,44.313038098210306,78.68966835562004,44.31336147515191,78.63620468476707,38.98312642068489,73.02241893886753,38.98312626112691,72.90659060754587,37.909805237551645,86.6478156578238,41.45685312078226,61.45520606901496,45.38007176802491,69.33616415085024,45.72161802043392,66.46791314543464,35.89173385618811,62.228455800701404,31.211372922033757,65.50771347814072,33.69675710274948,95.70121934022791,33.70171438956599,77.48356635990156
76.0,23.23957255777323,58.3291212485711,93.60909832859755,21.712508988346233,26.095178691265012,84.79721080026115,21.760083921763904,35.649465479316035,62.03564642231204,25.576392598665855,35.78697935805172,44.571253363974286,25.526946546737626,60.43903811445176,73.1613044815855,25.526946546737626,59.950835109736474,74.50103993117636,32.68218174127184,35.527801477437876,56.431084577033346,32.6821831347267,37.286608081186905,70.55887602223244,32.68218190333247,37.87402763992011,75.84614191485176,40.98336552797976,56.1710716283691,59.09237997329574,40.98336552797976,60.27705269740403,79.27615109231367,40.98336552797976,60.10353527363352,93.3897562971957,23.280745454761437,43.74895789965969,64.35419144130677,23.22942638120881,89.86680772230119,94.75353839562423,23.22942638120881,33.0909481199223,84.22328805594175,12.524678379355985,82.29794249943649,82.31388873907255,20.64980176816109,46.368657657781185,73.66114978473666,20.643096993614584,46.36907664334835,74.05512208177043,26.729272321180908,38.69149046402907,50.02474990063506,10.611086407035689,38.66072998414406,71.03542775733267,10.611064466129159,39.39057678258421,143.52733464192306,39.59543946047546,58.96669155322196,105.14372253705704,40.702430092478245,60.95835937378785,61.8386614284037,40.702201292552076,60.99342795881352,61.79427887060138,43.880412768428805,78.32101496237323,43.88311438506171,78.31613393518367,38.945576777623046,73.16883855676303,38.945576672384114,72.42632943838652,37.953650245297105,89.97001815191535,38.80441645636782,59.196406477383505,45.20725538631573,64.71191619522257,45.40322767840373,67.74947865080385,37.60438545539538,47.04787744123635,26.723321101962426,65.7136289918753,33.56286604573927,72.59331294719928,33.562610104985104,77.11066909718701
77.0,23.127482846778513,60.554649949080336,95.66338234001499,21.60498811048678,24.810667492012747,90.63075678525433,21.652777382954874,40.731885283917514,63.99383357637503,26.68391821930729,34.225043941175514,42.7924195045958,25.409151894543825,59.71097285866672,76.66534926591316,25.409151894543825,59.71106850548159,77.89240778902372,32.56723819159563,35.71425878237539,73.3683031619166,32.567244057944784,37.27274535807979,68.36766918069597,32.56723906445052,37.62073727810177,70.67928750221823,40.81281967715536,57.14098481807039,61.572718346435984,40.81281967715536,58.82928628058722,77.6903908453659,40.81281967715536,59.795586184764886,92.0116301116548,23.16903222460364,43.60069775027815,48.231849428840555,23.12749986487947,87.53594297987694,99.85221899085917,23.12749986487947,43.478474393082024,99.88687966790602,10.192204548764678,81.90453665340632,81.97555162973615,10.501884089731035,46.198985483344,78.88004462339346,10.501523959684825,46.19929989248161,80.67863078355809,14.85039316736531,38.491758609970724,61.96714724361446,11.371107710021056,38.45197221719299,71.10728689095932,11.370923750401001,38.78359286573376,112.04473415400562,39.3916667139083,58.463710038425766,98.61452465895243,41.01603173482628,61.543462330827126,61.558715918634455,41.01581764706804,61.54347896149156,61.55681248898789,42.23304738761414,96.41787322364675,42.24785285558827,71.99188295202524,39.23840907554675,73.53852072155544,39.23842130381573,72.55389545644039,37.75344892081951,89.52332792143565,37.84127091719129,56.54145259856914,44.4197204408619,65.10388417687194,44.48698817434427,72.67344780411175,39.339776930048686,64.20441897566874,46.35209094716887,76.07682926860697,38.10927646128598,72.70018604390293,38.07161371792949,66.30981583613477
78.0,23.025732177867763,61.09334687987329,85.31237280388972,21.575336307060027,27.926204415881788,89.16813925818875,21.582456065582974,34.21399795923878,84.16150992978706,26.042607800217873,32.203212045767735,40.65956963003619,25.300691690149502,60.30125811497354,80.8517638576523,25.300691690149502,60.30080790676908,81.98035547389638,32.45959029214696,35.7075563675513,73.52285734771725,32.45959116793106,37.50418868153978,71.38449223331436,32.45959192807352,37.85256158257285,49.37182989402247,40.65539632078379,57.0976804454323,61.30352151714069,40.65539632078379,57.954496252957746,75.05674173267151,40.65539632078379,58.47568082525572,92.05484573707172,23.076670774306407,44.31620288355275,65.43124945843532,23.064176773706407,88.8191750856722,101.63137975546861,23.064176773613042,43.575038637752314,102.32353752940965,10.037453317744106,80.8709061449968,88.99155305203256,10.042536346262077,38.97847840477956,81.77265620564127,10.042536323622105,38.9668265862653,81.67127607697157,12.551184061193371,38.38208188663467,50.10042170097024,12.499135475729261,38.36213678481011,72.26728563295669,12.497132045818393,39.22819600563638,97.2258179204764,35.19842188754185,57.28883722842716,86.6303122911321,41.392760725873366,61.30403257760652,61.30681052232929,41.392371610264675,61.3040307700559,61.30628740822886,41.674935210742646,96.07776732001919,41.7076990865795,73.58259020983684,40.30539699130056,74.40176226970975,39.689726492582146,73.25753078373114,37.87607214006575,76.7885534728306,38.115222468580725,63.808481417410235,43.39584649507871,66.80103828867807,43.41221772361786,66.60975957894651,20.085598493364735,48.33680783459507,36.72243841097244,77.15386451256519,44.11454195651313,84.62322871958526,44.07100547439244,60.72813071171236
79.0,21.836241106762007,60.231016982461256,85.18248749315859,21.54201410995018,24.8305435470982,62.90653344023197,21.541823151329165,41.292787007674896,64.19804975050167,25.86635183792835,30.122492908069827,37.91640182227804,25.20168645150558,61.404529184578124,84.94419990839086,25.20168645150558,61.377500382971675,86.22903000210276,32.359310870288944,63.062071470648725,38.70282507390994,32.35931203228784,37.82825235747874,72.05789028149188,32.359312678898554,38.109210881824175,73.74430846195183,40.51124843793387,56.883675447059495,61.10192522468531,40.51124843793387,56.268702433632434,59.989419148807784,40.51124843793387,57.577890351754085,89.33788383480591,22.977548444935355,44.2589417679632,64.06724686033493,22.976210662535763,84.19799487270237,101.86585423594182,22.976210660749746,44.506012258112044,106.80825353259783,10.003163801201648,78.17951496328924,104.70212975337802,10.004247272711735,60.71974084779164,81.40387968741985,10.004247069088864,60.72224086812756,81.4038964308242,13.26054687961634,38.239140033842446,46.88244243468881,15.93800557851339,38.21884367097569,73.7458211841881,15.913364563849989,40.292713291256476,74.0392882271642,18.0675590009726,52.06795866165374,71.97067067851206,41.25025789361431,61.10521778893026,61.10564762827915,41.24905547433413,61.10521727023794,61.105577028603435,42.3528325215385,89.7729996625867,42.37039717198926,73.62020244237905,42.24972687152237,78.05352694010357,40.20439177228592,75.03809679153322,39.65377098486547,63.716468954944624,40.0550004546983,60.004939683564004,48.40123354738788,66.96743688210157,48.42259057430789,67.53490875527046,30.977996775571153,49.75237929866276,31.174830711795444,77.37132827205832,44.79779102005421,90.14307494722226,44.82452175263178,46.42637165126389
80.0,20.451739299424275,54.07015527955571,82.52880916150905,21.519378331490056,42.0364590125405,59.843902303323404,21.518998022504448,42.10500539102348,68.48192639098829,25.903502610472184,29.77811739550185,45.66605094115235,25.112248007695367,62.0442142595923,86.86759959768733,25.112248007695367,60.66641932377428,90.6266350247142,32.26646866330432,73.54803829140407,73.61333513252424,32.2664751379467,37.73921211937795,71.54343623385256,32.26646997837499,38.10327552261011,70.58345412633692,40.3805181987552,56.6498355460081,60.935972139259626,40.3805181987552,54.02386774329803,61.7271297236404,40.3805181987552,56.65237901075743,89.13341207684807,22.896841656573628,53.66404948913952,63.11887215956022,22.896753904283816,83.58869552463062,99.82715222327631,22.89675388342979,44.317371598998456,120.47155609124381,10.123214942596459,72.31483578857663,86.26409381594205,10.124041432247177,59.230800659244146,81.14274759349853,10.124041269699834,59.437459647585975,81.14292518557833,14.41656625346763,38.120013188776944,67.92553659713258,29.484681151292417,38.062238502372445,73.54452170583421,29.38999497521195,41.25367985641122,73.54791072364138,11.425679178769382,44.39978783475279,63.77292963481666,30.661903753018812,60.91893175546618,60.92227097230464,30.654860225816652,60.918926138958135,60.92228659951628,41.9564522277908,73.46612386782331,41.93334365555889,61.28796375011796,43.05781990517891,78.13553104831993,41.387034549347334,77.2315585777207,40.665925348251996,68.27194305969218,40.89629085604937,62.514861731564565,50.707553978153115,69.60494072237384,50.70785952002514,67.59097562678036,32.564710033151115,55.57642646995887,32.563477372299204,74.98915939605953,44.72709593049488,93.02090553572845,44.726652294252254,63.51734938237753
81.0,20.275790747530877,55.034746897977236,77.92858096903977,21.517438051751157,41.676698150321556,78.1742752125078,21.517079679538423,42.42216254395531,74.45595453499467,26.27772569842805,45.59189792462508,53.42401305427517,25.032478902417953,61.27778467262299,87.77658154649949,25.032478902417953,57.92595405326443,94.18440765199387,32.10334873498402,73.33581360214002,73.33804541580359,32.103349708940144,35.206097189497406,71.4022743588242,32.10334982806186,38.03734976901222,70.04667757484916,40.28568294071729,56.45052723290711,73.97871474164222,40.28568294071729,57.796597248415,60.66479835555999,40.28568294071729,56.590908222364526,57.88095496802879,22.825892831524616,59.173302082094295,61.89054069030517,22.825918091382476,46.18306774744037,53.43991313113575,22.825917801033192,43.3113695926974,125.28755216294832,10.098617837394892,62.74056459032078,81.36212875145439,10.098680566724157,74.5414782381124,80.93124770430823,10.098680533329938,75.18475668124135,80.93087350657721,16.041628755492944,38.058370594199715,70.00508906259245,37.82573719204386,37.997486270472955,73.3356325020545,37.8216054067955,41.68255496024575,73.33581169870477,10.293633542544669,45.14959095323543,66.69453809995798,15.879002978412075,49.6513439268636,65.51216133428723,15.875513180935027,49.86323404649204,65.51229942879291,41.02889567138365,74.2903218655062,41.02976922624665,62.272781546336496,43.79429492296071,77.94776273963474,42.14313686346757,79.39806062039604,40.58111873732101,70.54036404536473,40.84039423053661,73.81490255431835,50.59087941674583,67.7495204240898,50.59090622194131,67.96504999653031,32.48918245781926,60.77558821195995,32.57949184028664,74.70887824437789,44.70839796193379,92.93322142351414,44.70221318359036,61.5518436410032
82.0,20.362588631142312,59.93193395711904,64.534534388559,21.541540793371336,41.38904308207543,80.21891135185086,21.54116764015783,42.59863998646708,69.05721288168401,26.643834463845142,45.68247007803146,72.24341588453264,25.053368037052422,62.47357647145384,83.4478858376915,25.053368037052422,55.156397043946036,94.88806468447063,32.0331859171079,73.16747409805612,73.16798738337482,32.03318599220146,32.36973038170935,66.63853532832175,32.03318708276236,37.98015232854878,68.51388497639658,40.1794257052039,56.27318659408829,84.33297566953867,40.1794257052039,57.15736852834326,60.58750113764088,40.1794257052039,56.27993739930826,59.622064612914805,22.783464418785876,59.90011783606258,80.37883990704749,22.78398504171294,45.145353984865906,77.42743761106502,22.78397962270748,44.427548141639136,101.8023138059362,10.076284628241408,41.528937886608006,81.2248072583173,10.076307359975004,79.01029234549229,80.7207321499087,10.076307343206711,79.18399118635917,80.7207002125821,17.829573193427443,37.96799736817649,70.53985892387448,37.87880068391252,37.927324282930904,73.16748765674546,37.87854037537694,40.239483730659245,73.16748774570509,10.109749540315871,46.038524477127964,83.64641339100585,11.25816409591782,74.08958023316272,85.37757838841614,11.257360901923285,74.09360176867268,89.74444568056848,40.09918931889178,72.87585278615221,40.09887408851055,67.03852517785744,44.39632722405678,78.6287787305767,42.2890700035869,75.89760130291299,40.4772819307421,73.75055588561239,40.478412537934894,73.87602744926971,50.46725332370828,67.88404584854096,50.4672622690546,68.34576555143694,32.16721580468727,51.69474431505413,32.33345419010199,76.44244559141103,44.74643542068214,79.53740107124507,44.73968994047507,69.49176448056878
83.0,21.031998197870216,58.26888095105321,64.79730325006199,21.569584716635408,41.068131950543524,80.13258166281048,21.569246288688067,61.2235648821551,66.28926053882655,25.168272334454233,57.6976249913514,71.07568369550589,24.962471836751835,52.972836544790006,73.01244111923458,24.962471832733232,52.16096576250261,93.7359954099336,31.970690487394414,72.99955974476468,86.6558604517952,31.970689734398498,31.973796004615146,37.884293800324464,31.970690446368913,37.86860654396208,69.46038362500475,40.08692118384748,56.14373270707952,78.12482741903186,40.08692118384748,56.93744897473254,57.94478305000979,40.08692118384748,55.819745692137026,57.81488466926754,22.727103900054892,60.27785729589344,81.08990862045766,22.740310057064974,47.3384512822435,80.13786360701981,22.740163359300652,48.636776428484595,78.7239442434257,10.056159368143724,40.05755777237243,67.50970492386931,10.056168313265339,63.5181593789647,80.59353134012703,10.056168306099119,63.524096228861445,80.6721506033806,20.945743682994095,37.784026790325626,71.19038756912063,37.76747228723171,39.317408448144846,73.00124142780038,37.76744690959166,50.73280597708899,73.00124332504356,10.06266660104379,47.13978070581644,91.9525691157232,10.286825042312042,85.34502949663946,85.901585693095,10.286680538666959,85.3717209176735,85.6047952464191,39.341935606293795,69.30115698365628,39.40083638338217,70.40961493150542,46.13202524080673,79.77864236481474,44.00473726275657,75.33049190443025,40.38692461860603,73.88949423003558,40.386269239918754,73.71323431723744,49.57017455303226,70.41424508990761,49.57970065749415,72.01191396211709,37.99121107578249,53.50170762965323,39.26647824562047,79.5498857861234,44.857334512358804,93.22645737714264,44.85257264779377,75.97170296190092
84.0,21.53563744906505,43.043727470449596,64.60467266981152,21.649192719926845,40.99945312596901,79.8843498392193,21.64878928885258,60.760962167879214,65.3859280926449,24.97801793038284,59.59834623600878,68.62662164943755,24.902309142960075,51.37423920770946,70.15326060103433,24.902309129877896,45.69463623587837,91.73061670619705,31.91590512581462,38.92521881743172,107.11330045807823,31.91590515114602,35.5904060347537,37.755191678262676,31.91590778947944,37.83919961876563,65.06354141653273,40.02288407898661,56.088080121463584,97.74332786773832,40.02288407898661,56.41120961211954,57.65494556851635,40.02288407898661,54.47662467484979,57.382428973560685,23.3231615658816,55.803809043634416,81.23270521912545,23.68358639230805,56.15141591931061,80.06319774025884,23.67962394100323,57.9957536222318,78.35216041084861,10.022538437793955,40.83822933873939,65.5243404442899,10.022541277592367,65.52343509334253,74.32914623210833,10.022541275357073,65.52790205669547,78.35356728026134,30.033291855988416,37.76196456723474,72.03041928654538,37.75403742387339,70.24017589253681,72.87415768963524,37.75402960844151,72.75893163181605,72.87414712009576,10.024014592320135,47.57969095100638,83.6469936845594,10.072603562753676,90.52067434144507,91.49597169412345,10.07257744875913,90.65890147973847,91.77275870150129,39.356584251612546,73.34529529602584,39.12173753409714,71.85738851719331,47.38118464668954,79.07273963789619,44.45453013372062,74.93752448541078,40.458094522681066,73.73542523058589,40.45830092875258,73.6041223148057,42.79520505730056,72.3995438111852,42.79741172701734,72.41032926592271,46.23132090174631,49.88991374337133,46.416737209417896,79.1628638183181,44.73813757633464,92.89568108229925,44.81619176228274,76.81847866676266
85.0,21.87774321750661,61.60926369007562,82.59706208854537,21.704734584000875,41.35845767823389,49.150934232249696,21.745153154182805,60.19493372563288,62.07733110416549,24.875018292483517,60.47276290960271,80.32194648561824,24.852062288671338,52.215254481008024,80.73654104665555,24.852062288671338,45.158225295368794,81.81571155234356,31.86887297820697,37.67073623284786,105.25910156455303,31.86887197078844,37.66254659511088,72.08652451577868,31.868879058270114,37.24370337129466,70.61126637319812,39.95536572226563,56.14371324730252,99.29493398260664,39.95536572226563,55.76265964491401,56.995087254765075,39.95536572226563,53.821909029545424,57.54923035390226,27.64969879316698,58.42299434215815,81.05299683830219,30.621582417828918,50.10950529758735,79.93611211036246,30.5919647784266,56.50002403788755,78.45691864756803,10.009058610579949,41.55576697574348,59.269895766334926,10.009059176949377,66.82647847939651,74.54507109440311,10.009059176597376,66.8321550135091,77.64254773057702,36.02694834077716,37.664653644680286,72.66277940816933,37.662979170532964,72.71424834324166,72.75456795941167,37.662979170532964,72.73359897261044,72.75458238571862,10.009418842991423,47.8926373296973,59.08506003734635,10.021370096216094,92.33216828856305,94.45342356278648,10.02136934237728,92.805284268817,95.1243128946256,38.979978108410165,72.93020637095579,38.9915378200474,70.8451104310799,47.59317871184892,78.5069731269618,43.94756846160809,71.6881853115185,46.777892008343294,74.08494445901222,46.77792273198918,73.62153071375668,44.05704995464907,71.81131675704029,44.06444005548888,72.90306589461957,46.119459003380804,59.12573738871824,45.1055560626906,77.93102475978155,41.823722132439876,74.69668655512272,44.89104620690808,76.67030564170143
86.0,22.189975060706242,69.6307302539477,82.9378051681294,21.382182464895603,41.98658716376924,62.512347238269385,21.58473378865179,60.28337312652256,62.47890458477586,24.815998974460715,80.14609656196322,80.37990838697,24.81179155159901,49.32794196770347,80.1824581822269,24.81179155159901,44.39910406408785,74.80028942689869,31.829629065501553,37.582243235992834,74.31222021936921,31.830023869060607,37.6084105432274,72.6642970634891,31.82962656875213,36.36111479849992,71.05369912447631,39.901832664678444,56.357302359951746,92.14410844927906,39.901832664678444,55.7122177678884,55.981319201648766,39.901832664678444,54.025443464405186,55.401352155742906,32.95774947674757,55.33764738507931,81.8124745650921,36.471181275425316,62.66908829319928,78.68324278961306,36.45877142588676,62.673053139178386,65.35629770179627,10.147475057082598,42.33483026663315,55.0223209660383,10.147475064074051,63.871607855812655,75.76926619104583,10.147475064071475,63.88361948471349,77.62654181541606,34.89491349524484,37.58324094593227,72.61789989565428,37.583189502038714,72.66508713720289,72.66916399742775,37.58318685671077,72.66697577081362,72.6722744858104,10.147525287777214,53.1073157134501,59.85668899046105,10.150466612824836,93.31125612630018,97.17762145189522,10.15046570916324,94.51829507845858,98.54058199408851,38.37591042586209,71.39108183987305,38.23124510956552,71.77729521324682,46.43582974203587,79.21411117690116,46.71512248987861,72.23508126562444,50.280498809546465,74.24556066408122,50.28085723153917,72.45893241952069,45.0506314146685,64.51021105808663,45.05763954615286,64.06177502957546,45.54023395928303,62.62554976323307,45.30804958852283,79.3421585561097,45.98459196068601,61.67730925288058,46.6133190440938,75.78715649002858
87.0,22.232056746603913,82.40965086254822,82.9673251327607,20.322466389755803,41.28055521452757,44.26131062206273,20.321851873547132,60.59332851654293,62.78955134504674,24.782140950690053,80.09435960633304,100.26338593665616,24.781545553092528,42.969995748894306,80.1519696779628,24.781545553092528,43.88621672946018,74.506007569811,31.79819856222188,37.61457560570931,72.71438125409303,31.87163594313473,59.28247899181383,72.59977570605332,31.798203829924944,35.19683653269593,37.20005405273881,39.86911398564056,56.40621789325704,66.26784385748265,39.8691147299433,55.98135985011401,56.195423685108594,39.86911398564056,54.3512070639136,55.38952097660535,34.252720994696254,48.59486638896986,82.43351633938535,37.735376518661006,62.68264509198711,62.83519120413704,37.7316912506583,62.68291436859642,70.6859727736569,10.138601974631413,44.532864253224986,55.26314492798556,10.138601974631413,58.626377351856725,76.93204186703706,10.138601974631413,58.629324062516766,77.25895724778842,34.66519383880771,46.931940532222086,72.16327479086327,46.954911858612974,72.59665879637515,72.59667076182966,46.93982919924212,72.59666831198247,73.39479144625322,10.138601974631408,56.70098374125012,61.527265877052116,10.138968629216679,79.58522829886812,99.2075893821693,10.138968542780908,88.9797609705049,99.8747029408012,37.86826289005516,70.56415142568795,37.8693484583307,73.07679968206293,44.59432523892858,68.18486808138947,47.27675135625307,71.46531908116845,51.11256831982781,68.58157806764316,51.11361598026343,68.1601433877208,45.62424476802427,65.05698950371544,45.631109727393586,65.24172670728956,44.83400123631928,63.78293598530137,46.067817296885586,76.94140808610994,42.41276262219753,61.110252100730165,42.415972686705196,76.02551656813687
88.0,21.865612058602526,82.09867154755516,88.31783176331137,20.004786945161268,40.676043459302356,56.33009059053698,20.004193235075185,61.350406902231846,62.57245881933778,24.761462933380443,80.27868195871069,118.5749070642239,24.761361097838474,42.55378789059772,97.54738045021222,24.761361028828766,43.45396193996041,73.27191489754456,31.77459741010233,37.531506821247646,72.61476546862099,31.969000940259907,71.90853240724995,72.7991194936996,31.774750498568476,31.844237035773972,37.470145011977635,39.840886661820164,56.360151610605115,60.13881515332976,39.840960010480956,56.223625043229795,56.56230815415481,39.840886661820164,57.77147355256987,59.984898889676266,35.489086782211096,61.36874706200707,80.79669056208908,38.94336771131629,60.639609777801056,81.78554555889406,38.93798657666013,60.61883577256239,82.55604047322213,10.131942064579722,50.359301589666586,55.429008135824915,10.131942064579722,58.06163863265942,79.93492882603084,10.131942064579722,58.061209663596316,80.73444007273777,36.01055077889934,49.28452259366242,82.9982270146911,57.831066802494604,81.0469994918817,83.06648905647793,57.83824495736837,81.79393936007875,90.55035863081201,10.131942064579722,58.86317219771386,62.82552152920287,10.133308674564313,72.4432770338196,99.64927354720534,10.133308576069297,73.84884531115983,100.20219984425812,37.70131413937557,69.91904056218422,37.39728761663875,72.17695963818862,45.01351643394978,68.64033012625917,46.91764529517149,70.28044039807313,49.58054326725859,60.66821478568041,49.587987037463044,63.516153554163765,45.804102009719784,64.25747240902577,45.821927187263526,64.76147988641382,38.352142476509954,60.49833599410577,44.89354156997687,75.49907782246908,43.41730658461551,83.03751387010277,43.4223667905837,76.16870270786767
89.0,21.242332194280497,64.1798289300823,84.01773475392004,19.404724268695368,38.21811829101017,55.066652883219334,19.404213882048047,33.326908315806456,60.70610863407288,24.751372336074066,82.89614368306468,149.62115012078166,24.755688737221476,41.970596824514224,115.33173653985263,24.751338797614277,43.12060336160846,80.99425444863597,31.75885725972951,37.50565998517263,72.64254421298403,32.005927799966074,72.4929564511405,96.75961582034076,31.759392190565606,31.788912704250958,67.34430993708114,39.826765497589676,56.37493674808734,60.08628535920254,39.878130203996605,56.237979834814624,94.2538112911973,39.82684903582808,60.052575843638955,60.07728155311271,36.286263301938305,53.03930724258845,82.83599643640892,40.49240699304761,61.604657364159145,99.01069581150027,40.48703471930497,61.37141724049923,99.82860348905209,10.12749969143421,51.32197993325397,55.613439881467094,10.12749969143421,58.342624369663866,84.69091843002482,10.12749969143421,58.343988909386546,85.65967974069613,37.33265078561591,50.59384275118969,84.29598283897316,58.45793340643636,88.90262346621286,100.22881795966357,58.487895148306784,97.51517290018822,123.13252914412783,10.127499691916027,60.18526877815482,63.49382307885858,10.168532205610362,72.49950731494287,99.94891782961683,10.168527789030458,73.08720710687096,104.01796441347831,36.532495160367894,62.76785726105587,37.32502619639336,65.54402900968691,45.64371212360965,70.28909293261614,45.01389719237384,69.1511594092531,46.44555656709057,60.07449779999937,46.46654094577264,60.16439590752619,47.790432302812505,59.20567312177371,47.820692592683926,59.9569485906016,46.858930875733996,63.40501369086199,44.40137239381566,63.24079617743181,45.703296637875916,98.7970373023877,45.70229918574674,60.315028162901896
90.0,24.117549452242578,63.05997007735337,85.47566221208773,19.340463468981145,26.822470870298943,82.2333865213468,19.338706027320967,25.966658902238354,43.393328514581,24.825210389383564,82.14911351140627,151.18191039960098,25.35365562178353,41.60113775576855,115.93365265596223,24.83293586578296,43.392765473528556,84.24028501243198,31.750984879349517,37.57602898554267,72.5750267076203,32.352355039213684,72.81765692427963,103.85536354309889,31.751461438617984,43.16946686783129,72.44113487233462,39.825070621406304,55.97759547387195,60.076664371657664,40.22953073209759,55.67128130622415,94.51675503442341,39.82687317964012,60.07430341133041,60.07514115394146,36.03311921006929,46.13012620176841,80.56394286253884,40.889612210569084,63.39331233288579,98.97741265566226,40.88361243057462,62.4353443150284,100.23634755087274,10.125277773967488,51.13915714459795,55.24848474207943,10.125277773967488,57.61516064279025,85.15426159894625,10.125277773967488,57.61660533052966,85.98178117491923,37.592969594467476,50.771456127230614,84.96000588630373,56.042818350281664,87.03342143501948,100.20263103633368,56.062558913143015,97.12917311400062,121.42492667724366,10.125278663725492,60.13138712176506,63.43769238608865,10.17848662794456,71.72969423431238,100.31566882298095,10.17848032294386,72.35353519678416,105.59841425110523,35.965269196128524,61.75319181445769,37.12715511665638,60.94096432167753,49.873934106017074,67.04508281653771,44.438472335691976,67.55691418547973,49.13033413656836,60.26372387733352,49.1169970715639,60.420041726859694,47.17350790859095,59.295738741813814,47.212095194639176,61.15492027473945,62.57652708689068,68.26617632570611,39.85312031945653,60.50547794102509,46.80740285989299,94.3766062642057,46.58224217094581,60.8812632179934
