Theta_deg,config_01_det1_b15_s5_h4_w50,config_02_det1_b15_s5_h4_w500,config_03_det1_b15_s5_h4_w1500,config_04_det1_b15_s5_h12_w50,config_05_det1_b15_s5_h12_w500,config_06_det1_b15_s5_h12_w1500,config_07_det1_b15_s5_h24_w50,config_08_det1_b15_s5_h24_w500,config_09_det1_b15_s5_h24_w1500,config_10_det1_b15_s20_h4_w50,config_11_det1_b15_s20_h4_w500,config_12_det1_b15_s20_h4_w1500,config_13_det1_b15_s20_h12_w50,config_14_det1_b15_s20_h12_w500,config_15_det1_b15_s20_h12_w1500,config_16_det1_b15_s20_h24_w50,config_17_det1_b15_s20_h24_w500,config_18_det1_b15_s20_h24_w1500,config_19_det1_b30_s5_h4_w50,config_20_det1_b30_s5_h4_w500,config_21_det1_b30_s5_h4_w1500,config_22_det1_b30_s5_h12_w50,config_23_det1_b30_s5_h12_w500,config_24_det1_b30_s5_h12_w1500,config_25_det1_b30_s5_h24_w50,config_26_det1_b30_s5_h24_w500,config_27_det1_b30_s5_h24_w1500,config_28_det1_b30_s20_h4_w50,config_29_det1_b30_s20_h4_w500,config_30_det1_b30_s20_h4_w1500,config_31_det1_b30_s20_h12_w50,config_32_det1_b30_s20_h12_w500,config_33_det1_b30_s20_h12_w1500,config_34_det1_b30_s20_h24_w50,config_35_det1_b30_s20_h24_w500,config_36_det1_b30_s20_h24_w1500,config_37_det2_b15_s5_h4_w50,config_38_det2_b15_s5_h4_w500,config_39_det2_b15_s5_h4_w1500,config_40_det2_b15_s5_h12_w50,config_41_det2_b15_s5_h12_w500,config_42_det2_b15_s5_h12_w1500,config_43_det2_b15_s5_h24_w50,config_44_det2_b15_s5_h24_w500,config_45_det2_b15_s5_h24_w1500,config_46_det2_b15_s20_h4_w50,config_47_det2_b15_s20_h4_w500,config_48_det2_b15_s20_h4_w1500,config_49_det2_b15_s20_h12_w50,config_50_det2_b15_s20_h12_w500,config_51_det2_b15_s20_h12_w1500,config_52_det2_b15_s20_h24_w50,config_53_det2_b15_s20_h24_w500,config_54_det2_b15_s20_h24_w1500,config_55_det2_b30_s5_h4_w50,config_56_det2_b30_s5_h4_w500,config_57_det2_b30_s5_h4_w1500,config_58_det2_b30_s5_h12_w50,config_59_det2_b30_s5_h12_w500,config_60_det2_b30_s5_h12_w1500,config_61_det2_b30_s5_h24_w50,config_62_det2_b30_s5_h24_w500,config_63_det2_b30_s5_h24_w1500,config_64_det2_b30_s20_h4_w50,config_65_det2_b30_s20_h4_w500,config_66_det2_b30_s20_h4_w1500,config_67_det2_b30_s20_h12_w50,config_68_det2_b30_s20_h12_w500,config_69_det2_b30_s20_h12_w1500,config_70_det2_b30_s20_h24_w50,config_71_det2_b30_s20_h24_w500,config_72_det2_b30_s20_h24_w1500,config_73_det1_b10_s8_h10_w250,config_74_det1_b10_s8_h10_w1000,config_75_det1_b10_s8_h15_w250,config_76_det1_b10_s8_h15_w1000,config_77_det1_b10_s12_h10_w250,config_78_det1_b10_s12_h10_w1000,config_79_det1_b10_s12_h15_w250,config_80_det1_b10_s12_h15_w1000,config_81_det2_b10_s8_h10_w250,config_82_det2_b10_s8_h10_w1000,config_83_det2_b10_s8_h15_w250,config_84_det2_b10_s8_h15_w1000,config_85_det2_b10_s12_h10_w250,config_86_det2_b10_s12_h10_w1000,config_87_det2_b10_s12_h15_w250,config_88_det2_b10_s12_h15_w1000,config_89_det1_b10_s5_h15_w250,config_90_det1_b10_s5_h15_w1000,config_91_det1_b10_s5_h24_w250,config_92_det1_b10_s5_h24_w1000,config_93_det2_b10_s5_h15_w250,config_94_det2_b10_s5_h15_w1000,config_95_det2_b10_s5_h24_w250,config_96_det2_b10_s5_h24_w1000
0.0,34.5427522443371,55.63569482417656,94.44216430540054,48.92492684387167,72.97541643814588,86.8496914039533,48.917315004337866,71.35613746829131,89.45989814553937,12.525224548885342,16.851978235829176,66.18543697264327,12.52695007427879,63.49772741161685,75.40223147345858,12.52695007427879,63.573989053979645,77.77006104928392,46.576741755063196,55.47989460305841,95.36635505567996,63.511196394284745,92.37831355012248,100.89692232175588,62.83596095569556,100.08261439699255,121.08681343252165,18.075155600989994,60.957655214724795,79.88558996147331,18.286281203106064,92.41311576333946,100.65519374649249,18.286282501149696,93.16586258587988,123.72990334122214,37.329388568352,55.59373142516527,85.87895128869293,42.240451489853534,72.87547016562121,99.86609047706736,42.2303759111131,64.45099553274056,103.20277531823807,10.125277773967488,53.051831862823235,56.69270554476761,10.125277773967488,70.09311890174196,88.77688308218559,10.125277773967488,70.29284194172831,89.8068691118785,37.968958868416,51.940061002096876,84.9098017865401,65.96057352508464,94.92964266385273,100.615879335598,65.99023191029582,99.65244045702802,125.28753473149926,10.131833227720755,62.49208442779988,64.57637829499826,21.39145443191364,81.4297579422579,101.89487761698332,21.390571165563028,90.85999276832626,107.61500076071972,53.28798098500256,69.56780702630643,53.60319088470495,69.63937945289021,17.87834552929386,60.508219847963446,17.877801261232367,60.15755672974561,55.02774384125643,62.22404932856612,55.02441163400587,64.28117007004779,52.049717469978965,68.3452972449134,52.159824328021266,70.99174980790684,53.41366278647666,69.82142939656372,53.36101880756084,76.94486407828552,53.96732662474601,97.15482452443995,46.85784854291923,67.69936701551676
1.0,35.160129477976035,57.69164456250554,96.43418926899135,48.72707975923765,71.6401941522964,86.50547276783243,48.72121436763402,70.49132129266029,88.55838172745901,12.527020795065361,17.122551010990627,66.65045666971916,12.528732432218247,64.19795756865213,76.77345813550282,12.528732432218247,64.30303946690721,79.82255334042547,47.332929172640895,55.88666391044576,96.81267755992609,66.33171966525681,95.69615699475695,101.34494150782758,65.50317144807624,100.5122197618243,119.97936237316982,18.076400360691284,68.03424439260192,81.61442565902408,18.07933340984265,93.5059914698939,101.66915341026476,18.079333302995337,94.2998385842103,125.09945531467261,37.91772042888514,63.2390680669144,88.61011001506468,42.745168280988864,77.60720539472464,100.04996503709974,42.73378964087287,64.60969732679624,102.99527288889595,10.12749969143421,54.053180953512765,57.66759948483688,10.12749969143421,74.12521178068427,89.65434738867287,10.12749969143421,74.33277666836953,90.82306649877691,38.13814599613685,53.08676410062178,84.1760172694488,66.29761950098366,96.50306671368698,100.54999069487776,66.31704525369895,100.07562984139852,126.11800572759617,10.127505860686412,63.128764036685055,65.06677718911816,22.414922975516866,85.47460554865577,101.39053350573441,22.414161989218325,93.79010888979874,107.58815852672625,53.43211884150732,70.8286708587208,53.61214820164501,69.0667055481193,18.048223931024356,62.28223315550655,18.04601418014318,57.337633928990314,54.13480842922411,61.78266252831603,54.13861552184252,62.31737387778232,53.134315437136785,68.41055494578862,53.1859956840285,70.0679199167994,52.535450404809794,68.15568577385599,52.45451593174,78.73485200119451,48.956339956390885,99.42863752427301,46.22985051988883,72.40227300928761
2.0,35.76382677199413,53.2975633456302,90.63541318088953,47.95797028963851,68.8793567017303,80.96324672281257,47.50059498857504,69.0140342883475,83.29164269697056,12.509996003196804,13.883637097348535,65.61162513917235,12.512766709093157,37.246789596844565,77.72489330781917,12.512766709093157,37.4618827313394,82.07423141298037,46.864017894326786,52.69626173551132,88.04483635447257,63.717613181709154,89.96992158315018,90.11324044297466,63.23393624703817,90.09319114342651,91.36407326507414,18.08262287390853,64.84469831547877,80.23929651955854,18.08262287390853,91.27678930821175,101.4614006780053,18.08262287390853,92.52502115250887,118.7566160908971,36.91194338530543,64.57781222364163,92.3089602422804,41.97730882948619,67.23480259249138,81.94659593767435,41.95364181810017,65.85521156032054,82.69278070748548,10.131942064579722,53.50263577069321,57.625918699743046,10.131942064579722,72.37227425107172,86.92873712566796,10.131942064579722,72.48219295819176,88.66434036990118,37.77566842783385,52.68261863680002,82.84428387854629,63.93646616212506,81.39616361477546,83.0705265209221,63.95571562106241,81.90841495386115,90.86944940348286,10.131942064579722,61.97867148006961,64.59026693687454,11.569089613729815,92.80768255160248,99.98776615208001,11.569015118113107,96.68965000943969,103.73802458348143,55.91838901370442,73.21778753106237,56.06673620925524,74.34684567655258,18.323338832395912,59.110196939007885,18.321598111950408,50.09841050953859,52.19317855880577,68.93045901717853,52.200080486662856,69.22047596576857,51.34613760405619,69.48365708176746,51.408582912853596,68.20801795890517,50.28775084197373,66.10568376821637,50.24482435886141,80.57504874222937,44.52147513304269,83.43745620463486,44.56386141408026,79.3505136349496
3.0000000000000004,37.72990935087668,49.20514283586485,89.97934642487652,45.16747090855665,63.362597711844415,73.35665904964337,45.16627911977905,65.65843722225785,88.14720009004108,12.543175435271564,14.426922984614944,61.05150504347929,12.54532219251452,32.49289504583271,82.65238406708039,12.54532219251452,32.709511227433936,87.48831801885682,44.82960078487401,53.489676185650644,87.11950448861417,54.509103001877136,86.98819999892737,90.16266549964016,54.346473961009536,90.08421707408985,90.30982618055963,18.09381800505355,63.17451371422415,78.26360944395671,18.09381800505355,87.13201822666234,104.96846211517108,18.09381800505355,89.37832644331817,117.9833231492696,36.00747953753765,53.66717076882822,82.43587384006113,39.701944675370804,62.70111976074393,68.95637423740858,39.682669357521554,62.70730541984556,78.6354922005136,10.138601974631413,52.035334613131035,58.61806637876542,10.138601974631413,72.91213464747446,85.11584832798682,10.138601974631413,73.05839663885197,90.0197181154072,38.86488016365073,47.54209095658668,72.21929607269342,47.75014951926581,72.59642750680314,72.60160091597895,47.74312372042875,72.59666831198247,76.72210614399806,10.138601974631413,59.95993104237621,63.891399510968924,10.755881799833245,97.38729778496777,99.68283475637976,10.755783431599934,98.2907050889613,104.99522940991143,58.73896670909851,80.65386377911015,58.76871132077002,77.05804593567616,19.311902225894123,68.45557167461234,19.308678352782195,60.48581774328118,51.80795923012882,76.85513847344058,51.83390357951181,78.3409141139589,50.89404684131344,72.25706916631535,50.92156019454466,69.38377433802185,49.19812399097936,71.05390333600262,49.19464507782905,78.69021800874715,43.08531911803326,63.80246868175223,42.95141879920819,77.87742896040541
4.0,34.2014704783979,51.23112096979918,88.60787555781098,36.221927391587165,56.00653107766262,75.1400582807263,36.220616125845424,55.235402401427564,89.23306643361522,12.552141251595284,17.27860232507906,57.388111930091355,12.554632827567593,44.241809381434685,85.7460711179869,12.554632827567593,44.513676669287435,87.38995915428222,35.508242263289965,54.40452329159034,85.98655868723341,54.65200733228974,60.45035425382304,90.23845758295438,54.43494330205828,89.67189431812918,90.26564985631595,18.10997653228739,62.624563518312726,75.76607457196842,18.10997653228739,84.76230949295561,109.11767427118954,18.10997653228739,89.99376631256608,114.73800231487576,33.5800083300137,59.19555468525922,82.09371031880727,37.77024234658741,62.6157140436272,79.86258623388171,37.75816894547233,62.62132671375567,87.29123814498064,10.147497098672988,47.61100950201583,62.93156870396405,10.14757974098808,72.74758193354242,92.00891131186857,10.147579707206889,73.03721485649592,96.96111394729716,34.91304331159118,37.58324094593227,72.56670313996153,37.58198331103464,72.64525431037103,72.6812431527218,37.581925984668054,72.65184153413958,73.05435394113911,10.303183658350092,57.363222042615824,65.31458123868474,12.654087556317988,96.33935289314627,98.40531305111526,12.653685605037877,97.0084409062969,107.78098350155771,57.64427570812458,81.48329284209609,57.66840506596476,80.74631495684083,20.369547555681336,75.82331637060418,20.36424424092086,71.02015265495432,50.356635423467594,75.75104602874339,50.356668453051626,74.59805884286382,51.49227921429529,78.56660738829267,51.523578615362375,77.99885310777088,46.34665128248471,75.99688828840878,45.94142045296243,79.13798312681575,45.81467427356035,72.18084386985106,46.572114628426995,77.64731690672885
5.0,32.708798298403536,51.46266413883583,82.1764747185123,33.00188625370811,54.1063805456527,81.81034050637727,33.00128264385528,54.66872480120334,87.35731948157918,12.575422458112492,24.07732792403813,64.82253767619794,12.577536033952097,52.50734363645707,84.19272591905936,12.577536033952097,52.69313044624215,85.08335777151807,27.64988697987751,52.91415265079948,81.72586831886633,49.04151513701407,55.62764930904741,90.30603653787877,47.88550352629623,75.45396735834703,90.35734111207465,18.13108518539362,61.33699552066276,73.72980844518682,18.13108518539362,88.30273787540997,106.97391299279948,18.13108518539362,94.90376834155981,110.30392982028245,27.67308604091794,60.52279051065764,81.52734116390752,33.90107247859981,58.464814714322415,81.78514220628348,33.87689360335092,59.82982799276179,83.89693029468157,10.011251839219698,48.092392350133366,67.7221775678048,10.015668150163158,71.46202892128615,92.5077469031725,10.015665620607008,71.73425807807536,95.2747496589499,35.00179510681028,38.0037296570607,72.63165524462231,37.662979170532964,72.6808074897138,72.76731385648804,37.662979170532964,72.70281848462297,72.78314709392349,10.67120633917927,55.95424549788332,83.98179557646866,15.409569720025068,93.61416425365044,95.0410676215442,15.41286075633443,94.04107961916617,95.95863170489311,47.0819265721188,80.76241536179833,47.00712894854672,75.97272074709012,22.31109311473704,80.1328653024653,22.31015390422935,80.32694939016078,47.75817240192529,75.60298968312706,47.75126583166043,74.59599395484875,50.98682760579993,72.41858681822536,51.02756442414966,75.68786838421039,46.06420010485966,80.71348879198078,41.75925178565527,73.44188655703076,45.52539328656765,77.34292369426683,46.01753714146661,77.443215203013
6.000000000000001,32.77334342699156,54.34443615215959,72.28550510863454,32.82276202644788,54.56194857212977,88.41729463387361,32.822656896796055,55.13188349990912,87.48760044565985,12.58972795575822,37.12377893431109,84.67581531228045,12.591548791541497,52.88530599495378,89.63716555788318,12.591548791541497,52.96546065896277,94.7753422826221,23.323191248197578,52.51041935431278,71.66771853781066,36.56993600885054,55.400624787160076,89.0354580862358,35.268566931206195,63.10559980306514,90.49925534171523,18.03902020620854,58.332211254593126,73.3138012336018,18.03902020620854,78.60717391255304,100.13331185503023,18.03902020620854,83.6090340459826,100.64964521361716,23.327637472036628,58.57538745815688,81.7369353350944,26.707555905977593,58.36117469467451,80.63296805929774,26.69246498349944,58.757430587816856,89.02034412506055,10.033412472462018,50.7595747273622,76.50609433583928,10.049728172859487,69.7622072890529,93.19180466030387,10.049716840502295,70.00668012771939,93.92931195716932,30.785163114334107,39.1080962618623,72.24768599045919,37.749586251649525,72.04536408052606,72.89869779804843,37.74946641665239,72.72298126033837,72.87671929283933,11.58573552532692,65.3569687819378,97.92629587992799,19.898662595888254,90.72301402684677,91.67306375957867,19.89657779578293,90.85888339093218,92.53056057062653,49.29385033416038,80.90128608936149,49.293338237659135,73.64786508125215,25.90959332443035,80.04188869005299,25.915644439413256,80.01257975654022,44.211060119230766,77.60203567131776,44.22450372157763,75.1432628018854,46.361583832532475,73.10149985487662,46.42281690328543,73.68393181985816,42.00238199776888,79.56279101517941,41.44251370832651,76.78512531839445,45.23629583327533,92.60736111745355,45.25766205551271,77.65207756299152
7.0,32.768964897557,53.58895812824519,70.82272611821955,32.84845886795909,55.37316063463021,84.33229904632675,32.84845886795909,54.57495195151048,89.53114163679014,12.599525531099404,54.3164916372371,110.68125771616687,12.641737918977837,52.29808978053194,98.28274162192639,12.641717705103563,52.65538283985881,98.1596828135791,20.202159812548654,52.2653595319766,58.39320713483942,25.43742293014534,55.49559434947402,72.78483746849338,24.814646395186077,60.52435532477321,90.64886029338227,18.056473908269023,56.97152052173804,89.22373228174663,18.056473908269023,72.55082693496263,85.7009533195179,18.056473908269023,74.1196244764324,85.81949294540073,22.72739172480882,60.64492389834356,81.66660568904294,23.61087530700707,54.18842890888636,83.62364952493527,23.60629587630664,55.141452720346315,121.79676420821137,10.085867023498219,50.11796805056318,91.6265890038828,10.125483340843612,65.21859074373059,81.3056012843889,10.12545676980418,65.2487871968613,82.21705590417172,23.803146198583992,39.623705264822746,71.43214514048651,37.756526012910356,54.773780254538245,73.00124142780038,37.7564000780995,68.6948182771973,73.00662857427635,13.472658788203095,67.70322021077533,98.26504532443313,26.87967510068382,85.18938816815461,91.57321656589984,26.876042747419326,85.25240372319413,89.85503262733874,48.91052016041569,80.62077816650034,48.900312985005705,80.68702399336384,36.21115307269099,78.96853413531056,36.222193658110086,80.11092054346948,40.703074467404186,77.87033236125984,40.632756583910925,76.0480743905166,48.67950836728025,74.34289568919928,48.7267506006117,72.7291722228819,42.03059955567889,76.69443971264687,42.02299574062725,77.39106143723117,45.0967410176649,94.16605137156716,44.99710480305909,78.59026081897434
8.0,31.946824135886207,53.15313278051793,68.96000119848601,32.91920981931262,55.87684388434968,73.16565239139044,32.919219704354525,54.189801530344134,92.11815542570965,12.763004289150334,68.77900968594861,116.05555695715998,12.872563773841682,50.04068500791451,97.38987971635544,12.87249538310017,50.15344199637202,98.27673733733096,20.608230879215654,52.38828609097305,54.53164618458457,22.11647176220909,55.60583948940849,68.68748534404742,21.875213367349883,59.394343465880624,90.82455865519344,18.095061480967676,74.45222837442365,93.68939158098914,18.60749295737226,81.69134259833524,85.90067749092584,18.603979106745104,84.16308295296909,85.89930293359356,22.783655185556956,60.30682161355072,81.04121064922529,22.972490532957238,51.58631532512932,91.17201500347329,22.971412368990716,50.86054809145986,140.3822070063378,10.14104187008494,58.832163702332046,96.42454272345753,10.214851349048182,79.05317772645785,80.76248307859733,10.214806192911821,79.16461623150202,80.7252891114905,18.46100833729257,42.291936484728815,70.75702967061079,37.821881297681706,41.66629851957729,73.16748765674546,37.82124717331643,57.38662321470948,73.16820983425886,17.20822626569852,51.9862486009599,97.96216982591012,35.301135624444086,73.98027871109875,97.21606739227997,35.29713061407826,73.99248715103147,97.45917010865551,46.71889286704262,70.43159924671687,46.711925814732815,82.07215998205709,25.405214643800484,78.29907186509995,25.442459940714837,80.32444492248419,40.635019887904434,78.15841357875041,40.83769631505996,75.99468831655554,50.45936746785106,70.74066312830807,50.45992525022126,74.64313039165476,43.603500939033175,69.05707009577348,43.77290262390855,79.01067918737084,44.962484981317644,94.20061185536885,44.89156839786623,75.87707799393286
9.0,28.443088879050137,51.89525544446319,62.34930627633486,32.98310212690907,76.42353317532977,93.69353352062582,32.983132115343814,54.40960713795649,88.16779359514923,12.85096389928528,77.5808613264819,128.0573319382763,13.07796271853064,48.52693689958902,92.70642495348443,13.077922986885715,48.535349059399785,95.11802488354013,21.74122226923957,55.248811630524735,57.42655643092966,20.921084351528137,55.750795516118494,64.46068592381083,20.830097825930114,58.63468939239123,90.97750474631869,18.27791278463216,80.37689419181372,99.11126955327643,20.946174835586554,73.38196172928821,86.25684725625409,20.944969932650814,78.82101448961645,86.08806107352632,22.8340124241021,59.7384340393164,74.12028693317271,22.86446568968508,53.28925897086045,73.62018809192934,22.86421875915605,47.803356475758235,135.12405953528713,10.237630377468385,77.41727657616555,91.61173126054007,10.371827646901396,78.53418971775513,81.1841669536112,10.371761653308575,78.803012650573,80.93200060977273,16.23969077155401,42.36623767842415,70.22535056527047,37.586294863892384,39.20773672087977,73.34225493808886,37.578001466788265,54.60149504186484,73.33707190012335,23.9947459713653,47.297041133339405,88.94720690346989,41.51817482911608,55.933998413192136,65.53250994556518,41.51582391503057,56.230574025787526,65.65630595436384,47.511370740006946,93.8128496753489,45.89385250505194,92.11422444067826,31.58498298859469,77.62531622369009,31.639216278388943,81.03523412661622,40.84019549187482,73.41610138769602,43.29914857322025,75.34145303635263,50.57117903834165,80.14503418202598,50.57019902418399,74.8472699220854,44.01660124851432,79.40576150456339,44.60793662848499,69.65441331087298,45.09626276329913,95.21872930352671,44.95642628678181,64.53871865482884
10.0,22.980893626987786,53.673389312369494,78.9738069242947,32.91986582577497,93.03403557395711,101.6637823918194,32.920616269586425,47.57036280753944,57.40000773929198,13.429571203857204,88.68609272958358,127.34271243901719,13.879508322936845,62.89196716986124,101.61163723757846,13.879538378980468,62.90096772929299,90.71737776574196,23.53104496122147,55.88446780993069,56.63143255423246,20.33194199152993,55.89199916840133,59.843784508548495,20.309125967589647,57.83916588053564,91.21404613351586,18.57942288288507,81.67097744441762,104.05597171570653,22.34352773708102,65.2230306917387,86.87583064986518,22.341120267862234,68.70244810748652,86.31974398066932,22.966084579019988,57.98391686135665,71.8799261364706,22.90380992102975,83.38454946487431,100.02022026056301,22.903756271889428,60.659911522023435,123.13425190736153,10.435915225949987,80.00565719137539,95.36610435584683,11.542276334385791,70.275686505015,81.1409430787573,11.542094033054273,70.85467058128833,81.14112859191731,14.673217187161342,42.63284786695648,68.9452041708932,34.18423970986464,38.82798733908058,73.62132873493509,34.137961019410646,53.24981087703506,73.552167627431,33.17458476263061,50.92162659913446,77.13997972146728,43.165562329072955,60.870230998180325,60.950463085600006,43.164733921492235,60.870552723158596,60.96990295902408,48.143489784422236,90.42844178281008,45.83626864497106,90.37696229440245,39.306294418101416,78.17277365378872,39.31447351679123,80.97564258708837,40.936545332053555,76.53799551344639,43.38359689279765,73.41517530157807,50.57604972018427,83.10817472644369,50.577056282346675,72.58804988582224,44.49676304496083,78.18562206082079,46.27030011708234,70.8940838353951,45.28891245705495,95.27512842479504,45.10200739932807,65.98454080564152
11.0,15.997231838855967,53.528312364912,69.48436235133228,31.36457840057051,90.50229494959952,102.18293968265513,31.36955348662496,42.99820749605469,54.43218728838715,14.781526894699414,95.01698985055867,100.05061360998666,15.598032606883011,63.38260329788524,90.85427862211954,15.597838694908654,63.388273943344316,89.85796707930484,24.36424723927034,56.0744259890371,56.68509712638045,20.387036322133728,56.07488426243212,58.189025420278334,20.394870946489924,57.37759746976751,97.49971334468144,18.9926497531728,83.62532776370931,105.18562539081103,22.033012666578717,53.738880547838406,89.15000490719108,22.030675833079368,54.60200978230878,86.57384666611055,23.28522520072068,53.63142004011406,71.62586791375318,22.977227860847716,91.07402910436764,102.0522739925493,22.977217363223126,72.19938635621658,113.22405064937122,10.901017104957571,81.34964639687425,105.60024163975929,11.640932863848995,68.92314291992824,81.57813158576879,11.640747364459708,69.15029409491544,81.40750388245948,14.501157495924511,41.05058646424384,61.3805481736887,26.385172104634773,38.83122973697115,73.74019610331209,26.32962877389233,52.24567670462095,79.84163741393591,39.45059842852967,59.69751371382393,82.42567863668455,43.08433063092798,61.10104230467868,61.25815374431973,43.08390876837928,61.101037531202635,61.14748200693056,56.72232223786772,96.75059139023165,46.12516632827513,90.85039502803002,39.94841004663926,76.32000684132615,39.53356723531749,80.55244335145338,41.72240580788934,75.4392577820517,43.839619293920514,68.2819973944135,49.27663244916514,75.98028900076804,49.278625104208245,78.49953315191983,45.047768934849955,49.86258834171113,46.81498596962359,80.24018298800499,45.944997167927674,91.02148419995275,45.27172836391024,51.982307967906095
12.000000000000002,15.126962545970596,53.66830968058882,78.1787108729636,26.55299289227599,93.70586110982471,103.00030346209857,26.56110974980855,36.93694386184291,55.40296739657656,18.037431734174756,98.11411336705379,99.5889883626759,19.418670163536188,60.86303747522279,90.13611199798696,19.417194033682655,60.98753616815688,89.33245768013656,23.447067822570315,56.27629385451746,56.677369747025715,20.445445703138876,56.29348445099965,70.77503219064607,20.456700613346115,57.07275413846309,120.53945589974789,18.989732054285543,85.06802127073736,103.27447529526431,21.18176125900144,48.798439730764294,91.43695496548158,21.179744651012438,48.86590559146442,86.8304699636901,24.02956575434442,51.76767141744464,76.14132862979172,23.064239621250543,95.43042565393854,101.78762875226361,23.064238673935343,60.682156483833495,102.36019718119529,11.95402366591026,81.48014199359054,95.12219034302727,12.832040603492217,44.398503050618004,87.67756022801039,12.831975157930568,44.48109914255239,81.6456777004292,16.176513110789543,42.38787446790397,65.06733653679672,18.44907792274683,38.90610857339481,73.39245343404258,18.42040372379029,49.32641916122667,120.3559507695556,40.549632232472156,61.23644439435628,91.33542860347303,42.07346348450324,61.28851454311288,61.75714047277038,42.07316535081897,61.28850539873122,61.346705056131945,59.873950955976625,99.20553632291282,47.86234325172137,92.6453566174953,39.20019909029563,75.01784247643779,38.966641927622504,77.90333076289625,41.89291286679816,83.23770545338003,43.61351053532222,73.16602175155752,46.87740304153169,68.82299275688179,46.97188328817048,76.48628175552167,39.77575383733756,49.65213597740876,39.85323826923702,80.7908664623967,45.4539519628206,87.53356051533517,45.299535595598826,64.65050732683535
13.0,22.011579313873845,54.13426477426303,83.01050629591928,21.031222347824908,92.68353427889984,102.18827983450458,21.03468698452568,34.51757051300002,62.791491915148306,24.294759293103454,99.44616178957129,99.95371029759173,25.984653372505026,58.96432970291661,91.1397865065565,25.98061305038686,59.15180437253209,89.11791430370353,21.74307461143664,56.4648137157987,56.74294268841386,20.540965167196987,56.69766371377956,91.93602594846215,20.56209442932511,58.85690289770798,157.77301630533765,18.929200885825804,86.33209045785972,97.95512066769153,20.130432389793775,45.021335298372875,96.56383526589194,20.127771498392466,44.831388961020124,87.11422675554243,24.870179453974952,45.52644920558495,64.68024919882947,23.12749986487947,95.48145060251068,99.83747853594394,23.12749986487947,64.2344202663409,100.1810432387679,16.107063827202822,81.84011997668986,82.37296433187761,19.174593508701527,46.73319661281664,80.86028386515211,19.173345935149463,47.02872467076587,81.34513306223032,21.579363547762966,44.12584033823174,68.81412834282196,14.098573144812761,38.89213514874391,72.4734098009138,14.087385747632075,46.540713526408965,137.94289826427473,40.39621396808976,61.838781304644314,99.50278757327418,41.16564329939911,61.50330332550943,62.569148191668134,41.165461885430815,61.50541905381024,61.60184104036575,79.52575367204231,97.36229072770287,48.46112852176284,95.10709291303115,38.209073665312914,73.05320133269535,38.06503294935848,76.89070054742223,42.051969819362625,90.63342507464782,43.14640551804886,68.21309370647296,45.912777522412135,72.34221092898014,46.13227348561193,78.9114379567951,35.27963917334619,79.0740742960818,35.19468933287517,78.81205038861255,44.319309452614085,78.27766706100584,44.26751672705993,77.89543291052082
14.0,29.0722623923654,54.54502404127006,88.41030359193022,15.801216232353212,89.8730484767342,95.2997857258078,15.79917668266604,37.11093628623031,76.98289542329844,26.04609878351227,98.32162064315663,100.3605128196746,26.392824934074874,58.03155131732861,96.72556260043243,26.38445308502709,58.119406077874665,89.11674697709401,20.61592312741334,56.70182070431625,56.93079968475395,20.609858078113977,58.27839425462285,95.47924262001513,20.63025316568787,71.12982384600656,152.96194100326687,18.633381601879222,86.96039593603398,94.87362293300686,19.023655445115857,41.9519064856615,102.98798299646667,19.021984196075675,41.57291087512625,89.27522395496798,25.249014077443192,43.996419965306345,74.47981937773896,23.22942638120881,91.97042949257198,94.76041992381123,23.22942638120881,78.51036383437928,88.96460601856113,27.23331490535992,82.25949238914657,82.64850930990764,34.063778686020875,46.63298118464609,77.05522893048217,34.06082976250436,46.97619684008776,77.51684707480457,30.81053476866931,44.097411781732205,66.99407964164027,11.87740889557421,40.252111663567455,72.4229267110602,11.873247136647478,61.334109658933656,145.39705791591877,40.05646770895607,62.28045515660178,105.80081356879612,40.65508713401811,61.31032911950161,65.34012480417506,40.65493209212502,61.39529190153224,61.81927716611123,81.62004346542666,92.39522048168577,46.64309522336575,90.89399259799649,37.829683339395935,65.051017162035,37.71227847495147,76.13077542585087,50.11339270389193,92.30595184189116,41.529631381522634,63.442653743732734,45.62758165870575,69.97047820818204,45.89238625430078,78.29625755083578,32.24333087913456,79.83399040183969,32.272233574274125,62.6633777734863,34.33393333085671,81.8453827675724,34.23471190824511,79.90415819205485
14.999999999999998,33.178448863722686,59.3962953347541,91.658248185417,18.460735707416482,87.12016386417763,95.66462602095226,14.390207434037713,37.36616217510644,86.10050604857832,24.710884890006696,64.96412816539534,99.83176201385812,24.38860902258874,57.60290865587339,95.06731846479842,24.375549290634524,58.02224169765809,90.9816602178446,20.72091334859542,56.95685289339722,57.07923292793456,20.72091334859542,62.950623972966994,93.18478548647509,20.737133345562814,85.55210904707153,142.29043772457186,18.243705808036903,87.33025457954226,95.07819950023291,18.298379922836165,39.51395422908908,113.27962014300367,18.297951346622927,38.6587882710749,81.8302810786973,24.806067047117462,44.41865613401499,69.72821408203376,23.332297627597576,84.02887661165357,87.6433342762671,23.33232522262521,71.15084488553005,87.44098565042029,33.25363370499831,82.63228437314056,82.74022419637075,38.10624738676683,46.821542794248984,90.17091260771919,38.10451690029365,47.037183486033854,81.91180918701063,36.36142499000216,43.28040700363971,68.83120946529856,10.413690814067554,42.178133927031645,76.21829475831814,10.412357078710652,103.58389589980577,142.9268288896374,38.04285669481829,62.37722703882391,108.32331041643705,38.354463366075954,59.56816537934666,99.66601938545263,38.35444026348081,59.67680519370714,62.11767887436067,82.79938595826832,88.18200496811926,45.65329211183777,79.84327549881833,37.855650442290404,98.01636890607124,37.690319577555265,76.29828729161078,46.54244543565815,87.24578657982443,42.31376305526086,66.30969677532165,45.52764261178539,76.1414759881839,45.93643200207964,75.37023988747366,29.033696681331087,78.4391830806094,29.918154789313835,70.39841026903716,35.97403013492732,95.73988192893054,36.11584415227732,78.80703163227773
16.0,33.8353357073576,66.09595316489659,90.16485261627645,30.811655336967746,82.11982793020586,87.77618523188424,14.154059126748141,35.103962231141224,85.46180169751514,21.930962557520335,65.11426998728531,67.76101087084638,21.55730675412724,57.19412868391395,87.69483951917661,21.541159827674434,57.75200413493331,91.69881058440436,20.80003004805522,57.223094991298375,57.35168789471234,20.80003004805522,76.74642099923112,110.18607664639958,20.81285349121984,124.14535519224296,134.09912302055838,18.885504973339703,86.98965005764923,92.96431709854805,19.093524278464837,38.17170466194571,111.75545161514704,19.09194057245363,36.48476544875094,80.26987422287971,24.28253953616568,46.01146951620361,83.38774866129262,23.653067459750535,83.1771437483359,85.93547885616448,23.446132910676546,68.83064647238324,95.50283082058158,32.5546988870801,83.03438753426138,83.12144540900688,35.21812532481919,46.961967589811366,97.66832673523064,35.21694958629231,47.19220483818931,92.38950372471189,38.16233293554987,42.199247955222845,67.86251073725926,9.526178697851936,47.44870426882868,106.13498976324254,9.525513013013018,112.9207427890831,135.04407666318858,35.9288480763424,62.639317860033415,108.38957769037904,36.04318198848931,57.46412823534379,99.43994737018785,36.04318176765735,57.3643020974712,62.45780806653919,81.51919782566506,88.40624394083123,46.94449213345697,76.30437218068722,38.27529564983219,98.26611249782573,37.87390200145767,85.95608429169519,59.50859523194142,76.32834350822561,38.62208991645383,63.82248711642749,45.622356024070584,84.10879214926,46.07137233769808,71.78636608582141,27.596767937148638,97.83200786617466,27.657799709130916,72.57213121828677,43.14760068036176,103.69243060715802,43.41925215355945,79.7355431472283
17.0,34.022989931965284,59.91176755718393,96.36682936581148,22.15877009255506,77.36621550430684,78.09443810698987,13.6839519760852,38.10483611799571,131.05022373972884,18.324050346674714,65.38420418467904,71.9191105954053,18.02499276293738,57.14720201411023,85.13761160708307,18.016382994916803,57.60145994860396,93.11959801886438,20.926209642455557,57.46045773729062,57.678287732369526,20.926209642455557,90.43935669373833,118.85034623460493,20.926209642455557,124.62851404686117,130.7689775839782,33.48097665719844,84.76641584549085,88.83038862085986,34.271485368222464,39.65798671754188,89.78425785872068,34.26415155905536,36.566224447898726,95.05918439590063,23.48797173239677,46.280139460076484,86.71194001422273,25.296667726692373,78.29520216364395,86.8159831526235,23.488347307891367,67.9435669451945,103.57827956977216,31.33364331668607,83.38040788600583,84.82576445621793,32.94040158241969,47.62425492489102,95.40179446935613,32.93956811217433,47.1271958830124,93.01870248464458,38.97361954847908,41.855937050604894,60.75637546353349,8.98407825720159,59.758688129420946,110.45641424575892,8.983412883189505,105.6728287233075,127.27406763523007,34.05170717824457,63.02606629755256,107.12819532037685,34.09675897230203,56.871821276056004,99.477535647395,34.0967590512074,56.54256456070716,62.935871098229825,76.54559292194573,87.10121976385733,41.61984526252042,79.99645235764746,38.74392771004672,96.36761239224757,38.14419452168048,95.61712195694751,72.2059861352986,80.22433286391896,39.9705982848789,70.80984334545201,46.04831034345476,97.99519744059862,45.942379877865,76.42907960760391,40.166012899404414,101.71681979347234,39.55632568315059,75.94346779695833,46.767037634526375,104.57011823632328,46.656678921735434,79.19813576868816
18.0,34.24844083138675,64.31889709099521,97.14178341290253,24.802866714535114,76.03764837571703,83.06372788198212,13.450728607688317,43.83446280725984,131.77533479892327,14.933864531592127,65.71902619450158,74.78023726493286,14.76135109684098,57.26149235013653,102.9873772667171,14.759866448473177,57.57017046957083,90.8962519682592,21.01526231099674,57.56357887995412,58.128542104234654,21.01526231099674,94.45674699016567,116.36677598534796,21.01526231099674,119.60174490373127,130.62391991887384,36.60239188022832,73.64097625752265,89.2817148068547,36.67783019887675,41.956928012770035,89.2546673722473,36.67739926399219,36.7887979500773,126.22454549717008,22.218498645985314,60.397015494928695,82.29024784111657,47.495423006103884,73.19713666708712,87.17884057768576,23.07717516497912,70.11406366030518,116.99380215944878,30.342003312115324,55.78697416083938,85.89719562308579,31.16711127914284,53.365146379672,90.88006789499276,31.166487852781177,47.39307385994046,93.66003727829244,39.241012982897274,41.45009422628425,56.27596475553926,8.363657119598187,98.45936147520588,107.82501515290933,8.362997668727433,105.58157648602389,120.33764981884366,32.26079114045742,63.28018575806067,104.8353789183157,32.27515321217137,56.82184455357103,100.66870790170927,32.27515298863301,56.331186558569165,63.42506341317286,68.16921959450589,79.36597319336518,45.51245142304699,89.00012658853213,38.726135496085,82.77466224047012,38.43652694328299,62.36939779859761,71.42570301095917,80.39471771730415,47.67287920689211,76.02035712247636,51.83231481527542,98.73820238977886,46.497403166164304,85.98169164849094,40.55583679220872,99.74929284146978,38.855016580643166,73.8799314721737,63.65648507384676,104.99474740426912,45.14839676705269,78.9722168006583
19.0,34.437497731397386,66.0313250074942,97.57764644425114,33.519560840972154,76.31479746565802,82.11530103041142,13.3943903832754,52.78783352701944,129.87676414357523,13.362288329091797,66.07902982197598,76.57824469392642,13.022523505258913,57.60587781766876,110.65402876817562,13.022507501102714,57.79366220827077,90.28786673623296,21.156116136947254,57.80396507096074,63.29476961133052,21.20098132818042,95.16364555710925,112.37687061806076,21.156116136947254,112.84821757239087,124.66677085605234,36.842548118271374,51.91191678787222,90.26782652888168,36.89028021536185,43.44322259049094,92.95155379416835,36.89008408462823,36.951336241061696,163.1722540670567,21.180611702591158,59.43504555234526,69.45320310550969,49.70831589417818,69.26867147085107,105.26946208315621,22.140199806699307,73.29951938071497,123.15323562959688,29.256301386206392,48.93044147105365,72.08254204539836,29.481910481929088,60.32138110215229,89.5153725650095,29.481623733451112,47.57684573403327,92.792738923424,39.26056756149004,41.0400073385132,74.4726668148247,7.915487205393873,105.58737293335597,108.22461658315522,7.914816071711511,101.4700465881931,114.14492648262568,30.452659593474312,63.56482718781993,103.19159463150086,30.454109740574474,57.04450267759526,102.9089052654019,30.454109740585288,56.477406838832515,63.401338894647225,70.78100343968977,104.59610501212421,34.85279439800324,93.40637382929508,38.91728487409271,87.63279703839888,38.638947440548,62.692751644625936,68.17169291973781,82.76905339982814,48.4784074325827,79.07466915942558,54.43915928880825,97.9928206073394,47.697869544522035,82.63283462928887,57.13051238272867,99.24423675377041,41.29537646935899,72.4287929608687,60.70975757832949,101.2943831923759,33.54746145759666,64.18492234318511
20.0,34.63424578557178,64.45490320651027,91.04694003638268,40.632037856853685,73.40099769398012,91.52884187790858,13.417612057595475,87.55959951379133,124.14893579916873,13.49408582622445,66.50145049188708,87.36639536496443,12.88962658685981,58.836260488092925,126.99410990457925,12.88962935408507,58.28295073538249,92.22505803479774,21.25479357697929,58.01702307974664,92.43744381071426,21.491868064391127,96.38828867218294,107.85355668878472,21.25479357697929,107.23335427854835,116.61263295122647,37.04384379616173,41.165693210536645,93.46686721961429,37.11510498621016,45.233297175971366,99.21023687098884,37.11489875667252,37.19712690517911,173.030438114893,20.77077794292061,59.343556828584,76.480590199198,38.00497735360931,66.62729656513797,111.70924470432885,21.167609940650877,71.41977308233895,121.74475146983025,28.434493915683984,49.71646740697848,76.27789864138941,28.387813184057915,63.42257018001719,71.66872272026836,28.387665237589204,49.961117273043456,97.3911764158105,38.253652648864815,40.69927741822772,76.93736863395316,7.6261040233687885,105.64705062238974,108.01028412464824,7.625327279107338,84.78945703054848,114.32153237626093,29.263062172807057,63.74089854602475,91.4289758372002,29.046273178881687,56.50403482417655,95.19338198738662,29.04627316358306,56.75844301736974,62.939037946283,71.18476201851698,101.26349243445388,34.28368765606535,105.0029317116305,40.22225017301824,88.21929037231314,38.7277681791895,67.84509568018775,57.996186845256425,98.69013064542536,49.859731962977634,97.45449842557011,48.083482133562946,87.98597188533051,48.904678686341626,78.73452022283374,75.6193016787129,95.87145832624653,39.77282775725783,73.42407045124538,75.17627766893946,98.37398438812026,34.865509036811794,64.6247269862885
21.0,34.839162931889746,64.1768339326792,88.4468126983277,40.87861809070838,68.37432684723342,106.57699869649514,13.448349537764924,107.77695066257857,124.00794191152065,28.258298194393337,67.00310687216592,103.40542175604767,27.397664201890983,60.41433007296591,128.9855011705516,27.39767334855891,58.68883218336255,93.48561554433488,21.40984002742664,58.27222799666406,93.6484868931994,22.181555074640105,94.4011792480613,105.49317488322666,21.40984002742664,104.78245594366581,116.93255119276029,36.748439990801685,38.62619863260147,96.96621671358722,37.05549675935693,47.97879524855304,99.13665556933191,37.05461088681304,37.4034256452534,166.42995984645265,20.764756125414753,61.61919431752131,89.9025638102964,28.399444298926824,67.5029577777042,110.19018387420319,20.719828610881645,72.05395187483109,121.40562020480829,27.78975464045173,50.75353371592371,89.61651979099278,27.598165273776708,56.889616595599456,71.83293686655438,27.59809487472957,59.469364285244524,93.7709977069731,35.29886393304226,40.71683483952762,83.1295035492191,7.2047583789199745,103.33867882787854,105.56077897772471,7.203927472926153,44.02580355390643,115.13181297786045,28.130451308366684,64.1676814033004,88.3468600897398,27.64581794774754,56.634328596890946,69.93302594646502,27.64581794774754,57.08716128435393,62.748387338412684,70.32157331924279,105.00013736305714,41.7888679244217,102.62634745304344,48.2297661806571,88.83896504773348,38.881701545626456,76.76642538745128,47.40761297235859,101.91583397373735,48.894975567263415,100.0934394017702,47.54739831125061,79.64603202045872,51.091344528905836,71.9737981808428,79.45157537174538,91.27914690561552,40.04668129023716,74.41184053971973,82.25402786311895,97.2454812995568,33.74191155468289,74.5188322619395
22.0,35.10691826604635,64.73139901910487,95.99906660839774,31.623494184022977,80.9816886355857,108.5147410566216,13.534355885005592,108.96943682418488,119.94098467932695,29.576104951990956,67.23969319060667,109.9042464670719,29.57138581915478,60.75045923991597,123.75746418505726,29.57138542469117,59.451283766472805,90.14368113714998,21.57316040824802,67.2693934057611,92.38335123690962,23.266917201301553,87.13670137484581,100.9491631291078,21.57316040824802,100.6338709171082,116.57536142673567,36.81113262568652,38.43170520489756,97.95957373136876,37.191496933323,52.29760798830236,96.39582270023503,37.189916897174,37.67315025319757,156.50599005842625,21.214253630372735,62.74593765303993,105.39592447213195,30.58999538089996,92.4424301823438,108.85931554872545,20.633304568632823,104.19518257020711,126.69479486142781,27.002519702810613,50.158952551872396,83.40994498162414,26.716317073887726,52.05299403410859,101.50500010710793,26.716279599958437,58.35473297189435,91.97106092636729,28.066383023222013,40.77212425638021,87.29106601962208,6.925237222197115,99.96047464976482,100.94092097291652,6.924440303064402,41.871093736106104,115.96067772415523,27.11779029961791,64.60281513895421,79.02641788743492,26.532833433314277,56.90992103071786,66.57713414144015,26.532833433314277,57.45220808289185,80.75777263924559,73.25892748274913,104.39495268266744,49.86288694034794,103.33037527048413,48.71642453293976,85.4382186727116,39.1474997971134,83.98210785581868,50.563042550177826,107.27394084545968,47.885098851923345,104.66462602955995,48.099688974949295,82.5004921507421,52.59664224935262,79.55309894189699,78.36998017414815,90.92365600043226,38.69602756914962,75.72263861037935,80.63403506015405,91.78638036107014,44.64599087879457,76.99227118861106
23.0,35.324316582521746,64.06513955384409,84.83423485663178,18.167009680972,83.29640957231408,106.87057754199711,13.65228833312035,107.08301823783123,133.08481530631556,29.80628514595893,44.43200797800567,106.97030522352821,29.80580593274104,60.33483353484134,84.02233605967255,29.805805956890357,61.83293322480267,94.37002828001282,21.6864289121764,69.42798162217687,93.31266047659801,24.802384226666423,89.85174675516512,97.74137521652848,21.686545368038683,97.64696947302274,114.27321125891041,36.61759408367052,38.47449420866121,98.5324369969043,37.13071682971188,57.949100586382386,97.49455850259217,37.128035680070965,37.95578019221842,93.3665105569027,22.07578099121175,61.55324382708304,106.34593996450911,35.547772649834656,100.69360268724611,107.32646461871386,20.65231052273385,97.60145525542427,140.7722391785307,26.12606693813222,50.99067429676456,103.47768907693722,25.754293285390744,59.27274921562451,106.3647063245773,25.754273727529473,51.18251993033915,90.95272387109364,17.52569454966714,40.86955297481551,88.09116044039394,6.645888560294189,95.92795745510239,96.1235986173594,6.645184966363756,41.64163191306216,121.80399139729612,26.23361436609378,65.0580386888288,81.75209847859483,25.42776533634051,57.20791875245381,92.71702138852564,25.42776533634051,57.864781573860505,99.15102849093647,86.24335512776558,102.9995395163738,69.07586333382015,102.71305844470048,49.34986841692492,80.98870040703206,43.858461726842364,84.49985317066651,53.381411926015346,97.03158544425828,46.78520190176707,88.03822842306869,48.776219347688865,80.74832879942022,52.93807465203879,76.49170968448571,78.89752241137353,86.30117053237785,31.039769479767024,71.82244785276045,78.25972883079311,104.48630978553207,47.58970927823151,80.67575392409726
24.000000000000004,35.64823582714468,62.12195422327382,90.02593159096834,16.251436961328565,66.9195540894709,104.36158290524311,13.712285938177276,103.0801288222839,138.46110588607152,30.056607443029918,45.61254572034082,99.67418461946113,30.056264361232785,60.4542075005943,88.22340892423422,30.056264280407564,63.851416038422336,100.29613315003623,21.839545218756637,70.66979937710994,94.28818150887383,26.17124255663137,91.26464936657065,98.50991544721973,21.85407646440531,98.38941885143183,117.5317972884358,35.6585629162648,38.703191136379154,99.29898703210422,36.405319008972384,62.32557116695823,101.1769189381758,36.400090890601476,38.25102939791294,100.20850451585221,23.309038319207552,58.68651038851798,105.6371477646321,42.80874204112056,102.00002685029193,106.6604191274662,21.091005311672966,85.29164248179157,148.33978601844095,26.48239653110165,67.3635630484438,120.86685880079139,25.93249176314804,62.69278425885413,107.9416697236277,25.932485925206464,61.58551697923119,90.70426158074241,9.880560454906373,41.24985334381106,88.94706763189579,6.369710436667209,92.34296293446867,92.46263476506086,6.369075292484373,41.652777702450386,128.6249289114709,25.64191954609883,65.52942174507116,88.59563920118703,24.468168096529006,57.51552419573099,105.2563040201087,24.468168096529006,58.31461827502227,92.32732774702178,78.08884720310628,99.4788752486744,55.346081139299066,99.52346036963036,50.235688866008395,85.73111561908547,44.9590059405468,78.21223911435787,59.93741463246639,101.55270651365204,45.59001154011323,93.77412610836151,49.032113787608445,89.35440688591663,52.14812034836949,75.0560628741314,76.80489434485314,83.05778569766463,37.68130965271008,94.2290501524607,77.82631946238915,109.8786530445815,47.80787472962226,108.9123093553663
25.0,36.05884259370843,59.71602270136218,95.7735963703009,14.81907794380701,79.04413249793556,102.1662425871985,13.838558061307413,98.44604087547107,139.32422578452665,30.302496521428104,62.42795075252758,107.78481974941792,30.302168215367633,66.65818910330468,108.85183161919761,30.30216802941862,66.18537038138949,97.54740848475333,22.01138362853776,71.44789038298262,96.19985623365778,27.43066941270809,88.61130203995,99.25795560045228,22.034170089645606,99.09765884002492,127.01759328096152,33.05311986832454,38.56032261781091,108.48423253923507,33.92454935330615,49.18094063579359,117.05145878921199,33.915949167282065,38.496119934351825,110.97656172507213,24.232273026265766,62.31681733725412,107.75724879889457,47.673624084134566,99.64498540701011,102.70013799459004,21.180224341462644,78.45446603922257,147.18705168980793,26.993520880566773,103.45700158502753,123.76576250874076,26.939276435505327,68.51053980987282,107.20457760742258,26.939275654780566,49.45653893046833,90.28826765301666,6.921859832739226,61.06291758453996,85.9263451974981,6.228634303232991,88.80596826790416,88.82147202949699,6.227920636448051,78.21370376588467,151.96337273107582,25.008318432293137,66.0804906912774,96.13130608471288,23.651770546832218,58.12067558469262,107.23846338792421,23.651770546832218,58.839565601446616,103.88453032549286,58.35164947769034,95.52496284462491,48.46620780185976,95.49846022328566,51.14125969233125,79.99131238847411,46.05769688748314,77.32052286404257,68.18576054671561,97.78652942617629,41.24186112862815,94.27599015714438,54.42161129788869,99.52881781231477,51.01074891076195,78.25344221821912,73.95342429256588,103.67568238187147,40.05649482240299,109.50828906688652,77.4207441933544,110.48149430746417,47.80142132390093,115.8465873422052
26.0,36.06862621642172,59.01662640574668,98.16683502306266,14.227201695234177,87.91351688650734,103.75747815840441,13.975505986760966,84.64569906097782,139.4584172036745,30.55792594163888,107.96365076659765,108.50914937848513,30.557583799076724,107.51661619897106,109.20068379210127,30.557583796299085,67.60756553790115,95.70190407735078,22.199521046392285,77.27945099355318,99.75433971343077,29.29171100327716,85.38121323635217,99.96548801754821,22.184532360814483,99.82219730521764,135.6780870853159,31.681947241300563,38.81335143993622,117.77443596360763,32.26403740831057,40.57025896363703,131.17420981811472,32.25386490560651,38.81335143993623,114.05553612246734,25.327509370063115,66.93087362296222,106.02205324621913,47.554637422472695,96.08726388250659,98.21046477766566,21.392145978556407,100.93497506529867,144.90906962115076,23.382434540285956,101.89167853094064,127.09327859991917,22.710998202714823,77.90679961011489,111.20773584456725,22.71099665123895,49.30191797713686,87.06999994841108,6.035657492104341,75.545012513999,83.73269887150775,5.957726800355636,85.5666187832615,85.58576424971248,5.95502558993702,79.8106791453909,155.8245759751357,23.488169797445465,66.58962899957851,99.38088511497898,22.707295083298668,58.2817632773847,97.63450321684915,22.707295083298668,59.47054113598098,103.20545025665068,83.36779188989146,94.59739394240955,49.91117087133149,93.74126080546431,52.37296886720232,94.44950108284027,47.6608678485536,81.91503872862842,79.36586594759564,92.86352427368581,37.56027691830687,96.21675231973668,58.34802289433126,112.29474511238968,50.086968802117475,111.58312444415508,73.49897894961718,102.30004865338749,40.32162102523064,107.25387669809471,75.31865031716434,109.19541463721454,48.46512235613076,123.97222669242393
27.0,33.152137013145634,59.68686016714375,100.39274092775335,14.186078387006797,90.90700669598246,100.3782966933622,14.12482177410479,83.96837602905595,137.66263653112892,30.752187467878763,108.51012728278118,111.05951442058709,30.75145249801036,106.43438641210928,111.8726618739768,30.751450009695073,67.32377202250525,91.96253489473351,22.428049290435006,80.58983207067457,100.74631412673375,31.88731076930727,82.19604771996514,100.65672447966365,22.160904761764172,101.92594167783048,144.33524522273348,28.83347795420091,39.142384316748,127.75218582620883,28.809046518620164,39.47276018529437,133.34556112224357,28.798101060741093,39.142384316748,115.83192299552955,25.596061527162345,78.10457678013722,104.70191444497696,35.37434241799875,92.9109508340713,95.51288442451757,21.031189021756397,116.59810995432622,147.45526262452552,22.895732538360853,92.1323021210759,125.44752911086273,22.038517418374585,90.05639520220642,100.83778955819082,22.038517418374585,48.336698521085324,85.71593500339273,5.833195957822231,75.73299444012326,82.7412965597366,5.8320797106434314,82.4160254440846,82.65790504369295,5.818668576435036,80.15379274063636,154.74716441087332,22.325053125740222,67.25192161137907,92.36639490154616,22.038517418374585,58.670758693628386,89.1888752862026,22.038517418374585,60.23496171339137,104.196387766456,87.00070766730023,95.61218697048105,51.65127587718253,100.33785518485335,51.66581622155693,106.29558635113204,48.62592895017451,81.7686604915044,77.55411351046632,89.39964995653523,36.957072430847866,101.48275971112615,61.2487412129113,110.42645165110481,48.185642178145336,110.04045118004841,75.58645176258021,101.79325846920715,40.33685944360068,113.2558299339081,76.97766962181902,105.94967827391022,47.71137841511922,126.41743878206431
28.0,18.82869582660956,68.5549116315131,103.51892283916315,14.291787930497456,89.45516081536309,97.39488026689611,14.184440081616698,98.05102578114465,136.14541919191987,31.08358946335589,107.54934480275882,114.30260096795551,31.082971128110227,93.12232964549663,128.55624907046743,31.08296864305208,67.15141307077478,90.69585498065253,22.574347057588117,79.68518430003009,101.46407186130564,35.712371881745,79.26905389369345,101.89306275550511,21.533192146740838,102.58686444175217,146.80363936319247,27.99852294446092,39.55238614799365,134.65634578460933,27.270485588663306,40.07449549469312,130.33325589912036,27.260099984660844,39.55238614799365,121.35270203457793,26.896960711197302,81.31012592326147,102.72354204919095,26.346192038124983,93.2354690700481,102.47861697749896,20.933347756698865,123.9932255071256,141.5475457491448,22.41980121604501,66.20723973774996,100.36873828523551,21.243145953459905,84.3571147766842,96.24577116707081,21.243145953459905,53.77957059005055,83.03934837776517,5.5606896220893365,76.83449958010678,84.57812812576933,5.59618756381521,82.02168158481024,82.74135337150865,5.549527886059869,80.920005315678,153.79891118574628,21.243145953459905,67.86758878065841,83.95324252270979,21.243145953459905,59.14311579405347,89.74643102123235,21.243145953459905,61.08281009255166,96.31935385475954,85.76161215062334,100.03608461391018,55.22887072744929,109.5937274707825,51.195967376602006,106.057282557039,48.47319831808268,102.39731231386784,52.02841853964645,92.29110881728484,40.474859548747766,105.91421595731461,58.99427705338711,106.50600716376547,46.12454341877189,100.96901149251148,71.28498911650559,100.32643160038472,38.24059657509662,121.64421841356028,78.95989506771016,108.32584274395683,42.975880356599326,128.6651041203327
29.000000000000004,15.620372411646585,64.85725883631365,105.17316708507441,14.667304264414819,87.13791172431094,96.40159144731705,14.330699492710936,100.55282243667313,141.41290000345717,31.376480745224832,106.8816059241871,115.6957222055695,31.37577952537058,90.08357312677825,138.02336162447332,31.37577275758957,68.94743067801365,97.32857100311521,22.78741428947128,77.16773784095939,101.44626417553943,41.056983298753664,75.44261969004161,102.72257257516742,20.9225926763813,102.36429975741805,147.1201319524255,25.96965431711768,39.90634348070492,135.4048057144574,24.71201308532893,42.05742022408459,125.91410094932584,24.70357577170154,39.90634348070491,119.4894652225,30.62418911162214,79.31284811258637,102.88023055793202,32.79772263880067,91.8831556591372,116.10220339361749,20.09644885773303,125.34523652822301,147.61099821142724,22.463960332014704,56.575552967600416,69.11752816939774,20.586919390719924,62.453854526094524,93.47898583277984,20.586919390719924,61.46887102610441,78.69163313086415,5.432461763967662,77.0968244180704,85.40259009252661,7.235911496015026,82.79927970193161,84.6253014470214,5.415875660361349,86.6994328829423,153.86859529366697,20.586919390719924,68.50664607890653,84.00586066821731,20.586919390719924,59.78513636421015,105.52192161180707,20.586919390719924,62.08792219787287,92.2354253053622,83.12234568172703,95.76338712665019,47.66626308914547,107.99223200215961,49.52286884374809,103.24153508757028,49.63071146860772,100.57434820076179,60.72611035332794,104.48922583348664,42.26453134452171,111.08945143931,47.795464103754256,108.17068724123834,45.23058690890686,102.83813472316407,69.81792303390874,98.25328017322825,36.88837532552648,115.19790111325761,89.89851592925962,107.10154045640459,42.62639681005182,127.29882980057761
29.999999999999996,14.931841222073443,63.923408907468506,105.27293335681638,15.578011860731625,84.4535229363259,97.25896019026246,14.44846329072479,119.35608209540355,135.83510646044704,31.66788714202306,106.36387993702614,112.67830655978675,31.66714840948913,90.91318851473756,111.54461822524686,31.667138805900144,63.24303644730607,98.49625598134298,23.079780111604183,73.94966860749709,100.03497323383448,47.862102602541995,73.92878034486408,103.6638002872909,20.255122479951023,103.28179875575755,148.70178086528628,24.717248190288938,40.5535428421523,139.65093554476167,22.945094778502654,40.51588499646418,122.9362441809271,22.938201306982585,40.4232304679533,118.17373326535021,37.43003670646547,74.29420425713852,105.23639827124201,34.122407690119786,86.81731646089902,116.17051238528292,19.19549074058059,124.25163536582905,143.70282410111523,23.032422160246053,64.30353039777005,101.22965055836501,20.066670127352968,61.990347854498424,95.3649923211853,20.066670127352968,59.798814958694514,86.82320719090778,5.308739056041065,76.00404485081157,86.35869114002344,18.337376445562175,83.46705462380251,104.23427321580365,5.282780416431523,92.24869224348421,153.62682888572368,20.066670127352968,69.5261319347228,114.63496420909708,20.066670127352968,60.97314862800579,122.20666476442725,20.066670127352968,63.094367905894686,91.43214132179264,80.57038751052929,86.71604499983265,47.25057505715267,93.29016663255413,48.91385763680748,100.00228185658807,49.9047293868618,85.77846877475943,76.4274431372903,115.22343759725916,43.78321656157776,114.8892362910242,49.20202882180684,112.91568844319036,49.677040184604635,92.13024382895209,66.96619912701709,98.36609543565986,35.10955210689522,121.1021445680144,89.69064504862222,101.4395370572015,40.9333491226667,129.61999987415507
31.0,16.969522402101628,64.93683848517458,103.8763242620313,18.690687861749637,85.9533076810806,108.1247202359902,14.569064992261147,118.5000798077251,132.6681051894002,31.966623326367085,108.59172264218108,113.68430713880875,31.96571316717565,87.63858516193447,98.15068462769992,31.965696488462534,60.813747366222195,89.53853398537859,23.306785492641406,68.30490337206963,96.31734403615272,48.78154243717478,72.63272726274045,104.95640253224359,19.327370377742724,105.140326203308,141.24148154378958,23.92069520932845,44.9078380278746,141.25238761010328,21.795918354170556,41.29272969703406,120.72057146183947,21.79007231741562,40.72416661697384,115.21775119022267,42.115518822786754,78.21579282314076,119.58191143832485,31.77815773728642,84.16401935165185,117.31361792834296,18.579559088743494,123.85153807561275,151.90194381505515,22.42943997338395,92.32884498986446,109.65230062037843,19.422828063904596,65.28663524472717,114.40430308993065,19.422828063904596,60.659275821041966,89.34553998453053,5.182305776801144,78.49306191502396,87.56231862427445,45.90576432961476,84.36143865626718,114.65541324676846,5.151920637660801,96.5914470675057,155.66246794834066,19.422828063904596,71.5767298496165,125.97950075083364,19.422828063904596,62.80857693458646,124.70062178382801,19.422828063904596,63.740549884558355,90.10179117573433,58.31712834944468,108.90957901448759,48.50573104940244,108.39569807230072,48.7936206246604,82.05880143656312,50.954930703139084,84.39475310291449,77.39848568347419,113.3396096633494,44.26149464491507,113.38611471491852,68.45723445807954,110.95619168898855,49.84860139119081,96.9009295628605,59.95635486916963,98.56061202813014,34.41969435670871,120.14345315641312,89.30176416656762,113.03936644045748,42.95316291893589,139.15452459398085
32.0,17.683485124138436,70.85455615687977,105.61136786942328,24.134903581707412,85.38389032581819,108.93661437483716,14.977176419722207,117.94042026965222,129.30466207611298,32.27575473501596,90.68570215005161,116.91510315651135,32.27493285652333,74.39058853524016,100.6815232065994,32.274910569851926,59.637983877947946,87.73682505778417,23.54020496937102,53.3214982719838,90.58641258107734,58.91616249054649,70.98043158960753,105.93820880267315,18.676880432266174,109.46775722973732,139.69831891700542,22.757067006227988,44.524498362967165,142.48533818297457,20.63866227009109,41.241213133093645,119.84494698388312,20.631335350273986,41.14027217839336,112.91401751298189,41.83898532686583,83.56011003812898,120.85658848692839,26.42371807974137,82.85029644344222,115.78435339329869,16.821199702264664,121.78542890842778,152.9190840328219,20.647006816249444,93.79905888532994,121.28028770887707,18.91338811530076,65.42248035670266,143.1653716921848,18.91338811530076,62.44538328522744,90.04144662797002,2.7693233295817943,82.89828067389409,90.29293868746065,64.62313842542964,85.04953696287193,106.31873038865726,2.732859940075559,116.37940193482534,160.36317159941007,18.91338811530076,83.83079952768243,127.33534405951262,18.91338811530076,69.46173903922096,122.83550328002785,18.91338811530076,64.26577323581276,88.89947750743003,48.588564279731195,109.45706141405316,50.591146616510855,109.69465169099401,48.65897696810793,81.93358513020402,47.94201634429748,84.82473827908927,75.69919052595792,106.35802951887274,44.83883919478838,111.31805239289885,82.1429622264814,107.0006472477105,49.725888121068195,94.76558269071805,81.3439478148287,95.1355805710826,45.723163482994735,119.14450140034266,89.50467537829297,114.59986893817728,46.13248775148954,137.75508124776127
33.0,14.265743065727936,73.43507034650469,108.33760360663197,22.917036067124776,85.9206598252236,109.64266417254635,15.085433031730604,115.72967632497225,125.83551618765404,32.66877860023049,82.58302184495143,101.5690315145585,32.66770416227907,67.41548310238198,97.2851533901394,32.6676656469285,58.03321777152115,79.82315255440723,23.779849663107626,62.86094583747382,86.80961982983524,59.95774762326522,69.1188239784627,107.05390471601675,18.271433302780853,114.28304532373633,138.72788432843655,22.143232047755653,42.89416701580075,138.02253459977442,19.98895637380831,41.810387136855404,118.15437348608918,19.979709947849194,41.588835641311235,106.88925522926864,40.96975229601465,83.74287749643133,126.63643509648848,22.48094096536719,82.91811565132306,115.04361873367164,16.183851305516495,120.98062451117869,151.8897044400236,19.298379729880864,94.66914215560742,100.72168027293785,18.409406562950366,66.0983026571569,128.139227734208,18.409406562950366,65.9547313440264,91.72785376161977,2.6482959637354586,85.17723136274547,99.12899344610994,66.26428409871245,85.60276427919393,92.73782213407515,2.6049315514285882,129.27758341902341,163.682552380725,18.409406562950366,107.85834835339026,128.13825791782548,18.409406562950366,73.34654799300527,119.62123365062469,18.409406562950366,66.00476615191111,88.15177648079167,50.69749019516388,107.29681426757924,51.44311171318416,107.1425462075291,48.27830967278955,83.46717448472197,46.70094100072363,84.53899606880816,73.80004283221028,107.4532900720923,45.135556052219194,111.49802408234503,70.16546604029321,107.77305575173037,50.16649616593218,92.44893014526531,82.91962278680636,97.0763562934096,40.67061183380837,127.73354391712967,85.32086173798368,114.87818919270661,79.99537763684215,138.58935897468558
34.0,14.144645164395222,69.78311671270936,104.16179468539869,15.447951649868438,83.89267547599871,104.52931439482292,15.07565124641271,112.99109552061601,132.27165116438007,32.984079569730426,80.22839270496829,99.5127701080809,32.98205865977297,64.86509987416255,90.24926568629908,32.9819479126218,56.816565797907586,78.62682443631198,24.025533292728383,34.54059482015502,78.28808710182003,38.137985286516894,67.11087985977969,108.11216463499152,18.160674800173474,121.73622878927311,137.2879257305746,21.953046777087124,42.26910816050566,117.079405956339,20.42774040580141,42.0847884312984,108.45962033904901,20.414849221076423,42.080948777326775,90.36211577934081,39.99461572111836,79.76205492888288,119.4371053059909,18.997037221670038,90.08034980184514,112.87490802415867,16.061894127453343,115.2634025765414,154.14180746293158,18.417349477000702,95.47229870456442,96.61779624706699,17.911344170664577,65.54478034651272,103.2130045205948,17.911344170664577,67.08115649375144,92.65592030994513,2.862119102664359,86.3141396458572,122.82362064310561,64.52603924521345,89.22341046885288,121.78924096394222,2.8120321389292386,126.86178893932582,134.9504070871321,17.911344170664577,107.77377011792491,129.05274420413747,17.911344170664577,83.8453633409055,117.09755381394547,17.911344170664577,67.43780430666833,86.40339672730516,58.44417724904543,104.27536273565703,44.35657451556439,102.7305768745196,48.01318047024905,83.99441039672028,46.489235091255104,84.43775659026005,74.26274549039657,104.3197352268034,45.746146664171384,105.35869410313566,53.669165675337005,106.54388596043647,48.775109294583686,90.7673311396405,83.50419091279413,106.78937309474044,46.167708284623345,122.04240809188168,84.19238787194702,114.00150743145164,81.1704094364156,136.85623715575574
35.0,14.0241166916,66.58442415529578,100.83928283196781,15.287018188129366,81.72432683265349,100.96787780919179,15.477954564007373,114.40752456325579,137.57648545469593,33.395156910053295,49.31767931641784,118.58121523261052,33.392883859622906,67.48572253929291,108.52422349422557,33.39272861136563,57.965302739197604,76.98284162650373,24.362188941061923,45.59591597724879,73.8427611657534,46.027153227382456,67.30373931089187,108.13094785334707,18.23335786453893,122.37330014268277,136.22787448610615,23.704969966440675,51.494689613979034,92.1999774599248,23.23667122405715,42.50124998161818,84.45677311918834,23.219594969046593,42.50124998161819,92.5389270947281,39.073063423547104,83.58536689094132,122.98020389152953,17.899674862668867,99.36879634965683,109.94025289139935,15.473140282794017,115.31360995568531,146.36354860131783,17.892030005922983,96.03698449198198,103.2362464745425,17.54198534944092,67.70940587018475,107.25430628832126,17.54198534944092,63.810756826349056,93.78975910836188,3.083655960838235,87.6356975143783,122.63117513200149,62.33558462856219,104.89905890457864,122.59692845705804,3.0203966083310934,117.03368069013756,136.17066519370053,17.54198534944092,105.05091602015186,130.66657346641688,17.54198534944092,86.92589656309435,114.48170659546061,17.54198534944092,67.75130796313954,85.49825521801351,67.7623406339478,99.9208263450391,39.02223673747742,103.71420570835046,47.83112922482871,87.61088083418969,43.11691857490005,82.31158636101753,81.49374415449434,102.15903976681652,49.290642986209505,103.50326337151459,51.85473041831993,123.46621894831777,47.9255007289832,111.2380634971043,82.72880752217198,108.25156405051202,50.74746673334338,117.60511074158002,82.68257632114315,113.18806294837842,53.05631631296428,136.26376065035896
36.0,14.309671512570567,65.00023346212026,101.96390738618965,15.741622388189729,78.98971292226494,103.00977069923948,16.626205666027545,115.96096274196253,138.59012771723482,33.80513221250418,51.926223799239125,125.98532649642195,33.801510912623606,66.75099818797129,121.80628756322295,33.80119602592027,57.6302089943431,76.77602809699712,24.621256060566854,63.118436576371366,77.51802778892436,51.595157325634645,68.08077304282003,107.3855216757745,18.346271278135347,122.41435627793882,124.76460808013258,25.231690944621764,56.502577109669275,111.09390683097922,25.40742867538009,43.23666535157973,99.19840229078584,25.38059251669982,43.10471261938768,101.31768520506296,38.137064143250925,98.08733678385846,115.7874571238313,18.88350368458029,93.97956035839994,111.65585534650928,14.7223340412192,115.86965471241213,145.05175106802548,17.36364824144325,97.3727312604049,104.2925214662854,17.055534292422504,75.58325603088097,128.53914665125146,17.055534292422504,63.35253025530828,95.76210600501378,2.7713924694139203,89.24688271574749,124.03309234225316,60.0610709176685,117.67366695379202,123.06574089893085,2.6891061181951397,63.67427845556038,132.8579568005203,17.055534292422504,102.47950093588861,132.33658765593447,17.055534292422504,92.78483977587803,112.29850930363276,17.055534292422504,66.27250523624144,84.67775625915309,67.80357040356499,92.93826693392245,39.77101956050934,112.28357269220604,44.48966663018379,85.76769291762007,39.36868004626663,80.56966480537025,90.90382050146812,101.36185700327658,57.14413987147401,107.20960544215949,59.27592056661524,123.07957255543809,45.06523142787278,122.68201646689099,68.59453292220647,106.71483396840935,51.49596236566414,122.86859778992097,82.53204746506849,112.9549341679574,42.21839372752079,143.9312105057613
37.0,14.626579534877376,64.25442777429072,100.5637842083967,16.83744076597547,75.79994748065589,102.77369895569713,17.059571049700995,116.18301229069914,135.9849836877492,34.18855036664124,79.09139331509971,116.46885939615376,34.17947534784343,63.45104694907306,105.27662198624003,34.17866411169715,59.30328129378955,80.01518746259043,24.975112612358725,64.78621991602695,77.98285423504672,50.62508419977895,68.9554643048763,108.58160124009257,18.55568475098503,120.7298910228826,121.81723484961168,25.915752194702492,71.9805540557318,108.33224053123732,26.790923485142123,44.437883317576095,106.90625904123586,26.77920218693967,43.63471221554614,109.45031290177333,37.21518305159892,87.1493792474383,111.70471881184358,21.148091142029532,88.82884333096688,114.07649240984361,13.681301820914676,124.2827523360811,147.30413726784778,17.04262430284375,95.46503833625965,109.92326296677582,16.695545813180235,74.58432299439963,114.56767462815293,16.695545813180235,63.05277925048097,97.62007558064667,3.4095398763106384,89.70961654685112,122.64323263236889,58.42693733635941,117.14364178603246,120.26085652518238,2.8992084608917525,62.928059857963824,133.62794217006004,16.695545813180235,100.21793873421589,136.40561048774046,16.695545813180235,95.60908070351854,114.76496102951508,16.695545813180235,66.53326613631147,84.45770578286647,66.57647231938996,94.31153912501667,40.37085392673988,106.85105189512304,45.412056092601034,84.82761689069096,45.31750599652578,80.59587293497222,76.40813369146889,115.62376861633683,55.18294664249332,124.99674848726791,43.16464796628567,121.76466015024772,40.785637388235735,118.98314408916225,58.037347225699556,106.18046787006394,40.12454384852721,127.12975395248398,93.61444070964522,116.3888946559292,39.52702956746205,141.61458115365684
38.0,15.253524645194366,64.5572409899252,96.8418969742603,26.23842096595617,73.44509668599193,100.97605724367149,18.070900688950946,117.94809181817647,133.10224751182082,34.508387573587314,79.65277207121188,112.7479948268623,34.48138036613022,60.380433094284065,94.51296635841786,34.4794815662511,59.89225839437826,76.83034543403738,25.24660868314792,66.76137689939968,108.62237879442397,43.03509922160414,70.23488889657175,106.42414532168405,18.818047799638766,118.23634017618782,118.87884321113808,26.122060064252125,91.87702424805532,108.40255859054082,27.87049430567375,45.05160296631882,108.0069181933176,27.858620227905497,44.17585625114075,101.18495049582373,36.34590512075941,86.91862219759567,130.39135871420112,20.78369097565983,91.26852481874775,112.69285348148414,14.514525868509674,131.07952807919546,154.2859915059591,19.128840218962992,75.16046553066421,128.39725959500987,16.340019889828774,73.31888741621928,122.60610082675589,16.340019889828774,64.29287059281505,98.06547360424241,3.6344269041117347,86.6123827787139,123.71518100533947,57.91656774674559,109.8098532770919,118.33707117796894,2.5708931972060354,63.21859690603145,135.0337545638063,16.340019889828774,98.14484751805867,144.15508090800748,16.340019889828774,96.03219625251052,122.57219128630193,16.340019889828774,66.23453753964803,85.52449027584956,65.8287942035951,93.02288666551195,39.69852386545647,95.63320831461513,45.607210466557014,90.18173576829284,45.55539582651117,80.44554537973028,74.07140206756364,122.66399876137343,54.33444821773525,124.00493142203798,41.88098328900733,120.89812682729988,40.54915817620379,120.28651121410273,68.8628966348788,103.89305655308466,33.86366987542874,128.4549786601693,97.4284762199006,121.66353425018981,61.3536913327792,138.12607310225968
39.0,18.736668829799015,66.84087938099849,98.20962267692799,21.9607924023705,85.30600306438281,99.54664440199286,18.78829255280572,121.81052824902358,131.9353121075586,34.67652726985737,80.82297198578307,126.3430104835484,34.59883826289067,60.747124267887436,101.55098458832926,34.595251250388856,60.63076049148371,77.29054397481649,25.616425394656453,69.00718327065594,104.16100013160906,31.609076838730847,71.2518174187403,110.88693721823856,18.979821632372516,116.304712931162,116.64623985953482,26.661226655427882,96.96601206372883,109.70916202341625,28.673596360711688,45.21419854615237,106.49011096849291,28.662461589341692,44.82070164680337,96.61868713628355,35.544191313124124,89.98783508703951,137.0196829334435,12.821604503277182,94.21370733744466,126.29978858653013,10.772026950790657,130.99449846435778,155.4870477786007,21.745802405296196,103.72096415129118,132.07465281010505,15.989254203995882,78.45842688180844,123.27783131939908,15.989254203995882,63.998723843921574,95.84591134039223,4.075450269533791,84.4371488949067,123.43316457672638,57.88255647504735,98.38437535930308,116.74909074308343,2.994037681165439,62.913975252415625,137.83328138201162,15.989254203995882,95.64325064141568,144.89664562008107,15.989254203995882,95.1651924405143,125.75251766646917,15.989254203995882,65.55111769775253,87.44311108604165,68.9798752938566,93.55912471000677,39.54807295930718,95.07988732167377,45.54544052554681,111.13540529407592,45.52867391562875,77.54189124247355,67.57910430609101,115.30113819282498,53.20886526177583,122.40831511694309,44.512822361720445,121.65288700749309,40.46704617069102,121.47548941631507,78.50997579804978,101.61912929057883,32.74442514404866,125.65323794432555,96.23081743195873,122.50255214889803,117.2930968911319,141.31410641133692
40.0,28.338732918986416,74.28123980814865,102.67144662017697,20.559082375230258,81.42427857698712,99.02259309641721,20.374767845665584,124.83328508888741,130.4130908164234,34.37041973780891,84.55983015733993,128.52799988594708,34.13178594042684,61.879465312837624,90.07704637384556,34.125233499389864,61.92601302179145,77.96119386274185,26.008716195879348,71.33481221999935,92.53175636402025,25.644893705398758,71.99710741001498,112.21108113630635,19.24391742778581,117.82039304747396,117.88504465767484,26.789049051085232,95.69344839638362,111.58602385551855,28.8250480774104,45.58024927186366,98.97763244294745,28.768484983973327,45.47205851449993,99.18652921317394,34.685424126402594,89.52169087326196,135.4711919957108,7.615167562032494,98.24976131999355,136.41344104944667,6.052792615360853,128.4717748544425,155.50450981204912,23.492738814768238,123.06001939717898,126.47746764230504,15.643568966191825,109.60049006780675,123.33057130609686,15.643568966191825,65.6887134172763,95.61800758247186,3.650512411055473,84.53453675094465,122.86687150272233,57.31927143547296,95.21860289808201,117.25383943608688,2.6875208021690087,61.04158141451647,143.40885283357142,15.643568966191825,93.51737672576945,120.20040375823754,15.643568966191825,93.54923246430245,111.21380049525024,15.643568966191825,66.531720896178,93.11591713206232,75.46339760117729,96.70276246935407,43.78345937123361,107.23569279006166,45.05414686765384,112.00899481310924,44.9874117856427,77.37682216102337,67.15382624518713,112.78638707221,51.658445065945635,123.00992119365792,54.930212428632814,123.364361153587,41.46938451569108,122.98283436781843,81.67669481193406,100.98854316198232,33.05658409424547,121.4041827909754,92.79893310836451,120.36863877137263,119.08647786570435,145.24819292889873
41.0,33.26115236266607,87.66194667486627,118.09432914697669,21.295561693439232,90.1120886547089,97.87298703955227,21.756754556122917,124.77874770128912,129.14840914904244,33.306307370716596,95.2386395292357,129.62187692907767,32.62366607014838,63.25910659413266,94.39575223978031,32.614162066960866,63.200954537924844,93.5416112644028,26.381456555694566,73.06736981890025,98.9537200893396,23.50521974792803,73.14624985320654,111.53717767107763,19.504794184801604,119.36231550468545,119.96699191675135,27.08681109766629,92.36105094945205,115.42559735762121,28.66649357934369,46.18929344734338,99.77870280835945,28.656767653895734,46.13228927569004,100.72660081521224,33.993331160470966,88.34589625066867,130.81637650627968,6.584299110460896,96.93342604923521,163.87723134837796,3.555604825694982,126.91124409326089,151.06075103611224,21.761973527903717,121.94130470179007,124.91791521279283,15.303308465818755,121.00250500457167,123.15337366528345,15.303308465818755,67.80931173179458,100.00054464864559,3.5847486548949634,82.3374672639986,121.57030370285395,56.58245341449783,96.73028232806567,126.65610829512993,3.477368918297512,58.78302588926453,144.2454253661633,15.303308465818755,91.60509733388362,113.38790700698507,15.303308465818755,91.72496681487088,102.71355969924419,15.303308465818755,67.54786773779341,106.00268532289253,66.97954706249305,103.49552745309856,47.34448442853302,110.23034568376269,45.24081887829941,88.56283181403916,45.25198013124782,76.35579940624362,74.26046892792759,109.8096055702524,50.47806268889839,120.68958066080648,71.44845723497168,122.9476421614184,42.86768016103776,116.60914602854774,91.40906852135818,102.8253315415835,53.536009807501145,120.14860884958361,88.19501811863566,119.37795186473016,101.36955111105738,143.7313481952389
42.0,33.272844509083654,74.11102130430348,121.4415229196782,25.550343622019767,81.16516300131666,118.35734875890408,25.711376711184936,124.49299977552793,129.72636349770372,32.49707200174891,95.32226042432208,133.1458422117647,31.367201712502666,64.34474211080189,93.87899449579402,31.356740099304016,64.37620257462149,93.85705623317413,26.77594536146202,74.61834436118899,106.5923461767565,22.03550286947679,74.8376979017628,109.05046123346435,19.786706818127524,120.93621598662173,121.91439176977589,27.795176832638585,100.4300240435356,118.38875585714909,28.186343565508295,47.25573281598179,99.73108200304334,28.17391799175632,46.83060750545039,100.442222706625,33.26139066838899,87.94917334515847,128.27327438910694,12.66909119573478,94.21810896877771,173.50249026032125,3.6481106054742707,124.50815497168746,149.7815149125034,18.94797723238811,119.88472143614061,134.95090818898953,15.079663457783134,119.69441211747177,124.14890924918639,15.079663457783134,67.0663200485242,100.80469596469663,3.932752996343477,76.46152164164587,118.7009955649125,55.8523950557366,95.9313495377417,128.31216248741066,5.196357882368961,56.407312951560094,145.4624618418944,15.079663457783134,89.82446975357003,103.49419903135546,15.079663457783134,89.95245785405332,100.64953637979303,15.079663457783134,67.89513298520012,132.47387824286025,70.0313584794818,107.13599038421708,50.987985560838,108.07872342684965,42.14606451923373,111.46107241365821,42.14830499173125,81.64320314256106,84.29899343265672,112.40087325275942,46.242598329758636,115.03260062807855,76.21067644654705,125.33496560668742,41.77574452718937,113.2428815453699,91.58671201228523,109.17835504039499,100.16686223038255,134.10802094231138,87.69251995056298,117.79990417729536,72.8084606425667,140.31778441419223
43.0,32.810093504697484,69.66400238832107,118.66445246639277,27.943210661154268,84.26813036265581,114.31044856650387,27.878506997105347,125.6253886078127,133.41824601788394,15.428935536762616,92.0064270487212,135.8729373599164,14.44566003166209,65.68909303600104,95.02292794682434,14.443131423936476,65.70943493870469,92.52820535558993,27.177955221097847,75.84763102356351,108.89492447162395,21.017560057422795,76.26166342589761,107.21052860632714,20.080988799567578,121.94540695207193,124.25012701002835,28.87014709501222,104.73517817704658,121.79436932594388,27.520371770759542,47.688166250076605,95.47748171679682,27.505838851624233,47.58670403683437,101.58256295343224,32.64914285329151,88.41864173568784,124.94559207250839,30.59717565543276,93.72014585496535,157.45410908640125,3.337340299175508,123.12956136884367,149.30971109152753,16.008930044082632,117.70742633554784,132.52204332404196,14.749279643426657,117.747170015344,123.63199642338897,14.749279643426657,65.97569223016154,101.54911309576465,2.8337353032979102,73.48163133293005,114.81299249291143,54.93612693408155,96.81783736005549,120.51143671065141,7.214069869712645,54.96522764439351,147.59427812362904,14.749279643426657,88.13675896098816,94.56586640949648,14.749279643426657,88.29189993668425,101.05471470472695,14.749279643426657,67.99249491280338,149.02798704579104,68.12348120846939,104.15715219471478,53.426264389531504,114.75084605848207,40.43624579295744,112.81315698284,40.43624189604582,81.7219701440313,84.94590520932786,113.45380598653989,45.60626637554651,122.73017468156053,81.05519713537201,137.05728313801833,41.26709705604427,136.85357385430012,79.2295707610929,113.26167175669651,73.13626762807849,134.31276357859548,90.4706316531313,119.89273584638414,61.057178772159645,139.2984818865406
44.0,32.22461724985548,72.99997851853892,116.53132488810392,27.88899262553896,77.18578503033292,115.8516994431947,28.013004455738187,125.08593379330334,132.94904276629475,12.682171084802421,85.50794141478828,136.42795706506539,12.676517503743945,66.23634397034085,99.61758297173392,12.67658013033924,66.16694411032236,85.10936629183547,27.690544415016472,76.82278286522431,109.71830116075657,20.676633442041005,77.33359238190936,105.04756915692512,20.389113207696557,123.61669837835471,126.00455442848288,29.73824398612072,105.7484035445826,135.06423917191154,27.005770029525973,48.51523212283741,93.41035393590158,26.780150119692117,48.354168895213064,102.19013846545248,32.20696609172988,94.40687973692357,123.94011773229984,57.84226188038561,91.59476703535223,161.4242979960284,25.33142318109848,125.875561067239,148.74424547956508,14.55043493565244,115.55802024623169,122.40212242383112,14.532592679904022,115.61621836355377,118.8919691575918,14.532592679904022,64.44314518977806,99.78467290324998,43.86946986285894,74.8670663386698,110.69241228005144,53.99091768203883,97.3987513820549,113.10673246666848,46.46379479126439,53.991353474422176,152.07063276917265,14.532592679904022,81.8092012267275,87.52357844261907,14.672959049649682,86.62874891717176,107.26365268744429,14.532592679904022,62.320470257558476,140.52212581627262,65.76208732626601,95.46548141278318,52.585096652313496,105.65613766432227,40.93062779259384,102.1796422709621,41.1388463591286,82.90027933980882,84.18467540561947,120.71898567403882,45.765274068392245,131.43940584366558,82.2818608724604,136.3015225998449,40.27398838846682,135.9681990792779,73.8189660864735,110.43105484844811,48.80905850540398,130.2787253982925,91.91273294785266,124.71082176390566,113.99306068763748,142.62850415142842
45.0,31.748530767909806,75.86601621490072,115.85975468484507,28.38279315887756,77.80514077088984,103.5098704480495,28.27648744136223,124.07787765368003,132.60729036308715,12.737658497868596,59.57548537500724,119.05415681664721,12.791510836075586,65.03040646458683,98.55800239947438,12.79164329996321,65.07708890519564,87.59891691103365,28.108318524064305,76.20340780809147,111.19628653687518,20.83895457474202,78.40468971784867,103.17393569747992,20.80146818190814,126.10674100895866,128.59993613474865,30.257773312207014,105.64020521796645,136.4212574778211,27.413068278886882,49.09081333705664,92.34471824625585,25.98608131211264,48.84681186501275,102.38976882648863,32.49556324952611,110.42189850454729,140.3966208477274,57.618730216496616,104.23692131882419,201.49955801089743,25.92276587130139,133.54912091453542,154.0760116637816,14.150607319667976,108.49932575812224,131.6770118385685,14.150605894206658,113.7656049944818,138.76778332567864,14.150605894206658,51.64345093694535,95.87656762376862,2.7551827171771976,96.9925278351177,117.2239714158098,53.245246266685626,98.52304645490845,121.51522966646031,39.956839850884776,53.245246266685626,171.35713324823655,14.150607319667976,50.53880046556503,85.45340215339921,16.398556569517076,85.3182395800816,142.31205066079968,14.150605894206658,36.27603437269143,99.10262527839652,58.02322050643125,94.54833720326427,52.73715760695203,96.28466183019742,40.29203726735913,83.45131871680454,41.34731081054615,82.35744085062488,83.48423373765013,125.6490130178694,47.72320531928405,129.1182317371867,59.950449524276756,134.0247847986721,37.061907458909964,132.25432246534444,70.1924537421564,103.32246305268043,45.3744069984606,127.37049696648891,94.09475572098474,127.01221849738992,126.93448881851648,147.36323921688458
46.0,31.253057482106847,75.9054606494862,113.74526745979948,27.95491906204412,78.34042579190861,103.95383299687343,28.5452620278016,125.86316390249948,133.8113979058656,12.977925298196066,75.79651152635725,112.88379588323043,13.108320376244377,63.091141706929534,98.35746998574464,13.108629132912627,63.817569821495795,87.26202690060582,28.641209672880894,77.85948536675117,118.23973068317584,21.140988853035235,79.56558348585935,101.69192869416956,21.125822165637878,128.50571501908385,131.2334101631702,31.267749510451814,108.91872821322019,136.55885970844633,33.32246361064956,50.0730720269381,94.53312291622615,25.56889972901003,49.50868934159988,102.64259735050878,32.206967198155404,94.40689396192275,123.94008312383043,57.84228434945342,91.59479173964395,161.424217779353,25.33142075499518,125.87552513371891,148.74421144134308,14.550434797491652,115.55802066073848,122.40208065861438,14.532592679904022,115.61621838143877,118.89203136689295,14.532592679904022,64.44314006196628,99.7846795097899,43.869469350450565,74.86712838205808,110.69235906290092,53.99091763796606,97.39873753262998,113.10675052242117,46.46377353442901,53.991353474422176,152.07047725308038,14.532592679904022,81.80918202065166,87.52358731206314,14.672959982572944,86.62874842045402,107.26371884162336,14.532592679904022,62.32048030353073,140.5222723822257,51.986221237576366,94.36608462294949,52.58657203793728,93.56432015102956,37.69603286863481,83.74878543176692,41.36963053940048,84.87912886507544,84.18467336919302,120.71895317944478,45.76510365143977,131.4394040876641,82.28174019329603,136.30152157578578,40.27397725622358,135.96819954217597,69.33893963555083,102.54625224981342,44.38772671516925,127.93730011909874,91.9127124694811,124.71086107458297,113.99309958446743,142.62845532351807
47.0,30.764070546783966,75.18252579470838,111.17485098210456,27.8678123346663,78.66027194195428,101.41873751076933,28.662783885413774,120.8001717663531,135.52370498858733,13.396951989999916,83.20225522419014,111.50247657984895,13.622726425550567,58.579557374646136,97.48279972369926,13.623196408425569,64.63602898800251,86.50651745303158,29.19198778538233,78.92230900996074,120.87291795195476,21.573152714645087,80.99678212629087,101.06956793682095,21.55888467899634,130.18007692479677,133.6902629114332,32.51602709229104,90.41946816036543,132.59789390762526,41.11907490812777,50.95469959238812,94.847792992684,25.14209376195151,49.97395798030199,91.79637764691067,32.64914270055244,88.41859190718937,124.94561762342201,30.59719945639688,93.7201268284307,157.45417816942827,3.3373306850385,123.12958200781402,149.30973286932831,16.008950828520284,117.70742697822003,132.52214784299773,14.749279643426657,117.74716970764473,123.63199156325392,14.749279643426657,65.97569015857742,101.5491067160047,2.833739599186379,73.4816562510455,114.81300082623888,54.93612768027401,96.81782303749588,120.5115260410964,7.214103394586007,54.96522764439351,147.59427726107037,14.749279643426657,88.13675946136115,94.56587014607388,14.749279643426657,88.29189968924916,101.05471837712714,14.749279643426657,67.99248039192986,149.02819546691813,50.423992005742036,91.99002244196147,51.965208457828396,96.07397834798739,36.89279379292761,83.61956054191133,41.36526178812742,87.11847804486061,84.94590572700425,113.45381064406413,45.60630634152412,122.73021065227366,81.05519712226102,137.05728566400484,41.26710368247744,136.85357677635122,76.3336323105181,107.01134188584135,48.30927451363407,128.44281499267595,90.47060481091926,119.89273124091726,61.057022714087985,139.2984904540039
48.00000000000001,30.274846093249643,72.04655644418541,115.62403645330866,27.6653347610175,83.2328407700806,105.45225338285336,28.13895876228839,115.16796962256389,138.11672398085693,14.311801024503254,90.09339078451029,109.20222524890573,14.690903941905248,55.26369693386489,99.06744724144635,14.691465015091248,65.67598801413031,82.28061630655311,29.760073145658684,80.39441725058666,119.61698188531183,21.92232941851313,82.45465759699377,102.49857772866422,21.897820203996332,125.8049013715515,134.81986754716317,33.33748050130568,80.74101461678049,112.47969226928119,38.47865509618159,56.96656543244381,86.39456100406866,24.35441409927354,55.740950003408926,85.85172464068663,33.261387573473485,87.94911803779206,128.2733570520052,12.669061899878969,94.2191004687767,173.50291121108745,3.648112128592188,124.50815182574047,149.78151435130272,18.94801345396558,119.88471946714681,134.95084364180408,15.079663457783134,119.6944125931481,124.14888507924441,15.079663457783134,67.06632038155063,100.80468253091315,3.932755225081807,76.46149905836815,118.70095564816643,55.852395910421265,95.93134519920743,128.31236519034982,5.196389038485663,56.40731624237204,145.46249088734268,15.079663457783134,89.82447093238503,103.49424099536412,15.079663457783134,89.95245795962485,100.64945072898539,15.079663457783134,67.89512122740194,132.47416711349464,49.949873465396315,100.27718590944689,51.46702011272606,116.14622367504005,47.278381187411014,87.21144637712129,41.91647837219611,85.58886389307679,84.29902114287232,112.40064497866723,46.242631924461136,115.03264805910598,76.21066854993227,125.33535789416534,41.775744817565894,113.24310923478635,79.33106215263203,106.40259352333092,65.78855858799827,130.23159326158057,87.69246626076597,117.80072507957858,72.80833655003065,140.31780827712208
49.0,29.782444033646733,69.91397271818155,109.82573120400137,27.556746949731224,84.00176393102845,107.94040538128444,27.656874551753376,111.6135811768024,138.04687348805496,16.025194563576854,94.93671139043337,106.57976408583602,16.61496824319957,56.18298189546318,96.15214745218952,16.615575225225996,65.67291953927885,86.44072448391704,30.425640993603615,78.34102949278528,108.77542036631672,22.396381613912954,84.00197670764946,101.6524528973121,22.351618348422164,97.02182383663646,134.62690071771928,32.57141102590515,79.51350942260544,99.92447483679972,26.73019348218779,59.53298935977093,87.51164384366163,23.82451094791832,58.51625552189281,84.88647818594643,33.993331483071735,88.3458704415081,130.81633354205695,6.584298871183426,96.93348510898916,163.87720567711855,3.5555997376515958,126.91123819295939,151.06075996826118,21.761945492086255,121.94130681090121,124.91792356809762,15.303308465818755,121.00251157439195,123.1533848980651,15.303308465818755,67.80930406443622,100.00053163278443,3.584741638704612,82.33750344956893,121.57035915322928,56.58244907922244,96.73030432055013,126.65620161264061,3.4773715770993996,58.783037482771405,144.24541209517957,15.303308465818755,91.6050969722177,113.38800106918299,15.303308465818755,91.72496720258539,102.71348942563839,15.303308465818755,67.5478837671772,106.00289235137534,49.03899027274945,113.68125952131825,50.839154699745755,118.06879261671348,47.96024577102098,83.39291788296934,42.37520655635754,86.03351744279823,74.26044353545221,109.80964026354043,50.47807045982931,120.68956498134551,71.44838874576168,122.9476416807774,42.86768000132884,116.6092183516612,80.60377177811328,115.54452307293214,48.50954998895453,130.20772010948164,88.19500903241679,119.37795618002959,101.36957792523161,143.73135965334666
50.0,28.50320803764881,71.36339670663595,107.47475593207677,27.276724686063492,92.06965045175276,110.49162239763979,27.078889639805066,113.61268844888188,136.31641799777435,19.129948033163778,94.88846946360769,106.59296265863404,19.757591845078657,57.4059409563476,93.52615313824093,19.75817384681937,63.38101765151925,95.39529459280527,31.61787590868656,75.37609882516041,95.04599839373881,22.89729424373595,84.96172942403176,93.31881034165458,22.814994399110123,84.63633249782411,137.99430317794577,29.43551239794656,78.23726598828672,96.5247529222107,22.784902344752258,61.74285849546161,75.03784630060792,22.769634384416452,60.97476563849823,79.46235782807044,34.685419574881934,89.52104510494799,135.47110383705052,7.615174222840482,98.24970952305314,136.4134392002691,6.052803194779676,128.4724734404962,155.50450705978074,23.492775155244548,123.05692008625044,126.47720826748557,15.643568966191825,109.59884061427634,123.32983408247495,15.643568966191825,65.68869845271253,95.61796025903222,3.6505126613141217,84.53505337550034,122.86686790958737,57.31927031895406,95.22039258929769,117.25401914915848,2.6875213686708013,61.04151830463195,143.40880786931328,15.643568966191825,93.51737791213537,120.20039353333539,15.643568966191825,93.54923171409752,111.2137479251346,15.643568966191825,66.53173492437904,93.11605953352367,44.39583577029112,104.81894901614518,50.28106708768608,109.54903218829048,48.59792576537518,84.85988504960378,40.44848186476612,87.04690163025151,67.1538145832194,112.79046076608496,51.65846160876724,123.00991903065332,54.93019702174241,123.36434686120148,41.46936956662948,122.98283085917427,81.1247413373512,111.24118237032157,46.68585734064211,130.09237323656635,92.79891554752433,120.36864365677748,119.08625971255452,145.24818542575417
51.0,26.3786404903603,75.79189971815566,106.49501000102312,26.948334886751876,85.54603346729793,111.21685201171935,26.585706753216737,115.43699585275543,125.9277769850354,22.005557219084146,76.57062266638596,104.74189292321716,22.29488689710118,57.52044197010055,96.42471471119873,22.29543149387741,57.51760470485525,91.17267927559442,33.86044389151321,72.37196068775287,93.41485073220234,23.470495532919887,84.67029763844218,93.2080597676939,23.311485106547135,88.93121979515496,141.74103615438682,29.52365680339983,77.1763892543468,83.11057759831162,23.229426381208814,63.32147353031888,73.59005405708899,23.229426381208814,62.84567207739251,76.39572436837524,35.544186931080056,89.98783955233755,137.01962553477375,12.82162216342647,94.21371342760142,126.29977530085696,10.77206082290814,130.99449223473002,155.48704395108945,21.745875654130636,103.72104109465423,132.0746602515612,15.989254203995882,78.45841237899099,123.27782646038267,15.989254203995882,63.99874028037834,95.8459112082054,4.07545223838265,84.43712293696518,123.43320456379236,57.88255747816787,98.38423982021415,116.74911159298524,2.9940379942172806,62.91391314190325,137.8332755995738,15.989254203995882,95.64325122922459,144.89665305542647,15.989254203995882,95.16519371489368,125.75246689814159,15.989254203995882,65.55112888943981,87.44313506739033,42.743039877387616,106.92061247432662,49.837129232501354,106.9523068328395,46.43792547562756,83.99332266822448,34.516252569373776,87.19701887637716,67.57908914101029,115.3010949590819,53.20888166999381,122.40832289626722,44.51281198611499,121.65288286652442,40.467042893906346,121.4754904262077,77.4986878966455,100.34919428202278,49.86986556896353,125.32778112229309,96.23081105233783,122.50257558199793,117.29309076267471,141.31415961024834
52.0,25.009453762995214,73.19972812253171,107.96177740494024,26.714171505682412,84.89526249940583,107.95067244039413,26.00968738878012,117.50591552146669,120.92699939707882,23.6244720602126,57.518630893746,78.87394176281606,23.65956544026853,56.895608042637704,97.70129525956729,23.660107089816794,56.89494397198163,87.03128387504934,35.98381320911228,63.67192091986432,90.8995160507708,24.334877055724952,84.21015535495573,93.05228476242375,23.98497508822997,93.44920409085255,143.03838171545405,29.649313037947728,75.84376517659919,78.96534898510946,23.812942909266802,64.44078806015615,72.42136356441644,23.812942909266802,64.40503715198356,74.47088798250518,36.34590342016068,86.91858834934135,130.39135648698053,20.783762046810214,91.26855456005259,112.69298488057026,14.5145912099897,131.07954166398252,154.2859974938765,19.128833207402522,75.16045463409077,128.39732110076022,16.340019889828774,73.31888718967679,122.60610638620298,16.340019889828774,64.29287206095375,98.06549989273294,3.634436101012502,86.61238442535796,123.71520228199539,57.91658276470305,109.8094768641468,118.33707275586556,2.570893352282375,63.21856615973434,135.0337550670255,16.340019889828774,98.14485306277126,144.15512035491977,16.340019889828774,96.032201535869,122.57219925747853,16.340019889828774,66.23455464541057,85.52449049529767,44.462275697329815,108.03620354457478,49.74049449099457,108.36435962426549,34.047028095117284,86.26541063504423,34.04866544365988,85.95179393710633,74.07138317840015,122.66398927113843,54.334475007980366,124.00493183541104,41.880979845334394,120.89811978270527,40.54915885884484,120.28649930395447,65.1678702466494,92.3859838329812,48.893039842841915,121.58729050996511,97.42845576912771,121.66359533024395,61.353777021714166,138.12612679302097
53.0,24.621809867413905,59.525090696159964,114.83213519543511,26.658317231248237,85.04215119650988,95.67422022567933,25.838481171276538,119.97710913537999,123.30515193391025,24.649879799692354,65.75049627359982,112.34503614062065,24.695906715531027,56.20735453964739,97.7523300770659,24.696430324635276,56.20699648484121,87.50465011217436,36.921061138005285,57.396125887114316,87.05744987622596,25.119094157508254,86.05902540908866,95.87871150747912,24.604707505343317,87.7058179014331,141.3533085837373,29.53654063032995,74.85522487602606,81.25780166682097,24.286338752475636,65.31187602706218,70.22883959472212,24.286338752475636,65.60416396197542,74.77362838428151,37.21518151068292,87.20591028246128,111.68939859822954,21.14411097252268,88.83062645802812,114.07653867565213,13.681275108567082,124.28260846072101,147.3041353723601,17.042626739174942,95.46507668390845,109.92423390503868,16.695545813180235,74.61306871172366,114.58106450943565,16.695545813180235,63.05283773816146,97.62049265711069,3.4095393476187716,89.71155866720811,122.6430832568574,58.42701262872386,117.13824558957901,120.25960347474029,2.8992086090809734,62.92808876803139,133.6279414737522,16.695545813180235,100.21792996089233,136.40570991884658,16.695545813180235,95.60880472201978,114.76507041361987,16.695545813180235,66.5331628990182,84.45760199535307,43.19661691699391,89.42890694652996,50.26692071638238,107.36467215757607,41.9903906259473,83.630685724599,33.6244943450355,83.10537758486564,76.4722559737531,115.70130770577474,55.184840101583745,124.99763970499865,43.16078118127591,121.76466584348736,40.785636010906785,118.98412739206871,66.96033195085948,99.05073454275278,46.10309050806971,122.41041503186915,93.6208862313987,116.3854283763251,39.526635809570514,141.61462056054197
54.0,24.422442182869876,63.255709401899864,119.95971392354495,26.820316627379604,85.02779189689659,91.47309456249576,25.493710782727348,120.3691453113027,135.43277590023223,25.380362763896617,95.87866046575972,108.4643928072823,25.50726123281269,55.43449499013045,96.90649262433205,25.507747870889933,55.433745249426394,84.55548036589204,36.91893296129071,58.04751629286878,90.19163690449659,26.128837702209974,87.28402561652815,94.66658346557622,25.43107538215331,93.39227804339608,124.04443102753667,29.267001889423184,73.91381730976349,76.61685645598547,24.885764002738593,65.8737081170104,69.1511428207541,24.885764002738593,66.10216048875336,69.97755205992027,38.1370612326219,98.0873353967595,115.78749218535285,18.883437119157293,93.97963790763146,111.65587100780868,14.72226346364345,115.86968243393449,145.0517488016031,17.36365098050111,97.37270724507364,104.29250974365628,17.055534292422504,75.58325870334012,128.5391652891051,17.055534292422504,63.352528229593396,95.76211138012164,2.7713937959372386,89.24688619474898,124.03309255474656,60.06105965876702,117.67386547183686,123.0657519761975,2.6891061593045267,63.674201164382694,132.85796691195895,17.055534292422504,102.47950639180017,132.33658967509945,17.055534292422504,92.78486443870422,112.29852629842462,17.055534292422504,66.27248910150675,84.67775293727655,41.61355021868733,87.83402226839513,50.57968389108809,106.16206633310912,47.15891955904749,83.88074963594387,33.26102453986464,73.37233542039723,90.90386540997304,101.36185127581138,57.14412765205542,107.20964225827896,59.27602477006183,123.0795709003081,45.06522984583518,122.68202191935573,70.10886942836044,111.61359052468937,38.87124736041395,120.69419817816366,82.53204908545392,112.95495076785053,42.21841629566436,143.9312643583225
55.0,23.943927891596296,68.34019250903026,107.15080755859188,25.903124521768405,82.8461804826491,92.44135093442154,25.26230003418125,121.58486711203878,134.23217188596055,25.902961963632215,108.78014983652666,110.69371276283354,26.161461219394337,54.821818221325614,95.95266245402229,26.16188342714659,54.75924959567653,97.92726653026465,36.581408546983326,50.91728234228855,91.60001443010347,27.279614993665266,87.15628457129036,97.02447037545802,26.394227419530466,96.01774473925165,115.59521398022079,28.920930690367115,73.06163909101427,77.60872764694751,25.493160847568507,66.42861959731144,68.48133527689755,25.493160847568507,66.54196631243965,68.97188901001323,39.073063896915976,83.58548542889486,122.98032453232005,17.899585259339982,99.36881567426575,109.94025504909935,15.473104205994614,115.31354244035171,146.3635782965488,17.89203348196568,96.03699810029464,103.23615052586182,17.54198534944092,67.70938162524531,107.27168605896081,17.54198534944092,63.810729083157554,93.78976268800777,3.0836543907864047,87.63567602656866,122.63117498644216,62.33558338715995,104.89913426100465,122.59692253313845,3.0203965326625544,117.03366732212349,136.1707327536831,17.54198534944092,105.050910241349,130.6666105690454,17.54198534944092,86.92599339650512,114.48177007368952,17.54198534944092,67.75132537845809,85.49825460088947,41.09720133991876,96.55930254944526,51.80261365933616,114.95418514511884,32.973088838204156,83.26299900988703,32.97462215341797,75.96081324526577,81.49386054286323,102.15898365369324,49.29065043276929,103.50325008502628,51.854755635924384,123.4662212692272,47.925489754145,111.23371404167237,68.74890407991099,111.79637016046266,37.46975072489956,120.97445127008953,82.6825738689101,113.188066660798,53.056499705345765,136.26373100117286
56.0,22.90493481683177,73.66020054941133,101.98824624564526,25.199986772755153,80.41614457481762,94.45675414788323,25.064007602549587,99.08137779046663,133.04720630026523,25.82676666297807,112.29255254748689,115.02742071981936,26.692466803122493,55.183865952704345,111.8596328358547,26.68110786073053,54.0716208311008,97.0119643176261,36.43145626506013,50.45185087910363,90.16955612052885,28.501593825394167,88.21465790095985,99.40046099985399,27.49061838499183,98.62164012060828,110.2642234428769,28.345401395724952,72.22916555445862,77.86599422010796,26.10797292016368,66.04873729152634,69.48909445154946,26.10797292016368,66.49944640056685,68.47966079869319,39.99461493781635,79.76300903037955,119.43719783992469,18.99703665160293,90.09243530008384,112.87491283151766,16.061895244569445,115.2634169260377,154.14179283346473,18.417361526502983,95.47006913617446,96.61781581215192,17.911344170664577,65.5370352220132,103.21099341702516,17.911344170664577,67.081167613571,92.65687906460094,2.862118051580131,86.31363196366877,122.82362905390637,64.52603347825672,89.22336937965954,121.78923371720208,2.8120320286092713,126.8617687953151,134.95037086140314,17.911344170664577,107.84037874412745,129.05676191882924,17.911344170664577,83.84764108956348,117.17455716554214,17.911344170664577,67.43781018817113,86.40364562408928,41.971313959757175,111.62119038309771,51.46346955973992,119.95052508621507,43.34802277507316,83.81938202606999,32.749432639092916,83.6203773553094,74.26091616520878,104.31973861924185,45.74614596753505,105.35862388687109,53.668794165039515,106.54749718816437,48.775105005584095,90.76675398234258,72.3808046944211,111.60820088688989,28.99572186611891,120.9138306209076,84.19134844367078,114.00149547499868,81.16755291930068,136.85621006162418
57.00000000000001,22.289300948618436,73.69049897533176,99.7285909103795,25.040789144068075,74.7332302231103,103.98987797616643,24.806905936872095,95.12539160231181,132.3537416086647,25.433309524102093,112.95374909070021,119.67671371108808,27.02182432806633,53.815647225435576,111.33947297408102,27.016006976292502,53.401934933671875,86.71220947053239,36.96271893605966,50.11446180593039,94.45285284951498,29.812247741851685,86.62854591866405,101.38463904723338,28.780255212913254,101.57967773128664,103.45188197551863,28.4641515769559,71.41787276427762,76.56965573045827,26.854818003479377,65.17608143635344,71.12810443323002,26.854818003479377,65.93506864077321,68.76908486551781,40.96975115861951,83.74284778509299,126.63642713884137,22.48104728374096,82.91809915925204,115.04361467681296,16.18380714159745,120.98062792020079,151.88969371943844,19.298391954486675,94.66914242984052,100.72170886104895,18.409406562950366,66.09830125396932,128.13929713300158,18.409406562950366,65.95471643212232,91.72785136535245,2.6482943232339453,85.17726144322647,99.12906472430848,66.2642922957974,85.60277275004837,92.73783577881595,2.6049316566447924,129.27751979707324,163.68255301514273,18.409406562950366,107.85836284733244,128.13828560087708,18.409406562950366,73.34659344980334,119.62129020547924,18.409406562950366,66.00475294155513,88.15177887316192,45.75877507824597,103.66014410945093,48.25117489857565,110.7074372541765,32.60551195717743,82.78544233597053,32.606531858713915,80.51451750147396,73.80004300201557,107.4533036979355,45.13555529249962,111.4980051336905,70.16550597966888,107.7730754886296,50.16650660008389,92.44893967612353,71.3653480773537,101.74718817557634,43.44154614267994,111.03877475393139,85.32088403151882,114.8781941571366,79.99509897380273,138.58933270497994
58.00000000000001,22.42686490984245,71.99963899514415,100.12399960356879,24.419045081880668,71.26172012795342,103.01976304217514,24.35891999479418,95.72356004670607,134.64590794715468,25.106992281606278,64.63981187910791,118.73583883765956,27.245049519166788,50.585666004327344,89.16700817446386,27.265133243165835,50.58361868439471,83.33478632321385,37.689806033935845,51.64655313135586,101.29900502666457,31.157656160640844,85.29458836869699,104.39655998838477,30.216442518279578,104.59013470073894,104.97260834506469,27.709972006495914,70.61961055428611,75.02741369647525,27.610799517580073,64.5804862447292,70.5742356268099,27.610799517580073,65.72763783987979,69.80572548104867,41.83898513532288,83.56036943740425,120.85663731958714,26.423782092733187,82.85027395112566,115.78436486718239,16.821194500119606,121.7854343334474,152.91908245107768,20.647019310120896,93.79942065562531,121.28030757229206,18.91338811530076,65.42249971691686,143.16533629873192,18.91338811530076,62.44533076129375,90.04161386234006,2.7693227219661765,82.8982794807721,90.29293054510472,64.62322091655504,85.0495358502076,106.31872123267632,2.7328599502395705,116.37944640439186,160.36319212603135,18.91338811530076,83.82776185153232,127.33536590054733,18.91338811530076,69.46085090204397,122.83552798019812,18.91338811530076,64.26576825425477,88.8994170643858,48.94350882038777,99.11190572136364,46.889251823189625,100.85313925906,32.52888011942033,82.71713062620749,32.52950380713149,81.0027709874107,75.69919185459669,106.35833680479408,44.838843877174675,111.31806016775002,82.10860309826293,107.00033135976372,49.72544644975098,94.76558477809944,70.83298156827873,103.10925325395507,40.58592869252943,107.46770442021725,89.50260456980453,114.59873047768941,46.130329794412965,137.75504473491043
59.00000000000001,23.619030524954802,68.7995130561463,108.0987372919594,22.477603233413525,94.36744006893252,101.7501029248493,22.479211800555913,101.21329931265099,132.42988363587395,24.94079900173306,36.756047870989924,88.4409276476563,27.348775905131376,50.721556220459334,92.53158904006577,27.393216281285355,50.72130580183643,83.51419048725862,38.14173276896835,52.24883005772754,105.98916757155149,30.12552147078233,83.13466464413612,107.5106223032357,29.870154381757285,107.7276882749628,140.82270441250452,28.37518722405193,69.9035290513432,73.5827231225463,28.37518722405193,64.24923830007472,69.8791894407827,28.37518722405193,65.96058917603554,69.13215229239188,42.115514797499046,78.15209011756653,119.58363948396122,31.77816687397861,84.15267034185251,117.31359353256164,18.579566296941817,123.85147293830904,151.9019526371063,22.42944257761892,92.32902999516752,109.65232116330131,19.422828063904596,65.28864444565735,114.40450673898621,19.422828063904596,60.612963818084495,89.34570992924743,5.182305402109921,78.49302656261497,87.56232378302839,45.904494213847194,84.36143910243813,114.6554088249369,5.151920596287728,96.59152451398099,155.66249696040995,19.422828063904596,71.57661642191042,125.97947605968953,19.422828063904596,62.809626804426166,124.70056516833989,19.422828063904596,63.740823112032004,90.10150242515527,49.96614114031149,96.14577030364046,44.76336250936338,107.82445162378043,32.728276918500114,81.39308724711316,32.7286450052238,80.6640284908559,77.39726204739098,113.33961081282236,44.26107900702216,113.3861134659117,68.5031166628528,110.95617141133752,49.8473815329235,96.8983488403392,70.5882829117819,102.93643694926806,42.44879486030593,108.0507734117541,89.30369365758449,113.03984756127414,42.95320470975983,139.1545170831687
59.99999999999999,22.926511521936142,69.76608208037192,108.24086323604838,19.535944304415104,95.45791707598063,104.93359868189506,19.54032997670635,104.3377029315367,113.370328625412,24.783909604421783,49.74404011463636,67.43047888871698,27.32660811967723,51.32049397792822,97.95806179092645,27.404386831709445,51.32065938326432,92.26631785215224,38.35201121072101,51.840227154186984,107.85118229635749,29.90141990368381,75.10993032672506,110.58465938184757,30.033867915012465,110.82114379095152,148.4426369016143,29.147319773866002,41.102393082230186,79.06835553826154,29.147319773866002,64.12452450290307,64.38068889092249,29.147319773866002,66.51946968213946,68.30237572828956,37.43007083129526,74.29420187734301,105.23639788310254,34.12227858387098,86.817319804189,116.17049161323858,19.195481713989924,124.25163559750433,143.70277376371257,23.032405103554037,64.3034217760091,101.22975200061357,20.066670127352968,61.99029983226633,95.36503998196176,20.066670127352968,59.798746032297956,86.82320736188879,5.308738263595627,76.00404695092972,86.35868611720893,18.3374836445032,83.46705460900851,104.2344851146097,5.282780415041543,92.24856085120318,153.62681349673423,20.066670127352968,69.52613631761666,114.63493108811073,20.066670127352968,60.97314620756615,122.2066689504733,20.066670127352968,63.09437607957605,91.43214126732217,50.440219462868725,99.73463218192806,47.04917670738023,99.09658921069254,33.4899352976889,80.72287007695655,33.49122965690126,72.60758170593374,76.42749696357888,115.223439998595,43.78321041880415,114.8892365611831,49.20209301118866,112.91571022387991,49.67707769791183,92.13033254496534,55.16692428886473,110.78418851613965,44.816314773611005,111.1943945729416,89.69064979895349,101.43949157046632,40.933351202391876,129.61996702659832
61.0,22.31291103124219,66.23751408807765,113.43802997967889,16.929002217426262,94.45525849898229,114.87400610097296,16.933529486064085,107.87511565509884,123.59607757200027,24.57784180477327,56.78282331797486,83.50965730253624,27.31795495326254,51.931256056995416,103.65767056640153,27.436276015861043,51.93271871928056,95.06468556480463,38.1755494522188,50.92503317763734,108.04481613088049,30.586390711516266,51.542778402059795,113.9333235898831,30.831839968451,113.8868413236,143.01710383527492,30.057133096820795,57.99560700844085,93.4736861671021,30.057133096820795,64.19737123467738,63.595402096227446,30.057133096820795,67.38476744314221,68.94521881673992,30.62415015906616,79.31285768010872,102.88023774387707,32.79789720142777,91.88317094374831,116.10338267444072,20.09644743577532,125.34526724035949,147.61099014536396,22.463960701488972,56.57556599481409,69.11738335861726,20.586919390719924,62.45380838169124,93.47897193535988,20.586919390719924,61.468881319992185,78.6916010491804,5.432461041455431,77.0968232238157,85.40257057126325,7.235921976006301,82.79927973090604,84.62529230728867,5.415875608490618,86.69939552069258,153.86860777301968,20.586919390719924,68.50664606963798,84.00548624109763,20.586919390719924,59.784899186838025,105.51570955044265,20.586919390719924,62.08794508711026,92.23539128206914,50.30531130490996,106.41390188553439,45.60347777156279,103.86958055656348,34.25019325921221,81.08033776437357,34.25361045225669,73.60941565952164,60.72631221861438,104.48932723930864,42.2645006434729,111.0928622617578,47.79542906171878,108.17068552514701,45.23058824329015,102.83821077913906,62.11522016054757,113.67314293790307,42.09388136879556,113.43092683431577,89.89851873692348,107.10150194155064,42.626420319133,127.29881951084069
62.0,22.811443709533894,58.52382232718658,116.29895653287326,15.949108512736508,87.82859696465816,114.95095400914796,15.951483483701274,110.46250558564509,131.77909422831235,24.451381313478972,76.70474626805259,92.11092660780204,27.349498153849257,52.764040440475185,101.49896757304849,27.510923206474047,52.76658917579744,98.71088368356638,37.00155213592582,46.17497810842529,84.47195249998978,31.453623573059662,43.15758416085448,112.48969525021538,31.736240810175875,114.91695202007459,117.50343428198671,30.97581718050389,73.78542676192986,108.09963051965107,30.97581718050389,64.74360710441584,63.87238828833595,30.97581718050389,64.31023461065418,69.90553685073218,26.896951524168234,81.31011226788564,102.72355920146956,26.34617431212066,93.23547189978741,102.47867789017587,20.93336132007273,123.99319290952849,141.5475521470606,22.419807707304685,66.2071912576414,100.3687442592388,21.243145953459905,84.3570576531512,96.24577349756704,21.243145953459905,53.779573712482424,83.03931906516313,5.560689512339262,76.8344931510032,84.57812056886347,5.596185782798949,82.02168158481024,82.74135475036385,5.549527688166242,80.92004410897049,153.79891700337527,21.243145953459905,67.86758877830356,83.95331957398317,21.243145953459905,59.143120674026655,89.74631402297013,21.243145953459905,61.082810854226324,96.31933757448101,50.94038029918727,107.27007388970925,44.08296023590881,104.72866980079095,34.913505226542426,80.74314349872596,35.032428070888415,75.74718057425352,52.02847459665823,92.29108927665672,40.47483397965891,105.91422576958895,58.99426637660872,106.50600794885976,46.124546808992456,100.96904871019747,72.14066893048077,109.84667203159488,41.12137135097251,112.17757808800621,78.95994506969203,108.32586436396555,42.975685217827284,128.66511496896337
63.0,24.22846637131429,61.38547060588869,106.41048963850841,16.056147013571866,72.49385316672164,109.77006671706819,16.057020651130667,111.80450844795058,117.05301933308508,24.22803409227845,85.89914825694473,94.13966813107547,27.49177725915623,53.79477941425779,97.5545832030136,27.708048690582242,53.79944834871248,99.66646119884574,36.13877556461741,46.45045924860774,69.30832656881381,32.51746388275601,43.191910300664595,95.26613839018299,32.80791932859923,114.71996043038007,117.79440936693591,32.03562470126032,77.16763683959162,109.40441093521311,32.03562470126032,66.11067577015865,65.6528646917667,32.03562470126032,63.71018818484315,71.04236313768061,25.596066444403075,78.10458055110314,104.70190997734774,35.37452585167651,92.91095588818081,95.51286425071731,21.03117778643027,116.59835121506924,147.45528988052297,22.895745778313323,92.13229333221766,125.44748417139647,22.038517418374585,90.05638816307518,100.8378108848748,22.038517418374585,48.336683927872166,85.7159008132274,5.833196668511327,75.73299604139976,82.74126902532022,5.832079499205156,82.4160254440846,82.6579059821219,5.818668459423023,80.15378797372361,154.74717172928618,22.325052477195047,67.25192159552485,92.36656604159731,22.038517418374585,58.670757205018035,89.18861074252537,22.038517418374585,60.23496928229372,104.19620695353045,48.33304693942561,90.18798470462428,43.392244271731016,100.8985338175371,40.81781183600969,79.36098566495782,37.29556917060001,79.23743268559734,77.55409220004424,89.39965145272087,36.957050182798646,101.48274901436928,61.248703218800074,110.42645307514228,48.18564045117346,110.04045168229912,67.92355715064188,104.20083759228007,35.71383134301922,106.3158658160186,76.9776850098798,105.94968070969799,47.71139144524476,126.41748055935382
64.0,26.823070120282612,59.61287235169265,96.83056029824441,16.531668752938923,74.61616236862828,76.7964435768997,16.52687811786465,110.78081190083813,110.47279632739757,24.065657889079823,79.7496240596855,92.37162717553058,27.71516509705427,54.95390007388684,88.9247767212197,27.94825981638654,54.957954691680335,99.13902878727244,36.37658695865585,46.766098896920425,46.83328872503501,33.44916034465527,45.07431411822602,49.32062949574227,33.58834654984497,54.80255425580217,93.24443545690153,33.23930279052195,80.12156503613154,109.74983373141924,33.23930279052195,67.8897093114583,69.67161219352923,33.23930279052195,63.014976983326726,72.4572977947859,25.327508353082322,66.93088738551045,106.02213925356972,47.55468547253304,96.08726037524114,98.2104617430862,21.392159727822015,100.93496333907036,144.9090323031696,23.38244403101855,101.89169287721576,127.09320473779614,22.710998350835734,77.90676131938002,111.20768311807447,22.710996617874837,49.30191543612732,87.0699877058352,6.035658930879622,75.54500967092466,83.73270189397716,5.957726688186828,85.5666187832615,85.58576415120895,5.955025094900908,79.81067504034706,155.82463762801748,23.488172485258527,66.58962900412905,99.38128456939549,22.707295083298668,58.28176194999673,97.63451327075646,22.707295083298668,59.47053820286334,103.20555740959509,44.75714865730157,109.11439333701114,42.81888524902928,108.83800167762595,42.56511169169352,82.30152361179218,38.237698616339564,80.70316573182653,79.36587198705676,92.86352844897345,37.560259704799144,96.21670594717982,58.34798783913901,112.29474542556471,50.086965952291614,111.58312181242434,55.53072862737735,102.99252273357523,34.87468644972784,70.47353281878422,75.31865550674672,109.19541249164139,48.46512913815008,123.97217922410772
65.0,26.863091539437466,56.1270942774594,100.12350589218852,17.18555537171846,77.84343790673539,114.98211259934645,17.186040443576406,81.46612688804498,95.0580966186043,23.647580721673073,74.29131563217685,90.37257973079332,27.795494037138038,56.33368576321576,87.15527851218731,28.023218794052497,56.3488878269761,91.85639134446191,35.894254462939344,48.044308658177414,49.59146311536353,34.4700447798868,46.36888166234583,50.120004296360335,34.480989261539946,68.4345432670477,115.01178420199211,34.45382779895436,82.83135576116639,109.51731166532215,34.45382779895436,66.82272461377299,73.44391089934939,34.45382779895436,62.17951837020774,74.19332882974382,24.23226400531304,62.31679354404961,107.75727797459683,47.673646401981074,99.6449748461363,102.7001279545134,21.18023221255993,78.4545674260035,147.1870531289623,26.99352975960334,103.45702450802152,123.7657536493067,26.93928968746397,68.51052985266647,107.20458534710922,26.939286067589585,49.45653992834388,90.28827331185357,6.921851975360933,61.0628073208844,85.92636501257434,6.228634209892838,88.80596826790416,88.82147202263484,6.227920189219767,78.21370502138095,151.96345879174882,25.00830311716555,66.0804906912774,96.13150083161224,23.651770546832218,58.120681446948225,107.23832907377276,23.651770546832218,58.839573643226366,103.88456793182945,43.44982933867112,109.5246980567444,42.251056209595546,104.29426544701474,37.64344870436197,84.21247214053652,42.675066206733334,84.41279127135334,68.18587778194895,97.78655172028337,41.24176004092268,94.27599588101894,54.42159173688392,99.52884086113188,51.01075744479431,78.25343233627525,54.2396077973273,96.31201090980845,35.53221852120715,72.35524433294786,77.4207503639746,110.48148811917743,47.801426724778295,115.84651904781437
66.0,25.33070998653878,57.938808607130966,97.67357918166873,17.753699815446396,81.36297861448331,116.529854897113,17.753958159242902,77.24415362008592,95.29007497058555,23.443668999973582,72.41210328272717,89.71589405450858,28.097859672901443,58.430196977254525,84.75233641663596,28.213229391411268,58.422755554984136,84.50471917630445,35.617054281809544,52.30501838785452,57.953100229770875,34.809288374137004,45.842093103090264,84.11107921397497,34.81312603693985,50.27020299898265,124.39786530994215,35.67809201737111,86.0497910079508,111.25939637009557,35.67809201737111,65.85723299949616,75.61907619808146,35.67809201737111,61.06644450159407,76.18941625308689,23.309036767469554,58.68646929243988,105.63714897731278,42.80873478156063,102.00017707934688,106.66043159731746,21.09101665782993,85.29323928387622,148.3397929155707,26.482400521761242,67.3562883828771,120.86678020985995,25.93249393074207,62.69273740944854,107.94118770125802,25.93248666891113,61.58555011468459,90.70408585058392,9.880530704025512,41.24985614848733,88.94710821457834,6.369709618130843,92.34296327190913,92.4626329309962,6.369073939325997,41.65278836936157,128.62496886158476,25.641910134328036,65.52942174507157,88.59594640825557,24.468168096529006,57.515530058897546,105.25576630585843,24.468168096529006,58.31462628944166,92.33192014326039,43.93260998768649,105.62337360370553,42.79700407278692,102.96984680554307,38.75775215994459,86.71646852729587,41.173003489060186,81.34864486552945,59.93748822584642,101.55268979725652,45.59000564788412,93.77412693719214,49.032094590490374,89.3571023954362,52.148114177373,75.0567759471431,43.51552849651873,99.50211163562334,35.06340037831539,77.32301275895182,77.82631949365059,109.87849734176487,47.80788223310504,108.91350758166759
67.0,23.173925601122566,50.94925281675477,88.61914964106573,18.977590838562364,84.23502679797897,106.46173014799446,18.983089210909064,52.86087999363487,80.56979400196785,23.277873218421547,68.9097747867736,87.58605315916154,28.107135855992933,60.03916394034722,83.52024523795436,28.087908191291575,60.02774976576859,84.07487797699093,35.42228767486633,71.35575026494656,74.87611409602738,34.40917642081695,41.30722764518738,96.509429448719,34.41095663370132,39.20697838861377,109.31822566876865,37.186237373523014,89.04804150788506,106.82387304161159,37.186237373523014,64.15294359764172,76.60865411402646,37.186237373523014,59.35113292512961,78.30806017106346,22.075763103269747,61.553232657502164,106.34593859828439,35.547757707640834,100.69362164995154,107.32646646976231,20.65231137868949,97.60135686128449,140.77229145103036,26.12606613589146,50.99069191466372,103.47785337705017,25.754294317790713,59.27272195815562,106.36469874823183,25.7542757822363,51.18254809282324,90.95268403042988,17.525583332785374,40.869551278606515,88.09117664030225,6.645887891743243,95.92795824191002,96.12359844834772,6.645183898950284,41.64163226067269,121.8040744855418,26.233608210017564,65.0580387282272,81.75232342886781,25.42776533634051,57.20792293697486,92.71709054308782,25.42776533634051,57.864786903884266,99.15096969282357,44.091015098211635,101.40315533888925,43.38346292458693,103.41359124549541,43.76474559484942,88.60305827719351,44.3424530680323,73.19237481183768,53.38140875995549,97.03159116662526,46.78519692975148,88.03819149640607,48.77621067346886,80.74831550355992,52.93806336769331,76.49174647706889,43.77702633873632,100.28940193248512,37.01118706871511,80.35918399840148,78.25972903112346,104.48630728866019,47.58970824181298,80.6758354131585
68.0,21.79262080993468,46.15524031853946,94.70713247478307,20.11208391766355,85.9684897050857,93.36289059854013,20.11260521608627,58.13767491721467,66.13533928984559,23.14346075455792,55.93860110791517,86.40950942184959,27.86375384170237,61.511221515421354,82.85185391958845,27.878078598715465,61.495464294518214,83.28328516536982,35.40575191004581,77.87430097910017,78.14454290862214,34.22063213081079,48.6555224879882,96.01609297342114,34.22009637185969,43.98018902089045,120.54344928063288,38.70595884356826,92.33334444412857,106.08618557082866,38.70595884356826,61.15428704057308,77.88545850883402,38.70595884356826,56.729038377989426,80.58688602054895,21.214258523860458,62.74589001617091,105.39518463255129,30.590010570624226,92.44180302109613,108.85930725665378,20.633306060438453,104.1918667769531,126.69478814216326,27.002521313972508,50.15895622518081,83.40987269700484,26.716320406226213,52.05299035426904,101.52996656638737,26.7162823985463,58.354674635044674,91.97117846745914,28.06635490510419,40.772069906469284,87.64007630827079,6.925237581267194,99.96047357342965,100.94092111459044,6.924439701451716,41.87129565452828,115.96069190490934,27.117791746318158,64.60281522756175,79.02681470784968,26.532833433314277,56.90992330113772,66.57719227401412,26.532833433314277,57.4522078058795,80.66332249878626,44.02991824314611,78.6833599505934,42.99946321214912,81.25882696930951,44.828457613654464,86.06648911399145,45.03808468561812,73.54070205913592,50.563090178884124,107.27378442135279,47.88509461585265,104.66514646362596,48.09968336388011,82.50106255528048,52.59664519734366,79.55305774593872,52.04297095125872,103.8537955492413,48.07077379285932,71.08326590287838,80.6344181953123,91.78710142703277,44.645942994948165,77.03933016500005
69.0,20.614046304460658,44.12134621479032,96.16145041747554,20.693558835314153,86.71800637894736,118.54997176462967,20.69438760790164,58.462530610571505,66.42146980835379,23.021275099663388,59.79952138569411,87.12364965146683,27.66734745805052,63.037652974103125,82.8345851524041,27.616958303993197,63.0093292033248,82.9356900455656,35.11798782621969,77.43825423416592,77.56774754099354,34.033892780395654,53.51513816896382,77.41604683372252,34.03484034565877,50.130018596863984,118.75553585998614,40.37550309284083,92.74189652901987,103.3545616312672,40.37550309284083,56.865651238735985,79.97984260526692,40.37550309284083,54.95910464363564,83.02921752397937,20.76476024079603,61.61919366213072,89.90255050408699,28.399501639956963,67.50295572612134,110.19014891070863,20.719828889843104,72.05401652277219,121.40559626371142,27.789753278869604,50.75353236848376,89.61640230124672,27.598164577680482,56.88963392986403,71.83295924959053,27.59809263283136,59.46936634978519,93.77097541310536,35.29877766082802,40.71682889311575,83.1294805090787,7.20475808433907,103.33867898229948,105.56077825431805,7.203927650989423,44.025823476502424,115.13181416014648,28.13044767141694,64.16768143082103,88.34688509743776,27.64581794774754,56.63432967989527,69.93305043584922,27.64581794774754,57.087163671477064,62.7483412091152,43.12837047300569,81.74877644089467,43.077177188941576,72.85492555303182,45.97594956241553,78.89979950015393,45.99324459828783,73.9439832931695,47.40760998689734,101.91582889421063,48.894975700176516,100.09345433438082,47.54739724609356,79.64600548301418,51.09134637775085,71.97387605414777,46.28204402677227,92.0595019471576,46.32542928298508,64.97851680206863,82.25400745316352,97.24546531573229,33.741917682912124,74.51885533833381
70.0,20.876350319708543,43.78198858085574,92.45536061501156,21.109739509888804,87.35354226466744,124.93468552902922,21.1111132323784,51.71049481693489,91.5889443483801,22.700358271747213,60.12073334582362,91.273806494281,27.21217419425488,64.76431675693405,83.14054386282449,27.212171041800232,64.71411906242689,83.0856570036517,34.05987869327578,76.93149500100593,76.95446270975556,33.6849069334028,56.71264616980875,75.74234223988945,33.685901314565236,54.36199166301484,111.24431414368314,42.19628241918949,63.48925122193109,101.56536537264908,42.19628241918949,55.926140070234645,84.05985785578879,42.19628241918949,55.3917634650248,87.29799339064965,20.77077710134764,59.34357880861042,76.48051747971584,38.00503390631239,66.6272975779116,111.70870279034413,21.16761389001003,71.41979213981476,121.74472737347232,28.434484045185535,49.71645201274965,76.2778889907201,28.387805909260297,63.42256396926286,71.66872287575349,28.387665274220613,49.96110382357655,97.39116045736904,38.25363878626576,40.69928307900313,76.93743667043653,7.626104180154098,105.6470548525156,108.01028137079776,7.625327319716354,84.78928554717226,114.32153312169552,29.26306025617875,63.74089808936651,91.42906615028652,29.046273043289688,56.5040329217632,95.19336615846892,29.046273119371815,56.758444621134295,62.93904097672861,43.87829511607397,96.85622361411131,44.34203341981778,80.67099025823761,46.58527318665424,74.54022379692954,46.58597408598008,75.99551331258185,57.99622977295407,98.69013355436022,49.859724225461186,97.4545000757803,48.083492735808,87.98599984427084,48.904693976778496,78.73460005622758,48.07195318795512,98.19030369932429,46.31817613023245,71.32353342084025,75.17633784754248,98.37398522628762,34.86551604190423,64.6247170620322
71.0,24.184866171606718,46.37627345983083,73.40384527519933,21.588069234046266,74.96043079356846,79.12564591001787,21.58974009255073,45.44703697471542,70.65356289155396,22.77327398947771,42.555693088623464,72.01545294259068,26.6079404375523,66.82990878036445,83.40389878960535,26.60794126852163,66.74959120951027,83.38197625600269,33.80005152440328,76.43819789106549,77.24891065847305,33.52077414291389,58.416232207050534,74.58314294117935,33.52084244771934,51.81639160422519,113.16758921513818,42.02691102139199,53.2355156356904,84.56921189596116,42.02691102139199,55.420147843269646,83.69873681328812,42.02691102139199,56.05849603905163,90.30531327277131,21.1806141075293,59.43505045917408,69.45319336576881,49.70833181673605,69.26867167597841,105.26962325027371,22.140199152388988,73.2995642359754,123.15324291707812,29.256313741623288,48.930440441554325,72.08260658929657,29.48190972787459,60.32127614576818,89.51537428689869,29.481626869738644,47.57684573403327,92.79275605658461,39.26056781588213,41.040008344950614,74.47249201389943,7.915486683427086,105.58737465243995,108.22461702976292,7.914815482627199,101.4700765830041,114.14492636131736,30.452659614730383,63.56483177538808,103.19149341724255,30.454109815665852,57.04450367825381,102.90877248013754,30.454109804911184,56.47740740921309,63.40133638294845,42.95092912901922,92.23822516318678,43.79768620761869,69.27738252302822,46.992981562001795,73.5949906446333,46.99344346765498,75.64602105411663,68.17169449284725,82.76903512060007,48.47839481275103,79.07468562859304,54.439164545838544,97.99283723897526,47.69785088163533,82.63300797303638,36.68925968657599,91.06627304817725,47.13663985683433,75.84308647583556,60.709920850073516,101.29438347467593,33.54747374210564,64.1849288971407
72.0,28.331115865021516,53.467349467853104,95.72239600593065,21.961087528790696,90.95884690033478,104.58083485888001,21.962232416750354,44.20418212813787,73.74942658139838,24.254981504153655,42.173083391210334,80.62094082307223,25.89546243443041,68.23287452780777,84.92194948780875,25.89546174944908,68.12235496427269,84.90131288544185,33.66242881348173,68.3215970269621,75.1022481238439,33.36412755453315,59.39825476847464,74.84089109210493,33.36406586894421,52.7913757787537,107.68402147771293,41.79337567127116,52.87466067927327,64.96717209050034,41.79337567127116,60.20572263783751,82.30589600658746,41.79337567127116,57.535193933463844,92.42313266308916,22.218499026934467,60.39701946517952,82.29019759350415,47.49541185534044,73.19713716315614,87.17884200910922,23.077181280751976,70.11409132246006,116.99376462499225,30.34199382503123,55.7869598252377,85.89718225693446,31.16709337553306,53.36506291932193,90.88002782056317,31.1664854012267,47.39307329619749,93.65996547310911,39.24100962210825,41.450093792634526,56.2759441130752,8.363657541835503,98.45934771217895,107.82500220738115,8.362997741437102,105.58147756380342,120.33765283217633,32.260791715680384,63.28018853386402,104.83556088956539,32.27515389885767,56.821863192195096,100.66869155492,32.2751534523412,56.33118362151157,63.425064516447485,41.9966339579109,85.64767705716278,42.03100963927007,63.13610642255228,47.19452315756879,74.7004721503679,47.19472117870638,75.31801635617438,71.42570574395278,80.39471344981744,47.67285717263432,76.02036717588354,51.832341407424586,98.7382019628608,46.497399718782354,85.98175887388224,33.86630570242113,95.2351981389649,47.1050416368536,74.83155130086857,63.65648356508456,104.99474712114443,45.148413726469805,78.97221562167705
73.0,29.490780218977093,49.3476071895043,97.93131391749512,22.147629516246784,84.2271792085787,104.62104519529083,22.147298420700256,43.72346391237899,73.82712049125489,27.437280594996015,43.33064999235898,69.82087332851995,24.290044256855523,63.70261035351668,87.00088955308553,24.290044256855523,63.7562242377268,86.93848463189711,33.54743470528788,54.56235390657241,73.84189554978482,33.21438484071752,63.30942426020759,76.90130930997613,33.21341330030234,60.72853783785073,104.03489203938139,41.57206093038929,54.587197644190596,60.23592270450073,41.57206093038929,59.92568405747711,82.91777098014686,41.57206093038929,58.20829850816086,93.12317956553818,23.487985867547017,46.280140261535514,86.71194344471914,25.29667914832084,78.29519588546802,86.81598052491749,23.488348844755066,67.94354430621175,103.57819760017755,31.33364156620576,83.38040853742444,84.82575806834664,32.94038913536466,47.62424508749016,95.40179988905624,32.9395253653496,47.12719728622225,93.01865703760843,38.973617555569476,41.85594494626599,60.75641323502786,8.984076940967137,59.758593733279056,110.45645376594256,8.983413163949018,105.67280844371872,127.27407340497838,34.05170763734175,63.026079242709145,107.1282276387494,34.09675913546204,56.87181070329288,99.47748330969301,34.09675925577142,56.54254751097398,62.935872428875804,42.915139951641386,89.22547600901532,43.76616047032976,70.43916620909319,46.05133131186411,74.13369852047005,46.05155692148381,74.97904016624119,72.20598920007107,80.22434094916066,39.97062198891881,70.80981364989309,46.04830304541091,97.99520383951563,45.942372094143934,76.42929703625255,30.481721752118013,90.7404390693898,46.71598140105466,69.55067676709653,46.76703766325246,104.57011742075646,46.65667934050556,79.19813735918828
74.0,29.334884245679987,50.8787581666716,87.44703725179423,22.08601473962256,85.76981318133761,88.40031599418707,22.08544036181937,43.884549780221505,76.34283361511442,26.38437392679948,44.029339054563806,72.903266478894,25.725109329213744,62.44879509997535,89.0226346182992,25.725109329213744,62.449008892943695,88.92658402886399,33.26688917310808,56.02695074450732,75.29301368364904,33.07078745583148,65.23374415939297,79.87430293815005,33.07000151194433,64.47248506404992,97.9234299154034,41.36316295932892,56.654623434924744,60.83268969394024,41.36316295932892,59.10522234997262,83.38996288484594,41.36316295932892,58.69740559359423,94.89316234373572,24.282555165807253,46.01147323533175,83.39100706522464,23.653062828324238,83.17718446246809,85.93547143357758,23.446132897678226,68.83060328085205,95.50270266971089,32.55466279100408,83.03439066865768,83.1214456365977,35.21812409513982,46.96196717233308,97.67255288513417,35.216925521496236,47.19220469227307,92.5684782046839,38.16233204247379,42.19927891264002,67.86253688484645,9.52617697001044,47.45191994584893,106.13503308225191,9.525512780144444,112.9209361635719,135.0440847701504,35.92884822335577,62.63934796965911,108.38947286170456,36.04318182421439,57.46411603872854,99.43993275758463,36.043183811722606,57.36430619645585,62.45780746997866,44.92420529504138,86.08200281451867,45.31854122551856,70.64473327370476,39.45376760225723,73.5910751932089,39.45376397390969,74.59236173434844,59.50849599238733,76.32773861878587,38.62208434986344,63.82263569503928,45.62234978744986,84.09365101139338,46.07136997303079,71.78328696651356,42.00209287519199,79.84497082701273,46.68240953415137,72.80184489481823,43.14763048246082,103.69243019574657,43.41921098899033,79.74052899585149
75.0,27.625050837499618,55.67765126663151,90.28629510208643,21.872266658821744,85.1224678850665,85.79904290697445,21.88464761426905,45.228535064579916,72.50904941736735,26.315051175659743,39.783461183363265,58.67124367563437,25.653947064730605,62.22942767548591,90.59408161335136,25.653947064730605,61.02702806861064,90.64879997617258,32.80846458454122,51.75184767784667,80.73735237941666,32.805800604938774,60.47629903360416,71.21307561589843,32.80434422450783,61.050170845524,112.18026281851013,41.16687078222001,58.385406343740954,62.059876383488444,41.16687078222001,59.11065609700032,84.38115098068053,41.16687078222001,59.38512265547217,96.72564881715148,24.806085330409125,44.418671039357505,69.72815805624813,23.332297632005254,84.0288711606273,87.64333463026222,23.332325290241837,71.15083989304324,87.4409784066834,33.25353924905307,82.63228411917143,82.74022492957425,38.10627604377337,46.821541056022284,90.17086716209786,38.104484845357405,47.03719009245729,81.91179094588882,36.36138740502384,43.28039222806896,68.83115947398926,10.413693043621734,42.17815520008878,76.2183034670496,10.412358375398757,103.58382816765032,142.92685046179773,38.042861001596215,62.377251294640985,108.32320981335924,38.3544661883095,59.568113888885115,99.66604831029568,38.35444339778769,59.676829182628076,62.11767822728916,46.6282537028454,80.79838939191977,46.7289348931641,78.87432853663076,38.97859087963388,75.78259808987944,38.97858894265106,73.6003053484398,46.54243286366795,87.24578125047775,42.31374991615427,66.3096898329078,45.527638764489296,76.14152060555098,45.93643060662498,75.37034136895691,44.3094715097441,77.92265646010713,39.95986101244713,81.8479650260163,35.974023385927715,95.73988271778333,36.115841790397084,78.80701891974039
76.0,25.79740325108609,62.563252468436794,95.93228148518496,21.69420910676225,63.34983259837085,84.94389186757014,21.742900153849636,55.66204916992762,62.90635393516784,26.502206632392223,37.77161351685991,51.83227813839245,25.526946546737626,60.49598420938713,90.08652383607689,25.526946546737626,59.89665220048125,90.82049558038787,32.68253458514457,46.2197575720029,86.55666572492046,32.685164850241215,54.87392999087812,71.93113259113666,32.682530794945,60.41914231238806,98.84045220035777,40.98336552797976,59.434906283610914,63.80193346071668,40.98336552797976,60.979338551282225,85.60900942800785,40.98336552797976,60.51997699987725,98.2914116330103,25.250327968643504,43.99463985906266,74.51099529568324,23.22942638120881,91.95725509778414,94.76042008942721,23.22942638120881,78.51758087023025,88.97233492345737,27.233096210753722,82.25949285162987,82.64753451122185,34.063576045152104,46.63290417533081,77.0453678341466,34.06062159683282,46.97613899335529,77.50854661565997,29.724786818463762,44.09719831446446,66.99399197040631,11.849674459299607,40.250422610795304,72.42338631593887,11.845559766310705,61.266549122292815,145.3416602821396,40.055624056955835,62.280047704566215,105.79989471420537,40.652522580775546,61.31018791358003,65.3490092948185,40.65236509734373,61.39509929255243,61.819276906555984,47.81734698875227,80.84989603168884,47.793043260262614,79.44711611556902,38.94079877595938,75.80620848916763,38.94079746488117,73.3217215513264,50.13736636436466,92.30599405664,41.521872916171844,63.44459664059893,45.62707057367524,69.9603321388706,45.892100163221286,78.2915830679076,47.133101053878455,59.73833261196946,33.29746627550995,82.52729005071258,34.331426156386534,81.85066358014565,34.232291092122715,79.9041882172886
77.0,24.159066092103192,68.75742730696349,98.19883452952769,21.589293469537303,60.19886666039344,94.35550351635278,21.636508458804155,59.57191689733759,70.48259613949318,27.48212251853757,35.900270163364226,48.68164056434648,25.409151894543825,59.66331668503201,90.60300193815941,25.409151894543825,59.66340477019418,92.08767706383125,32.56758051292896,37.89865569429941,83.20248135099892,32.57663517782052,41.32212364721714,74.6181438138211,32.569195537799885,44.02876863033244,80.10820184281125,40.81281967715536,59.11275837321529,64.44091271096492,40.81281967715536,59.438209828637675,85.8512877283496,40.81281967715536,60.13380794007392,94.71336683404438,24.87016411809188,45.5264406428015,64.68009424050234,23.12749986487947,95.48144528499293,99.83747799339673,23.12749986487947,64.23434132002932,100.18104476959161,16.107127785824808,81.8401198529907,82.37296671657377,19.174649053103686,46.73319288461822,80.86030811240671,19.173394177197725,47.028726582118445,81.34512710353488,21.579341325512434,44.125821704373614,68.81419039810618,14.098589416213322,38.8921341792659,72.4734000141447,14.08738482189522,46.54075005565976,137.94310298391423,40.39621742651561,61.83877112055606,99.50270030127167,41.16564336076315,61.50330226809388,62.56914870286384,41.16546099826383,61.50541876457163,61.60183926081717,48.7553447170584,96.44497874111651,48.742008230513726,74.23077242783688,39.23245535504065,76.77519028967654,39.232597146832894,73.55038765091716,42.05196025320306,90.6334256670356,43.146374541162245,68.21310774043737,45.91276780512557,72.34219388314584,46.13226495030919,78.91143977138763,52.65128723608624,71.6612548505077,46.460069438210304,80.02245541237362,44.319284758917114,78.27765437064373,44.267452850010734,77.89546987998962
78.0,23.042341341069076,69.87806007113367,92.07890263705589,21.534214092847705,52.18044535281875,93.19142561342197,21.547873040760237,58.48605964235875,84.090117990203,26.907257435799394,33.569450788138525,50.01188847657172,25.300691690149502,60.25091113078971,93.00035918381731,25.300691690149502,60.25063405494165,94.70955662790874,32.45978420804557,36.96196455660232,80.8626073274114,32.46182383379038,38.52131012977799,73.9711730189077,32.46273480893427,40.363251482041036,69.52260079196651,40.65539632078379,58.22111642277602,62.70213045135077,40.65539632078379,58.40010476937333,85.5809164152541,40.65539632078379,58.97471918202854,92.2737059588286,24.02955170484703,51.767723601610896,76.14129290417422,23.064239621816146,95.43041898713109,101.78762593181331,23.06423867504158,60.68193732201973,102.36019290551504,11.954047104878741,81.4801475048909,95.12227645996828,12.832041880523041,44.39845471256461,87.67760130002632,12.831974225787679,44.481096630564295,81.64567873677738,16.17647190491796,42.38784674583231,65.06733204477784,18.449099065686553,38.90611610245256,73.39244394612476,18.420380033053902,49.32639487030913,120.35629448462196,40.54962680121648,61.236456237556254,91.33545993244707,42.07346535339783,61.28851454328906,61.75714926612819,42.07317266220119,61.28850542723677,61.34670451995046,49.901551074820944,96.07269971993276,49.905433209742505,89.71121223489422,40.280727850881064,77.08858465347494,39.68154109585462,75.33930301568552,41.89288113660665,83.23772562695285,43.61344064980902,73.16600644673032,46.877399900156476,68.82298150053154,46.97187734889081,76.48634619570059,37.64456992082265,58.25966185919014,46.36546590112078,80.70765918040384,45.45393805695361,87.53351002572064,45.29952743747323,64.65051641275568
79.0,21.558682017631103,65.36859466840032,95.72187734021803,21.53500552003931,36.55595865853981,67.32016745093088,21.535936061386398,50.69462533930192,83.21880464654002,26.719065242591842,31.008674854361225,52.929003873896406,25.20168645150558,61.444710884917,95.15262625456907,25.20168645150558,61.46219438002991,96.70571160524743,32.359310870288944,70.70628385280153,56.13044883265729,32.36169685231311,37.970357716306395,75.91585178627184,32.362197595384956,43.84317984362335,74.60233336148035,40.51124843793387,57.513317917116275,61.71056831836237,40.51124843793387,57.724599381548764,85.54279831702448,40.51124843793387,57.89408809855597,89.36902566576977,23.285222570754794,53.6313921330556,71.62585745170084,22.9772278396594,91.07402651226529,102.05227355273252,22.9772173754918,72.19917654757606,113.22406269808836,10.901015149771148,81.34961021329997,105.60032331719279,11.640929888074972,68.92315317904215,81.57812683584129,11.640739747825382,69.15030316072983,81.40750376574229,14.501165802837871,41.0505869061381,61.38054107485118,26.385182106786214,38.83122665872476,73.74019749420357,26.329684758085385,52.24565330244185,79.84160848552338,39.450589379487774,59.69754317983683,82.42584584848737,43.084343233735176,61.10104234007316,61.25815746408676,43.08393110842559,61.101037482966646,61.147482638471345,50.5562789594579,94.3808450181447,50.56328581208219,86.79548318228751,42.170172297468106,81.96231187688554,40.19139738731381,79.63958458050426,41.722399633133676,75.43923970561661,43.83956326241909,68.28197610136799,49.276680998771404,75.9803111446919,49.27863272833545,78.49948497896983,38.588310482393254,64.06095193735548,39.57146249941275,79.66760114453017,45.944992015476046,91.0214757940397,45.27172618013292,51.98229554422204
80.0,20.65191654316948,61.14764327269184,95.90614811867994,21.50816724960581,43.4359444816423,77.62721080612586,21.507772936451406,50.56166991592009,86.54426305747866,26.7654403774987,32.01035658275225,68.5633366740439,25.112248007695367,62.39322477324165,96.36775503002589,25.112248007695367,63.748463022544954,98.08773816244579,32.26646866330432,73.59010282310184,77.47734979918897,32.275809529597986,38.13569351249098,74.37959334907478,32.26917978160056,44.94620006606464,71.29669095850218,40.3805181987552,57.11385542769469,67.19572389271148,40.3805181987552,57.15608142944247,90.89716847556095,40.3805181987552,57.32056286632069,89.45557264912263,22.966084207576095,57.983907025915855,71.88002951043644,22.903810081149576,83.38454277787011,100.02012633528038,22.903756342279753,60.65976502760389,123.1342585310839,10.43591622196563,80.00564209141412,95.36612575999607,11.54227067935999,70.27578329943078,81.14094316116082,11.542095314667904,70.85469052061462,81.14112847499332,14.67321475452501,42.632842064718496,68.94518766453527,34.184120832948764,38.82798635352581,73.62133033674374,34.13795472992983,53.24984904849798,73.55216829659126,33.17458804898429,50.92162957933001,77.13995898578693,43.16556267311022,60.870230282258625,60.9504624558788,43.16474702723429,60.87055185743619,60.96990331128093,49.68812471409281,81.30775339053127,49.59150968877176,68.85972702854868,43.016886819063835,78.23818954671121,41.342840800314235,82.75481659064754,40.93654975694798,76.53798932069638,43.38359216292588,73.41519238213817,50.5760539146076,83.10819380784231,50.57705017440697,72.588017800796,37.17732378423615,62.560535336505296,37.53053738309284,78.31062527524827,45.2889062948179,95.27514782314101,45.10200792469624,65.9845401514548
81.0,20.562284627281777,60.834102467715006,89.85701218673377,21.51173801374258,45.10615712759403,79.74195657017286,21.511360367932603,61.68489046383161,80.41756402143123,27.706015287270986,48.604365633812336,78.49083279820172,25.032478902417953,63.78222668193606,97.48089801277595,25.032478902417953,64.12997977468558,98.79946677741175,32.10334873498402,73.35038981651596,74.32721771932097,32.10587643437909,40.90547068715367,72.58250346085015,32.10570956390209,41.84742357431559,70.23642056001185,40.28568294071729,56.95831970394248,94.64006039350424,40.28568294071729,58.70133824411452,60.52640916757864,40.28568294071729,57.09985669638951,58.1180712047682,22.83401245377717,59.73844236886089,74.12026721139944,22.864466096608872,53.28922152394374,73.62020804041569,22.864218528525015,47.803335161768004,135.12411069040152,10.237631366215291,77.4172096062935,91.61165198687796,10.371827027503251,78.53417885227304,81.18417572552656,10.371761351375508,78.8030020811896,80.93200066318117,16.239690754329672,42.36629045936541,70.22535289851622,37.586284887934205,39.20775534961256,73.34225486195346,37.57799731939639,54.60155037992621,73.33707189138802,23.994788391434984,47.29703820678105,88.94728438730446,41.5181801930365,55.93409995538704,65.53251031107101,41.51582079454245,56.230603052380424,65.65630983089572,47.29111347209522,79.08757694770352,47.43737441121706,70.92603959667495,43.727476003322735,77.96141129339195,42.09304927327472,83.62796743695304,40.84019613319815,73.41610589696414,43.29910072602181,75.34146689545105,50.57117972960315,80.14493686570346,50.57019892652635,74.84728234359179,38.11440664804029,62.71160509382952,41.113781988026396,79.40678831576086,45.096262097870586,95.21873939516604,44.95642958739359,64.53870761704192
82.0,21.603597505273825,61.00845376407601,80.47608170578411,21.554491323271506,47.496501515397036,83.48853960257283,21.554137346890865,64.46377304872186,73.07262354837559,30.557164642328,58.712208360415715,77.43166776634975,25.053368037052422,65.86694025342148,96.7950771992771,25.053368037052422,64.17358913253062,98.70871851499447,32.03318591710789,73.16714770204463,73.46232109299805,32.03355124521106,36.52509866890828,70.94727950171591,32.03577671855395,43.27306106945524,69.77811809557528,40.1794257052039,56.81843368070991,95.46906682217022,40.1794257052039,57.565599570151,60.46816416186747,40.1794257052039,56.781221577764974,59.67046251021373,22.783655178944315,60.30682425755555,81.04120873535217,22.972489551176693,51.586336719916254,91.17200395107658,22.971412857917482,50.86052173870796,140.38222450077834,10.141042369334345,58.832214072030595,96.42524660908173,10.214852096635063,79.05316495753645,80.76248179879418,10.214806427281744,79.16464293636933,80.72528932127827,18.46099850704845,42.29187819975459,70.75703259069246,37.82188086251954,41.66633971122621,73.16748765674546,37.821246441607634,57.386608054208864,73.16820989950504,17.208273640721416,51.986252147682755,97.96417228940489,35.30114887465297,73.98027812106933,97.20172821466187,35.29714699311621,73.99248760671182,97.45969605553498,43.86101791638725,81.38139743151793,43.90452449505189,69.95182278427065,44.28931210380448,78.85281305878205,42.240011059204946,75.83287273046689,40.63502057455608,78.15826358121095,40.83770447405933,75.99467474439096,50.45936764929741,70.74074932885084,50.459925241738084,74.64742685215786,39.8771532620068,58.88092191081425,42.448049555858475,79.85928890382068,44.962482260953784,94.20019665137404,44.89156853434746,75.87706917976521
83.0,22.54972283120491,59.81731065133229,70.04192891231786,21.58812158543403,44.7691056064903,93.92181924466107,21.587780088370735,65.5658303742592,75.0404894166558,28.068800827717002,66.66175373991857,74.9689804903454,24.962505602472834,66.28971737864707,91.761466378836,24.962471832733232,64.69888993745322,96.72054629988094,31.97167191500923,73.16761090214007,89.14196094080984,31.970889099084264,32.81086598792348,41.98454421025666,31.972980127045503,44.61511726452533,70.20546160739892,40.08692118384748,56.759967769589956,97.49920477002425,40.08692118384748,57.35760006651356,58.19912091287442,40.08692118384748,56.29805869844474,58.38954906102848,22.72739171691293,60.64492215911301,81.66659800188665,23.610863301566102,54.18846303690067,83.62360980041656,23.606298238185648,55.14147273529783,121.79805663363402,10.085867405875103,50.11796613704631,91.62670554307151,10.12548295884236,65.21858358037204,81.30560029475826,10.125456809734855,65.24878718899392,82.21705430337262,23.803167061461735,39.62370426954515,71.43214243941253,37.756526149409886,54.773733578573925,73.00124142780037,37.75640019540522,68.69476201518034,73.00662881478006,13.472658306269487,67.70317315842989,98.26497705658522,26.879640948453513,85.18938915630721,91.5721599787222,26.876089888131737,85.25240675936668,89.8542509357084,42.59232738512286,81.18438032522032,42.295573727044,74.15307629088706,46.05029217981478,80.17753143619376,43.87073955301642,75.24690969025666,40.70307946925392,77.87032193603744,40.632759384403286,76.04807814840366,48.679526204716325,74.34288137576245,48.72674544139475,72.72918570456504,53.56029960359091,65.35024014307693,47.15678297462943,82.2205938712765,45.096741862451545,94.16605427524976,44.997100189575306,78.59031123325683
84.0,23.04212154521097,48.50365760222499,73.41257702267723,21.681654433520386,41.45651447068194,94.62952565265604,21.68124046438558,62.28946449817295,83.56927179442839,26.859491075095583,64.90284614106662,71.96845496386015,24.902416325269343,65.73963571175781,82.99214394110679,24.902309129877896,48.818151245881495,92.43537036052373,31.91590512581462,49.68783363223553,103.8954676006091,31.916137433301234,35.838854339772176,38.802346073428545,31.92085343368424,46.271000703999086,70.85064748939814,40.02288407898661,56.95996795324326,103.51760061137747,40.02288407898661,57.11488514562582,57.87860881969231,40.02288407898661,55.5449078817214,57.56565275950252,23.327637293106996,58.57535951110717,81.73694455726475,26.707575533234504,58.361151908901675,80.63296764684901,26.692492058464374,58.75744851176835,89.02034238028726,10.033412507132851,50.759553150606784,76.5062222692493,10.049727926850643,69.76221734224038,93.19177048041053,10.049717076260643,70.00669898813517,93.92929707899289,30.785150566310488,39.10809723843009,72.24768685995785,37.74958619399884,72.04536003319907,72.89869740635145,37.749466567038006,72.72298301665265,72.8767193482038,11.585730012020576,65.35690004720551,97.9262978393479,19.898629177904454,90.7230155935984,91.67306361751409,19.896564151504503,90.85888295626826,92.53058609603603,44.85005049626377,83.06221613075328,41.48762905643727,79.3739931096159,47.75303415557525,79.21876659863815,44.32632368194586,74.76874921386435,44.21106720946245,77.60201766938768,44.22450387444346,75.14326221859706,46.36158326021338,73.10149557939158,46.422823296580404,73.68391235870055,51.01699194812694,77.84249716599913,47.30622193802484,85.19219902555768,45.23628820448068,92.60734656620374,45.2576591729561,77.65206295897497
85.0,23.08905353341363,62.498819142223226,82.27044556909198,21.751578479487417,41.77988347958242,95.45911175352285,21.7756970439775,61.187944574117296,77.6922812915978,26.15158602690388,71.11301461095292,85.87797931834382,24.852062288671338,66.52364710880913,89.77432548340681,24.852062288671338,45.09011384271752,92.95445310662687,31.869344011331044,40.592231240473204,105.61252346516471,31.868954682994733,37.74994499244964,70.96519877418694,31.87849858954878,43.74830589256512,71.83407271926558,39.95536572226563,56.993171793444795,103.34852001829093,39.95536572226563,56.71491716390039,57.68422254898243,39.95536572226563,54.49273923446977,57.67967076424313,27.673085480616926,60.52279100216997,81.52736569325408,33.90108488064976,58.46477589791172,81.78515637191458,33.87691600778925,59.82982751338242,83.89694046244871,10.011251817819105,48.0923906756361,67.72230861322873,10.015668097988277,71.46205403168295,92.50768055721392,10.015665751240588,71.73428559807697,95.27473384487824,35.0017772642041,38.003725821474276,72.6316555924254,37.662979170532964,72.68080746733783,72.76731361654437,37.662979170532964,72.70281837826256,72.78314689193111,10.671203141601392,55.95423412947089,83.98181253432475,15.409574104339463,93.61417291616905,95.0410629105219,15.412885094404361,94.04108337378946,95.95862644697432,42.296445797939825,82.65175925950201,42.27449102407418,78.27961199527219,48.498711619667546,78.66411044770028,43.70070910697673,73.19328903258337,47.75817148299965,75.6029900797683,47.751258138490144,74.5959964872699,50.98679316586818,72.41860578358389,51.02754496850584,75.68786573641722,48.573949167265745,82.58260286775051,45.45520974240219,81.83988727693091,45.525375635241346,77.34289926658153,46.017524666209745,77.44321631654223
86.0,22.74935732046919,78.10143205851894,88.32333914424888,21.332324959902312,43.189788642812225,64.40639443034479,21.62980990485675,61.46946003872443,67.75504478610581,25.371746349085985,80.11298727129157,88.52649759098149,24.81179155159901,66.7435554622826,80.18029035887332,24.81179155159901,44.525005048040214,75.75418376933347,31.831609998628306,38.576343591344155,91.37313600061646,31.900037295156178,39.524118694048305,72.83779012758266,31.833401541160587,39.454158394111836,71.75638217871547,39.901832664678444,57.02672610320936,102.78120156846953,39.901832664678444,56.33359575545181,56.88554891451726,39.901832664678444,54.377089935733245,56.20170903737661,33.58000891907143,59.195619209984486,82.09370707948277,37.770251299571946,62.61571300736479,79.8625712771989,37.758164896237446,62.62132995413777,87.2913892231312,10.147497098849644,47.61101225260797,62.931574462346425,10.147579743376197,72.74760469365168,92.00885952855226,10.147579716343817,73.03723774059854,96.96108628775931,34.91304909870379,37.58324094593227,72.5667034653532,37.581983351884865,72.64525415915183,72.68124314335041,37.581926026707414,72.65184164845532,73.05436009431577,10.303183648517926,57.36323461235874,65.3145704598406,12.654099943273936,96.33935726578335,98.40530428922096,12.653692678535931,97.00844495260165,107.78098851932852,41.514033041487664,78.20575125413303,41.72917068018472,79.26965918714257,47.485972800938484,83.79038943674676,47.39825084968053,80.4423395392147,50.35663192107889,75.75104273537958,50.356668000886,74.59804239058633,51.49226685993577,78.56655198841325,51.523561036757854,77.99880852865749,46.39042038509808,82.9764242841844,45.54853105779456,83.83435485999857,45.81472977364864,72.180815140443,46.572123793109434,77.64728718768657
87.0,22.343813253189563,82.4851416539195,85.1789094685893,20.463065487615793,43.507321878021635,57.53673240126078,20.4629546896454,61.183779292439716,69.94044588500743,25.00029926501562,80.31065269345055,102.30676694171257,24.781545553092528,43.605487875161856,81.91810991189737,24.781545553092528,45.11216877497629,75.01109606758143,31.805646705551275,38.356687424178325,81.51470769541322,32.720464224819985,69.40804380088315,73.90847835955113,31.811535298639825,36.96085766603984,41.34549795170536,39.86911398564056,56.92823520833907,86.3941194683448,39.87103213124503,56.3613287823434,56.787157590738474,39.86911398564056,54.667362395162755,55.911946879522205,36.007488579274636,53.66710868031144,82.43587761294116,39.70193750075004,62.701120397846246,68.95650731130564,39.6826653740019,62.707305146722604,78.63585021454104,10.138601974631413,52.03533905352644,58.61807576119153,10.138601974631413,72.91214497745007,85.11579334465668,10.138601974631413,73.05840975491702,90.01961533569501,38.86488617405749,47.54209003044108,72.2192964168722,47.75014579190929,72.59642748254686,72.60160103735993,47.74312095088564,72.59666831198247,76.7221208122838,10.138601974631413,59.959934337726025,63.89140496451138,10.755879712618343,97.38728929537687,99.68283116270327,10.755788885524659,98.29069973327242,104.99523582736171,42.269787979895824,77.34702247912288,43.14564800358913,76.21438954704966,45.353818903346216,78.6427380242189,47.88507817078538,77.20733441910244,51.80795402833033,76.85512524664118,51.833900290017795,78.34093587762446,50.894042961868855,72.25704666697105,50.921561020952055,69.38377215766872,45.87688426274113,72.86683605313537,46.31539202546089,80.16237561129078,43.085322406439545,63.802467274997895,42.95141859688563,77.87741540155709
88.0,21.934802738772152,82.48006366482961,92.8498874309731,20.05259096208115,41.01971486138477,61.9728211616738,20.052131747377928,61.9212761773867,63.74668451661522,24.858389819973034,83.28671113375664,125.97632012054001,24.761682136803202,43.24641058024999,104.44881549298299,24.761361028828766,45.10617021859155,73.71093315927884,31.77695394903901,38.40670824731135,76.59549743362695,33.30473161254174,72.36829967182092,79.13768079693278,31.833731373636944,33.140817483942826,39.14325186201155,39.840886661820164,56.89155593567918,64.956863673148,39.9079976631464,56.438962859734936,58.125336888747384,39.840886661820164,58.47653454376321,60.04315619677252,36.91195505449291,64.5778135746026,92.30906865281428,41.97731263586043,67.23477940946186,81.94660868338843,41.953652650264694,65.85520619843246,82.69278256403732,10.131942064579722,53.50264029648678,57.625924129574976,10.131942064579722,72.37229682300499,86.92871557023511,10.131942064579722,72.4822097393264,88.66429944327481,37.77567191505199,52.682614676350944,82.84428300106809,63.93645809372717,81.39616592048708,83.07052646815835,63.95572489479158,81.90841606901624,90.86944846618994,10.131942064579722,61.97867205283286,64.59026509040793,11.56910400515621,92.80768745605683,99.98776339875191,11.569023245114906,96.68966660065037,103.73802703246055,42.94787353351183,77.30475894197046,39.1826686055188,77.90451194241126,45.52466554398039,81.87442592073488,47.80267998469008,75.44116278056875,52.19317147820184,68.93044725071472,52.200076348487215,69.22048199459668,51.34613802041319,69.48365946828756,51.40858268310805,68.20803916396979,43.480395725555,68.40499660277065,45.48393455488016,77.56900310312517,44.52147472825198,83.43745082087922,44.563867076849625,79.35050902723364
89.0,24.579726533740924,74.11245180746272,92.17245382291543,19.44200024786075,39.577451854622005,66.09116882246475,19.44148935142318,53.65913735591015,70.13529696085831,24.854148208998854,88.74508537135993,157.25161257866947,25.176055369078135,44.40418632993363,117.97032838158515,24.797938196792806,44.7850650589844,89.06940056070543,31.75981695172711,38.580533464892305,75.65004652152713,33.62260624315615,74.56088037707526,99.84221228387551,31.869197043616275,33.412444999336884,68.830752912251,39.826765497589676,56.858418122445954,62.32058454306064,42.47685253013643,56.5721638838724,102.93008601547974,39.85430797276087,60.00909638431377,60.143762459612226,37.91772710239697,63.23906569498083,88.61005336991755,42.74517394776257,77.60711179445111,100.04993822610447,42.73380187929216,64.60969546422828,102.99529052150294,10.12749969143421,54.05318416877161,57.6676058371616,10.12749969143421,74.12521444238085,89.65432728946033,10.12749969143421,74.33278517626191,90.82304657839562,38.13814531174303,53.08676488621415,84.17601541085625,66.29760147728862,96.50306090076795,100.54998675967678,66.31705016987587,100.07564253023531,126.11801539651765,10.127505859395107,63.12876425100232,65.0667759447652,22.41497757152803,85.47461213694312,101.39052933582366,22.414224293909644,93.79014294903894,107.58815511260278,39.43857604391575,77.64409551583717,40.797543531122855,79.21392060829565,46.51368301628786,84.97423228330082,47.04706185491101,76.386491984164,54.13479003167313,61.78265750465227,54.13860343325273,62.31736121683264,53.13431973906904,68.41056448159084,53.18599026512721,70.0679392887736,54.50072395681242,68.58709439957399,44.56893822314983,75.69007650160222,48.956338905558916,99.42864187911499,46.22984988126816,72.40225380690455
90.0,29.22654239388911,67.75881123702145,94.50597617065247,19.34360199599118,41.59397429815215,82.04547046871893,19.338927273418317,32.68413442187908,63.19484910293132,24.900977332877183,86.09592207996312,156.6756250738792,28.15933103254358,43.81655693249816,119.97526570055392,25.366046748684607,49.330624813347335,94.71069977029569,31.752932847505704,38.064049658171804,73.91359487811833,36.05124378061671,75.88173335204594,103.79249836696988,31.819356182414843,58.592416302918046,72.80828115493874,39.825070621406304,56.379365006955766,60.96433427898596,44.84760173490125,56.104254987048996,105.63073437207676,40.11507736501431,60.06333127573483,60.13024134081427,37.329396478632596,55.59376537836192,85.87894951761726,42.24045775725533,72.87539569971479,99.8660572969032,42.230382911492306,64.4509958951438,103.2028021565576,10.125277773967488,53.051838893491244,56.692711400115364,10.125277773967488,70.0931205287557,88.77687228374951,10.125277773967488,70.29286687327016,89.80685431442447,37.9689574512679,51.9400626443988,84.90980204473837,65.96053438242936,94.92962684173709,100.61587147835895,65.99020883880559,99.65244435845887,125.2875229050337,10.131833224050482,62.492085066520616,64.5763812613056,21.391440359899452,81.42971318382685,101.89486782364104,21.39064196627427,90.8600055332559,107.61498367834842,37.27803211803122,74.05135950738565,42.07111171201151,79.17846005389883,49.27168306170652,76.12690852567596,44.69295547637961,71.3939130261579,55.02774116772833,62.22405115653806,55.024398573680195,64.28116219298239,52.04972452652661,68.34530970436894,52.15981800718693,70.99177357934225,63.93502123817835,72.70837655304155,41.54162776472255,63.720826817110385,53.96723340337165,97.15483018688114,46.8578461636469,67.6993003163866
