Theta_deg,config_01_det1_b15_s5_h4_w50,config_02_det1_b15_s5_h4_w500,config_03_det1_b15_s5_h4_w1500,config_04_det1_b15_s5_h12_w50,config_05_det1_b15_s5_h12_w500,config_06_det1_b15_s5_h12_w1500,config_07_det1_b15_s5_h24_w50,config_08_det1_b15_s5_h24_w500,config_09_det1_b15_s5_h24_w1500,config_10_det1_b15_s20_h4_w50,config_11_det1_b15_s20_h4_w500,config_12_det1_b15_s20_h4_w1500,config_13_det1_b15_s20_h12_w50,config_14_det1_b15_s20_h12_w500,config_15_det1_b15_s20_h12_w1500,config_16_det1_b15_s20_h24_w50,config_17_det1_b15_s20_h24_w500,config_18_det1_b15_s20_h24_w1500,config_19_det1_b30_s5_h4_w50,config_20_det1_b30_s5_h4_w500,config_21_det1_b30_s5_h4_w1500,config_22_det1_b30_s5_h12_w50,config_23_det1_b30_s5_h12_w500,config_24_det1_b30_s5_h12_w1500,config_25_det1_b30_s5_h24_w50,config_26_det1_b30_s5_h24_w500,config_27_det1_b30_s5_h24_w1500,config_28_det1_b30_s20_h4_w50,config_29_det1_b30_s20_h4_w500,config_30_det1_b30_s20_h4_w1500,config_31_det1_b30_s20_h12_w50,config_32_det1_b30_s20_h12_w500,config_33_det1_b30_s20_h12_w1500,config_34_det1_b30_s20_h24_w50,config_35_det1_b30_s20_h24_w500,config_36_det1_b30_s20_h24_w1500,config_37_det2_b15_s5_h4_w50,config_38_det2_b15_s5_h4_w500,config_39_det2_b15_s5_h4_w1500,config_40_det2_b15_s5_h12_w50,config_41_det2_b15_s5_h12_w500,config_42_det2_b15_s5_h12_w1500,config_43_det2_b15_s5_h24_w50,config_44_det2_b15_s5_h24_w500,config_45_det2_b15_s5_h24_w1500,config_46_det2_b15_s20_h4_w50,config_47_det2_b15_s20_h4_w500,config_48_det2_b15_s20_h4_w1500,config_49_det2_b15_s20_h12_w50,config_50_det2_b15_s20_h12_w500,config_51_det2_b15_s20_h12_w1500,config_52_det2_b15_s20_h24_w50,config_53_det2_b15_s20_h24_w500,config_54_det2_b15_s20_h24_w1500,config_55_det2_b30_s5_h4_w50,config_56_det2_b30_s5_h4_w500,config_57_det2_b30_s5_h4_w1500,config_58_det2_b30_s5_h12_w50,config_59_det2_b30_s5_h12_w500,config_60_det2_b30_s5_h12_w1500,config_61_det2_b30_s5_h24_w50,config_62_det2_b30_s5_h24_w500,config_63_det2_b30_s5_h24_w1500,config_64_det2_b30_s20_h4_w50,config_65_det2_b30_s20_h4_w500,config_66_det2_b30_s20_h4_w1500,config_67_det2_b30_s20_h12_w50,config_68_det2_b30_s20_h12_w500,config_69_det2_b30_s20_h12_w1500,config_70_det2_b30_s20_h24_w50,config_71_det2_b30_s20_h24_w500,config_72_det2_b30_s20_h24_w1500,config_73_det1_b10_s8_h10_w250,config_74_det1_b10_s8_h10_w1000,config_75_det1_b10_s8_h15_w250,config_76_det1_b10_s8_h15_w1000,config_77_det1_b10_s12_h10_w250,config_78_det1_b10_s12_h10_w1000,config_79_det1_b10_s12_h15_w250,config_80_det1_b10_s12_h15_w1000,config_81_det2_b10_s8_h10_w250,config_82_det2_b10_s8_h10_w1000,config_83_det2_b10_s8_h15_w250,config_84_det2_b10_s8_h15_w1000,config_85_det2_b10_s12_h10_w250,config_86_det2_b10_s12_h10_w1000,config_87_det2_b10_s12_h15_w250,config_88_det2_b10_s12_h15_w1000,config_89_det1_b10_s5_h15_w250,config_90_det1_b10_s5_h15_w1000,config_91_det1_b10_s5_h24_w250,config_92_det1_b10_s5_h24_w1000,config_93_det2_b10_s5_h15_w250,config_94_det2_b10_s5_h15_w1000,config_95_det2_b10_s5_h24_w250,config_96_det2_b10_s5_h24_w1000
0.0,50.02640552748118,70.2769610185301,99.50125627347627,54.22546680296998,99.0750283875811,133.2502345213696,54.22546680296998,96.67642551315186,147.75021150577078,42.07506684486668,96.67502909231524,123.25025354943494,41.92506708402504,99.82502817430107,123.75025252499488,41.92506708402504,101.25030864150489,131.25023809502213,54.07630026175977,76.12503694580384,109.75028473767163,72.22503894079946,105.75029550786135,119.2502620542194,71.9250391032219,120.25025987497906,154.2518233279594,41.92506708402504,93.97574820133117,128.25024366448588,41.925603752361155,104.25029975976088,140.75022202469168,41.92506708402504,106.75029273964545,143.25021814992115,44.476580916253,57.67504876460877,109.75028473767163,57.97543660896396,101.75276409022017,138.75202701222062,57.50217387195027,110.25255099089544,161.75173878509003,42.07506684486668,95.47502945796874,113.75247250060106,42.07506684486668,97.12641890855443,121.75025667324073,42.07506684486668,99.52638469270347,125.2502495007495,51.525054585123925,72.67596748582024,84.97768089327926,70.87694441777242,101.7503071248436,117.75026539248223,70.87694441777242,123.25025354943494,165.2501891073048,47.0264951915407,99.37502830188276,113.75027472494297,62.77719530211588,110.25255099089544,128.25024366448588,62.77719530211588,109.75028473767163,156.25499992000255,77.02591284756059,121.25025773168484,82.12667806504778,124.25025150879978,69.82504027925799,96.22502922836657,70.72694854155662,96.82502904724583,77.77677191809903,112.25027839609129,76.27680676326192,111.25028089852178,79.12674168699228,97.27502891287156,78.22503595397063,97.27502891287156,84.97768089327926,116.2502688168935,63.676104230708084,97.42849300897556,93.07503021756158,121.25025773168484,71.77597961713931,143.75543467987566
1.0,49.43461590828839,69.38412102203212,99.3987990370105,53.933813605195766,99.82976134400002,133.75584099395437,54.079212734654334,95.9355838570861,147.76036342673228,42.07667108980937,96.67991647700157,121.78105353461186,41.92667706842506,99.69556785534651,123.7563129702885,41.92667706842506,99.82976134400002,129.27925200897474,53.333912757269175,76.72796915076013,110.25708594008822,73.12811531825498,105.75738744882081,118.76289403681606,72.51551558114994,119.7627863737313,154.25992674703303,41.92667706842506,93.83366266964111,125.78006598821611,41.92667706842506,104.75745796839479,139.2771517514628,41.92667706842506,109.25715079572595,143.26068895548423,44.332677000154185,57.6890912564932,108.77327337172491,57.683240633653725,99.99865624097156,137.75567138960196,57.23330542612404,110.25708594008822,157.7739680682463,41.93043345828898,96.22993946792235,112.2836809157947,41.93043345828898,96.23788884841562,120.2814407961594,41.93043345828898,99.2352318987566,125.2562373696416,51.08430531973592,71.78381607298401,84.3846327834636,69.68408175473076,101.2749969143421,118.25660658077416,69.68408175473076,123.25633857940126,165.2592660034529,42.832945847793376,99.5113058903359,113.28338360059696,61.885226427637804,108.28492508193372,129.75602105490134,61.885226427637804,109.75711822018653,152.78457055606106,76.42945276527891,104.27427774863752,78.67932542923839,123.28067569574722,69.38671522705192,98.04912671717173,70.4339850498323,96.82990886084733,74.48349649418991,110.28429171917459,75.08342859779381,109.78444789677634,78.68533058963405,97.15282419981418,77.9513069165617,97.27988615330509,91.8787040069678,114.27215321328289,63.51771406466074,97.28774974270912,95.3299861009116,117.26305897425668,68.47832686332224,135.27795459719223
2.0,48.25584161529048,67.4760790947429,127.80502728766189,61.63092770679344,92.66218889061493,127.80502728766189,57.846445439629214,92.65806090135925,132.35416502702134,42.090037419798044,96.27902809023364,120.3437784017105,41.94009120161758,99.70955947149702,122.342245361118,41.94009120161758,99.71790837156584,125.35998165283848,51.40920394248485,76.76989155912622,86.98480470748899,73.47190789682816,90.11324125787509,90.11324125787509,72.87229411786073,90.11324125787509,125.3061251495712,41.94009120161758,72.40332347344285,122.84186989784875,41.94009120161758,107.29923112492466,134.85223394515938,41.94009120161758,117.29503399547656,163.3190895149737,45.52471856036015,63.12959884238137,117.79484284127213,56.96100639911482,99.27263595775021,137.80103410352189,56.816645888331,83.06648692463163,142.36616522193748,41.654786639712846,96.86057634559067,109.35321211560272,41.654786639712846,99.85950755937064,117.84576784933772,41.654786639712846,97.77336677234756,124.86042207200806,50.06012634822249,72.55326491619795,83.06648692463163,67.4760790947429,83.06648692463163,107.79900277831888,67.4760790947429,83.06648692463163,107.79900277831888,41.66072791010738,99.70955947149702,112.33042775668576,57.110911829526934,99.87234977710298,138.3008495997042,57.110911829526934,108.33339743587847,143.81281236385024,77.9743948357408,101.31942064579722,78.41894700899776,119.34456418287346,71.04974489750121,97.92329268361027,71.19969276619106,96.73389400825337,83.5073724290257,103.83701170584601,74.36619695802656,102.8378578151062,77.06475361668264,97.16046649743917,77.6598110350521,97.31041182730652,77.81928584868919,97.03371192528913,63.42934060827056,85.1567451820465,83.06648692463163,107.79900277831888,68.82507718847832,92.65806090135925
3.0000000000000004,47.39774519953454,52.640490594218434,127.87933765859127,52.62638359226291,92.71680672887737,127.87933765859127,52.63322382298085,92.60340841459346,92.71680672887737,41.96690660508587,95.1423998541134,117.94331265485127,41.96690660508587,99.50965405426751,119.94008921123913,41.96690660508587,99.64432372192607,132.89704661880188,48.59594890523283,55.187464609275175,86.13115725450344,55.187464609275175,90.16266549964016,88.96384799456462,55.187464609275175,90.16266549964016,125.38191655896794,41.96690660508587,86.40969997633368,119.94008921123913,41.96690660508587,113.87108939498208,128.45475857281426,41.96690660508587,117.44413565606416,164.53912908484716,46.79867786593976,49.79423912462163,82.65673747493304,49.79423912462163,82.65673747493304,117.89030918612437,49.79423912462163,82.65673747493304,117.89030918612437,41.524405474371335,99.6017068126847,106.93280600451855,41.524405474371335,100.36246808443882,113.9500987274693,41.524405474371335,96.49075732939399,130.4516193843526,49.64444833010031,72.5011465426582,72.59666831198247,49.79423912462163,72.59666831198247,107.85464755864719,49.79423912462163,72.59666831198247,107.85464755864719,41.390352136699676,99.7102364353831,116.36848800255162,54.28145401516065,98.0039093608005,140.3891911793782,54.28145401516065,102.44083658385459,142.98819881374826,76.97009971410976,100.913948490781,76.98559118432487,101.41314017423974,72.48407583738651,95.59184719420375,72.48407583738651,96.49075732939399,83.7266758566229,94.21534508772974,70.21354036081644,94.21534508772974,82.05733513830435,97.12109065491387,82.40210100476807,97.27086537088071,70.07946382500367,85.21089278959586,55.187464609275175,85.21089278959586,77.61894903952255,107.85464755864719,62.68645188555498,92.62818820423942
4.0,33.777155741713955,52.67381939825514,148.03926843915434,52.67381939825514,72.66915611179202,128.01611226716736,52.67381939825514,72.36042599377093,92.80485574580675,42.00709761456985,92.08564627562757,114.58457575084005,42.00709761456985,97.78803607803972,115.58168107446785,42.00709761456985,98.24192714925739,118.07465858515111,35.57198687169442,55.2282196888511,90.25046398772696,55.2282196888511,90.25046398772696,89.64235187677752,55.2282196888511,90.25046398772696,125.0924658003031,41.86706641263512,88.5943353155268,116.57883598664039,41.85739182032249,113.05142635101956,123.0980300411018,41.85739182032249,115.58168107446785,135.53274512087475,42.60594148707431,82.64857076804172,82.73700048950289,42.60594148707431,82.73700048950289,117.9729841955352,42.60594148707431,82.73700048950289,100.44463649195013,43.66327117841722,99.6300971092571,104.53767263527537,44.11237071389385,100.22857002870987,110.55824256924492,44.11237071389385,100.16861409643242,130.0447038521754,37.58324094593227,37.58324094593227,72.66915611179202,37.58324094593227,72.66915611179202,107.96121988936584,37.58324094593227,72.66915611179202,107.96121988936584,51.476123105766234,99.43930938014402,120.49948132668456,55.38728419050712,100.44463649195013,139.62673454607466,55.38728419050712,100.47698741502951,140.1253902759953,85.29139024544037,103.47040639719165,67.25162637438592,103.47040639719165,71.49140682627528,92.07562788273562,71.49140682627528,92.07562788273562,76.205683843136,94.30199494178264,76.17201749986671,94.30199494178264,81.85829982353653,94.3208420763937,81.87891212027674,93.70312828289137,55.2282196888511,85.29139024544037,55.2282196888511,85.29139024544037,77.62822457070624,92.80485574580675,62.751025888028316,92.73767438317611
5.0,32.730433086043945,72.75456171265138,148.21648019029462,52.748518936554035,72.66853686431288,112.7635801134391,52.748518936554035,72.75456171265138,92.8625395409796,42.060625886926594,80.12899756018416,168.2724724962464,41.936335676832805,94.45385778251728,111.2233114054783,41.936335676832805,94.60333635765706,148.21648019029462,27.64988697987751,55.302316859241984,90.35635699827655,55.302316859241984,90.35635699827655,90.35635699827655,55.302316859241984,90.35635699827655,124.13349668804146,41.911111295216216,89.75823778350374,135.67654550437229,41.911111295216216,111.2233114054783,111.2233114054783,41.911111295216216,111.2233114054783,135.67654550437229,42.56102971028779,62.826278339561064,118.15297287838338,42.65871833517739,82.83239855274023,118.15297287838338,42.65871833517739,62.52724406208864,138.20862852948076,44.81524573178195,98.06633596703814,150.7485489150725,46.27117083022646,100.02205381814554,115.70490482257007,46.27117083022646,100.02205381814554,115.70490482257007,37.662979170532964,72.15647060382041,72.75456171265138,37.662979170532964,72.65522176691776,108.10469462516417,37.662979170532964,72.75456171265138,108.10469462516417,52.138433520772374,96.40957550990463,111.2233114054783,55.190726123145005,100.19691237757779,111.2233114054783,55.190726123145005,100.32101599365907,111.2233114054783,85.39816303644945,103.57907607234195,67.33588382133259,103.57907607234195,70.83598132305362,83.16800015631011,70.83598132305362,80.30290312311254,55.34014139844603,94.41740438076022,58.00570015093344,94.41740438076022,72.33056926362462,94.41740438076022,72.33056926362462,94.41740438076022,55.302316859241984,85.39816303644945,54.89190514092219,85.39816303644945,77.76201675625445,123.31109033659544,62.75532845902409,92.92212465285111
6.000000000000001,32.78400905929597,93.05399642143264,133.0700003757421,52.82907580111542,93.05399642143264,89.74043820931566,52.82907580111542,72.87414665023529,91.8596007502754,41.978163966519546,98.03879971725479,218.6552652007264,41.87566417383729,97.88951041863474,98.03879971725479,41.87566417383729,97.725719490828,148.43559209300173,23.323191248197578,55.27749315951294,90.50141573478285,55.381596672540965,90.50141573478285,90.50141573478285,55.381596672540965,90.50141573478285,125.84762611984384,41.978163966519546,90.1951010310427,135.8974797411637,41.978163966519546,98.6957255913345,135.8974797411637,41.978163966519546,100.48639833330678,135.8974797411637,23.323191248197578,62.91896574165853,118.33480046038866,42.72459771606984,82.96403588302584,141.91766979484973,42.72459771606984,62.91896574165853,177.6390300581491,37.353463694816845,95.4137372184949,150.9722656649227,46.948442466177724,95.97134989151711,115.45616051125207,46.948442466177724,95.97134989151711,115.79777631716422,37.75428783595315,71.87528260814004,72.87414665023529,37.75428783595315,72.11311427195471,108.28492508193372,37.75428783595315,72.87414665023529,108.28492508193372,46.08357896257624,92.21822623538147,161.02212580884654,54.53165365180117,98.6957255913345,110.77285317260723,54.53165365180117,110.77285317260723,110.77285317260723,85.53111276021141,103.75752984723566,67.44139122230501,103.75752984723566,61.42614467797893,82.6414923025958,61.42614467797893,80.71010624450943,56.889069688297766,94.5614681040856,58.32444813283705,94.5614681040856,72.41171348614809,94.17330433833146,72.41171348614809,94.47172195953664,55.27749315951294,85.53111276021141,54.24952764771321,85.53111276021141,62.02323153464353,132.86318150639025,46.54703266589611,132.36549777037823
7.0,32.84845886795909,93.18423284011088,128.59869750506806,32.84845886795909,73.00124142780038,112.65489336908539,32.84845886795909,73.00124142780038,152.78457055606106,43.56576924604912,98.1758626139847,168.85089576309628,46.35521815286818,98.1758626139847,168.85089576309628,46.35521815286818,97.91479076217239,133.30650771811554,55.492398128031915,90.6591487385581,90.6591487385581,55.492398128031915,90.6591487385581,90.6591487385581,55.492398128031915,90.6591487385581,124.07104819416978,42.20747860273106,85.70744570922645,136.16396366146222,42.20747860273106,85.72503280839267,136.16396366146222,42.20747860273106,85.72503280839267,136.16396366146222,22.72710386300903,63.046143815462656,118.55009489663009,42.80351913102473,83.12253755751205,153.77784300737216,42.80351913102473,63.046143815462656,177.90622529861062,46.2064524714893,85.42714000831351,186.20720984967258,47.34264726438521,85.42714000831351,85.42714000831351,47.34264726438521,85.42714000831351,116.00915912116595,37.769034936042516,71.43473419842759,72.9050152595828,37.769034936042516,71.99351533297981,108.50172809683724,37.769034936042516,73.00124142780038,108.50172809683724,44.36413247207703,110.98479625606383,161.34319012589282,53.57383923147565,85.42714000831351,110.98479625606383,53.57383923147565,110.98479625606383,110.98479625606383,67.5680490320684,85.66805851657897,67.5680490320684,85.59396152766853,61.52167301041155,104.59266226652805,61.52167301041155,81.91325442197984,94.72859256845315,94.73405538664541,57.49961956395885,123.07771934838571,72.47662554230847,93.48195681520578,72.55419526119768,93.98460645233345,85.64914623042077,100.93624225222574,54.134104315117284,100.93624225222574,78.1363951689608,133.24460589457271,46.03863866362688,132.1916222761488
8.0,32.92371865388234,89.77427944572989,120.56377980139807,32.92371865388234,73.16748765674546,127.98681572724591,32.92371865388234,72.91057022133347,151.81608939766562,43.571966331576085,98.43017829913751,169.21916262645905,45.693284517530586,98.43017829913751,169.21916262645905,45.693284517530586,98.11679902035124,98.43017829913751,55.60297878711175,53.563338674880974,90.86094458016602,55.60297878711175,90.86094458016602,90.81388247399182,55.60297878711175,90.86094458016602,124.02671083278796,42.598019320151494,85.87503275108546,136.47573044318173,56.663579572773195,85.87503275108546,136.47573044318173,56.663579572773195,85.87503275108546,136.47573044318173,22.7834643985501,63.17591511011138,118.79867423502671,42.8954105936754,83.28803185332212,154.58209792857645,42.8954105936754,62.4732442730486,179.32965454714957,46.13871747242222,116.25456980265335,151.60845952650533,47.242737537107224,80.72069901828154,151.60845952650533,47.242737537107224,80.72069901828154,116.25456980265335,37.90118731649445,71.38369036411608,72.37970191980622,37.90118731649445,73.16748765674546,108.688200831553,37.90118731649445,73.16748765674546,73.16748765674546,43.27506499128568,111.23230196305389,161.65279150079655,52.35419037670241,74.1198101049915,111.23230196305389,52.35419037670241,74.1198101049915,111.23230196305389,67.71573856940498,113.77664523090844,67.71573856940498,113.77664523090844,61.66924881981294,103.66592979373696,61.66924881981294,83.75381334602024,58.02160158079057,111.72790609333015,58.63609170127218,129.90044264743673,72.70165919702245,93.40177327010446,72.70165919702245,92.34987818075344,91.0697054458836,101.12183245966224,90.58214503973727,101.12183245966224,78.30208330561838,124.52158447433922,63.17591511011138,124.02671083278796
9.0,53.1615109830411,93.65845530436641,108.968458739215,33.00971447922566,93.65845530436641,128.43724148392474,33.00971447922566,73.33581151115735,149.4912204779933,43.069203034186735,149.4159462708047,149.4159462708047,44.89400015592284,98.66494438249079,149.4159462708047,44.89400015592284,98.66494438249079,98.66494438249079,55.75007847528109,55.75007847528109,91.09218544968608,55.75007847528109,91.05883400307738,91.09218544968608,55.75007847528109,91.09218544968608,123.91579802430358,50.064957804835906,86.08569131975418,136.75754092553726,58.78363930550745,86.08569131975418,136.75754092553726,58.78363930550745,86.08569131975418,136.75754092553726,22.82588990598176,79.10626555463227,107.72244427230567,43.00018895307322,83.37119556537498,139.45653444711726,43.00018895307322,122.12135357913455,159.52781889062484,45.83046203127348,116.53379338200573,151.96257763015208,52.41990318571754,80.93087328084381,151.96257763015208,52.41990318571754,80.93087328084381,114.79165910465795,37.993700135680385,71.68187532424079,72.59418881701205,37.993700135680385,73.33581151115735,108.968458739215,37.993700135680385,73.33581151115735,108.968458739215,42.47689077604433,111.51513350213952,162.0744427724495,51.25710926300858,65.51214582045073,111.51513350213952,51.25710926300858,65.51214582045073,111.51513350213952,94.73215531169973,115.05053237599554,67.8843225641974,115.54490469077379,61.73780243902434,108.47407524381114,61.81720027629851,82.87096144006054,58.384597712067865,123.67952538718767,58.78363930550745,126.87641624825316,72.8908173228974,101.47967776850693,72.85839862363157,100.77527598572975,80.53149228717919,101.31525674842855,90.94386317943614,99.88654188628216,92.91679745880182,120.30014546957123,63.118192702262945,109.69560155266026
10.0,53.32716240341313,93.33164656213883,110.2706896686513,33.08120690059539,105.75029550786135,128.51896747173157,33.08120690059539,93.91707113193,130.34041967095243,47.782593588042076,134.45491809524856,136.02067857498727,44.13327826028789,98.88629834309705,136.02067857498727,44.13327826028789,98.94777031343354,98.94777031343354,55.891557949300356,55.891557949300356,91.32776823069752,55.52442030314229,91.23829376966668,91.32776823069752,50.88571754431689,91.32776823069752,162.55037680669952,50.12121556786108,137.15000911410834,137.15000911410834,58.556991469849265,86.32190480984534,137.15000911410834,58.556991469849265,86.32190480984534,86.32190480984534,43.11776026186889,79.64653947284842,101.72327658898921,43.11776026186889,100.92051946953106,139.6983357094851,43.11776026186889,101.72327658898921,143.9813355959723,33.453867489424894,116.93000042760626,116.93000042760626,55.891557949300356,81.14327606154437,116.93000042760626,55.891557949300356,81.14327606154437,81.14327606154437,38.05916446797013,72.16707178485213,73.40021287435071,38.05916446797013,73.54812200185671,109.28460550324552,38.05916446797013,73.54812200185671,174.13967095409362,41.83911148674168,111.83302285103449,162.55037680669952,60.922255785550156,60.922255785550156,111.83302285103449,60.922255785550156,60.922255785550156,111.83302285103449,86.03287888941064,115.13524655812398,68.0736457816092,114.9592319041842,61.982588280903535,111.83302285103449,61.982588280903535,106.7362403310141,82.25370052465725,123.76641305297653,85.56346328895295,123.76641305297653,73.07948583562968,101.24127740205573,50.73781873514075,72.93833868412413,90.56826844982739,97.53074515249025,90.74225173534101,92.5608786151039,85.26817254990281,109.28460550324552,59.71403729442517,109.28460550324552
11.0,53.485149808147675,94.4888683919963,110.41342762544781,33.1857838539336,106.10431188222277,118.26717634238166,33.1857838539336,98.07803653214107,129.9389279623316,46.567813455218186,99.23960902784734,137.96784045566562,43.50840436053705,94.52624635517904,142.68540570079338,43.50840436053705,63.69482906798636,99.23960902784734,56.0744259890371,56.0744259890371,127.38965813597272,20.387036322133728,87.66450963759507,91.61457989861658,51.19078286176135,91.61457989861658,176.22606220420406,50.27853667321673,86.58346406791541,188.48109984823412,53.09925846939861,86.58346406791541,188.48109984823412,53.09925846939861,86.58346406791541,86.58346406791541,43.27558491805743,83.99417390509892,101.98835717865055,43.27558491805743,101.84464271624698,124.6319581808775,43.27558491805743,116.2094015129585,140.13609456524753,49.366296701292065,117.28437662365776,117.28437662365776,53.09925846939861,81.40489082358626,117.28437662365776,53.09925846939861,81.40489082358626,81.40489082358626,38.21689744079181,73.01973192226878,73.78452581673206,38.21689744079181,73.78452581673206,73.78452581673206,38.21689744079181,73.78452581673206,175.2430455110844,41.21384779415773,112.18567199067803,162.9881130634992,61.105533710131354,61.105533710131354,162.9881130634992,61.105533710131354,61.105533710131354,112.18567199067803,77.86205751198719,113.94351670893785,78.34574812968474,113.94351670893785,62.19277490191284,114.2437087983404,62.19277490191284,108.07000046266309,76.2207402876671,108.35416466384667,59.13358817119083,110.41342762544781,73.31463871560713,101.98835717865055,50.89588637601275,102.47987607330523,92.31528177934571,94.28696224823452,90.3115233511206,92.46958959571519,85.52374670230485,94.28696224823452,61.42797611837785,148.859413541771
12.000000000000002,53.65776970765743,91.93011612088827,150.81486995651323,33.30084458388406,106.9842278095234,110.02329298834862,33.30084458388406,98.51980130917843,113.06248272526126,45.3368641394616,99.57859333210125,137.67942838347346,43.220958457674215,96.8431528297174,144.7363983246785,43.220958457674215,63.924731129665304,99.57859333210125,56.27629385451746,56.27629385451746,127.86956244548583,20.445445703138876,91.93011612088827,127.86956244548583,51.36322857842953,91.93011612088827,176.79967477345653,48.54267452458713,86.87014015183814,138.06746539282886,48.54267452458713,86.87014015183814,138.06746539282886,48.54267452458713,86.87014015183814,86.87014015183814,43.42091949740355,84.25708427188778,97.40562740417003,43.36751376318453,101.71133786358334,120.22115038544591,43.36751376318453,120.22115038544591,121.02117583299214,48.54267452458713,117.49521266843173,130.24064265811958,48.54267452458713,117.49521266843173,122.7706194494432,48.54267452458713,81.69321422247994,115.92292698168038,38.360868733645745,74.01470293124197,74.01470293124197,38.360868733645745,74.01470293124197,74.01470293124197,38.360868733645745,74.01470293124197,175.74306529704094,45.190222947004806,112.57275425252773,163.56229700025614,61.30624968141502,61.30624968141502,163.56229700025614,61.30624968141502,61.30624968141502,112.57275425252773,98.79894356722644,99.82502817430105,80.457418862402,98.99073820312685,62.39504187032813,119.06773282464061,62.39504187032813,117.67168308475918,80.02447281925699,104.15433260311355,59.33566591856874,104.15433260311355,73.57381497516627,106.39372631880134,51.06932787887461,110.02329298834862,68.22815584492959,117.67168308475918,76.48624876407523,86.93046790395184,86.19617885962231,110.02329298834862,62.86601824515371,149.06248689727406
13.0,53.87746514081745,92.24993902437008,151.44512207397108,33.426280828114876,97.96165703988474,94.72360450278484,33.426280828114876,99.53407079990248,161.71773248472167,44.151627942806364,99.95342040170512,137.35219328427195,43.13967141738564,99.95342040170512,149.38415243927315,43.13967141738564,64.17625144864726,115.54274100955023,56.464291813499266,92.27408222247459,128.39635898264405,20.540965167196987,92.27408222247459,146.2382473910297,51.729887395972554,128.39635898264405,167.55782583932032,44.73584971809522,87.21419752540294,138.59157622308797,44.73584971809522,87.21419752540294,138.59157622308797,44.73584971809522,87.21419752540294,185.17727992386108,43.578678846426726,82.82778066566796,120.64047828154528,23.12749986487947,99.86018350674105,120.64047828154528,23.12749986487947,102.79895427483686,163.7013286445776,46.19817366520023,81.97530878258402,118.20162858438118,46.19817366520023,81.97530878258402,124.27439398363606,46.19817366520023,81.97530878258402,81.97530878258402,38.451267859460756,74.20445572874988,110.44512211953953,38.451267859460756,74.29597061752406,107.6342185366717,38.451267859460756,74.29597061752406,167.55782583932032,43.67924278189813,112.99391576540748,164.18929624065024,42.15040035397054,61.556772576216176,164.18929624065024,42.15040035397054,61.556772576216176,112.99391576540748,97.42064078007289,97.69209921994715,85.48190598015465,98.25360680402527,62.614265547078006,118.3136720755467,40.04817411568222,118.3136720755467,70.52847829068766,100.19825971542619,72.49524984438636,100.19825971542619,73.85676170805216,106.66126288395427,51.25798718248698,110.78413695109964,67.58236641314063,82.68177701283396,77.20826542540637,86.25619542966174,79.60076161695942,124.87243490858981,63.557975502685736,148.78718022733008
14.0,33.56197625289667,90.53472400134658,151.04345401241326,33.56197625289667,92.82594599571824,151.04345401241326,33.56197625289667,95.3363584892983,152.01356847334384,41.52819825130871,100.35913635539117,134.54971200266465,41.52819825130871,100.35913635539117,162.32105531938856,41.52819825130871,64.41386690767757,114.29621603535263,56.08044445258971,92.64616155027687,92.64616155027687,20.609858078113977,92.64616155027687,145.46176473561704,51.93434557207783,142.67314042944454,164.86850821184743,41.52819825130871,87.55279121764194,139.1586325026227,41.52819825130871,87.55279121764194,139.1586325026227,41.52819825130871,87.55279121764194,189.00297616704347,43.748728552953395,82.05733513830437,141.70612195667482,23.22942638120881,94.75352895802878,121.20901369122677,23.22942638120881,102.28531786136269,151.04345401241326,46.368321621555374,82.31358484478731,117.57178658164551,46.368321621555374,82.31358484478731,127.27578324253204,46.368321621555374,82.31358484478731,109.81177077162539,38.655352152062974,73.28885488258088,72.52503877972075,38.655352152062974,74.60061159266725,139.6446382787395,38.655352152062974,141.70612195667482,155.40471357072795,41.52819825130871,113.44877698767846,164.74260226183148,41.23731623178211,113.44877698767846,164.74260226183148,41.23731623178211,61.794265510644266,113.44877698767846,86.16824386048494,106.29263850333193,80.0210987802592,106.29263850333193,62.885342091778426,114.78076929520903,40.21916520764696,114.78076929520903,76.60177054089546,96.82944412729013,71.28812138077423,96.82944412729013,76.12917476237345,119.63329386086467,51.46169692110822,119.63329386086467,69.61527310870798,116.96634131236216,64.15731641831663,103.25998741041953,79.8398161946782,123.51163912765469,67.97871909649372,138.42732750436238
14.999999999999998,33.707806959219404,87.63267798030594,141.3829020780094,69.50756253818716,87.63267798030594,141.3829020780094,33.707806959219404,95.70264494777561,153.7144267790112,38.62565533424643,101.88705143441928,135.64521738712352,38.62565533424643,101.12342087765822,160.41391772536446,38.62565533424643,64.7052258322309,141.34576399736923,20.72091334859542,93.04601684113082,93.04601684113082,20.72091334859542,93.04601684113082,143.31128706420859,52.15353535475807,142.82900615771294,143.31128706420859,38.62565533424643,87.95329016017536,139.76811152762994,38.62565533424643,87.95329016017536,139.76811152762994,38.62565533424643,87.95329016017536,185.27850657860992,43.930925895091264,82.1453057088474,141.3829020780094,23.33958547189731,87.63267798030594,141.3829020780094,23.33958547189731,87.63267798030594,148.5298791489443,46.58761906343787,82.67769499689743,117.48244549718906,46.58761906343787,82.67769499689743,129.94469977648185,46.58761906343787,82.67769499689743,113.45318417743947,38.83827043007965,72.64685987707934,72.02850998042372,38.83827043007965,74.92834076636156,140.1539332305733,38.83827043007965,141.86481240956124,147.65711970643338,38.62565533424643,113.93693431017003,113.93693431017003,38.62565533424643,113.93693431017003,113.93693431017003,38.62565533424643,62.08632095719636,113.93693431017003,85.56582992059388,127.39947017158273,79.52723590066486,106.65891898945911,65.60868844901566,108.97534124745836,40.365471011744674,108.97534124745836,76.85952283224246,97.22991437824061,68.76408946535975,97.22991437824061,78.3486199623197,106.56277492633157,69.65275479117821,120.02551812010644,66.79237419047178,116.12547093553593,66.79237419047178,103.75752984723566,68.53022143550974,121.21520119192972,68.53022143550974,136.12907477831473
16.0,33.86364200732107,96.13098485920136,132.65792475385706,68.3550016458196,96.13098485920136,136.7100032916392,33.86364200732107,96.02700791964728,153.40021186426048,36.17100012440906,101.96100357489622,174.1425421888632,36.17100012440906,102.53841353366064,174.1425421888632,36.17100012440906,65.01743035525166,152.85000817795202,20.80003004805522,93.51348164836983,123.7987277802159,20.80003004805522,93.51348164836983,134.65000928332682,52.32409817665279,134.65000928332682,134.65000928332682,36.45910380138272,88.3425506197325,140.4194609019704,36.45910380138272,88.3425506197325,140.4194609019704,36.45910380138272,88.3425506197325,140.4194609019704,44.16538520153538,80.55300273732817,133.2108291393759,61.185016548171326,81.02784243702902,140.90111780961854,23.45786115569789,85.72503280839268,146.67012306533326,46.78280934274896,83.06729952273638,192.3424680095376,46.78280934274896,83.06729952273638,132.65792475385706,46.78280934274896,83.06729952273638,115.49080049943372,38.942264957241505,75.27885659333568,120.15874916126582,38.942264957241505,75.27885659333568,134.65000928332682,38.942264957241505,134.65000928332682,178.26419999540008,36.17100012440906,114.45796171520792,114.45796171520792,36.17100012440906,114.45796171520792,114.45796171520792,36.17100012440906,62.35969251046704,158.003560086474,88.3425506197325,127.92038539654264,79.39840206200626,126.95717781992478,96.72947456695915,108.07000046266309,40.560094304624094,109.23884382398049,77.1336259357746,97.69670542039788,68.43790068375856,97.69670542039788,80.26506867872226,120.64047828154528,51.91354592011607,96.64500116405401,88.3425506197325,114.73066285871445,64.19202637399756,112.33042775668576,64.97727487360484,122.21957699157693,65.05790689839321,123.25025354943494
17.0,34.02934395488693,96.6710724570696,131.77300558156819,65.2819749241703,96.6710724570696,131.43867391296976,34.02934395488693,132.73140171037147,154.23399430735105,34.160009514050195,94.30056335992909,174.97178343950205,34.160009514050195,103.59609669287738,174.97178343950205,34.160009514050195,65.35018171359587,152.61266330157534,20.926209642455557,93.97024130010522,124.49347372452903,20.926209642455557,93.97024130010522,130.81523229349096,20.926209642455557,130.81523229349096,130.81523229349096,36.54355278294654,88.7980362958551,141.1121008276753,36.54355278294654,88.7980362958551,142.21330809737884,36.54355278294654,88.7980362958551,183.75289113371795,44.37376758852013,77.39076979847144,122.91307904368843,63.265314351546536,77.39076979847144,142.21330809737884,23.584131317477013,86.14003859994492,164.53153193233206,47.03175788762312,83.4820414819858,193.31354065351965,47.03175788762312,83.4820414819858,156.7725262920771,47.03175788762312,82.55214261301762,104.66351441643835,39.20154652561554,75.65184234372616,121.33270375294535,39.20154652561554,112.13886480609655,127.46813327259484,39.20154652561554,127.46813327259484,179.2334371706351,34.160009514050195,115.01141247719724,115.01141247719724,34.160009514050195,115.01141247719724,115.01141247719724,34.160009514050195,62.692194490223415,161.9926695872378,88.7980362958551,122.72581228087269,88.6727762619396,136.32727166638375,96.47862457560224,109.79127925295342,40.76758822888594,108.64679010444809,76.10050098389628,118.17201445350756,70.33584612414924,118.17201445350756,98.23711747603346,121.33270375294535,52.092237905469176,96.41424298307797,92.99546359903799,114.53220071228877,60.59489458692043,112.47277448342777,94.77466037923851,112.61716121444368,65.35018171359587,110.70512634923462
18.0,34.25012773698808,97.20167822625287,132.51084861248154,64.41770913343628,97.20167822625287,131.88299738783616,34.25012773698808,132.6635782722598,154.96975511369953,32.302805605705515,96.72738107692155,175.9989346558666,32.302805605705515,106.26205813930012,175.9989346558666,32.302805605705515,65.70316773185293,145.94219746187187,21.01526231099674,94.49886904085149,120.79993791389133,21.01526231099674,104.92824333800695,131.40633546370586,21.01526231099674,131.40633546370586,131.40633546370586,36.76453794079289,89.28169605243843,129.34885001421543,36.76453794079289,89.28169605243843,143.41068649162796,36.76453794079289,89.28169605243843,181.83268408072297,44.59379160824968,86.62425324353451,122.22571333397894,62.613546856890316,73.09826434327972,144.5307060800576,23.672689961219024,124.75826625919423,144.5307060800576,47.29652471376728,84.15528058297946,157.6550823792243,47.29652471376728,83.92154818638654,157.6550823792243,47.29652471376728,81.44468214684125,135.82571553281065,39.421900639111755,76.04696739515651,120.79993791389133,39.421900639111755,108.94780860577234,120.79993791389133,39.421900639111755,120.79993791389133,180.11419988440667,32.302805605705515,115.74811013575989,115.74811013575989,32.302805605705515,115.74811013575989,115.74811013575989,32.302805605705515,63.0004464269897,193.23851841700713,89.28169605243843,122.38106471182542,72.10344131870545,119.21881143510868,62.61389622120636,110.37719420242571,40.98775731849694,92.07562788273562,73.04899896644717,125.71048086774627,70.36067793874643,127.75611531351444,98.76751110562623,121.90621395154555,68.83488396154961,96.38623475372404,90.41858907326524,105.25645467143572,57.874055067879944,115.12004603890671,94.96320998155024,132.02509231202984,61.237580373492875,141.36875538816915
19.0,34.437497731397386,97.81063975866837,155.90101025971578,64.7952255185519,97.81063975866837,132.65792475385706,34.437497731397386,132.65792475385706,155.90101025971578,66.07606412309983,97.47836298379247,176.92971768473492,30.45720358141896,104.65147514488268,176.92971768473492,30.45720358141896,66.07606412309983,140.08970340463998,21.156116136947254,95.10668351908818,132.18405728377383,54.21758248022499,106.2526470258506,132.18405728377383,21.156116136947254,114.1714719183387,132.18405728377383,36.9513362410617,89.84092191201067,195.42933505489907,36.9513362410617,89.84092191201067,175.05034989967888,36.9513362410617,36.9513362410617,195.42933505489907,44.87294563542714,87.13702571238017,166.49512004860682,61.57614188953381,87.13702571238017,129.67507470597425,23.811998026205192,124.766281502656,173.16357873409754,47.57684573403327,85.23966946205269,158.58948578011092,47.57684573403327,86.6626866073283,158.58948578011092,47.57684573403327,47.57684573403327,135.9986213165413,39.655217185132145,76.5115432467546,110.20945966658216,39.655217185132145,109.42862970904827,114.1714719183387,39.655217185132145,114.1714719183387,147.52160858667452,30.45720358141896,116.37278461908524,116.37278461908524,30.45720358141896,116.37278461908524,116.37278461908524,30.45720358141896,63.37220408033793,184.84486738884584,70.81946236734645,121.13267519542363,70.81946236734645,114.00712697020305,80.78060565507045,110.53788943163335,41.220398469689734,86.09431601447334,80.30626532220259,121.6043790329937,68.26013660988382,114.1714719183387,99.37570754465096,121.91236606677765,82.02030998478364,99.37570754465096,89.75748576024174,121.58998725224048,58.15446027606137,135.82019363850134,92.98578520397619,129.50916955953352,61.47484241541413,129.65579431710717
20.0,34.63424966705645,98.40371563106751,158.46490147663616,65.16054212481662,98.40371563106751,135.52721128983654,34.63424966705645,135.52721128983654,165.17452890806138,66.46853578949968,98.21192010138077,156.8841132811095,29.328164790862722,80.06551223841636,177.3009447239354,29.328164790862722,66.46853578949968,156.8841132811095,21.25479357697929,95.1634449250341,133.0042292560654,54.98610051640323,108.05843326645079,133.0042292560654,21.25479357697929,108.5270703557412,133.0042292560654,37.19712690517911,90.38200180345642,196.57218775808545,37.19712690517911,90.38200180345642,174.95177907069137,37.19712690517911,37.19712690517911,196.57218775808545,45.11797036658453,87.67785495779422,165.17452890806138,60.56035212909515,109.4651771112622,146.2895245737028,23.958949267444932,124.93248176515185,167.4787299927964,47.82213138286498,98.07069516425383,159.40710460954995,47.82213138286498,91.99641976729312,159.40710460954995,47.82213138286498,64.7128754576707,130.82478740666846,39.85599076675927,95.69958855710928,108.5270703557412,39.85599076675927,108.5270703557412,114.33776716378539,39.85599076675927,114.33776716378539,182.34479701927336,63.76438073093786,63.76438073093786,116.42862620507037,29.046794143244103,115.95958347631299,153.72255852671722,29.046794143244103,63.76438073093786,155.7742757967438,90.38200180345642,100.48281569502319,71.21106831104277,113.86669838016732,79.59143327017048,110.10733399733189,41.38872128974269,143.5988335607222,96.40584136866397,110.06645719745866,64.8649847760716,111.21881585415302,82.8451643127105,121.6393234114692,82.56304409358948,118.60912696753147,95.37835839434436,122.40966056647653,58.497403788544325,133.51638476232046,92.76411617646124,127.66411007013679,51.344826905930844,130.18304421083414
21.0,34.84022459743909,99.07911611434571,157.70423266355283,62.77468637914489,105.06646110914747,136.55813780218298,34.84022459743909,136.55813780218298,163.30225044377067,66.88023811261439,97.98094840324826,157.7422739787911,29.433080878494522,120.47458238151316,157.7422739787911,29.433080878494522,66.88023811261439,157.7422739787911,21.40984002742664,58.857083261065526,133.86607113081342,57.57548306354016,105.54037734440786,133.86607113081342,21.40984002742664,105.54037734440786,171.20200057242323,37.4034256452534,91.00272660750336,197.946015367827,37.4034256452534,91.00272660750336,167.463802058833,37.4034256452534,37.4034256452534,167.463802058833,44.025574953656196,88.29924263548358,157.70423266355283,60.331801315724036,108.77327337172491,157.70423266355283,24.1134039488414,125.79000357739083,168.04203343211483,48.1302529600666,100.30755828949283,160.43417653355533,48.1302529600666,95.84853285262118,160.43417653355533,48.1302529600666,71.86620380957936,124.74624242837938,40.159821339244026,96.40980888892997,115.1981987706405,40.159821339244026,105.54037734440786,115.1981987706405,40.159821339244026,115.1981987706405,183.3742757313577,64.17660204467045,64.17660204467045,171.20200057242323,27.64581794774754,64.17660204467045,152.78457055606106,27.64581794774754,64.17660204467045,170.91116113349648,90.49520014895816,110.81798139291294,82.92466460589395,110.81798139291294,77.03409147903282,115.1981987706405,37.73700107321725,110.35227682290927,81.31141525025868,110.35227682290927,62.19349845442046,107.76653005455822,78.90748538636876,136.16396366146222,78.90748538636876,135.51614294983457,91.86351969089797,123.0980300411018,58.857083261065526,131.71038303793668,91.86351969089797,126.25816805260561,50.8866018712195,131.71038303793668
22.0,35.110415121442244,99.51440222399971,151.212185355546,59.42963276009704,110.07099981375657,151.212185355546,35.110415121442244,137.46135820658836,159.18738957593342,29.595459955878365,92.99546359903798,156.1349576488238,29.595459955878365,119.17476662448306,156.1349576488238,29.595459955878365,67.28674646615038,156.1349576488238,21.57316040824802,92.2674983404232,134.7687834774804,59.288247148992355,100.93010576631731,134.7687834774804,21.57316040824802,100.93010576631731,172.28065764908143,37.67315025319757,91.6546029940668,199.20623735214718,37.67315025319757,91.6546029940668,160.02538861068265,37.67315025319757,37.67315025319757,160.02538861068265,41.37784733405062,102.96344618358498,152.78947934985575,59.42963276009704,106.7840402401033,152.03823532256615,24.275218845563472,126.69106124742977,169.12310605000135,48.45313457352372,101.37653204760952,160.40456664322247,48.45313457352372,99.06389983238091,160.48870676779723,48.45313457352372,74.58070293313143,123.99848789400619,40.43063504324412,96.83548548956627,115.92077035630845,40.43063504324412,100.93010576631731,115.92077035630845,40.43063504324412,115.92077035630845,180.914689840267,64.60848434996753,64.60848434996753,172.28065764908143,26.532833433314277,64.60848434996753,172.28065764908143,26.532833433314277,64.60848434996753,172.28065764908143,101.8806470827507,130.49760534201386,101.84994477170814,124.46334801860345,89.37061178038337,127.80502728766189,42.04617996917199,127.15590823866582,62.51932701173294,106.89186709006444,62.51932701173294,106.89186709006444,77.53280757202076,132.17460043442537,77.53280757202076,131.42726125123357,86.14212819521003,126.13732595865508,59.288247148992355,126.13732595865508,87.81068414492623,126.13732595865508,51.21055799344506,148.23165991109997
23.0,35.33654270015673,99.46532687323759,145.22611679722073,57.21679167866719,116.67315458150603,145.22611679722073,35.33654270015673,116.67315458150603,159.67349498273032,29.80771712157776,114.10576234353812,150.15034132495336,29.80771712157776,93.1446254488148,150.15034132495336,29.80771712157776,67.12537709391285,150.15034132495336,21.686545368038683,97.6559329994855,135.71155072432117,59.68275504699829,97.71397673823331,135.71155072432117,21.686545368038683,97.71397673823331,173.5226930404205,37.95578019221842,92.27895886928937,200.51963744232134,37.95578019221842,92.27895886928937,153.56309778068427,37.95578019221842,37.95578019221842,153.56309778068427,43.8057787283824,103.6443015799711,145.22611679722073,56.94125262057377,106.20068855708988,147.06333669545242,43.4711542289827,127.63473273368812,170.90384723580684,48.79048319088467,124.7502505007505,124.7502505007505,48.79048319088467,104.12732590439457,124.7502505007505,48.79048319088467,48.79048319088467,107.878942569901,40.71346521729635,96.07737116511878,116.67315458150603,40.71346521729635,96.07737116511878,170.30597464563596,40.71346521729635,116.67315458150603,181.67312679645275,65.05963610411604,65.05963610411604,173.59615491133437,25.42776533634051,65.05963610411604,173.59615491133437,25.42776533634051,65.05963610411604,152.184509724216,101.90692444579024,130.32699259938443,101.90692444579024,128.09615528968854,72.22597351368826,137.75022686006727,43.94424023691842,126.64566711893463,93.69808562612151,103.7022480469927,62.97115411043377,121.59615536685361,78.09808736454434,127.10477961115389,65.88304979279572,127.10477961115389,84.06406039443966,119.36551009399658,71.52129927511105,141.0961551566874,84.31901475942422,120.605244496249,74.07669167828702,148.44401301500847
24.000000000000004,52.400155057022495,98.58007531950865,143.39325297935045,57.335819955765864,104.7913462553087,141.31392358858344,35.63139416301304,104.7913462553087,161.1152537781572,30.05713309682079,109.39314992265284,145.32764706001402,30.05713309682079,109.38064271158768,197.30718435982,30.05713309682079,68.34677205252638,197.30718435982,21.863239695891366,98.48622365590022,136.69354410505275,60.15289893263665,98.48622365590022,136.69354410505275,21.863239695891366,98.48622365590022,171.9771060344952,38.25102939791294,92.98868882826555,202.08445016873515,38.25102939791294,92.98868882826555,148.06290892725295,38.25102939791294,38.25102939791294,148.06290892725295,44.61699508035027,104.10632185415062,145.42566829827533,54.74619849816058,104.7913462553087,147.65881280844704,44.90752999219618,128.4197220056172,172.08028649441516,49.201943559172534,125.72837786275619,125.72837786275619,49.201943559172534,106.63707727615194,125.72837786275619,49.201943559172534,65.39217269673794,109.2233319854325,40.96950085124299,92.36352770439206,117.65468541456391,40.96950085124299,92.36352770439206,156.2933939742816,40.96950085124299,115.16564157768583,187.31157198635645,65.52965931545806,65.52965931545806,174.77163671488574,24.468168096529006,98.48622365590022,174.77163671488574,24.468168096529006,65.52965931545806,147.15000849473302,99.43071079902828,131.9209043328615,99.43071079902828,140.50133451323515,51.151649533519446,113.79641910007538,45.10500249418017,113.79641910007538,93.35454595251373,122.07221223521756,75.59590762733124,124.15363466286438,78.74821426546764,126.84488558865904,78.50669557432664,126.84488558865904,80.62112781399178,116.03070714254912,73.25108360973235,142.07612396176918,84.79478904979952,139.28612637301677,76.43386847464937,147.35543763295604
25.0,52.38770132387945,97.86054490958038,136.10887186366656,57.19948644874357,102.17218921996337,136.32177008827313,35.87682051129949,137.46863278581046,162.54268670106325,30.30315577625538,107.67268107556345,144.41822945874944,30.30315577625538,107.73618820990467,145.99015377757502,30.30315577625538,69.9042648913498,107.73618820990467,22.047703962090928,99.29076618699243,137.71392449567327,60.58078284406698,99.29076618699243,137.71392449567327,22.047703962090928,99.29076618699243,170.57439725820518,38.496119934351825,93.7904912557771,203.71579467483616,38.496119934351825,93.7904912557771,148.67960519183524,38.496119934351825,38.496119934351825,148.67960519183524,45.13791366467883,100.69509049601177,175.74306529704094,52.84014808836175,100.69509049601177,148.67960519183524,45.47313767489549,136.5617991972865,151.577125582985,49.56961014573344,126.74827414998596,203.71579467483616,49.56961014573344,105.10264625593402,181.78455654977955,49.56961014573344,49.56961014573344,109.06232736376022,41.31417734870198,88.80596826790416,157.55990924089795,41.31417734870198,88.80596826790416,152.42252130180762,41.31417734870198,118.47204311566506,188.9434439190733,66.0804906912774,66.0804906912774,176.1976872719957,23.651770546832218,98.06037043576778,176.1976872719957,23.651770546832218,97.38968759576139,141.69730060943292,95.60290921305689,124.69212084169553,95.60290921305689,136.7739924108381,58.768326928712206,112.39717523140872,46.27992275274452,109.93296252716925,93.39237790098291,132.33527496476515,93.80128597199506,133.90715066791617,79.36438905453755,127.86565215099792,65.74527549565823,127.86565215099792,77.46980863536453,126.74827414998596,72.16114778743474,148.2249135604403,100.09738383194637,134.7520871823513,76.75640852723635,146.19892270464922
26.0,50.9493498486487,102.94486995474811,136.75205665729493,50.9493498486487,102.94486995474811,136.75205665729493,36.19525176041741,137.85726313836352,170.0533004678239,30.558979858627477,108.51154892452692,138.32073235780672,30.558979858627477,108.51154892452692,185.95732037217573,30.558979858627477,108.51154892452692,108.51154892452692,22.23974482767282,100.12682582604924,153.28282682675186,61.08822513381773,100.12682582604924,138.77184512717267,22.23974482767282,100.12682582604924,167.6204790590935,38.81335143993623,90.93074974946593,149.9504084689335,38.81335143993623,94.56027839426024,149.9504084689335,38.81335143993623,38.81335143993623,149.9504084689335,45.783798990472604,97.03904497675148,174.5254279467608,50.9493498486487,97.03904497675148,152.6372333344653,46.12652436505486,141.0075352596449,176.53930157333238,49.950788282068174,127.80893943695801,205.4120858177532,49.950788282068174,103.01041816243637,182.35713586257052,49.950788282068174,49.950788282068174,103.01041816243637,41.6315535381518,85.5666187832615,157.08477010837174,41.6315535381518,85.5666187832615,119.53294524941649,41.6315535381518,119.53294524941649,190.42879246584536,66.58927278473612,66.58927278473612,177.68124549315834,22.707295083298668,110.12743186872197,177.68124549315834,22.707295083298668,66.58927278473612,136.2905902841425,94.56027839426024,126.69106124742977,94.56027839426024,127.14214486156823,58.3283057357232,111.91570488541811,48.003398317202496,110.99417214430676,92.21261437569156,131.818530563802,92.21261437569156,131.818530563802,111.6943373676571,128.92682032843283,64.28938481584655,128.6861492158344,94.56027839426024,127.80893943695801,71.27486408264838,144.57740141529726,100.33155660110133,135.39433149138853,74.76841746352532,146.14590312424087
27.0,49.2088025662076,103.94648262447365,167.6130215705212,49.2088025662076,103.94648262447365,138.3008495997042,36.45910380138272,138.3008495997042,168.49072674779464,30.757133318955457,109.51258489324411,187.49433324770112,30.757133318955457,109.51258489324411,187.49433324770112,30.757133318955457,109.44496904837608,109.51258489324411,22.439167765316075,101.05976573295625,149.05242366362245,61.553482842159305,101.05976573295625,140.08970340463998,22.439167765316075,140.08970340463998,172.9598941951573,39.142384316748,39.142384316748,151.27003999470617,39.142384316748,94.95467997945124,151.27003999470617,39.142384316748,39.142384316748,151.27003999470617,45.58235678417692,93.61736617743526,168.730924847818,49.2088025662076,93.61736617743526,168.730924847818,49.2088025662076,153.95332084758678,173.6307144487979,50.41216371075536,128.90936738654798,176.54354986801414,22.038517418374585,99.31908804454459,176.54354986801414,22.038517418374585,98.78527850849032,99.31908804454459,42.026911021391996,82.4160254440846,154.8567886790889,42.026911021391996,82.4160254440846,152.61266330157534,42.026911021391996,120.41231249336589,191.96646842612904,67.24995353158246,67.24995353158246,179.2208832697797,22.038517418374585,94.28815540671054,179.2208832697797,22.038517418374585,67.24995353158246,131.82422008113684,95.49340945845425,126.46392766318782,87.11145877552504,126.46392766318782,57.65866153493332,117.7290321033856,48.974483151943524,111.73625754427253,88.98509004322015,127.35236550610279,88.98509004322015,127.35236550610279,110.38721053636603,158.6556806420747,62.018878174310764,110.38721053636603,94.95894507628019,128.90936738654798,70.73808203506792,139.64284800876842,99.98988073800267,131.59264797092578,72.08097009613563,147.24511876459607
28.0,47.61655436925272,104.91623444443667,162.98964691047098,47.61655436925272,104.91623444443667,144.13752113866812,36.74617327015154,144.13752113866812,168.33931507523727,31.088583113419627,110.5462855549656,189.3148831972806,31.088583113419627,110.5462855549656,189.3148831972806,31.088583113419627,79.80711904335352,166.54466367914645,22.576121234614238,101.95305905170281,141.22721055094163,60.42012288964663,101.95305905170281,141.22721055094163,22.576121234614238,139.04720421497154,174.5512102507456,39.55238614799365,39.55238614799365,152.6372333344653,39.55238614799365,96.7138886096511,152.6372333344653,39.55238614799365,39.55238614799365,152.6372333344653,45.605057285349396,93.42995370864742,162.98964691047098,48.145677376063574,121.36978619079791,156.72467897558445,48.145677376063574,132.95911025574742,174.10808424653922,50.82156284491849,95.99560536816256,130.54740518294494,21.243145953459905,95.99560536816256,130.04854862704158,21.243145953459905,95.99560536816256,95.99560536816256,42.36816316528249,82.02168158481024,193.78628692453964,42.36816316528249,82.02168158481024,154.19833008174894,42.36816316528249,146.42959058878776,193.78628692453964,21.243145953459905,67.86741670345202,180.81516805843475,21.243145953459905,107.58425186801273,180.81516805843475,21.243145953459905,67.86741670345202,127.39750782491784,96.28148835575819,122.92731592286557,85.91982454591025,122.92731592286557,105.21005774164368,153.33826984807152,48.825518430427344,153.33826984807152,86.1852147992914,126.69500779430892,86.1852147992914,140.7839657063261,79.83164316234509,130.04854862704158,59.75735310403231,106.92806577321035,97.51759456631402,128.51507693652135,69.68408175473076,140.7839657063261,98.61635893704451,132.07431620114488,70.75271196215732,155.31620971424715
29.000000000000004,46.17040448165903,105.91874834041423,159.29414615735257,46.17040448165903,105.91874834041423,158.17751104376373,36.423292684764235,145.5511078624962,163.4690337648082,31.3828177511198,111.54338281583537,190.96236540219124,31.3828177511198,111.54338281583537,190.96236540219124,31.3828177511198,91.36446929742436,165.07006088325042,22.78741428947128,102.94771124216409,141.9599415328141,60.71248841877591,102.94771124216409,141.5207581946903,22.78741428947128,137.97146444102128,176.1976872719957,39.90634348070492,39.90634348070492,154.05072216643453,39.90634348070492,98.76933355044974,154.05072216643453,39.90634348070492,39.90634348070492,154.05072216643453,48.42991069576735,94.35208662239538,161.96334461846607,48.42991069576735,116.75026766564606,156.9637697049864,48.42991069576735,134.13845459076975,179.54978418254922,51.21187606405373,92.83564105450019,171.05006577022996,20.586919390719924,92.83564105450019,171.05006577022996,20.586919390719924,92.83564105450019,92.83564105450019,42.737571292716204,82.79952445515615,195.6709610545213,68.56567107525456,82.79952445515615,156.9637697049864,42.737571292716204,145.83938082699063,195.6709610545213,20.586919390719924,102.93525270770942,182.46266741446044,20.586919390719924,109.9863684735522,181.00172651110265,20.586919390719924,68.5059212769232,125.63886739381249,83.14219746915522,118.98371737342887,83.14219746915522,118.98371737342887,69.71507189984099,102.37898343898517,55.9024261548638,102.19090590654336,86.90639360829559,118.98371737342887,99.64319469988905,118.98371737342887,107.59429004366356,143.3618673148477,58.04408884632439,143.99522561529602,97.42849300897556,124.76227394529165,67.44139122230501,148.2249135604403,98.5856226840405,146.08430784995355,71.46307613026464,159.04912763042745
29.999999999999996,44.73836440908407,106.95310304053828,153.41161950778044,44.73836440908407,106.95310304053828,147.01232941491676,36.06821661795881,129.6577224850105,164.68796252306967,31.675404496233348,112.57082770416143,159.8534485083134,31.675404496233348,112.57082770416143,159.8534485083134,31.675404496233348,89.11521334766584,159.8534485083134,23.079780111604183,103.82649589579724,144.8451759638546,63.45310276101556,103.82649589579724,139.26638144218438,23.079780111604183,103.82649589579724,177.89779369064698,40.271159034723595,119.54340216005231,155.50924409822073,40.271159034723595,115.8173400229862,155.50924409822073,40.271159034723595,119.54340216005231,155.50924409822073,48.86697504450219,114.97130620289568,159.67349498273032,48.86697504450219,95.1565880535867,153.41161950778044,48.86697504450219,135.35370331099182,181.49414591110096,37.39652390263031,92.1984612127556,172.75018089715564,20.066670127352968,92.1984612127556,172.75018089715564,20.066670127352968,55.753923628745625,92.1984612127556,43.22614949310197,83.4723382324947,197.37179383083085,71.84428474137661,83.4723382324947,158.42387761950533,43.22614949310197,145.64897871251964,197.37179383083085,20.066670127352968,126.85671050441124,126.85671050441124,20.066670127352968,110.00764178001452,126.85671050441124,20.066670127352968,69.16488451519311,126.85671050441124,80.66297942674817,133.12071589350774,80.66297942674817,134.73353331669142,56.216289898925204,119.29218331475035,56.216289898925204,100.10704895260872,87.78890163340695,115.51244521695487,102.00689314943378,115.51244521695487,95.90673203691178,143.29733074973868,57.53678171396103,143.72934634235278,98.28291433407945,126.17497770952845,65.35121460233161,149.680075494369,95.71463446098511,142.18166196806112,115.00867902032438,152.84183000736414
31.0,43.44992807819134,108.09563474072392,154.09615504612697,43.44992807819134,108.17303846153162,149.1228520381769,36.14424228006447,125.19634579331779,171.58853399921568,31.976573456203838,113.70356194948336,155.12132348584447,31.976573456203838,113.70356194948336,155.12132348584447,31.976573456203838,87.3876492989713,121.6783670173133,23.306785492641406,104.95804518949464,145.60434402860375,62.717670954843335,104.95804518949464,139.77347745548866,23.306785492641406,133.94261831097674,145.60434402860375,40.722859059746774,116.45667112707628,157.01154416156794,40.722859059746774,114.7850436685895,157.01154416156794,40.722859059746774,88.41790684018706,157.01154416156794,49.3927246666956,115.89346940186061,187.5356632750155,49.3927246666956,111.7227651376388,151.2617764010459,49.3927246666956,136.85804689531412,183.25017053198067,36.78717507501765,93.10040950500701,174.5039397836049,19.422828063904596,93.10040950500701,174.5039397836049,19.422828063904596,57.135332763536084,93.10040950500701,43.68130320858113,84.43048175866343,194.91568690077256,72.59666831198247,84.43048175866343,159.92693644286445,43.68130320858113,159.92693644286445,194.91568690077256,19.422828063904596,128.11176760938082,128.11176760938082,19.422828063904596,109.33122266763506,128.11176760938082,19.422828063904596,69.92035647792422,128.11176760938082,96.88078369831656,135.3998707532618,78.28052918829816,136.08682889978735,54.536604679792816,121.08313259905361,42.575300938454916,97.1370745390245,88.7762425990197,129.91198943900443,78.20346060117801,130.34233771112133,95.74824410922636,139.4296417552595,58.21555848740094,139.4296417552595,92.73791700270176,133.94261831097674,64.13241185235434,151.3509993359806,108.17303846153162,140.1164694102731,114.73465583684818,149.5497408891102
32.0,42.30226057789347,107.17628585652704,156.80601072662998,42.30226057789347,108.63754530547898,144.87969146847325,42.17548162143498,126.4876476182556,173.39442032545338,32.28608446374382,113.4571780452872,173.39442032545338,32.28608446374382,112.9164790896351,173.39442032545338,32.28608446374382,84.96179288362505,112.9164790896351,23.54020496937102,105.88900438666896,147.15680412403634,64.4986918471995,105.88900438666896,140.6382771509947,23.54020496937102,136.34744222023383,147.15680412403634,41.11053697046537,113.77225606447293,217.9108189145275,41.11053697046537,113.77225606447293,158.8178988653357,41.11053697046537,113.00969538052918,113.77225606447293,49.93502027635515,115.82705318706851,184.73122367374714,49.93502027635515,113.17065100987976,153.4132491018947,49.93502027635515,143.92228805852136,182.1925492439249,36.308211881060735,94.05759538708185,176.57186922043954,18.91338811530076,94.05759538708185,176.30974164804394,18.91338811530076,58.42543324614718,150.4414337873712,44.1470412372109,85.23307016645592,189.40201952460802,70.68398863957806,85.23307016645592,161.73319078037136,44.1470412372109,161.73319078037136,189.40201952460802,18.91338811530076,129.40295591677958,129.40295591677958,18.91338811530076,109.30508336760921,129.40295591677958,18.91338811530076,70.62061490811305,165.97175964603136,108.2572457159335,121.3450658246968,92.62527327894908,131.57364857751722,52.87547872123712,135.17812323005523,48.708315511830214,135.17812323005523,76.02595773813047,129.66543486989892,76.02595773813047,131.89247514547597,94.58097721000772,136.87265979734593,93.43838210285963,136.87265979734593,90.17688866888234,135.23359419907467,112.5024499733228,145.72448318659428,108.33764927300204,126.4876476182556,115.12619706218041,161.73319078037136
33.0,41.166870782220016,108.52709915039652,178.6858276417019,41.166870782220016,107.70548384367436,141.10324234403686,41.166870782220016,115.81675720723663,175.25160484286585,32.6843425817317,112.89196716330174,171.7501819504131,32.6843425817317,82.6885799249207,211.84339734813545,32.6843425817317,82.6885799249207,111.48264999541408,23.779849663107626,107.08387483650374,148.75357138569817,68.79172370278273,107.08387483650374,142.23440160523754,23.779849663107626,142.23440160523754,148.75357138569817,41.588835641311235,110.6085496243396,220.31369680525992,41.588835641311235,110.6085496243396,160.41080075855243,41.588835641311235,41.588835641311235,159.96601201505274,50.493328767273795,115.5645112047812,183.40154034249548,50.493328767273795,114.65422473681464,163.59439171316356,41.0415186122541,144.03688763646625,177.1584742539854,35.841055369506066,95.09674678978244,146.65478171542856,18.409406562950366,95.09674678978244,146.65478171542856,18.409406562950366,74.90581586232139,146.65478171542856,44.62607141570945,86.19226328389341,184.36953381727687,68.79172370278273,86.19226328389341,163.59439171316356,44.62607141570945,163.59439171316356,184.36953381727687,18.409406562950366,130.72920484727197,130.72920484727197,18.409406562950366,108.85541442666046,130.72920484727197,18.409406562950366,71.42055901489431,202.41078281554073,107.3269129808549,122.67691306843354,107.3269129808549,122.67691306843354,51.61144495167714,119.7627863737313,40.588375798989546,86.97187045246295,73.87229690486143,138.60781002526517,73.87229690486143,139.44398516967306,91.92595525747882,172.7299192380984,91.92595525747882,137.93884514523094,106.6493143437875,117.0077401285915,110.93638379720153,141.5207581946903,92.42927701762034,135.98575293022427,115.81675720723663,162.4826913858827
34.0,40.04480303360225,107.36380325789507,173.70556985888507,40.04480303360225,106.10721582437266,137.3703934623469,40.04480303360225,135.98023753472415,172.59816047687184,33.01175926847886,95.25797210732549,167.60258052905988,33.01175926847886,80.56585039580976,167.60258052905988,33.01175926847886,80.56585039580976,111.80691503659332,24.025533292728383,108.35384741669306,150.39323455528177,66.79776380987614,108.35384741669306,143.87538010375508,24.025533292728383,143.87538010375508,150.39323455528177,42.080948777326775,108.10458477788995,223.0596893210425,42.080948777326775,108.10458477788995,161.7656483929762,42.080948777326775,42.080948777326775,108.10458477788995,51.06712494354856,112.68050519056081,179.80857877198184,51.06712494354856,112.68050519056081,165.23203381911148,40.04480303360225,141.80135753934093,173.0104765613921,35.386173147148874,96.16421501785369,142.49605257690473,17.911344170664577,96.16421501785369,142.49605257690473,17.911344170664577,76.69423870148265,142.49605257690473,45.11797036658453,122.66672327897244,179.80857877198184,66.92160525570199,122.65857083791576,189.63814226046404,45.11797036658453,130.0100957618292,179.80857877198184,17.911344170664577,132.36549777037823,132.36549777037823,17.911344170664577,107.73117584989036,132.36549777037823,17.911344170664577,70.95531164049665,196.99143382391023,104.31877227996887,122.10497532860813,104.31877227996887,122.10497532860813,50.111787535469134,121.13267519542363,40.461787528481736,87.18504028788425,103.02898257286635,135.5677874718032,101.86386135426048,135.69865511492736,89.55144471196431,139.57659187700494,89.55144471196431,139.57659187700494,108.56192357359923,112.68050519056081,76.7361795374255,155.39666984848807,103.36975500599776,154.9842733957223,112.68050519056081,160.1097279992693
35.0,39.673936658718404,106.95092332467262,170.3030387280274,39.673936658718404,106.59655834031415,144.16873794273152,39.673936658718404,135.72628706333936,168.50111275596964,33.43166537879918,78.4685685481773,161.70072665266537,33.43166537879918,78.4685685481773,163.50267581908255,33.43166537879918,78.4685685481773,78.4685685481773,24.362188941061923,109.70595357591128,152.0744061306833,62.408022320852304,109.70595357591128,145.55969565782968,24.362188941061923,145.55969565782968,152.0744061306833,42.50124998161819,104.88835135514334,225.5972628380052,42.50124998161819,42.50124998161819,191.63930964183731,42.50124998161819,42.50124998161819,189.8002239197836,51.655892693864075,109.70595357591128,179.3965579379939,66.69731066542339,109.70595357591128,167.19038548911837,39.05952188647475,141.25907050522454,175.37994469151826,35.188510198642966,97.34439506206814,197.29451335503478,17.54198534944092,97.34439506206814,200.24141679482793,17.54198534944092,76.68866441658767,140.43726357345474,45.62232183920498,121.94465957966344,175.30152594886331,65.32022083551156,122.94968483082826,185.08815467230744,45.62232183920498,130.85535908016914,175.30152594886331,17.54198534944092,134.0489649344597,194.796368035957,17.54198534944092,104.88835135514334,134.0489649344597,17.54198534944092,70.77751231853236,175.30152594886331,81.87204193129666,131.59264797092578,69.89074509547025,132.0004734839993,47.20652762065857,121.64163041492004,48.63251227316968,86.70136244604232,101.71819527498509,128.2307490424976,101.71819527498509,150.3100961346243,87.9056952079898,140.89224606059767,49.17312528200745,124.79232748851189,109.70595357591128,122.70136511058058,100.6743077949881,154.61120593281717,101.11830323932458,134.4995353151824,111.94864894227175,159.28472933712132
36.0,40.10543915730135,107.01304242941605,164.45402092986356,40.10543915730135,107.01304242941605,156.99243612352794,40.10543915730135,136.88179206892346,163.0555886806705,33.862977571383176,135.15407873978498,206.68968285814364,33.862977571383176,135.5567224448865,135.5567224448865,33.862977571383176,57.706639565997946,77.3355109248009,24.621256060566854,111.26931854738754,154.08642055677717,61.36750972623869,111.26931854738754,123.35623717510192,24.621256060566854,123.35623717510192,154.08642055677717,43.10471261938768,105.23678658149915,228.48769113455543,43.10471261938768,105.23678658149915,187.16737162229958,43.10471261938768,43.10471261938768,187.16737162229958,52.34645403463352,107.01304242941605,198.08741757113197,66.40757675145208,107.01304242941605,169.37569188050568,38.08656259102415,144.78648072247628,176.25443256837542,34.96592984606587,98.81852685605062,195.76931577752424,17.055534292422504,123.01797124810668,195.76931577752424,17.055534292422504,75.91113225344488,141.58963592014777,46.225926167033144,123.23506501803777,174.26452593686415,63.61742096312928,123.35623717510192,174.15689765266262,46.225926167033144,132.58063584098548,172.7588637378702,17.055534292422504,135.48662295592138,197.38952606458125,17.055534292422504,102.44665075052478,135.48662295592138,17.055534292422504,102.44665075052478,135.48662295592138,82.91574790110742,128.7560678181809,68.3033033608185,128.7560678181809,85.13243359613303,118.17339484841754,39.37678567379516,85.13243359613303,99.27104940515135,128.27948004260074,99.27104940515135,128.35351572902084,122.97022505468549,155.19060860760874,48.28753721199705,139.26817655157262,106.76992202863127,124.15967541839017,107.01304242941605,150.55605268470612,105.63499065177218,132.87258934784103,106.64847045316685,169.45390228613797
37.0,40.63546788213469,104.4750269203124,163.6509242259267,60.22504669985736,104.4750269203124,159.05227128211655,40.63546788213469,133.45270697891445,163.6509242259267,34.30014577228499,132.35416502702134,209.35048363927893,34.30014577228499,78.40517361756174,132.35416502702134,34.30014577228499,78.40517361756174,109.15656759902264,24.975112612358725,111.17039286608642,156.15096861691254,61.96552468913662,111.9203567274515,120.94507534414123,24.975112612358725,120.94507534414123,156.15096861691254,43.635435714565745,106.75029273964545,230.06004650960148,43.635435714565745,106.75029273964545,182.75153898120803,43.635435714565745,43.635435714565745,182.75153898120803,53.05517175544718,104.4750269203124,195.45875524007616,65.59760856921538,104.4750269203124,196.05005738331218,37.12689389108655,146.5524650082693,171.55210578713397,34.87701607075926,98.86951628282601,190.95189184713516,16.695545813180235,99.40921109233288,190.95189184713516,16.695545813180235,74.83609590297986,143.65105290251094,62.2965187630898,120.94507534414123,174.057820852727,62.2965187630898,120.94507534414123,172.4503551750474,46.845290585073755,134.05269486287847,134.05269486287847,16.695545813180235,137.25204916503068,200.35000623908152,16.695545813180235,100.03532501071808,177.65310298443987,16.695545813180235,100.03532501071808,175.15314727403558,94.09514466751193,143.65105290251094,66.61528540808033,144.05250778795903,48.76511304200986,117.80096031017743,48.76511304200986,97.63519473017914,96.97502900231585,125.5390228176084,96.97502900231585,125.5390228176084,90.10500124854336,155.9523164303756,45.34530019748463,155.9523164303756,96.16585282729,127.95165102490863,106.75029273964545,149.65000835282302,104.4750269203124,134.05269486287847,104.4750269203124,167.95125781011586
38.0,41.17834685851291,102.08957463913737,189.5761720259168,62.68896433982619,102.08957463913737,135.8588421855567,39.25775401115046,132.48065896575244,163.71049141701334,34.75811056429851,129.1960719217113,129.1960719217113,34.75811056429851,127.48186145487522,185.36754030843696,34.75811056429851,79.12247626306953,127.48186145487522,25.24660868314792,110.4707483906939,158.26599445237756,60.99164901853368,111.02842541439557,118.32390396703448,25.24660868314792,118.32390396703448,158.26599445237756,44.17811958424668,108.22128371997812,178.39597809367788,44.17811958424668,108.22128371997812,178.39597809367788,44.17811958424668,44.17811958424668,178.39597809367788,53.7813280795482,126.84152021321725,191.1193998525529,63.96589911820203,104.73400235835543,196.59380712525,36.29891527304914,148.66278956080436,189.32280633880325,73.29192486215653,122.87669123963258,190.2777575020265,16.340019889828774,120.15257487877652,190.2777575020265,16.340019889828774,73.17394515809572,144.89349536814964,60.99164901853368,118.32390396703448,173.66094840233944,60.99164901853368,118.32390396703448,173.0046964680439,47.47979833571326,135.8588421855567,169.41111238640752,16.340019889828774,139.0597892994233,203.08280330938905,16.340019889828774,97.89295812263515,177.61088086037972,16.340019889828774,97.89295812263515,176.16079302727948,94.70911386978553,120.89260213098235,94.10446987258362,129.89851808238615,49.40046811519097,117.45569909544619,49.40046811519097,98.99801134366285,96.69620597520877,134.0601544083849,110.33811671403495,139.50313616546404,91.28858773143553,152.39135474166505,45.388944138413265,152.39135474166505,117.547995516725,124.92059978242179,108.22128371997812,157.25973737737195,102.08957463913737,135.8588421855567,124.98092354435535,163.71049141701334
39.0,41.73357461325353,112.78488928043508,161.83517849960805,62.95757500094806,99.85409981568107,137.70666287438672,39.484633086809865,137.70666287438672,162.22553744709862,35.221105178571555,127.80162851075099,179.95172963881174,35.221105178571555,127.80162851075099,182.68996962066637,35.221105178571555,60.80284738398358,127.80162851075099,25.616425394656453,110.67992704189861,158.87298385817522,59.587676997849144,110.91285430462963,116.304712931162,25.616425394656453,116.304712931162,160.42950165103673,44.82578777891137,109.71948892516771,109.71948892516771,44.82578777891137,109.71948892516771,174.42226062059854,44.82578777891137,44.82578777891137,174.49247834792192,54.52422626686233,125.32861305384338,185.43361345775475,62.025770853734656,124.28751445740637,201.73776294982554,35.59854280725547,150.51287320359012,176.12531050362978,71.651107807207,122.62722475046068,192.75794406457027,15.989254203995882,123.23871652204107,192.44512204781913,15.989254203995882,71.651107807207,118.87559148117833,59.587676997849144,115.73746692406915,216.674006285941,59.587676997849144,115.73746692406915,170.51722786862328,48.12885049531102,137.70666287438672,170.51722786862328,15.989254203995882,140.68448741776757,205.8776942750234,15.989254203995882,95.77878810049748,174.49247834792192,15.989254203995882,95.77878810049748,174.49247834792192,92.59223104559044,121.03080702862391,92.59223104559044,121.40612113892776,50.049787711837496,105.39232064054761,50.049787711837496,99.24452755693888,98.0995986230321,138.4092663082931,108.69572783693019,139.81460939401146,78.54279884241457,149.65669046187008,44.453304151660085,149.65669046187008,117.76141664399252,122.98559366852687,109.6249116305231,147.93621936496822,100.02047915302145,137.70666287438672,123.98264495484841,160.2096282999246
40.0,42.30066488839153,115.12756511800289,169.36093115001464,42.30066488839153,97.7657723848178,129.0708381083814,32.39044998143743,129.0708381083814,165.84066147962628,35.69385451306709,127.72039774444801,178.83826492112922,35.69385451306709,81.76809432780001,178.83826492112922,35.69385451306709,81.76809432780001,81.38360553575886,58.1936422644261,110.92299693931822,160.6646351877102,58.319818672557616,111.34532432931344,117.8376266308856,25.994831216993887,117.8376266308856,160.84658840025176,45.4884738148028,111.34593054979602,175.76297960605925,45.4884738148028,111.34593054979602,111.34593054979602,45.4884738148028,45.4884738148028,111.34593054979602,55.37915898603011,124.81428704279008,184.21353099053283,61.659397094035874,125.34494904063745,212.45734866085476,34.793048874739334,150.7402567332297,178.64524902722715,70.14942088142995,124.31158936318046,195.6083459364656,15.643568966191825,123.36736298551574,147.54024874589305,15.643568966191825,70.14942088142995,114.48258055267623,58.319818672557616,113.30318287674004,212.45734866085476,58.319818672557616,113.30318287674004,215.90304536990672,57.088451108783815,138.37855686485534,217.24669157434826,15.643568966191825,93.69472370416595,208.7321848685535,15.643568966191825,93.69472370416595,171.02814095931697,15.643568966191825,93.69472370416595,171.02814095931697,90.62141717055631,118.9143599402528,90.62141717055631,118.9143599402528,50.808279345004394,111.61295287734305,50.808279345004394,112.55423692602602,97.1389275728325,137.99682967372837,88.60474733331165,139.40633055926835,77.81263554205063,150.92423595963638,43.53063576379284,150.92423595963638,117.7971402454236,121.31175231608847,69.36141758931979,149.5163034588536,101.45440478362681,137.61586027780373,121.52837631598638,159.43846775480503
41.0,42.9766360945107,119.2493867908762,171.94512205933614,42.9766360945107,96.21474029482177,126.44194814222058,32.873108310593324,126.44194814222058,168.0940956726321,36.173194495371845,129.67844847930593,176.17640307373742,36.173194495371845,83.03533133552247,129.67844847930593,36.173194495371845,83.03533133552247,94.19695456860588,26.38145655569457,111.01829241165619,160.46533893648186,57.18414334411245,111.01829241165619,160.46533893648186,26.38145655569457,119.69497169889803,161.69454227029433,46.165530972793974,113.006509768243,178.67043683833091,46.165530972793974,112.71105203128928,113.006509768243,46.165530972793974,46.165530972793974,113.006509768243,55.80131046848272,122.53232736710748,210.28700625573612,62.41991869587784,126.44194814222058,239.7355313673799,34.11321224980139,147.7180591532396,177.8218912282737,68.67027195227932,122.50478051896587,197.6704960281124,15.303308465818755,122.50478051896587,172.5996089219208,15.303308465818755,68.67027195227932,122.50478051896587,57.18414334411245,111.01829241165619,186.42860563765421,57.18414334411245,111.01829241165619,218.80156535089048,57.18414334411245,138.64568150505085,218.80156535089048,15.303308465818755,91.75593305067525,211.6438636010976,15.303308465818755,91.75593305067525,167.6130215705212,15.303308465818755,91.75593305067525,167.6130215705212,89.18739400834626,131.78850955223677,89.18739400834626,132.0993802029366,51.58353661780083,110.43835950429542,51.58353661780083,110.43835950429542,88.79347526704876,134.2651295012968,88.79347526704876,136.05192023635684,76.33253729570373,153.1800411280791,50.73737527700857,153.1800411280791,118.7439472141633,118.7439472141633,118.7439472141633,151.7699739737739,103.01609704313205,137.08801917016672,123.09567924992331,163.6631449044042
42.0,43.66739344178903,119.97660709488329,174.58271678490973,43.66739344178903,118.80629718158882,146.637733888655,33.44377744812927,124.99118468916117,170.72089795921295,36.76637390333727,131.67573808412845,192.16691962978436,36.76637390333727,84.02791946728182,131.67573808412845,36.76637390333727,84.32862058637032,94.27741643681162,26.77594536146203,108.76815365721714,160.31570415901245,56.06559774050394,108.76815365721714,160.31570415901245,26.77594536146203,121.59075314348539,160.31570415901245,46.856336284434356,114.80033209882278,181.30947300127482,46.856336284434356,88.12222336051218,114.80033209882278,46.856336284434356,46.856336284434356,114.80033209882278,55.42017908668286,120.71361252982199,181.97699030371945,63.50201768447991,123.96504043479355,239.99296864700017,33.44377744812927,144.74330727187353,174.47528478268777,67.3261928969699,120.14077679955294,171.68321117686494,15.079663457783134,120.14077679955294,171.68321117686494,15.079663457783134,67.3261928969699,120.14077679955294,56.06559774050394,108.76815365721714,188.74221838263955,56.06559774050394,108.76815365721714,229.51715622149032,56.06559774050394,139.2053339495294,211.04057666714237,15.079663457783134,89.95905318532427,164.2501902586417,15.079663457783134,89.95905318532427,164.2501902586417,15.079663457783134,89.95905318532427,164.2501902586417,90.38274863047704,133.3317338445728,90.38274863047704,133.49768256415538,52.37481503547291,111.93483037017566,52.37481503547291,123.24163764734708,87.09549356884087,135.5604108875449,87.09549356884087,135.5604108875449,107.85766662597517,154.32797866880782,74.87396910809524,139.79851572888748,116.42826654210737,131.0452832039368,116.42826654210737,153.6216944314832,104.60954186879894,137.41952190282137,124.89051705393808,163.51032077517308
43.0,44.37224639343832,118.2626578848962,176.14943939734806,44.37224639343832,118.96829934902827,147.1737918244957,32.894319418404145,127.02498277897935,171.18155566532278,38.42884658690656,133.81652084103817,180.3902020620854,37.03891534588992,85.64678190101482,133.81652084103817,37.03891534588992,85.64678190101482,93.58779968564276,27.17795522109785,106.66471417483854,157.3884525624418,54.96522764439351,106.66471417483854,157.3884525624418,27.17795522109785,123.52320126194917,157.3884525624418,47.661895157452555,116.73166344227259,184.33698760693687,47.661895157452555,88.19087963049239,156.0468679595973,47.661895157452555,47.661895157452555,116.73166344227259,51.79943291195377,121.23883969256717,191.06314401265357,62.29001725798444,121.52726545923757,241.34130396598093,32.894319418404145,142.18166196806112,171.18155566532278,66.11317001929343,117.81356564504786,220.03550849806038,14.749279643426657,117.81356564504786,168.37495360058753,14.749279643426657,66.11317001929343,117.81356564504786,54.96522764439351,106.66471417483854,191.7697186732045,54.96522764439351,106.66471417483854,233.20189750514467,54.96522764439351,54.96522764439351,157.3884525624418,14.749279643426657,88.30051670290497,160.94292466585787,14.749279643426657,88.30051670290497,160.94292466585787,14.749279643426657,88.30051670290497,160.94292466585787,91.90465847822949,132.31347720470504,91.90465847822949,132.84077404923534,40.446770575659066,102.73154943832981,40.446770575659066,109.28552626034245,94.24399848266201,137.09347632181482,95.19441291378396,137.09347632181482,106.02872841829237,169.4243931669817,73.43821382631796,137.09347632181482,96.04247107399934,132.55133439539566,116.73166344227259,155.00201611592024,105.82460134581183,136.0679839271531,124.15275369479325,171.18155566532278
44.0,45.090533928974494,118.07053506273273,173.60767552156213,45.090533928974494,119.13102555589789,148.88796123259934,32.245639240058495,129.20099167576078,168.30069815660303,39.256034567948916,133.22402654926776,136.0960919718123,37.234610915114985,86.34301506201876,134.53189677544873,37.234610915114985,86.34301506201876,87.09285992548413,27.690544415016472,119.76055798968206,168.33634485755,53.991353474422176,104.70456651932618,154.5093039269804,27.690544415016472,125.59510838404495,154.5093039269804,48.483773058622404,118.70000526537478,187.42365112226364,48.483773058622404,86.66865782969066,157.69472090085958,48.483773058622404,48.483773058622404,118.70000526537478,52.62168041786579,119.34708312313292,194.49325181095617,61.20597397313435,119.34708312313292,245.09513459063197,32.245639240058495,141.81898674014,169.73545593069232,64.81189127004396,115.63341320742893,216.0500520712735,14.532592679904022,115.63341320742893,165.4814944336677,14.532592679904022,64.81189127004396,115.63341320742893,53.991353474422176,104.70456651932618,194.14717355655733,53.991353474422176,104.70456651932618,236.95701086906038,53.991353474422176,53.991353474422176,242.22123152192916,14.532592679904022,86.66865782969066,158.05260200325714,14.532592679904022,86.66865782969066,158.05260200325714,14.532592679904022,86.66865782969066,158.05260200325714,93.45595887903563,131.5578247387817,93.45595887903563,130.785592669835,40.94491726698199,115.73046811449437,41.15703159850088,99.07843483826336,109.90696633971842,136.11510294599935,109.97556546797111,146.7672477087446,104.06827686668016,166.89555116898714,72.02663569819154,166.89555116898714,97.59370497117116,132.28133371719534,118.38682887044487,153.11474455453336,110.96335543772997,133.99429558753613,133.4715559585637,154.5093039269804
45.0,45.92707534777279,117.20314095620475,170.41603504365426,45.92707534777279,117.20314095620475,151.32456839522126,25.562790340649432,131.5229305102346,172.1819531774454,37.33538870830194,111.1584510957219,159.80965239934665,37.33538870830194,83.89848776944672,132.79571246843776,37.33538870830194,66.50373109833764,87.68409205779575,46.56298154113415,121.33994086861918,171.1231281855261,52.82183497380605,102.88409133583286,151.32456839522126,28.108295039009388,127.916012484755,151.32456839522126,49.110398593373276,120.80993853984033,188.800489935805,49.110398593373276,85.06501190266182,154.8600174351017,49.110398593373276,49.110398593373276,120.80993853984033,55.89840113992528,117.41584752494018,197.28310875490584,60.24559112499436,117.41584752494018,252.79463008537186,31.92587117057262,165.1154898851104,193.3988753845275,14.318912319027588,113.80962722898269,163.3420490871839,14.318912319027588,113.80962722898269,163.3420490871839,14.318912319027588,63.95780835832323,140.96237529922658,53.245246266685626,103.09665974220503,196.22213177926693,53.245246266685626,103.09665974220503,241.1298923816788,53.245246266685626,53.245246266685626,250.67334321782204,14.318912319027588,85.38340734592406,155.91704525163374,14.318912319027588,85.38340734592406,155.91704525163374,14.318912319027588,85.38340734592406,155.91704525163374,69.4732412515783,120.70354696528184,93.8686648994221,133.3292025401787,40.30508652763321,117.09731529800331,41.365882681262825,116.88595403212483,108.18791522161798,149.55475585884923,102.14245566854167,150.26019100214134,102.4602666890927,164.7562593651604,70.95816549207004,164.7562593651604,98.21993814903367,131.5229305102346,56.428018306511525,151.32456839522126,110.41655786158161,131.7360856029964,131.7360856029964,152.381511345701
46.0,46.77944260035598,115.09414081524741,166.90753428170942,46.77944260035598,115.09414081524741,153.80222690195353,24.93363691882915,133.99429558753613,162.3364561643502,37.44370774909985,111.17545255136135,137.7960857571796,37.13537733752008,65.03092533556631,133.0254345980497,37.13537733752008,65.24301686770777,87.41287805581051,46.36298361839971,124.46887161053561,175.37139162360546,28.639592350450798,100.98738163750954,148.88796123259934,28.639592350450798,130.27605785408153,148.88796123259934,50.27808916416772,122.10852242984517,152.42252130180762,50.27808916416772,83.59139459298427,152.42252130180762,50.27808916416772,50.27808916416772,122.32520692808984,52.62168041786579,119.34708312313292,194.49325181095617,61.20597397313435,119.34708312313292,245.09513459063197,32.245639240058495,141.81898674014,169.73545593069232,64.81189127004396,115.63341320742893,216.0500520712735,14.532592679904022,115.63341320742893,165.4814944336677,14.532592679904022,64.81189127004396,115.63341320742893,53.991353474422176,104.70456651932618,194.14717355655733,53.991353474422176,104.70456651932618,236.95701086906038,53.991353474422176,53.991353474422176,242.22123152192916,14.532592679904022,86.66865782969066,158.05260200325714,14.532592679904022,86.66865782969066,158.05260200325714,14.532592679904022,86.66865782969066,158.05260200325714,80.4182581880508,131.32210876314772,70.53677232479524,130.90441646483896,38.83189732681111,118.05624189342976,41.376759781307186,130.80021502275903,109.90696633971842,136.11510294599935,109.97556546797111,146.7672477087446,104.06827686668016,166.89555116898714,72.02663569819154,166.89555116898714,87.09285992548413,129.20099167576078,98.43389279105037,148.88796123259934,110.96335543772997,133.99429558753613,133.4715559585637,154.5093039269804
47.0,47.6467863554301,113.2298823191122,188.50895204207146,47.6467863554301,113.2298823191122,156.68160389784117,40.7460580915504,134.07487180676327,166.233645812152,37.50333318519835,108.91058832822453,155.97475757314066,36.93671953490185,62.9404182540917,135.7063603888926,36.93671953490185,64.84833266939097,86.70681201612707,49.23394408332528,126.5822706780061,177.90622529861062,29.18049434125474,99.33222664372323,146.49445381993135,29.18049434125474,132.67620830427737,146.49445381993135,51.251402419836275,124.09565363057644,149.68842640631908,51.251402419836275,82.14503180351201,149.68842640631908,51.251402419836275,51.251402419836275,123.00370421251549,51.79943291195377,121.23883969256717,191.06314401265357,62.29001725798444,121.52726545923757,241.34130396598093,32.894319418404145,142.18166196806112,171.18155566532278,66.11317001929343,117.81356564504786,220.03550849806038,14.749279643426657,117.81356564504786,168.37495360058753,14.749279643426657,66.11317001929343,117.81356564504786,54.96522764439351,106.66471417483854,191.7697186732045,54.96522764439351,106.66471417483854,233.20189750514467,54.96522764439351,54.96522764439351,157.3884525624418,14.749279643426657,88.30051670290497,160.94292466585787,14.749279643426657,88.30051670290497,160.94292466585787,14.749279643426657,88.30051670290497,160.94292466585787,79.49129669341167,129.14525252598332,79.18501278651156,129.14525252598332,38.21689744079182,127.64255266172015,41.38219725920797,129.14525252598332,94.24399848266201,137.09347632181482,95.19441291378396,137.09347632181482,106.02872841829237,169.4243931669817,73.43821382631796,137.09347632181482,85.64678190101482,127.02498277897935,120.42697476064073,147.1737918244957,105.82460134581183,136.0679839271531,124.15275369479325,171.18155566532278
48.00000000000001,48.528303596973174,130.97813271687758,187.33025649905036,48.528303596973174,111.39987096042796,157.26768580989548,25.59357829612733,134.021999127009,166.81763995453238,60.54697556443261,107.8987546267333,154.07019504109158,36.018901288073735,60.54697556443261,135.5604108875449,36.018901288073735,68.27463840988102,107.8987546267333,50.35678951243814,128.4629372620757,180.64502484153832,29.7304767872969,97.70798969378092,134.3345683359276,29.7304767872969,134.3345683359276,144.14619315125876,52.241470595686714,80.82766389052698,147.34356110804436,52.029570918853445,80.82766389052698,147.34356110804436,51.52767460307131,55.84403504404029,106.91038887778868,55.42017908668286,120.71361252982199,181.97699030371945,63.50201768447991,123.96504043479355,239.99296864700017,33.44377744812927,144.74330727187353,174.47528478268777,67.3261928969699,120.14077679955294,171.68321117686494,15.079663457783134,120.14077679955294,171.68321117686494,15.079663457783134,67.3261928969699,120.14077679955294,56.06559774050394,108.76815365721714,188.74221838263955,56.06559774050394,108.76815365721714,229.51715622149032,56.06559774050394,139.2053339495294,211.04057666714237,15.079663457783134,89.95905318532427,164.2501902586417,15.079663457783134,89.95905318532427,164.2501902586417,15.079663457783134,89.95905318532427,164.2501902586417,89.50444821348266,143.33047477769688,89.71636556392596,143.33047477769688,47.67086374296148,127.0092171852106,41.939554718666244,127.0092171852106,87.09549356884087,135.5604108875449,87.09549356884087,135.5604108875449,107.85766662597517,154.32797866880782,74.87396910809524,139.79851572888748,100.3313323443878,127.80110034737572,127.1779314582526,149.01384163895648,104.60954186879894,137.41952190282137,124.89051705393808,163.51032077517308
49.0,49.31066061208266,110.90494240564755,169.68389729140475,49.31066061208266,111.01829241165619,154.96975511369953,25.71723643784456,134.36191796785278,162.95743309220356,59.55595058430349,106.20513758759508,151.7699739737739,31.135931815187416,59.55595058430349,106.20513758759508,31.135931815187416,68.6997543663731,106.20513758759508,49.56597875559404,129.27637545197499,183.13690234357466,30.289045049324347,96.21474029482177,135.44602245913313,30.289045049324347,133.22959506055702,141.84542643314236,52.77112136386719,79.63467366668868,145.0452515596426,51.58353661780083,79.63467366668868,145.0452515596426,23.827111658780634,79.63467366668868,108.71766760743168,55.80131046848272,122.53232736710748,210.28700625573612,62.41991869587784,126.44194814222058,239.7355313673799,34.11321224980139,147.7180591532396,177.8218912282737,68.67027195227932,122.50478051896587,197.6704960281124,15.303308465818755,122.50478051896587,172.5996089219208,15.303308465818755,68.67027195227932,122.50478051896587,57.18414334411245,111.01829241165619,186.42860563765421,57.18414334411245,111.01829241165619,218.80156535089048,57.18414334411245,138.64568150505085,218.80156535089048,15.303308465818755,91.75593305067525,211.6438636010976,15.303308465818755,91.75593305067525,167.6130215705212,15.303308465818755,91.75593305067525,167.6130215705212,89.90776523749213,130.39465575705165,93.09678431610836,142.55042967315111,48.35133141910365,113.71291153602566,42.410096085719964,126.8500344895499,88.79347526704876,134.2651295012968,88.79347526704876,136.05192023635684,76.33253729570373,153.1800411280791,50.73737527700857,153.1800411280791,100.32168883147851,141.69730060943292,107.30804373391587,162.95743309220356,103.01609704313205,137.08801917016672,123.09567924992331,163.6631449044042
50.0,48.974483151943524,107.368623209949,172.37930560249976,49.27368719712378,113.30318287674004,152.7174678941476,29.298229468689744,135.1207793050351,165.9792908769043,58.682503780939676,104.64287481716086,151.44512207397108,31.815739029606085,58.682503780939676,104.64287481716086,31.815739029606085,68.15094460093712,104.64287481716086,48.79186663779118,94.75139181035811,140.55292597452393,30.855732854690064,94.75139181035811,140.55292597452393,30.855732854690064,94.75139181035811,185.17998001943945,52.55949010407159,78.36843273920947,143.11402796371848,22.769634384416452,78.36843273920947,143.11402796371848,22.769634384416452,78.36843273920947,110.75674358701595,55.37915898603011,124.81428704279008,184.21353099053283,61.659397094035874,125.34494904063745,212.45734866085476,34.793048874739334,150.7402567332297,178.64524902722715,70.14942088142995,124.31158936318046,195.6083459364656,15.643568966191825,123.36736298551574,147.54024874589305,15.643568966191825,70.14942088142995,114.48258055267623,58.319818672557616,113.30318287674004,212.45734866085476,58.319818672557616,113.30318287674004,215.90304536990672,57.088451108783815,138.37855686485534,217.24669157434826,15.643568966191825,93.69472370416595,208.7321848685535,15.643568966191825,93.69472370416595,171.02814095931697,15.643568966191825,93.69472370416595,171.02814095931697,90.50638789610377,131.0777298018241,90.41012802778236,131.0777298018241,48.94794428778393,89.12354486890656,42.30066488839153,110.77360357955318,97.1389275728325,137.99682967372837,88.60474733331165,139.40633055926835,77.81263554205063,150.92423595963638,43.53063576379284,150.92423595963638,101.03170913134153,130.95084955814528,109.48114563704566,149.5163034588536,101.45440478362681,137.61586027780373,121.52837631598638,159.43846775480503
51.0,49.023272534583,106.41614656620489,174.42226062059854,49.65668384014381,112.9728562531726,150.51287320359012,26.038073085387865,115.73746692406915,169.42734431017917,57.82738321937108,103.11280837025048,209.93719298876033,32.928502091653066,57.82738321937108,154.510921944049,32.928502091653066,57.82738321937108,103.11280837025048,48.12885049531102,93.41381723278414,177.37847952894398,31.54585947473931,93.41381723278414,188.63489867996324,31.54585947473931,136.22270368774804,188.63489867996324,35.06039432179849,77.3192165635426,140.90821480666057,23.229426381208814,77.3192165635426,140.90821480666057,23.229426381208814,77.3192165635426,111.78799689591007,54.52422626686233,125.32861305384338,185.43361345775475,62.025770853734656,124.28751445740637,201.73776294982554,35.59854280725547,150.51287320359012,176.12531050362978,71.651107807207,122.62722475046068,192.75794406457027,15.989254203995882,123.23871652204107,192.44512204781913,15.989254203995882,71.651107807207,118.87559148117833,59.587676997849144,115.73746692406915,216.674006285941,59.587676997849144,115.73746692406915,170.51722786862328,48.12885049531102,137.70666287438672,170.51722786862328,15.989254203995882,140.68448741776757,205.8776942750234,15.989254203995882,95.77878810049748,174.49247834792192,15.989254203995882,95.77878810049748,174.49247834792192,78.18533270377506,122.65859631513806,78.18533270377506,129.35658081442938,48.99572685449211,89.74043820931564,35.97076938293091,111.26284757276348,98.0995986230321,138.4092663082931,108.69572783693019,139.81460939401146,78.54279884241457,149.65669046187008,44.453304151660085,149.65669046187008,99.9130872308528,129.47654710409913,110.11435533117378,154.89714329192776,100.02047915302145,137.70666287438672,123.98264495484841,160.2096282999246
52.0,45.17827187930056,113.81654646842874,176.9085215584597,53.7813280795482,111.08839385822445,141.69200753747546,25.667318714661256,118.32390396703448,173.3151032080009,56.991413826996784,102.08031764253087,125.1313360034168,56.991413826996784,56.991413826996784,158.00988893104127,56.991413826996784,56.991413826996784,82.30784440136918,47.47979833571326,91.82799818138255,177.47288525293095,32.24633700127814,91.82799818138255,139.8950499481665,32.24633700127814,135.8588421855567,145.59575886680216,35.12771341832542,75.92289674399943,139.36507812217522,23.812942909266802,75.92289674399943,139.0597892994233,23.812942909266802,75.92289674399943,112.41041433070157,53.7813280795482,126.84152021321725,191.1193998525529,63.96589911820203,104.73400235835543,196.59380712525,36.29891527304914,148.66278956080436,189.32280633880325,73.29192486215653,122.87669123963258,190.2777575020265,16.340019889828774,120.15257487877652,190.2777575020265,16.340019889828774,73.17394515809572,144.89349536814964,60.99164901853368,118.32390396703448,173.66094840233944,60.99164901853368,118.32390396703448,173.0046964680439,47.47979833571326,135.8588421855567,169.41111238640752,16.340019889828774,139.0597892994233,203.08280330938905,16.340019889828774,97.89295812263515,177.61088086037972,16.340019889828774,97.89295812263515,176.16079302727948,79.94824106883152,119.65379747421308,79.94824106883152,126.30253857306273,35.50804486310109,114.3254400822494,35.50804486310109,83.59650859934283,96.69620597520877,134.0601544083849,110.33811671403495,139.50313616546404,91.28858773143553,152.39135474166505,45.388944138413265,152.39135474166505,89.76705965998886,132.39760194202915,110.39617860234112,154.58209792857645,102.08957463913737,135.8588421855567,124.98092354435535,163.71049141701334
53.0,46.217650848999234,116.84070887323475,177.65591743592444,54.07546809783527,103.27502723311189,149.15302544702203,23.326085183759403,120.94507534414123,173.75449634469894,56.26509797378833,104.4750269203124,161.5584259641075,56.26509797378833,56.26509797378833,160.05038269245094,56.26509797378833,56.26509797378833,82.60854223383923,46.845290585073755,91.9350110132152,175.05034989967888,32.956505427608676,91.9350110132152,134.05269486287847,32.956505427608676,134.05269486287847,149.15302544702203,35.416680392154205,74.90327095661443,140.5547046526725,24.286338752475636,74.90327095661443,124.66547737846273,24.286338752475636,74.90327095661443,113.08552626220563,53.05517175544718,104.4750269203124,195.45875524007616,65.59760856921538,104.4750269203124,196.05005738331218,37.12689389108655,146.5524650082693,171.55210578713397,34.87701607075926,98.86951628282601,190.95189184713516,16.695545813180235,99.40921109233288,190.95189184713516,16.695545813180235,74.83609590297986,143.65105290251094,62.2965187630898,120.94507534414123,174.057820852727,62.2965187630898,120.94507534414123,172.4503551750474,46.845290585073755,134.05269486287847,134.05269486287847,16.695545813180235,137.25204916503068,200.35000623908152,16.695545813180235,100.03532501071808,177.65310298443987,16.695545813180235,100.03532501071808,175.15314727403558,81.85500137438152,131.25595224598388,81.85500137438152,132.35416502702134,49.546909590811005,102.01505403615684,35.055259947688306,99.37570754465096,96.97502900231585,125.5390228176084,96.97502900231585,125.5390228176084,90.10500124854336,155.9523164303756,45.34530019748463,155.9523164303756,89.62578451539488,133.5500842380865,112.24977171468991,155.85770754120568,104.4750269203124,134.05269486287847,104.4750269203124,167.95125781011586
54.0,27.74249898621247,117.66680181767497,181.2543102935762,55.40028203899327,101.93959608513269,150.36996043093183,27.74249898621247,122.38864837067202,176.25443256837542,55.46765949632271,107.01304242941605,163.09544751463787,55.46765949632271,55.46765949632271,107.01304242941605,55.46765949632271,55.46765949632271,82.19952098400574,46.225926167033144,94.1097298370365,173.271824022257,33.675751661989665,94.1097298370365,132.58063584098548,33.675751661989665,94.1097298370365,152.76002422099833,35.62697362954086,73.95114096482894,144.15833309247162,24.885764002738593,73.95114096482894,124.15967541839017,24.885764002738593,73.95114096482894,111.00572620365132,52.34645403463352,107.01304242941605,198.08741757113197,66.40757675145208,107.01304242941605,169.37569188050568,38.08656259102415,144.78648072247628,176.25443256837542,34.96592984606587,98.81852685605062,195.76931577752424,17.055534292422504,123.01797124810668,195.76931577752424,17.055534292422504,75.91113225344488,141.58963592014777,46.225926167033144,123.23506501803777,174.26452593686415,63.61742096312928,123.35623717510192,174.15689765266262,46.225926167033144,132.58063584098548,172.7588637378702,17.055534292422504,135.48662295592138,197.38952606458125,17.055534292422504,102.44665075052478,135.48662295592138,17.055534292422504,102.44665075052478,135.48662295592138,83.54427718282085,135.85332163771338,82.65238199834292,135.48662295592138,66.31874734944864,102.52722199494141,34.612804711551476,99.14948940867018,99.27104940515135,128.27948004260074,99.27104940515135,128.35351572902084,122.97022505468549,155.19060860760874,48.28753721199705,139.26817655157262,95.90696663955127,132.58063584098548,110.58698499371432,143.75543467987566,105.63499065177218,132.87258934784103,106.64847045316685,169.45390228613797
55.0,27.398106686411744,118.10197394624697,185.70574843014418,56.06720297999536,100.46557246141586,151.29648046137754,27.398106686411744,143.0616126010049,185.70574843014418,54.77701388356251,109.70595357591128,139.8682415704151,54.77701388356251,54.77701388356251,107.66620291437792,54.77701388356251,54.77701388356251,109.70595357591128,45.62232183920498,96.43407722376982,206.51422469166621,45.598149633510346,96.43407722376982,130.85535908016914,34.52558833676842,96.43407722376982,156.41331465063965,35.815935699071154,73.08656682318578,193.6107564160628,25.493160847568507,73.08656682318578,73.08656682318578,25.493160847568507,72.7545617126514,70.71485876391185,51.655892693864075,109.70595357591128,179.3965579379939,66.69731066542339,109.70595357591128,167.19038548911837,39.05952188647475,141.25907050522454,175.37994469151826,35.188510198642966,97.34439506206814,197.29451335503478,17.54198534944092,97.34439506206814,200.24141679482793,17.54198534944092,76.68866441658767,140.43726357345474,45.62232183920498,121.94465957966344,175.30152594886331,65.32022083551156,122.94968483082826,185.08815467230744,45.62232183920498,130.85535908016914,175.30152594886331,17.54198534944092,134.0489649344597,194.796368035957,17.54198534944092,104.88835135514334,134.0489649344597,17.54198534944092,70.77751231853236,175.30152594886331,83.59408621427714,134.62029936083192,62.72699777607724,133.35338390907071,34.18108029305101,102.5304832720494,34.18108029305101,99.16904759046544,101.71819527498509,128.2307490424976,101.71819527498509,150.3100961346243,87.9056952079898,140.89224606059767,49.17312528200745,124.79232748851189,96.43407722376982,130.85535908016914,68.09677855816676,143.91881391951506,101.11830323932458,134.4995353151824,111.94864894227175,159.28472933712132
56.0,27.145648822601384,99.24316727110234,190.6243032774153,52.06674802597143,99.24316727110234,154.9842733957223,27.145648822601384,141.37936553825668,161.90313462067374,54.10417035682185,109.85167841230283,137.50136362960188,54.10417035682185,112.68050519056081,112.68050519056081,54.10417035682185,54.10417035682185,112.68050519056081,45.11797036658453,98.9104708814997,206.00273056442722,45.11797036658453,98.9104708814997,129.4531768632968,45.11797036658453,98.9104708814997,160.52297343371134,35.38299379645538,72.24279375827045,192.55031809893225,26.10797292016368,72.24279375827045,72.24279375827045,26.10797292016368,71.701961270247,69.87142656336708,51.06712494354856,112.68050519056081,179.80857877198184,51.06712494354856,112.68050519056081,165.23203381911148,40.04480303360225,141.80135753934093,173.0104765613921,35.386173147148874,96.16421501785369,142.49605257690473,17.911344170664577,96.16421501785369,142.49605257690473,17.911344170664577,76.69423870148265,142.49605257690473,45.11797036658453,122.66672327897244,179.80857877198184,66.92160525570199,122.65857083791576,189.63814226046404,45.11797036658453,130.0100957618292,179.80857877198184,17.911344170664577,132.36549777037823,132.36549777037823,17.911344170664577,107.98005024077364,132.36549777037823,17.911344170664577,70.95531164049665,196.99143382391023,83.93307601893308,134.8615030318141,55.519962626068114,120.17017620857514,51.815936255171536,102.45126280334469,33.76049836717462,86.52055391639608,103.02898257286635,135.5677874718032,101.86386135426048,135.69865511492736,89.55144471196431,139.57659187700494,89.55144471196431,139.57659187700494,95.24946850245412,129.4531768632968,69.16943869947188,151.5094881517326,103.36975500599776,154.9842733957223,112.68050519056081,160.1097279992693
57.00000000000001,26.817088768171686,98.09868118379573,163.59439171316356,52.316357384665075,98.09868118379573,159.1308423907823,26.817088768171686,139.7412787976409,171.64680305790725,53.530563699628644,115.05523130218808,122.52805801121636,33.22508465000503,113.72280444132565,136.82698929670272,33.22508465000503,53.530563699628644,113.23922134137094,44.62607141570945,101.79315423936916,162.75326417617558,44.62607141570945,101.79315423936916,127.8148074363843,44.62607141570945,101.79315423936916,160.41080075855243,71.42055901489431,71.42055901489431,190.361826530426,26.854818003479377,71.42055901489431,71.42055901489431,26.854818003479377,71.08710326071812,69.30300318168037,50.493328767273795,115.5645112047812,183.40154034249548,50.493328767273795,114.65422473681464,163.59439171316356,41.0415186122541,144.03688763646625,177.1584742539854,35.841055369506066,95.09674678978244,146.65478171542856,18.409406562950366,95.09674678978244,146.65478171542856,18.409406562950366,74.90581586232139,146.65478171542856,44.62607141570945,86.19226328389341,184.36953381727687,68.79172370278273,86.19226328389341,163.59439171316356,44.62607141570945,163.59439171316356,184.36953381727687,18.409406562950366,130.72920484727197,130.72920484727197,18.409406562950366,108.85541442666046,130.72920484727197,18.409406562950366,71.42055901489431,202.41078281554073,69.13136950762656,122.38310749445775,56.642927625609175,122.38310749445775,33.35148047688438,103.44721480059286,33.35148047688438,85.65151049456162,73.87229690486143,138.60781002526517,73.87229690486143,139.44398516967306,91.92595525747882,172.7299192380984,91.92595525747882,137.93884514523094,92.26676676897267,141.5207581946903,68.04984386462617,152.90070307228805,92.42927701762034,135.98575293022427,115.81675720723663,162.4826913858827
58.00000000000001,26.49804238052313,99.36687702650214,165.97175964603136,53.16235745337108,126.43427146149892,163.7471373795585,26.49804238052313,134.64629590152117,167.56379382193518,52.97156076613185,116.33488836114469,123.94202273643916,32.826532713644916,52.97156076613185,135.23359419907467,32.826532713644916,52.97156076613185,75.55005790864756,44.1470412372109,104.71015351913107,161.73319078037136,44.1470412372109,104.71015351913107,126.4876476182556,44.1470412372109,104.71015351913107,170.15617825985632,70.62061490811305,70.62061490811305,188.23290094986052,27.610799517580073,70.62061490811305,122.13977648579515,27.610799517580073,70.62061490811305,69.07797224875668,49.93502027635515,115.82705318706851,184.73122367374714,49.93502027635515,113.17065100987976,153.4132491018947,49.93502027635515,143.92228805852136,182.1925492439249,36.308211881060735,94.05759538708185,176.57186922043954,18.91338811530076,94.05759538708185,176.30974164804394,18.91338811530076,58.42543324614718,150.4414337873712,44.1470412372109,85.23307016645592,189.40201952460802,70.68398863957806,85.23307016645592,161.73319078037136,44.1470412372109,161.73319078037136,189.40201952460802,18.91338811530076,129.40295591677958,129.40295591677958,18.91338811530076,109.30508336760921,129.40295591677958,18.91338811530076,70.62061490811305,165.97175964603136,84.12078369820385,124.36488652348781,58.66294614149548,124.36488652348781,33.0328813457137,105.5847112512034,33.0328813457137,84.69256903648632,76.02595773813047,129.66543486989892,76.02595773813047,131.89247514547597,94.58097721000772,136.87265979734593,93.43838210285963,136.87265979734593,91.3853995450039,148.48442679284585,66.91588936866938,151.87371398632484,108.33764927300204,126.4876476182556,115.12619706218041,161.73319078037136
59.00000000000001,47.154546440401695,102.17901570283401,167.9899550568426,53.507861571922305,102.17901570283401,164.8139102139137,26.265209879229975,133.94261831097674,167.9899550568426,38.742563802618946,114.2968995642489,133.94261831097674,32.311162931717575,53.0208095939698,133.94261831097674,32.311162931717575,53.0208095939698,83.50440856625475,43.68130320858113,107.78755146119612,164.98219600914518,43.68130320858113,107.78755146119612,161.21142949555406,43.68130320858113,107.78755146119612,174.84314398911957,28.37518722405193,69.92035647792422,186.4205594884856,28.37518722405193,69.92035647792422,127.25221019691564,28.37518722405193,69.92035647792422,69.02029592808191,49.3927246666956,115.89346940186061,187.5356632750155,49.3927246666956,111.7227651376388,151.2617764010459,49.3927246666956,136.85804689531412,183.25017053198067,36.78717507501765,93.10040950500701,174.5039397836049,19.422828063904596,93.10040950500701,174.5039397836049,19.422828063904596,57.135332763536084,93.10040950500701,43.68130320858113,84.43048175866343,194.91568690077256,72.59666831198247,84.43048175866343,159.92693644286445,43.68130320858113,159.92693644286445,194.91568690077256,19.422828063904596,128.11176760938082,128.11176760938082,19.422828063904596,109.33122266763506,128.11176760938082,19.422828063904596,69.92035647792422,128.11176760938082,83.86281208020633,130.8534485598297,79.06089425246846,144.23461789736888,32.8765303826301,106.37300526919412,32.8765303826301,83.96684613584102,88.7762425990197,129.91198943900443,78.20346060117801,130.34233771112133,95.74824410922636,139.4296417552595,58.21555848740094,139.4296417552595,98.37307177271633,132.6541556077306,68.09545689691788,135.3998707532618,108.17303846153162,140.1164694102731,114.73465583684818,149.5497408891102
59.99999999999999,47.69171835864168,105.2791111759593,173.13470189421878,25.963652478031666,105.2791111759593,173.13470189421878,25.963652478031666,105.2791111759593,173.13470189421878,38.89731674550315,96.56345064256973,125.74030777757783,31.805836728500005,54.488312967094146,132.43913696487152,31.805836728500005,54.488312967094146,87.10035160663818,43.22614949310197,110.8964212677758,160.22211145781347,43.22614949310197,109.79902663502986,161.47329500570675,43.22614949310197,110.8964212677758,172.75018089715564,29.147319773866002,69.16488451519311,184.16195318251812,29.147319773866002,65.53686939425776,126.85671050441124,29.147319773866002,69.61527310870797,69.61527310870797,48.86697504450219,114.97130620289568,159.67349498273032,48.86697504450219,95.1565880535867,153.41161950778044,48.86697504450219,135.35370331099182,181.49414591110096,37.39652390263031,92.1984612127556,172.75018089715564,20.066670127352968,92.1984612127556,172.75018089715564,20.066670127352968,55.753923628745625,92.1984612127556,43.22614949310197,83.4723382324947,197.37179383083085,71.84428474137661,83.4723382324947,158.42387761950533,43.22614949310197,145.64897871251964,197.37179383083085,20.066670127352968,126.85671050441124,126.85671050441124,20.066670127352968,110.00764178001452,126.85671050441124,20.066670127352968,69.16488451519311,126.85671050441124,85.94731671204168,133.43584600848453,66.73272248305175,133.43584600848453,33.64968424814711,107.91981398241937,33.64968424814711,82.93284180588532,87.78890163340695,115.51244521695487,102.00689314943378,115.51244521695487,95.90673203691178,143.29733074973868,57.53678171396103,143.72934634235278,80.66297942674817,132.00426129485365,54.783174880614574,136.3511092730822,95.71463446098511,142.18166196806112,115.00867902032438,152.84183000736414
61.0,48.42991069576735,108.54119609622883,178.33290498390923,24.010544558589253,108.54119609622883,156.9637697049864,24.010544558589253,108.54119609622883,178.33290498390923,39.11880941439808,94.00471397754477,125.44171953540815,31.567388235329194,54.89723353685502,131.22547389893472,31.567388235329194,56.179856265391074,85.21775783250811,42.737571292716204,114.02905331537222,158.5201091344565,42.737571292716204,108.908935583817,172.50398546120607,42.737571292716204,122.57905612297722,172.50398546120607,30.057133096820795,125.63886739381249,125.63886739381249,30.057133096820795,71.827371175618,125.63886739381249,30.057133096820795,71.827371175618,71.827371175618,48.42991069576735,94.35208662239538,161.96334461846607,48.42991069576735,116.75026766564606,156.9637697049864,48.42991069576735,134.13845459076975,179.54978418254922,51.21187606405373,92.83564105450019,171.05006577022996,20.586919390719924,92.83564105450019,171.05006577022996,20.586919390719924,92.83564105450019,92.83564105450019,42.737571292716204,82.79952445515615,195.6709610545213,68.56567107525456,82.79952445515615,156.9637697049864,42.737571292716204,145.83938082699063,195.6709610545213,20.586919390719924,102.93525270770942,182.46266741446044,20.586919390719924,109.9863684735522,181.00172651110265,20.586919390719924,68.5059212769232,125.63886739381249,66.29126073623883,137.7774473562346,66.29126073623883,137.7774473562346,34.820845050055865,80.67023149836623,34.820845050055865,72.49742236797113,86.90639360829559,118.98371737342887,99.64319469988905,118.98371737342887,107.59429004366356,143.3618673148477,58.04408884632439,143.99522561529602,82.49134045461984,122.72581228087269,54.20014990754177,138.45802613066533,98.5856226840405,146.08430784995355,71.46307613026464,159.04912763042745
62.0,48.005741844075274,109.59637881791532,184.01936039449762,24.057353345702847,108.99525792437026,151.51938819834245,24.057353345702847,112.23994943869138,179.7515646663472,39.296135306159556,91.21535643738942,124.90246194531154,31.646267552430253,55.00246585381422,99.95747220693409,31.646267552430253,58.01966261535824,91.97220368132972,42.57794323355697,113.72389810413641,158.72184789750906,42.57794323355697,108.5426471484826,177.75439516366396,42.57794323355697,121.5488584890866,177.75439516366396,30.97581718050389,124.45933070686183,124.45933070686183,30.97581718050389,74.19323587767283,124.45933070686183,30.97581718050389,74.19323587767283,74.19323587767283,45.605057285349396,93.42995370864742,162.98964691047098,48.145677376063574,121.36978619079791,156.72467897558445,48.145677376063574,132.95911025574742,174.10808424653922,50.82156284491849,95.99560536816256,130.54740518294494,21.243145953459905,95.99560536816256,130.04854862704158,21.243145953459905,95.99560536816256,95.99560536816256,42.36816316528249,82.02168158481024,193.78628692453964,42.36816316528249,82.02168158481024,154.19833008174894,42.36816316528249,146.42959058878776,193.78628692453964,21.243145953459905,67.86741670345202,180.81516805843475,21.243145953459905,107.58425186801273,180.81516805843475,21.243145953459905,67.86741670345202,127.39750782491784,57.013912775742725,137.87358340160742,45.25341147361158,137.87358340160742,35.87243022155037,102.43676708096561,55.80493929752097,73.18747331340248,86.1852147992914,126.69500779430892,86.1852147992914,140.7839657063261,79.83164316234509,130.04854862704158,59.75735310403231,106.92806577321035,87.78168943464235,137.6921384829214,70.75271196215732,138.78085242568588,98.61635893704451,132.07431620114488,70.75271196215732,155.31620971424715
63.0,47.52763669697874,109.38101412036734,190.2015378486725,23.982415432979224,107.4990988334321,150.37661054831634,23.982415432979224,131.59264797092578,176.31399547398385,39.48292352397426,89.7223843307789,124.43723317399821,32.16879310760663,55.447779486648514,99.0466367424962,32.16879310760663,59.94569417397716,89.7223843307789,43.640591769589925,112.13886480609655,158.42861168362234,43.640591769589925,109.92620820350349,183.9378291706195,43.640591769589925,121.08932653211016,183.9378291706195,32.03562470126032,123.31919964060747,123.31919964060747,32.03562470126032,76.71447875075474,123.31919964060747,32.03562470126032,75.3666786451413,76.71447875075474,45.58235678417692,93.61736617743526,168.730924847818,49.2088025662076,93.61736617743526,168.730924847818,49.2088025662076,153.95332084758678,173.6307144487979,50.41216371075536,128.90936738654798,176.54354986801414,22.038517418374585,99.31908804454459,176.54354986801414,22.038517418374585,98.78527850849032,99.31908804454459,42.026911021391996,82.4160254440846,154.8567886790889,42.026911021391996,82.4160254440846,152.61266330157534,42.026911021391996,120.41231249336589,191.96646842612904,67.24995353158246,67.24995353158246,179.2208832697797,22.038517418374585,94.28815540671054,179.2208832697797,22.038517418374585,67.24995353158246,131.82422008113684,68.72693249374659,125.55526671549863,85.30606660724663,122.20730338240837,51.210350516277465,103.54939038932098,55.91288983767517,85.76990293803532,88.98509004322015,127.35236550610279,88.98509004322015,127.35236550610279,110.38721053636603,158.6556806420747,62.018878174310764,110.38721053636603,88.98509004322015,140.55292597452393,70.13466510934518,140.55292597452393,99.98988073800267,131.59264797092578,72.08097009613563,147.24511876459607
64.0,47.13259222661109,108.51154892452692,196.88607111728345,47.13259222661109,109.17614780711031,157.08477010837174,23.916652148659935,113.48182673891004,174.77878875881936,39.746462106708314,88.85882764250269,144.12711403479915,32.568485534332105,55.98045417822188,96.94134824727784,32.50209608625265,62.15224251786898,88.85882764250269,45.24744467923023,80.53959429994664,190.1778772623146,45.24744467923023,80.53959429994664,190.1778772623146,45.24744467923023,124.2140289983382,124.66204314064485,33.23930279052195,122.21957699157693,122.21957699157693,33.23930279052195,79.59539088414604,122.21957699157693,33.23930279052195,74.97337027238405,76.978284275502,45.783798990472604,97.03904497675148,174.5254279467608,50.9493498486487,97.03904497675148,152.6372333344653,46.12652436505486,141.0075352596449,176.53930157333238,49.950788282068174,127.80893943695801,205.4120858177532,49.950788282068174,103.01041816243637,182.35713586257052,49.950788282068174,49.950788282068174,103.01041816243637,41.6315535381518,85.5666187832615,157.08477010837174,41.6315535381518,85.5666187832615,119.53294524941649,41.6315535381518,119.53294524941649,190.42879246584536,66.58927278473612,66.58927278473612,177.68124549315834,22.707295083298668,110.12743186872197,177.68124549315834,22.707295083298668,66.58927278473612,136.2905902841425,71.27959911503432,124.4553132654448,44.514506062630865,124.4553132654448,50.95685675156975,102.13915140630452,55.45183721032153,89.05535497655376,92.21261437569156,131.818530563802,92.21261437569156,131.818530563802,111.6943373676571,128.92682032843283,64.28938481584655,128.6861492158344,92.21261437569156,145.45660865014005,69.47226964768029,124.66204314064485,100.33155660110133,135.39433149138853,74.76841746352532,146.14590312424087
65.0,46.751537407875695,90.97231034770965,197.0117382289695,29.152722857393613,112.85001107664988,158.01147110257534,29.152722857393613,113.30324355463087,170.8189831371209,39.826765497589676,88.15413348221398,165.23203381911148,33.1124787655651,57.33503510071307,108.7981445154282,32.97698060769057,64.58410214596158,88.15413348221398,46.73276420243083,79.83587069732502,188.9434439190733,46.73276420243083,79.83587069732502,188.9434439190733,46.73276420243083,129.1631719957357,195.19381393886437,34.45382779895436,121.16156568813396,121.16156568813396,34.45382779895436,82.57149175108803,121.16156568813396,34.45382779895436,82.57149175108803,77.12691650779253,45.13791366467883,100.69509049601177,175.74306529704094,52.84014808836175,100.69509049601177,148.67960519183524,45.47313767489549,136.5617991972865,151.577125582985,49.56961014573344,126.74827414998596,203.71579467483616,49.56961014573344,105.10264625593402,181.78455654977955,49.56961014573344,49.56961014573344,109.06232736376022,41.31417734870198,88.80596826790416,157.55990924089795,41.31417734870198,88.80596826790416,152.42252130180762,41.31417734870198,118.47204311566506,188.9434439190733,66.0804906912774,66.0804906912774,176.1976872719957,23.651770546832218,98.06037043576778,176.1976872719957,23.651770546832218,97.38968759576139,141.69730060943292,72.76754942967366,143.30081995578394,44.132258609774325,143.30081995578394,39.890553393002705,103.78531326734048,55.006965468020496,90.23899517392688,93.39237790098291,132.33527496476515,93.80128597199506,133.90715066791617,79.36438905453755,127.86565215099792,65.74527549565823,127.86565215099792,95.60290921305689,129.1631719957357,68.89859396243148,126.47578819679283,100.09738383194637,134.7520871823513,76.75640852723635,146.19892270464922
66.0,46.38481702022764,115.57519197474863,163.45221014106846,30.240721717578104,115.57519197474863,163.45221014106846,30.240721717578104,115.57519197474863,169.38897543819078,39.668265023819735,87.47488925400248,164.00647853057512,33.66706476662318,68.63749886177379,109.72830651203908,33.66706476662318,68.63749886177379,87.47488925400248,48.58497710198081,79.22052290915529,187.31157198635645,48.58497710198081,79.22052290915529,134.61101366530156,48.58497710198081,117.65468541456391,194.0106311520067,35.67809201737111,120.34585576578863,120.34585576578863,35.67809201737111,85.9821275033364,120.34585576578863,35.67809201737111,85.9821275033364,85.9821275033364,44.61699508035027,104.10632185415062,145.42566829827533,54.74619849816058,104.7913462553087,147.65881280844704,44.90752999219618,128.4197220056172,172.08028649441516,49.201943559172534,125.72837786275619,125.72837786275619,49.201943559172534,106.63707727615194,125.72837786275619,49.201943559172534,65.39217269673794,109.2233319854325,40.96950085124299,92.36352770439206,117.65468541456391,40.96950085124299,92.36352770439206,156.2933939742816,40.96950085124299,115.16564157768583,187.31157198635645,65.52965931545806,65.52965931545806,174.77163671488574,24.468168096529006,98.48622365590022,174.77163671488574,24.468168096529006,65.52965931545806,147.15000849473302,83.18017341891034,142.07612396176918,43.765183079703895,122.57905612297722,41.38872128974269,102.9789602297479,54.57867028427864,90.25046398772696,93.35454595251373,122.07221223521756,75.59590762733124,124.15363466286438,78.74821426546764,126.84488558865904,78.50669557432664,126.84488558865904,95.77573413970785,127.96141996711353,63.74673521051882,117.65468541456391,84.79478904979952,139.28612637301677,76.43386847464937,147.35543763295604
67.0,46.032773650954375,120.1462650272575,170.30597464563596,31.474453926954794,120.1462650272575,170.30597464563596,31.474453926954794,89.52128936739015,170.30597464563596,39.375071428506644,86.76362284967126,162.6349439696156,34.23172870306143,86.64814625830145,86.76362284967126,34.09407939804212,70.92518064834238,86.76362284967126,50.55968008205748,78.571154057962,185.94253144452992,48.9644896838515,114.10576234353812,140.56359770580718,49.321154183575224,116.67315458150603,140.56359770580718,37.186237373523014,119.36551009399658,119.36551009399658,37.186237373523014,89.55797703164134,119.36551009399658,37.186237373523014,89.55797703164134,88.12503191488784,43.8057787283824,103.6443015799711,145.22611679722073,56.94125262057377,106.20068855708988,147.06333669545242,43.4711542289827,127.63473273368812,170.90384723580684,48.79048319088467,124.7502505007505,124.7502505007505,48.79048319088467,104.12732590439457,124.7502505007505,48.79048319088467,48.79048319088467,107.878942569901,40.71346521729635,96.07737116511878,116.67315458150603,40.71346521729635,96.07737116511878,170.30597464563596,40.71346521729635,116.67315458150603,181.67312679645275,65.05963610411604,65.05963610411604,173.59615491133437,25.42776533634051,65.05963610411604,173.59615491133437,25.42776533634051,65.05963610411604,152.184509724216,75.12177613714947,124.87243490858981,55.171154147797196,124.87243490858981,54.16734486754912,101.75225427478253,54.16734486754912,73.33274336883899,93.69808562612151,103.7022480469927,62.97115411043377,121.59615536685361,78.09808736454434,127.10477961115389,65.88304979279572,127.10477961115389,96.11711606160476,116.67315458150603,64.46519409728012,116.67315458150603,84.31901475942422,120.605244496249,74.07669167828702,148.44401301500847
68.0,45.75086064764246,125.21231968141154,177.21209044531923,32.85599260408975,125.21231968141154,172.75162806758146,32.85599260408975,88.89705422566037,148.23165991109997,38.95454081362018,86.13951619320832,128.269735323653,34.7490467495153,86.13951619320832,86.13951619320832,34.442070930767215,85.8645517661392,86.13951619320832,52.77197409610522,78.00641800518723,184.62969696124185,49.26364024308394,115.92077035630845,146.09970910306427,49.345326526430036,111.55996145571224,184.62969696124185,38.70595884356826,118.6133424198138,118.6133424198138,38.70595884356826,89.70482846536189,118.6133424198138,38.70595884356826,91.45972474264286,93.99442137701577,41.37784733405062,102.96344618358498,152.78947934985575,59.42963276009704,106.7840402401033,152.03823532256615,24.275218845563472,126.69106124742977,169.12310605000135,48.45313457352372,101.32569392804571,160.40456664322247,48.45313457352372,99.06389983238091,160.48870676779723,48.45313457352372,74.58070293313143,123.99848789400619,40.43063504324412,96.83548548956627,115.92077035630845,40.43063504324412,100.93010576631731,115.92077035630845,40.43063504324412,115.92077035630845,180.914689840267,64.60848434996753,64.60848434996753,172.28065764908143,26.532833433314277,64.60848434996753,172.28065764908143,26.532833433314277,64.60848434996753,172.28065764908143,64.66383262690202,158.17435000656712,54.80411708986835,129.94469977648185,53.7733786366451,91.85323211515204,53.7733786366451,73.27534544442625,62.51932701173294,106.89186709006444,62.51932701173294,106.89186709006444,77.53280757202076,132.17460043442537,77.53280757202076,131.42726125123357,93.3817768625121,132.4485749262709,65.0838401602118,115.92077035630845,87.81068414492623,126.13732595865508,51.21055799344506,148.23165991109997
69.0,45.42660288861583,125.79000357739083,185.0949080877159,34.387152397370734,127.43871075932933,145.57000034347737,34.387152397370734,109.88687364740159,146.6820541170596,38.4042478119283,85.54268671254135,124.74624242837938,34.55945963119215,85.54268671254135,122.05377913034893,28.765800006257432,85.54268671254135,85.54268671254135,54.538254922577046,77.46661377651664,147.61817300048122,49.60500226791649,77.46661377651664,145.57000034347737,44.55391396948196,113.04479200741625,153.00204247002716,40.37550309284083,117.71416652213105,171.20200057242323,40.37550309284083,96.47489958533255,117.71416652213105,40.37550309284083,55.03150234184053,97.17320232450919,44.025574953656196,88.29924263548358,157.70423266355283,60.331801315724036,108.77327337172491,157.70423266355283,24.1134039488414,125.79000357739083,168.04203343211483,48.1302529600666,100.30755828949283,160.43417653355533,48.1302529600666,95.84853285262118,160.43417653355533,48.1302529600666,71.86620380957936,124.74624242837938,40.159821339244026,96.40980888892997,115.1981987706405,40.159821339244026,105.54037734440786,115.1981987706405,40.159821339244026,115.1981987706405,183.3742757313577,64.17660204467045,64.17660204467045,171.20200057242323,27.64581794774754,64.17660204467045,152.78457055606106,27.64581794774754,64.17660204467045,170.91116113349648,66.05971730184743,131.89247514547597,62.07544804510073,131.71038303793668,53.44980121572015,79.1347031965117,53.44980121572015,71.392200204224,81.31141525025868,110.35227682290927,62.19349845442046,107.76653005455822,78.90748538636876,136.16396366146222,78.90748538636876,135.51614294983457,82.97949294855928,136.16396366146222,70.41034192503257,115.1981987706405,91.86351969089797,126.25816805260561,50.8866018712195,131.71038303793668
70.0,45.11797036658453,124.93248176515185,189.17617450408494,36.06946423222834,96.36569021181761,145.17963011386962,36.06946423222834,124.93248176515185,146.2895245737028,37.6713584836013,121.81184260982181,122.40966056647653,28.13629773086715,84.92338458869853,122.40966056647653,28.13629773086715,84.92338458869853,82.48806731885527,53.66447847505834,76.95226604850568,114.33776716378539,44.75948223561126,76.95226604850568,114.33776716378539,45.37407023840819,114.33776716378539,151.20061177124913,42.19628241918949,117.02830854113888,170.00183822535567,42.19628241918949,98.1484398755273,117.02830854113888,42.19628241918949,55.43398100443446,99.95634672195658,45.11797036658453,87.67785495779422,165.17452890806138,60.56035212909515,109.4651771112622,146.2895245737028,23.958949267444932,124.93248176515185,167.4787299927964,47.82213138286498,98.07069516425383,159.40710460954995,47.82213138286498,91.99641976729312,159.40710460954995,47.82213138286498,64.7128754576707,130.82478740666846,39.85599076675927,95.69958855710928,108.5270703557412,39.85599076675927,108.5270703557412,114.33776716378539,39.85599076675927,114.33776716378539,182.34479701927336,63.76438073093786,63.76438073093786,116.42862620507037,29.046794143244103,115.95958347631299,153.72255852671722,29.046794143244103,63.76438073093786,155.7742757967438,68.19780971556197,131.89437061527684,61.67581576274448,129.84269328691545,53.089087861819586,79.413474927118,53.089087861819586,70.45410740333028,96.40584136866397,110.06645719745866,64.8649847760716,111.21881585415302,82.8451643127105,121.6393234114692,82.56304409358948,118.60912696753147,82.36058675118821,139.79851572888748,66.91622561083373,127.19522396693989,92.76411617646124,127.66411007013679,51.344826905930844,130.18304421083414
71.0,44.87294563542714,100.75339324310622,188.63092270356947,37.90417193397054,100.89532323155518,144.8469019344218,37.90417193397054,94.87099793930703,144.8469019344218,37.093547282512624,121.58998725224048,121.58998725224048,27.32244956075498,77.04372946580402,121.58998725224048,27.32244956075498,77.04372946580402,78.55110597566402,53.93798522377342,76.5115432467546,151.1708470572286,39.655217185132145,74.28991351455458,146.59340026072115,39.655217185132145,113.68432169828873,151.1708470572286,42.02691102139199,116.37278461908524,169.0240367521732,42.02691102139199,99.90861449344595,105.31144287303256,42.02691102139199,56.16783999763565,102.7543247265048,44.87294563542714,87.13702571238017,166.49512004860682,61.57614188953381,87.13702571238017,129.67507470597425,23.811998026205192,124.766281502656,173.16357873409754,47.57684573403327,85.23966946205269,158.58948578011092,47.57684573403327,86.6626866073283,158.58948578011092,47.57684573403327,47.57684573403327,135.9986213165413,39.655217185132145,76.5115432467546,110.20945966658216,39.655217185132145,109.42862970904827,114.1714719183387,39.655217185132145,114.1714719183387,147.52160858667452,30.45720358141896,116.37278461908524,116.37278461908524,30.45720358141896,116.37278461908524,116.37278461908524,30.45720358141896,63.37220408033793,184.84486738884584,61.332668701109036,127.91452224043992,61.332668701109036,127.91452224043992,52.794566481788635,83.10629488793252,52.794566481788635,76.03720306534164,80.30626532220259,121.6043790329937,68.26013660988382,114.1714719183387,99.37570754465096,121.91236606677765,82.02030998478364,99.37570754465096,97.53720444015195,106.10195568414373,66.69258766909557,129.67507470597425,92.98578520397619,129.50916955953352,61.47484241541413,129.65579431710717
72.0,40.034688084210174,100.66469713856989,150.52449966699774,37.99488452410403,103.31162204708626,150.52449966699774,44.59379160824968,94.83019693114636,144.5307060800576,36.57617052125605,120.96745430073331,120.96745430073331,26.37548577751697,76.37821188009052,120.96745430073331,26.37548577751697,76.52124704943066,89.46446920426008,54.54980522421688,76.04696739515651,156.84905163882885,39.421900639111755,74.9934747161378,156.84905163882885,39.421900639111755,109.90052320166633,156.84905163882885,41.79337567127116,104.79048740224468,168.0940956726321,41.79337567127116,101.4617230782131,105.35132296274215,41.79337567127116,57.72769049598294,104.67330127592231,44.59379160824968,86.62425324353451,122.22571333397894,62.613546856890316,73.09826434327972,144.5307060800576,23.672689961219024,124.75826625919423,144.5307060800576,47.29652471376728,84.15528058297946,157.6550823792243,47.29652471376728,83.92154818638654,157.6550823792243,47.29652471376728,81.44468214684125,135.82571553281065,39.421900639111755,76.04696739515651,120.79993791389133,39.421900639111755,108.94780860577234,120.79993791389133,39.421900639111755,120.79993791389133,180.11419988440667,32.302805605705515,115.74811013575989,115.74811013575989,32.302805605705515,115.74811013575989,115.74811013575989,32.302805605705515,63.0004464269897,193.23851841700713,60.96028420209341,137.71755516273151,72.77218733829567,117.80545403333413,47.43475782588122,101.60399229361019,47.43475782588122,75.61792942153336,73.04899896644717,125.71048086774627,70.36067793874643,127.75611531351444,98.76751110562623,121.90621395154555,68.83488396154961,96.38623475372404,81.54379958034822,113.06248272526126,49.953941285948595,128.7211132642971,94.96320998155024,132.02509231202984,61.237580373492875,141.36875538816915
73.0,41.22913108470757,100.13356704921682,159.08527587429327,39.51994749490439,104.57114802850737,159.08527587429327,44.37376758852013,94.43003362278338,143.93792064636753,36.44305489390263,94.47362727237692,120.23154744076115,24.290044256855523,93.75641978019425,120.23154744076115,24.290044256855523,64.54576864520246,90.0765299620273,55.69839539879044,75.65184234372616,165.8858794472875,39.20154652561554,75.65184234372616,165.8858794472875,39.20154652561554,75.65184234372616,148.82582101234988,41.57206093038929,103.73977660473344,167.2128135042288,41.57206093038929,103.04361333920701,107.69226991757579,41.57206093038929,58.137821166603764,104.48751719703172,44.37376758852013,77.39076979847144,122.91307904368843,63.265314351546536,77.39076979847144,142.21330809737884,23.584131317477013,86.14003859994492,164.53153193233206,47.03175788762312,83.4820414819858,193.31354065351965,47.03175788762312,83.4820414819858,156.7725262920771,47.03175788762312,82.55214261301762,104.66351441643835,39.20154652561554,75.65184234372616,121.33270375294535,39.20154652561554,112.13886480609655,127.46813327259484,39.20154652561554,127.46813327259484,179.2334371706351,34.160009514050195,115.01141247719724,115.01141247719724,34.160009514050195,115.01141247719724,115.01141247719724,34.160009514050195,62.692194490223415,161.9926695872378,60.65205066607394,135.89196076295315,72.04568862881386,135.89196076295315,46.41391224622204,100.60768484564188,46.41391224622204,75.17776433228113,76.10050098389628,118.17201445350756,70.33584612414924,118.17201445350756,98.23711747603346,121.33270375294535,52.092237905469176,96.41424298307797,96.54717111339929,112.47277448342777,49.663870167356066,96.6710724570696,94.77466037923851,112.61716121444368,65.35018171359587,110.70512634923462
74.0,42.249038450596714,99.17785161012513,169.13049695427492,41.01300098749176,101.26172154373043,165.35000755972163,41.01300098749176,85.6412648785619,145.7107580105189,36.50104450560285,99.01505567336716,119.67716991974702,25.725109329213744,59.41297206839597,119.67716991974702,25.725109329213744,62.977942567219515,99.01505567336716,56.96100639911482,111.71000402828746,175.45120404260553,37.46893713464527,73.89787716842751,175.45120404260553,33.07000151194433,75.27885659333568,175.45120404260553,41.36316295932892,78.88524101503398,166.38096345435676,41.36316295932892,59.26850976699178,110.75028216668343,41.36316295932892,56.13698647059708,104.15433260311355,44.16538520153538,80.55300273732817,133.2108291393759,61.185016548171326,81.02784243702902,140.90111780961854,23.45786115569789,85.72503280839268,146.67012306533326,46.78280934274896,83.06729952273638,192.3424680095376,46.78280934274896,83.06729952273638,132.65792475385706,46.78280934274896,83.06729952273638,115.49080049943372,38.942264957241505,75.27885659333568,120.15874916126582,38.942264957241505,75.27885659333568,134.65000928332682,38.942264957241505,134.65000928332682,178.26419999540008,36.17100012440906,114.45796171520792,114.45796171520792,36.17100012440906,114.45796171520792,114.45796171520792,36.17100012440906,62.35969251046704,158.003560086474,60.32023914077264,135.20031434874699,71.384635952003,135.20031434874699,39.46810421086881,97.44904437704865,39.46810421086881,74.8051218166243,77.1336259357746,97.69670542039788,68.43790068375856,97.69670542039788,80.26506867872226,120.64047828154528,51.91354592011607,96.64500116405401,81.97530878258404,111.91570488541811,49.381170500505554,96.13098485920136,64.97727487360484,122.21957699157693,65.05790689839321,123.25025354943494
75.0,42.19094985894487,104.983927341284,178.74597897575208,40.983914527531404,85.29666611304337,178.74597897575208,41.75675095119351,85.29666611304337,163.05405545401194,36.954989514272626,100.85294368534811,155.2920635447929,25.653947064730605,58.849054792749214,155.2920635447929,25.653947064730605,61.467887957859745,101.28704877722521,38.83827043007965,111.39176360934411,183.34973411488767,35.417950957106484,72.30941328762113,177.48415422228544,32.80434422450783,77.5548596156295,177.48415422228544,41.16687078222001,81.0533851853209,165.5992904574171,41.16687078222001,59.284452008937386,111.87548882574771,41.16687078222001,59.14880598963938,104.01982984027613,43.930925895091264,82.1453057088474,141.3829020780094,23.33958547189731,87.63267798030594,141.3829020780094,23.33958547189731,87.63267798030594,148.5298791489443,46.58761906343787,82.67769499689743,117.48244549718906,46.58761906343787,82.67769499689743,129.94469977648185,46.58761906343787,82.67769499689743,113.45318417743947,38.83827043007965,72.64685987707934,72.02850998042372,38.83827043007965,74.92834076636156,140.1539332305733,38.83827043007965,141.86481240956124,147.65711970643338,38.62565533424643,113.93693431017003,113.93693431017003,38.62565533424643,113.93693431017003,113.93693431017003,38.62565533424643,62.08632095719636,113.93693431017003,78.63899319040141,153.23062683419394,78.63899319040141,134.55157003914894,74.39644648771875,97.22991437824061,38.983409932944554,97.22991437824061,76.85952283224246,97.22991437824061,68.76408946535975,97.22991437824061,78.3486199623197,106.56277492633157,69.65275479117821,120.02551812010644,76.02003847670692,111.39176360934411,64.64817282800806,111.16710394716596,68.53022143550974,121.21520119192972,68.53022143550974,136.12907477831473
76.0,42.03922275684935,111.26601008394253,183.05497808035705,40.21916520764696,84.93318697658766,122.18070633287401,40.51069303282777,84.93318697658766,162.32105531938856,37.5265406079484,102.54126608346515,154.56107207185127,25.526946546737626,59.064297591692394,154.56107207185127,25.526946546737626,40.03806001793793,102.9391871446438,38.655352152062974,110.90142018928341,178.69562109911928,38.655352152062974,69.86949441637603,176.63415581364777,38.655352152062974,83.94835465927845,176.63415581364777,40.98336552797976,83.73178160053685,135.5216772328324,40.98336552797976,61.794265510644266,110.2978920922789,40.98336552797976,61.39280291695435,102.36030114258163,43.748728552953395,82.05733513830437,141.70612195667482,23.22942638120881,94.75352895802878,121.20901369122677,23.22942638120881,102.28531786136269,151.04345401241326,46.368321621555374,82.31358484478731,117.57178658164551,46.368321621555374,82.31358484478731,127.27578324253204,46.368321621555374,82.31358484478731,109.81177077162539,38.655352152062974,73.28885488258088,72.52503877972075,38.655352152062974,74.60061159266725,139.6446382787395,38.655352152062974,141.70612195667482,155.40471357072795,41.52819825130871,113.44877698767846,164.74260226183148,41.23731623178211,113.44877698767846,164.74260226183148,41.23731623178211,61.794265510644266,113.44877698767846,78.31127792342556,111.87325417632223,78.31127792342556,103.25998741041953,74.12800584124734,96.82944412729013,38.94587590490166,96.82944412729013,76.60177054089546,96.82944412729013,71.28812138077423,96.82944412729013,76.12917476237345,119.63329386086467,51.46169692110822,119.63329386086467,79.8398161946782,126.18092169579361,64.41386690767757,102.21116010495136,79.8398161946782,123.51163912765469,67.97871909649372,138.42732750436238
77.0,41.72386906795678,119.02993321009636,202.64038343824757,39.429890311792654,119.02993321009636,120.86200809187311,39.576271299858455,84.5947471773514,144.1774080776874,38.00199007946821,81.82888395914978,153.9939122173341,25.409151894543825,59.23015490440659,102.79895427483686,25.409151894543825,39.576271299858455,102.79895427483686,38.451267859460756,110.44512211953953,175.95773640280783,38.451267859460756,84.53701112530534,182.14039914307864,38.451267859460756,90.51782283064479,182.14039914307864,40.81281967715536,89.50821889636728,132.40893096766547,40.81281967715536,61.556772576216176,108.87205793958337,40.81281967715536,61.556772576216176,101.33635206578141,43.578678846426726,82.82778066566796,120.64047828154528,23.12749986487947,99.86018350674105,120.64047828154528,23.12749986487947,102.79895427483686,163.7013286445776,46.19817366520023,81.97530878258402,118.20162858438118,46.19817366520023,81.97530878258402,124.27439398363606,46.19817366520023,81.97530878258402,81.97530878258402,38.451267859460756,74.20445572874988,110.44512211953953,38.451267859460756,74.29597061752406,107.6342185366717,38.451267859460756,74.29597061752406,167.55782583932032,43.67924278189813,112.99391576540748,164.18929624065024,42.15040035397054,61.556772576216176,164.18929624065024,42.15040035397054,61.556772576216176,112.99391576540748,78.00555268697222,106.8111651467205,78.00555268697222,102.79895427483686,39.23883599190985,96.42287721282746,39.23883599190985,96.42287721282746,70.52847829068766,100.19825971542619,72.49524984438636,100.19825971542619,73.85676170805216,106.66126288395427,51.25798718248698,110.78413695109964,79.53487442625405,134.95786379459332,64.17625144864726,101.80818361015974,79.60076161695942,124.87243490858981,63.557975502685736,148.78718022733008
78.0,41.382363393117124,120.22115038544591,139.04720421497154,38.83189732681111,120.22115038544591,123.0817817550591,38.83189732681111,84.28164835834667,120.22115038544591,38.42240557279047,81.19421161634615,189.05720033894505,25.300691690149502,59.011704347527534,101.87313801979401,25.300691690149502,38.83189732681111,101.87313801979401,38.360868733645745,110.02329298834862,175.3300459134144,38.360868733645745,84.31180967100636,181.408723605013,38.360868733645745,98.13972819403976,181.408723605013,40.65539632078379,87.47856880402193,124.05895775799505,40.65539632078379,61.30624968141502,105.90384789987567,40.65539632078379,61.30624968141502,92.55431513441174,43.42091949740355,84.25708427188778,97.40562740417003,43.36751376318453,101.71133786358334,120.22115038544591,43.36751376318453,120.22115038544591,121.02117583299214,48.54267452458713,117.49521266843173,130.24064265811958,48.54267452458713,117.49521266843173,122.7706194494432,48.54267452458713,81.69321422247994,115.92292698168038,38.360868733645745,74.01470293124197,74.01470293124197,38.360868733645745,74.01470293124197,74.01470293124197,38.360868733645745,74.01470293124197,175.74306529704094,45.190222947004806,112.57275425252773,163.56229700025614,61.30624968141502,61.30624968141502,163.56229700025614,61.30624968141502,61.30624968141502,112.57275425252773,96.0012304608644,114.45796171520792,77.69196387014554,96.07830790558293,40.308575390355834,118.65127475084286,39.690379816776755,96.07830790558293,80.02447281925699,104.15433260311355,59.33566591856874,104.15433260311355,73.57381497516627,106.39372631880134,51.06932787887461,110.02329298834862,79.22165897025889,125.32009016913449,63.924731129665304,100.34344148971572,86.19617885962231,110.02329298834862,62.86601824515371,149.06248689727406
79.0,22.976210523060587,119.83373898865044,143.95007815211494,22.976210523060587,119.83373898865044,139.53718142488043,22.976210523060587,83.99417390509892,119.83373898865044,38.53934677702776,77.58096577125087,188.48109984823412,25.20168645150558,58.36879517344863,101.52933689333345,25.20168645150558,61.98295128501062,101.52933689333345,32.359310870288944,100.93144331673851,174.75160943464869,38.21689744079181,84.28912296376087,141.11918721421264,34.50668413510634,98.23047515918874,180.83314132094262,40.51124843793387,85.52374670230485,125.2203058613099,40.51124843793387,61.105533710131354,101.98835717865055,40.51124843793387,61.105533710131354,89.57882701844225,43.27558491805743,83.99417390509892,101.98835717865055,43.27558491805743,101.84464271624698,124.6319581808775,43.27558491805743,116.2094015129585,140.13609456524753,49.366296701292065,117.28437662365776,117.28437662365776,53.09925846939861,81.40489082358626,117.28437662365776,53.09925846939861,81.40489082358626,81.40489082358626,38.21689744079181,73.01973192226878,73.78452581673206,38.21689744079181,73.78452581673206,73.78452581673206,38.21689744079181,73.78452581673206,175.2430455110844,41.21384779415773,112.18567199067803,162.9881130634992,61.105533710131354,61.105533710131354,162.9881130634992,61.105533710131354,61.105533710131354,112.18567199067803,77.4334956591784,114.2437087983404,95.69488622700797,95.73343851549468,42.27299670002116,118.26717634238166,40.20572098594925,118.26717634238166,76.2207402876671,108.35416466384667,59.13358817119083,110.41342762544781,73.31463871560713,101.98835717865055,50.89588637601275,102.47987607330523,78.96306889932787,94.20388128946705,53.09925846939861,94.20388128946705,85.52374670230485,94.28696224823452,61.42797611837785,148.859413541771
80.0,43.046733325538185,119.39482819619953,152.2994583050117,22.89675195306094,119.39482819619953,141.0288091135992,22.89675195306094,83.68635641489,124.25829952160137,38.4077628872081,75.9895469785154,111.340132027944,25.112248007695367,62.99723208205262,101.21638330823721,25.112248007695367,65.14362017880185,101.0684483407161,32.26646866330432,100.62468012371517,176.13524633076707,38.05916446797013,73.54812200185671,101.72327658898921,34.83570366735829,98.07395168952866,113.56991238880128,40.3805181987552,84.92020519287503,125.47758764018377,40.3805181987552,60.922255785550156,99.71226729946522,40.3805181987552,60.922255785550156,89.76274979076787,43.11776026186889,79.64653947284842,101.72327658898921,43.11776026186889,100.92051946953106,139.6983357094851,43.11776026186889,101.72327658898921,143.9813355959723,33.453867489424894,116.93000042760626,116.93000042760626,55.891557949300356,81.14327606154437,116.93000042760626,55.891557949300356,81.14327606154437,81.14327606154437,38.05916446797013,72.16707178485213,73.40021287435071,38.05916446797013,73.54812200185671,109.28460550324552,38.05916446797013,73.54812200185671,174.13967095409362,41.83911148674168,111.83302285103449,162.55037680669952,60.922255785550156,60.922255785550156,111.83302285103449,60.922255785550156,60.922255785550156,111.83302285103449,68.74100850293075,113.88865176127075,77.1977736077926,113.88865176127075,43.073382151858006,70.61515418095468,41.39633135919173,100.37931186255462,82.25370052465725,123.76641305297653,85.56346328895295,123.76641305297653,73.07948583562968,101.24127740205573,50.73781873514075,72.93833868412413,78.66701977321881,93.91707113193,54.7597594041464,93.91707113193,85.26817254990281,109.28460550324552,59.71403729442517,109.28460550324552
81.0,43.00018895307322,119.08033002977444,164.4403387250221,22.82588990598176,83.51949622692895,159.52781889062484,22.82588990598176,83.51949622692895,139.30407388156314,45.58877328904562,68.18098158577654,111.51513350213952,25.032478902417953,64.94298460957889,100.78621557534542,25.032478902417953,65.75554159156474,100.4895330370283,32.10334873498402,100.38626026503826,179.7515646663472,37.993700135680385,73.33581151115735,101.40327903968392,34.935655139126844,98.03811121191595,122.12135357913455,40.28568294071729,60.75657371840515,124.17376937179607,40.28568294071729,60.75657371840515,116.76525596255078,40.28568294071729,60.75657371840515,60.75657371840515,22.82588990598176,79.10626555463227,107.72244427230567,43.00018895307322,83.37119556537498,139.45653444711726,43.00018895307322,122.12135357913455,159.52781889062484,45.83046203127348,116.53379338200573,151.96257763015208,52.41990318571754,80.93087328084381,151.96257763015208,52.41990318571754,80.93087328084381,114.79165910465795,37.993700135680385,71.68187532424079,72.59418881701205,37.993700135680385,73.33581151115735,108.968458739215,37.993700135680385,73.33581151115735,108.968458739215,42.47689077604433,111.51513350213952,162.0744427724495,51.25710926300858,65.51214582045073,111.51513350213952,51.25710926300858,65.51214582045073,111.51513350213952,69.06070699029948,131.7388515207264,69.38995784693921,113.56771108021857,43.833506019938675,78.16086776642132,42.15680550041713,101.40327903968392,58.384597712067865,123.67952538718767,58.78363930550745,126.87641624825316,72.8908173228974,101.47967776850693,72.85839862363157,100.77527598572975,78.43357858723519,93.65845530436641,60.381009017736694,108.70890027959992,92.91679745880182,120.30014546957123,63.118192702262945,109.69560155266026
82.0,42.8954105936754,118.79867423502671,179.32965454714957,22.7834643985501,91.2387869822917,159.17482527083232,22.7834643985501,89.1591344170635,118.79867423502671,45.48253785795159,81.71359281049878,109.74572884627447,25.053368037052422,67.10123881121717,99.79188970051624,25.053368037052422,65.61441343180627,100.0892913852426,32.0331859171079,73.16748765674546,179.32965454714957,37.90118731649445,73.16748765674546,73.16748765674546,34.89636442381928,73.16748765674546,132.44479982241657,40.1794257052039,60.60863181098877,121.83852018142703,40.1794257052039,60.60863181098877,124.52158447433922,40.1794257052039,60.60863181098877,60.60863181098877,22.7834643985501,63.17591511011138,118.79867423502671,42.8954105936754,83.28803185332212,154.58209792857645,42.8954105936754,62.4732442730486,179.32965454714957,46.13871747242222,116.25456980265335,151.60845952650533,47.242737537107224,80.72069901828154,151.60845952650533,47.242737537107224,80.72069901828154,116.25456980265335,37.90118731649445,71.38369036411608,72.37970191980622,37.90118731649445,73.16748765674546,108.688200831553,37.90118731649445,73.16748765674546,73.16748765674546,43.27506499128568,111.23230196305389,161.65279150079655,52.35419037670241,74.1198101049915,111.23230196305389,52.35419037670241,74.1198101049915,111.23230196305389,58.02160158079057,131.38730912839338,67.71573856940498,97.11599379093023,44.48416853218682,79.59228134687434,42.30066488839153,76.03217246666046,58.02160158079057,111.72790609333015,58.63609170127218,129.90044264743673,72.70165919702245,93.40177327010446,72.70165919702245,92.34987818075344,78.30208330561838,108.40029981508354,78.30208330561838,90.71224421212386,78.30208330561838,124.52158447433922,63.17591511011138,124.02671083278796
83.0,42.80351913102473,98.00322061034524,183.66443586062056,22.72710386300903,86.58424365899376,158.80215678636105,22.72710386300903,97.85433689929128,138.6474846508223,45.37109487327807,82.72856973258996,105.96048791884643,45.275779949107445,82.2818707249659,98.65992727546478,24.962471832733232,67.6578986519682,99.57113663105388,31.97068970166268,108.50172809683724,138.6474846508223,37.769034936042516,73.00124142780038,108.50172809683724,35.0058030903449,73.00124142780038,131.818530563802,40.08692118384748,110.98479625606383,110.98479625606383,40.08692118384748,60.47856025072025,127.60534863398163,40.08692118384748,60.47856025072025,110.6712473951568,22.72710386300903,63.046143815462656,118.55009489663009,42.80351913102473,83.12253755751205,153.77784300737216,42.80351913102473,63.046143815462656,177.90622529861062,46.2064524714893,85.42714000831351,186.20720984967258,47.34264726438521,85.42714000831351,85.42714000831351,47.34264726438521,85.42714000831351,116.00915912116595,37.769034936042516,71.43473419842759,72.9050152595828,37.769034936042516,71.99351533297981,108.50172809683724,37.769034936042516,73.00124142780038,108.50172809683724,44.36413247207703,110.98479625606383,161.34319012589282,53.57383923147565,85.42714000831351,110.98479625606383,53.57383923147565,110.98479625606383,110.98479625606383,58.876194255403426,100.83286294656122,55.343393914721204,100.83286294656122,47.08052941503526,80.85299159585871,44.066441313089946,75.45469667290433,94.72859256845315,94.73405538664541,57.49961956395885,123.07771934838571,72.47662554230847,93.48195681520578,72.55419526119768,93.98460645233345,82.300189853973,108.50172809683724,93.22671961406773,90.3005606294889,78.1363951689608,133.24460589457271,46.03863866362688,132.1916222761488
84.0,42.72459771606984,98.03879971725479,158.4854094230759,22.679533725365694,92.71316654068073,121.36978619079791,22.679533725365694,98.93458065812983,138.43455132299883,45.2916796994768,86.4713897771974,113.4686079935768,45.2916796994768,84.11596905463314,98.33738480354253,24.902309129877896,66.9935164773428,93.26267340152756,31.91590512581462,108.28492508193372,143.06510755596557,37.75428783595315,72.87414665023529,108.28492508193372,35.398887694389494,72.87414665023529,108.28492508193372,40.02288407898661,110.77285317260723,110.77285317260723,40.02288407898661,60.3664745533479,110.77285317260723,40.02288407898661,60.3664745533479,110.77285317260723,23.323191248197578,62.91896574165853,118.33480046038866,42.72459771606984,82.96403588302584,141.91766979484973,42.72459771606984,62.91896574165853,177.6390300581491,37.353463694816845,95.4137372184949,150.9722656649227,46.948442466177724,95.97134989151711,115.45616051125207,46.948442466177724,95.97134989151711,115.79777631716422,37.75428783595315,71.87528260814004,72.87414665023529,37.75428783595315,72.11311427195471,108.28492508193372,37.75428783595315,72.87414665023529,108.28492508193372,46.08357896257624,92.21822623538147,161.02212580884654,54.53165365180117,98.6957255913345,110.77285317260723,54.53165365180117,110.77285317260723,110.77285317260723,59.3068398247622,99.99415607924294,51.62016321167534,100.72301127349202,50.15846139984758,79.65049434874838,44.530677627900516,75.12806566124273,56.889069688297766,94.5614681040856,58.32444813283705,94.5614681040856,72.41171348614809,94.17330433833146,72.41171348614809,94.47172195953664,78.93399932855296,108.28492508193372,61.11289757489821,100.48639833330678,62.02323153464353,132.86318150639025,46.54703266589611,132.36549777037823
85.0,42.65871833517739,97.5812546035354,118.23969299689509,22.65273162336057,91.78976658647738,106.1537799609604,22.65273162336057,98.32891868621356,132.18783983407855,45.22456467452174,93.1750570163496,115.62060802469428,24.852062288671338,91.77652886223143,97.24935089757669,24.852062288671338,45.22456467452174,94.65517022328996,31.868871959954905,108.10469462516417,153.95819237702162,37.662979170532964,72.75456171265138,108.10469462516417,37.662979170532964,72.75456171265138,108.10469462516417,39.95536572226563,110.59667716527473,160.4762443478785,39.95536572226563,60.27247506117531,110.59667716527473,39.95536572226563,60.27247506117531,110.59667716527473,42.56102971028779,62.826278339561064,118.15297287838338,42.65871833517739,82.83239855274023,118.15297287838338,42.65871833517739,62.52724406208864,138.20862852948076,44.81524573178195,98.06633596703814,150.7485489150725,46.27117083022646,100.02205381814554,115.70490482257007,46.27117083022646,100.02205381814554,115.70490482257007,37.662979170532964,72.15647060382041,72.75456171265138,37.662979170532964,72.65522176691776,108.10469462516417,37.662979170532964,72.75456171265138,108.10469462516417,52.138433520772374,96.40957550990463,111.2233114054783,55.190726123145005,100.19691237757779,111.2233114054783,55.190726123145005,100.32101599365907,111.2233114054783,58.304770388022284,99.95248871338822,58.19236418981445,100.1351399359885,50.182678784616506,79.0704195638293,50.084391281116716,90.70455473679367,55.34014139844603,94.41740438076022,58.00570015093344,94.41740438076022,72.33056926362462,94.41740438076022,72.33056926362462,94.41740438076022,79.0704195638293,108.10469462516417,47.68077442743564,100.58889103673427,77.76201675625445,123.31109033659544,62.75532845902409,92.92212465285111
86.0,42.60594148707431,82.73700048950289,118.00476685286912,22.61993037124562,82.73700048950289,107.06831931061588,22.61993037124562,82.73700048950289,131.50903010820207,45.160339347706405,80.1826118931031,115.47781172155975,24.81179155159901,80.1826118931031,115.47781172155975,24.81179155159901,79.75297016412618,80.1826118931031,34.82407572355654,107.96121988936584,177.74454984612046,37.58324094593227,72.66915611179202,172.0860976372002,37.58324094593227,72.66915611179202,107.96121988936584,39.901832664678444,110.4564393777022,160.57747351356602,39.901832664678444,60.1873014015415,110.4564393777022,39.901832664678444,60.1873014015415,110.4564393777022,42.60594148707431,82.64857076804172,82.73700048950289,42.60594148707431,82.73700048950289,117.9729841955352,42.60594148707431,82.73700048950289,100.44463649195013,43.66327117841722,99.6300971092571,104.53767263527537,44.11237071389385,100.22857002870987,110.55824256924492,44.11237071389385,100.16861409643242,130.0447038521754,37.58324094593227,37.58324094593227,72.66915611179202,37.58324094593227,72.66915611179202,107.96121988936584,37.58324094593227,72.66915611179202,107.96121988936584,51.476123105766234,99.43930938014402,120.49948132668456,55.38728419050712,100.44463649195013,139.62673454607466,55.38728419050712,100.47698741502951,140.1253902759953,58.241061545957415,99.89825448925522,58.241061545957415,100.23934482028501,49.999412496548395,95.15351412323142,50.11941988890135,92.89863427413775,76.205683843136,94.30199494178264,76.17201749986671,94.30199494178264,81.85829982353653,94.3208420763937,81.87891212027674,93.70312828289137,79.76312587906772,100.01890446310638,47.62877281643944,99.43930938014402,77.62822457070624,92.80485574580675,62.751025888028316,92.73767438317611
87.0,42.56631590823899,117.86698010893467,126.98671190325388,22.603014179529243,82.65673747493304,117.89030918612437,22.603014179529243,82.65673747493304,142.46095956436628,45.12046376091451,115.36951503755228,150.40154586971505,24.781545553092528,80.10259827246554,115.36951503755228,24.781545553092528,80.10259827246554,80.10259827246554,37.48814812710812,104.8576415908731,177.94135269801677,37.61457496769038,103.93808252993702,171.9247655225971,37.61457496769038,72.51014584180616,107.85464755864719,39.86911398564056,60.132322838885905,160.41391772536446,39.86911398564056,60.132322838885905,110.37492921855035,39.86911398564056,60.132322838885905,110.37492921855035,46.79867786593976,49.79423912462163,82.65673747493304,49.79423912462163,82.65673747493304,117.89030918612437,49.79423912462163,82.65673747493304,117.89030918612437,41.524405474371335,99.6017068126847,106.93280600451855,41.524405474371335,100.36246808443882,113.9500987274693,41.524405474371335,96.49075732939399,130.4516193843526,49.64444833010031,72.5011465426582,72.59666831198247,49.79423912462163,72.59666831198247,107.85464755864719,49.79423912462163,72.59666831198247,107.85464755864719,41.390352136699676,99.7102364353831,116.36848800255162,54.28145401516065,98.0039093608005,140.3891911793782,54.28145401516065,102.44083658385459,142.98819881374826,76.07122484882177,100.36246808443882,58.18424400127581,100.36246808443882,50.07900008985802,97.42895488508535,50.07900008985802,89.11369844193428,83.7266758566229,94.21534508772974,70.21354036081644,94.21534508772974,82.05733513830435,97.12109065491387,82.40210100476807,97.27086537088071,92.59563299637838,100.14165591800446,62.58299489477952,99.82525356842325,77.61894903952255,107.85464755864719,62.68645188555498,92.62818820423942
88.0,42.53987834961449,117.79484284127213,157.80724001135056,22.585089107639135,82.60363944766598,157.80724001135056,22.585089107639135,82.60363944766598,137.80103410352189,45.093028840387284,115.29581518858349,184.87326740229372,44.95810549834145,115.29581518858349,150.3100961346243,24.761361028828766,80.05455171319117,80.05455171319117,37.52998800959041,103.78643938395805,177.81345562133367,37.52998800959041,107.79900277831888,173.88106567421306,37.52998800959041,72.55326491619795,171.81567157858447,39.840886661820164,60.09564252090163,160.30634734782026,39.840886661820164,60.09564252090163,159.8925420399588,39.840886661820164,60.09564252090163,110.2978920922789,45.52471856036015,63.12959884238137,117.79484284127213,56.96100639911482,99.27263595775021,137.80103410352189,56.816645888331,83.06648692463163,142.36616522193748,41.654786639712846,96.86057634559067,109.35321211560272,41.654786639712846,99.85950755937064,117.84576784933772,41.654786639712846,97.77336677234756,124.86042207200806,50.06012634822249,72.55326491619795,83.06648692463163,67.4760790947429,83.06648692463163,107.79900277831888,67.4760790947429,83.06648692463163,107.79900277831888,41.66072791010738,99.70955947149702,112.33042775668576,57.110911829526934,99.87234977710298,138.3008495997042,57.110911829526934,108.33339743587847,143.81281236385024,76.15192873460265,112.29703914173338,76.15192873460265,94.15753421792651,50.045291986359715,94.15753421792651,47.79201031553287,94.04108809451323,83.5073724290257,103.83701170584601,74.36619695802656,102.8378578151062,77.06475361668264,97.16046649743917,77.6598110350521,97.31041182730652,92.65806090135925,92.65806090135925,58.00531225672351,92.65806090135925,83.06648692463163,107.79900277831888,68.82507718847832,92.65806090135925
89.0,62.48800884969851,117.75663463261847,177.75861441854232,22.576121234614238,82.57912115056688,157.7597065159542,42.38303021257447,82.57912115056688,122.28092655847846,45.0780573006424,115.25677854252217,219.7910939960944,45.0780573006424,115.25677854252217,184.77858371575425,45.0780573006424,80.02925246433331,115.25677854252217,37.50333318519835,72.52814109020028,173.75881272614635,72.3837429952334,107.75725033611427,177.27979298273112,37.50333318519835,72.52814109020028,171.75891534357103,39.826765497589676,60.07729396369314,160.25955509734825,60.07729396369314,109.78444789677634,160.25955509734825,59.93293126487307,60.07729396369314,110.25708594008822,44.332677000154185,57.6890912564932,108.77327337172491,57.683240633653725,99.99865624097156,137.75567138960196,57.23330542612404,110.25708594008822,157.7739680682463,41.93043345828898,96.22993946792235,112.2836809157947,41.93043345828898,96.23788884841562,120.2814407961594,41.93043345828898,99.2352318987566,125.2562373696416,51.08430531973592,71.78381607298401,84.3846327834636,69.68408175473076,101.2749969143421,118.25660658077416,69.68408175473076,123.25633857940126,165.2592660034529,42.832945847793376,99.5113058903359,113.28338360059696,61.885226427637804,108.28492508193372,129.75602105490134,61.885226427637804,109.75711822018653,152.78457055606106,76.12799255201729,112.25695969515654,93.99083066980522,111.78383156789715,50.02775479671259,94.1286154684111,47.78824384720577,94.1286154684111,74.48349649418991,110.28429171917459,75.08342859779381,109.78444789677634,78.68533058963405,97.15282419981418,77.9513069165617,97.27988615330509,77.51451476981585,104.25749373546249,62.4851282306438,92.62867401620301,95.3299861009116,117.26305897425668,68.47832686332224,135.27795459719223
90.0,62.62504491016354,117.75026539248223,177.75017580863317,42.525066137514706,117.75026539248223,157.75019809813236,42.525066137514706,82.57503405993849,137.75022686006727,45.075062395963464,150.2502079865449,220.25014188417677,45.075062395963464,115.25027114935565,185.25016869088137,45.075062395963464,80.02503514525938,115.25027114935565,37.575074850224844,72.52503877972075,171.7501819504131,72.52503877972075,107.75029002281154,177.75017580863317,37.575074850224844,72.52503877972075,171.7501819504131,39.825070621406304,60.07504681646115,160.25019500768167,60.07504681646115,110.25028344634765,160.25019500768167,60.07504681646115,60.07504681646115,110.25028344634765,44.476580916253,57.67504876460877,109.75028473767163,57.97543660896396,101.75276409022017,138.75202701222062,57.50217387195027,110.25255099089544,161.75173878509003,42.07506684486668,95.47502945796874,113.75247250060106,42.07506684486668,97.12641890855443,121.75025667324073,42.07506684486668,99.52638469270347,125.2502495007495,51.525054585123925,72.67596748582024,84.97768089327926,70.87694441777242,101.7503071248436,117.75026539248223,70.87694441777242,123.25025354943494,165.2501891073048,47.0264951915407,99.37502830188276,113.75027472494297,62.77719530211588,110.25255099089544,128.25024366448588,62.77719530211588,109.75028473767163,156.25499992000255,76.12503694580384,130.2502399230036,94.12502988047335,112.25027839609129,71.92691603287325,116.2502688168935,50.025056221857454,94.12502988047335,77.77677191809903,112.25027839609129,76.27680676326192,111.25028089852178,79.12674168699228,97.27502891287156,78.22503595397063,97.27502891287156,92.62503036436749,107.75029002281154,77.47677877919293,107.75029002281154,93.07503021756158,121.25025773168484,71.77597961713931,143.75543467987566
