Theta_deg,config_01_det1_b15_s5_h4_w50,config_02_det1_b15_s5_h4_w500,config_03_det1_b15_s5_h4_w1500,config_04_det1_b15_s5_h12_w50,config_05_det1_b15_s5_h12_w500,config_06_det1_b15_s5_h12_w1500,config_07_det1_b15_s5_h24_w50,config_08_det1_b15_s5_h24_w500,config_09_det1_b15_s5_h24_w1500,config_10_det1_b15_s20_h4_w50,config_11_det1_b15_s20_h4_w500,config_12_det1_b15_s20_h4_w1500,config_13_det1_b15_s20_h12_w50,config_14_det1_b15_s20_h12_w500,config_15_det1_b15_s20_h12_w1500,config_16_det1_b15_s20_h24_w50,config_17_det1_b15_s20_h24_w500,config_18_det1_b15_s20_h24_w1500,config_19_det1_b30_s5_h4_w50,config_20_det1_b30_s5_h4_w500,config_21_det1_b30_s5_h4_w1500,config_22_det1_b30_s5_h12_w50,config_23_det1_b30_s5_h12_w500,config_24_det1_b30_s5_h12_w1500,config_25_det1_b30_s5_h24_w50,config_26_det1_b30_s5_h24_w500,config_27_det1_b30_s5_h24_w1500,config_28_det1_b30_s20_h4_w50,config_29_det1_b30_s20_h4_w500,config_30_det1_b30_s20_h4_w1500,config_31_det1_b30_s20_h12_w50,config_32_det1_b30_s20_h12_w500,config_33_det1_b30_s20_h12_w1500,config_34_det1_b30_s20_h24_w50,config_35_det1_b30_s20_h24_w500,config_36_det1_b30_s20_h24_w1500,config_37_det2_b15_s5_h4_w50,config_38_det2_b15_s5_h4_w500,config_39_det2_b15_s5_h4_w1500,config_40_det2_b15_s5_h12_w50,config_41_det2_b15_s5_h12_w500,config_42_det2_b15_s5_h12_w1500,config_43_det2_b15_s5_h24_w50,config_44_det2_b15_s5_h24_w500,config_45_det2_b15_s5_h24_w1500,config_46_det2_b15_s20_h4_w50,config_47_det2_b15_s20_h4_w500,config_48_det2_b15_s20_h4_w1500,config_49_det2_b15_s20_h12_w50,config_50_det2_b15_s20_h12_w500,config_51_det2_b15_s20_h12_w1500,config_52_det2_b15_s20_h24_w50,config_53_det2_b15_s20_h24_w500,config_54_det2_b15_s20_h24_w1500,config_55_det2_b30_s5_h4_w50,config_56_det2_b30_s5_h4_w500,config_57_det2_b30_s5_h4_w1500,config_58_det2_b30_s5_h12_w50,config_59_det2_b30_s5_h12_w500,config_60_det2_b30_s5_h12_w1500,config_61_det2_b30_s5_h24_w50,config_62_det2_b30_s5_h24_w500,config_63_det2_b30_s5_h24_w1500,config_64_det2_b30_s20_h4_w50,config_65_det2_b30_s20_h4_w500,config_66_det2_b30_s20_h4_w1500,config_67_det2_b30_s20_h12_w50,config_68_det2_b30_s20_h12_w500,config_69_det2_b30_s20_h12_w1500,config_70_det2_b30_s20_h24_w50,config_71_det2_b30_s20_h24_w500,config_72_det2_b30_s20_h24_w1500,config_73_det1_b10_s8_h10_w250,config_74_det1_b10_s8_h10_w1000,config_75_det1_b10_s8_h15_w250,config_76_det1_b10_s8_h15_w1000,config_77_det1_b10_s12_h10_w250,config_78_det1_b10_s12_h10_w1000,config_79_det1_b10_s12_h15_w250,config_80_det1_b10_s12_h15_w1000,config_81_det2_b10_s8_h10_w250,config_82_det2_b10_s8_h10_w1000,config_83_det2_b10_s8_h15_w250,config_84_det2_b10_s8_h15_w1000,config_85_det2_b10_s12_h10_w250,config_86_det2_b10_s12_h10_w1000,config_87_det2_b10_s12_h15_w250,config_88_det2_b10_s12_h15_w1000,config_89_det1_b10_s5_h15_w250,config_90_det1_b10_s5_h15_w1000,config_91_det1_b10_s5_h24_w250,config_92_det1_b10_s5_h24_w1000,config_93_det2_b10_s5_h15_w250,config_94_det2_b10_s5_h15_w1000,config_95_det2_b10_s5_h24_w250,config_96_det2_b10_s5_h24_w1000
0.0,33.675083518827385,49.125057251875035,75.07503746252812,43.876602534836266,70.2769610185301,83.77664501518308,43.876602534836266,70.426956841823,86.47763439178941,12.525224548885342,12.525224548885342,64.42713907973875,12.525224548885342,12.525224548885342,71.77503918494227,12.525224548885342,12.525224548885342,71.77692003701468,41.62506756751273,54.67628599310673,56.775049537627,54.97546043463392,89.92653251404727,99.97727866870552,54.826282474740154,91.42749176259841,121.25231956544171,18.075155600989994,18.075155600989994,70.50177302735017,18.075155600989994,83.32665389897761,96.22502922836657,18.075155600989994,83.77664501518308,98.92502843062518,35.47507928109534,43.5766135673712,73.42503830438224,40.8756192613641,62.17721648642692,98.4773133772444,40.8756192613641,62.32721115211236,100.25031172021362,10.125277773967488,50.47505572062303,54.825051299565594,10.125277773967488,56.17505006673336,81.67668731039475,10.125277773967488,56.17505006673336,82.87666287924485,37.72507455261023,50.775055391402574,84.97768089327926,49.8764097545122,84.3766333175246,99.97502813202904,49.8764097545122,86.77658814449897,105.25267217510442,10.125277773967488,59.02504764928191,63.07504458975831,10.125277773967488,69.97504019291449,99.82502817430107,10.125277773967488,69.97504019291449,105.75265954102525,50.9263806882052,67.72603819802247,50.9263806882052,68.3260290811635,17.92515690307898,42.67559314174789,17.92515690307898,42.825065674205334,43.72660803218105,60.22504669985735,43.72660803218105,60.22542029741261,37.575074850224844,57.975048512269474,37.575074850224844,57.975048512269474,52.876329770512626,68.0270258794253,52.876329770512626,71.02694031140578,46.576509637369774,93.97574820133117,46.576509637369774,60.52727690884499
1.0,33.23524108532989,49.13787999089908,88.72883550458667,42.832945847793376,69.38412102203212,80.4828630827706,42.832945847793376,69.5341013460302,85.88446454394415,12.527020795065361,12.527020795065361,64.1348676618265,12.527020795065361,12.527020795065361,71.48920373035358,12.527020795065361,12.527020795065361,71.63634726868756,41.50301193889427,53.78383818583423,86.51300480274628,54.08378916089367,88.28420725135383,99.84260738782818,53.933813605195766,96.52992411682503,119.78157203844003,18.076400360691284,18.076400360691284,70.4339850498323,18.076400360691284,82.2848786229888,95.94050891047013,18.076400360691284,82.73482489254448,98.78527850849031,34.884756699739214,42.98605878654148,79.88517540820699,40.13348041224434,60.98537734572116,99.83742409537619,40.13348041224434,61.13535188415946,99.98740545688742,10.12749969143421,50.184472200074,54.82751362226815,10.12749969143421,56.03348329347373,64.4376151793345,10.12749969143421,56.03348329347373,80.18513733853675,37.13416553525877,50.184472200074,84.3846327834636,48.684764043795056,82.13489666396373,100.25779271458154,48.684764043795056,85.88446454394415,118.25660658077416,10.12749969143421,58.58311403467726,62.78507983589732,10.12749969143421,69.69279912587812,99.70572325598968,10.12749969143421,69.69279912587812,101.77487410947754,50.48441591223969,66.98444782186384,50.48441591223969,67.7343432093351,17.926412078271547,42.386215329986705,17.926412078271547,42.53300189264802,43.58590655246257,59.93293126487307,43.58590655246257,59.93555914480151,37.57687121089248,57.83905471219252,37.57687121089248,57.83905471219252,51.83417067919578,66.68449032571218,51.68419729472443,66.83446902609461,45.53543949496919,98.3298339772828,45.53543949496919,59.78295116502697
2.0,32.20025232820389,48.55565106143671,88.93905919223567,40.44065095915247,67.47041018105641,80.66772123966314,40.44065095915247,67.47041018105641,81.56724986169387,12.509996003196804,12.509996003196804,61.91321547133536,12.509996003196804,12.509996003196804,71.06810993687674,12.509996003196804,12.509996003196804,71.21801913841749,41.79014536945283,51.709005501943274,86.57078028988765,51.40920394248485,90.10899649868486,90.11324125787509,51.25930403351181,90.11324125787509,90.11324125787509,18.08262287390853,18.08262287390853,69.56386454187259,18.08262287390853,79.46836634787455,95.22466198417298,18.08262287390853,79.61828464617912,98.22314518482901,33.40540749639196,41.80467976195966,78.87383121162557,38.65709831324643,58.759903420614975,82.48806731885527,38.65709831324643,58.759903420614975,82.60363944766598,10.131942064579722,48.70555666451211,54.702205165788335,10.131942064579722,55.46765949632272,74.95235986945308,10.131942064579722,55.46765949632272,75.10230522427392,35.653488609110894,48.40574604321268,83.06648692463163,46.29693564373348,80.96756294961581,83.06648692463163,46.29693564373348,81.86709503823866,107.79900277831888,10.131942064579722,57.26081775525041,62.063123108654466,10.131942064579722,69.26923018195019,99.42731641757209,10.131942064579722,69.26923018195019,100.02227876828242,47.806131928864524,62.66275807846316,47.806131928864524,62.96257817148214,18.232560160328553,41.50489428970998,18.232560160328553,41.654786639712846,43.15948621102897,58.60500191963139,43.15948621102897,58.60500191963139,37.4419049996124,57.7007907224849,37.4419049996124,57.7007907224849,49.010878894384255,63.878957803019915,49.010878894384255,76.17024517487127,43.3093667697878,83.06648692463163,43.3093667697878,76.45182306524809
3.0000000000000004,31.031697504326118,47.54751570797364,88.38583738359895,41.06782499719214,52.640490594218434,72.59666831198247,41.06782499719214,72.4682430447986,72.59666831198247,12.543175435271564,12.543175435271564,55.2106986914674,12.543175435271564,12.543175435271564,70.0637299178398,12.543175435271564,12.543175435271564,70.21354036081644,41.96690660508587,55.18053325222583,86.43078878501574,55.18053325222583,90.04130302255737,90.16266549964016,55.18053325222583,90.16266549964016,90.16266549964016,18.09381800505355,18.09381800505355,67.21749214304265,18.09381800505355,75.62179745285084,92.58809993730296,18.09381800505355,75.77160582962459,99.9230266254981,32.52908314109084,40.04255548788064,82.57803127951162,37.62952630581469,62.68645188555498,62.68645188555498,37.62952630581469,62.68645188555498,62.68645188555498,10.138601974631413,42.28896132562256,54.4536155824386,10.138601974631413,54.4536155824386,75.18015861914633,10.138601974631413,54.4536155824386,75.32994922339985,34.03529418118786,47.098208564657746,72.14711532694845,46.34939319991147,72.59666831198247,72.59666831198247,46.34939319991147,72.59666831198247,72.59666831198247,10.138601974631413,55.35233734902258,60.46925871879033,10.138601974631413,68.41586986949739,97.86997113517505,10.138601974631413,68.41586986949739,99.83359279320764,44.99312447474613,61.060226416219585,44.99312447474613,61.060226416219585,19.149836813926118,38.985718538972705,19.149836813926118,38.985718538972705,50.868027777770195,67.195396047646,50.868027777770195,67.7007847074168,44.37123223441061,64.52973151966464,44.37123223441061,64.67113923536526,48.895513597875215,70.07143676277802,48.895513597875215,70.07143676277802,42.43873525448184,62.68645188555498,42.43873525448184,75.21426892551706
4.0,29.716094124228373,50.93035686110986,70.9032880055643,35.57198687169442,52.67381939825514,72.66915611179202,35.57198687169442,52.67381939825514,88.93273441202625,12.552141251595284,12.552141251595284,54.5093684608435,12.552141251595284,12.552141251595284,57.51253124319951,12.552141251595284,12.552141251595284,57.51253124319951,35.57198687169442,55.12954062932141,55.2282196888511,55.2282196888511,55.2282196888511,90.25046398772696,55.2282196888511,55.2282196888511,90.25046398772696,18.10997653228739,18.10997653228739,65.93391577936198,18.10997653228739,70.59352838610633,100.01890446310638,18.10997653228739,70.604045563976,114.47980171191772,32.538073852027566,42.60594148707431,81.55897406171806,35.57198687169442,62.751025888028316,79.95612077883719,35.57198687169442,62.751025888028316,62.751025888028316,10.147475055401713,41.738426539581006,54.06048695674133,10.147475055401713,44.29256427437905,74.49467262831618,10.147475055401713,44.29256427437905,74.49467262831618,37.58324094593227,37.58324094593227,72.66915611179202,37.58324094593227,72.66915611179202,72.66915611179202,37.58324094593227,72.66915611179202,72.66915611179202,10.147475055401713,50.29867045956583,59.16896357043953,10.147475055401713,66.38283852020791,96.88496400370906,10.147475055401713,66.38283852020791,97.78803607803972,56.47584660720014,78.46053944499744,56.47584660720014,67.25162637438592,19.557607215607945,52.374385437921845,19.557607215607945,52.276345032911394,50.29867045956583,74.22719346708455,50.29867045956583,71.16270968702638,44.30373855556662,63.67893097406708,44.30373855556662,63.67893097406708,40.21077281028058,67.73999003542886,40.21077281028058,67.73999003542886,47.62877281643944,60.66712454039667,47.62877281643944,75.82236642310764
5.0,32.730433086043945,50.668592342791605,70.94833507560271,32.730433086043945,52.748518936554035,72.75456171265138,32.730433086043945,52.748518936554035,72.75456171265138,12.575422458112492,12.575422458112492,53.38451320373728,12.575422458112492,12.575422458112492,81.33714557322503,12.575422458112492,12.575422458112492,82.45996756002272,27.64988697987751,52.800532667767655,55.302316859241984,27.64988697987751,55.302316859241984,90.35635699827655,27.64988697987751,55.302316859241984,90.35635699827655,18.13108518539362,18.13108518539362,65.82872663207151,18.13108518539362,69.95252854615049,104.57592935279132,18.13108518539362,70.08877406546644,111.2233114054783,27.64988697987751,60.9492104132613,80.93921330232955,27.64988697987751,42.65871833517739,79.68043203949135,27.64988697987751,42.65871833517739,79.0704195638293,10.009058397271943,41.05357779779979,53.53392615902555,10.009058397271943,43.45717719778863,72.79079612148777,10.009058397271943,43.45717719778863,72.94111494897784,37.662979170532964,37.662979170532964,72.6821590901096,37.662979170532964,72.75456171265138,72.75456171265138,37.662979170532964,72.75456171265138,72.75456171265138,10.009058397271943,46.71976294888491,56.99694070737481,10.009058397271943,90.80496269477786,94.45385778251728,10.009058397271943,91.78976658647738,94.76540112298369,49.2855582295666,77.76201675625445,49.2855582295666,67.26366961443598,20.84649251073187,73.20315054695392,20.84649251073187,72.3059904157325,46.7573122623617,74.02655773436989,46.7573122623617,73.59216160706247,43.74255650965087,72.3059904157325,43.74255650965087,72.3059904157325,40.25439417007788,67.39934161399502,40.25439417007788,67.39934161399502,32.730433086043945,74.85984404204967,43.56783503916622,76.666069744053
6.000000000000001,32.78400905929597,50.307616222595954,70.96450697355687,32.78400905929597,52.82907580111542,52.82907580111542,32.78400905929597,52.82907580111542,72.77033221031769,12.58972795575822,12.58972795575822,52.262570258264184,12.58972795575822,12.58972795575822,98.03879971725479,12.58972795575822,12.58972795575822,98.03879971725479,23.323191248197578,52.42762868946106,55.381596672540965,23.323191248197578,55.381596672540965,55.381596672540965,23.323191248197578,55.381596672540965,90.50141573478285,18.03902020620854,18.03902020620854,69.30787292941545,18.03902020620854,68.69549657728663,100.48639833330678,18.03902020620854,68.69549657728663,100.48639833330678,23.323191248197578,60.710635394467744,80.94751385929032,23.323191248197578,59.15755446263816,79.79978853355439,23.323191248197578,59.0540112947461,78.93399932855296,10.022537103947284,40.36825795101889,62.62037408064566,10.022537103947284,63.625201374926895,70.94896933712286,10.022537103947284,63.625201374926895,70.94896933712286,37.651643390428525,37.75428783595315,72.00882758384557,37.75428783595315,72.75487097095287,72.87414665023529,37.75428783595315,72.81855017782213,72.87414665023529,10.022537103947284,46.53107832406208,53.91921039852123,10.022537103947284,90.54615535736457,91.45677257590057,10.022537103947284,90.69537612249039,91.75519740047426,49.366296701292065,64.66870379093739,49.366296701292065,64.33802336099548,21.78385296498303,76.84517714209525,21.78385296498303,77.19165272229893,40.32141180563994,73.06870910314483,40.32141180563994,73.51629921316768,42.75460501513258,72.41171348614809,42.75460501513258,72.41171348614809,40.32141180563994,67.30680686230777,40.32141180563994,67.23623465067033,44.6945885986212,93.05399642143264,44.6945885986212,76.53124361984457
7.0,32.84845886795909,50.002562434339296,69.89074509547027,32.84845886795909,52.92481695764284,52.92481695764284,32.84845886795909,52.92481695764284,52.92481695764284,12.589678312014172,12.589678312014172,98.1758626139847,12.589678312014172,49.388169129863485,98.1758626139847,12.589678312014172,49.388169129863485,98.1758626139847,20.19631773368601,52.21562266218799,52.40187258104428,20.19631773368601,55.492398128031915,55.492398128031915,20.19631773368601,55.492398128031915,90.6591487385581,18.056473908269023,18.056473908269023,85.69011757489892,18.056473908269023,66.85836709043977,85.69011757489892,18.056473908269023,66.85836709043977,85.70744570922645,22.72710386300903,59.50908544079635,80.45881710539871,22.72710386300903,42.80351913102473,79.9001016895473,22.72710386300903,42.80351913102473,63.046143815462656,10.056154831743592,39.545559169140596,64.30899042902166,10.056154831743592,62.93255318195821,80.55495794797487,10.056154831743592,62.93255318195821,80.55495794797487,20.19631773368601,37.769034936042516,71.10007911388004,37.769034936042516,37.769034936042516,73.00124142780038,37.769034936042516,37.769034936042516,73.00124142780038,10.056154831743592,46.18745771310648,77.98507068663848,10.056154831743592,85.42714000831351,85.42714000831351,10.056154831743592,85.42714000831351,85.42714000831351,49.445993265379954,64.14188374221636,49.445993265379954,67.5680490320684,22.5781144031117,77.37070666602445,22.5781144031117,77.63025344541907,40.38497554784452,73.11976476986233,40.38497554784452,73.48293169165204,50.35723632210171,72.47662554230847,50.35723632210171,72.51417964784542,40.38497554784452,67.27002489965349,40.38497554784452,67.27002489965349,44.83859944289072,93.22671961406773,44.83859944289072,76.05051774971686
8.0,32.92371865388234,49.935921439380685,69.28287125978541,32.92371865388234,53.03566017313256,53.03566017313256,32.92371865388234,53.03566017313256,53.03566017313256,12.643229413405422,12.643229413405422,98.43017829913751,12.643229413405422,48.875262147634565,78.91660946847628,12.643229413405422,48.875262147634565,98.43017829913751,20.216360948499112,52.036057210361356,52.22725581533075,20.216360948499112,55.60297878711175,55.60297878711175,20.216360948499112,55.60297878711175,90.86094458016602,18.095061480967676,35.63960227050801,85.87503275108546,18.095061480967676,63.83103672979156,85.87503275108546,18.095061480967676,63.83103672979156,85.87503275108546,22.7834643985501,59.67370652138176,79.91023870568777,22.7834643985501,42.8954105936754,59.11429607125505,22.7834643985501,42.8954105936754,42.8954105936754,10.076271631908302,38.735594096386336,80.72069901828154,10.076271631908302,80.72069901828154,80.72069901828154,10.076271631908302,80.72069901828154,80.72069901828154,17.819406555775082,37.90118731649445,70.51284457458797,37.90118731649445,37.90118731649445,73.16748765674546,37.90118731649445,37.90118731649445,73.16748765674546,10.076271631908302,45.693284517530586,74.1198101049915,10.076271631908302,74.1198101049915,74.1198101049915,10.076271631908302,74.1198101049915,74.1198101049915,42.74671039974889,64.23652582448712,42.74671039974889,67.69181080455745,23.080754970321053,75.83720228225722,23.080754970321053,73.58879840030002,40.47679890999287,73.54628644601983,40.47679890999287,73.56739257306867,50.468368806609945,67.56538499853309,50.468368806609945,67.86443287908622,40.47679890999287,67.39500166926328,40.47679890999287,67.39500166926328,44.7599849195685,78.30208330561838,44.7599849195685,61.05469883637131
9.0,33.00971447922566,49.90031312527007,53.1615109830411,33.00971447922566,53.1297586104059,93.65845530436641,33.00971447922566,53.1297586104059,53.1615109830411,12.516239451208977,46.74287378841827,149.4159462708047,12.516239451208977,47.92740604288948,81.22752766150155,12.516239451208977,47.92740604288948,80.7825553569581,20.259719889475274,55.75007847528109,55.75007847528109,20.259719889475274,55.75007847528109,55.75007847528109,20.259719889475274,55.75007847528109,91.09218544968608,18.138529433225838,35.793941526465055,86.08569131975418,18.138529433225838,62.22941426688829,86.08569131975418,18.138529433225838,62.22941426688829,86.08569131975418,22.82588990598176,59.46861567247046,60.97357009393496,22.82588990598176,43.00018895307322,43.00018895307322,22.82588990598176,43.00018895307322,122.6157616295719,10.098576632377457,38.06292487447595,80.93087328084381,10.098576632377457,40.03123780249619,80.93087328084381,10.098576632377457,40.03123780249619,80.93087328084381,16.041235924952915,37.993700135680385,69.94931200519416,37.993700135680385,37.993700135680385,73.33581151115735,37.993700135680385,37.993700135680385,73.33581151115735,10.098576632377457,45.042105301595306,65.51214582045073,10.098576632377457,47.63120038378206,65.51214582045073,10.098576632377457,47.63120038378206,65.51214582045073,44.23156395607101,64.84312800906507,44.23156395607101,64.00704062835587,23.168324281225,73.91888290552015,23.168324281225,76.21188391583034,40.58227753588997,70.29328737511143,40.58227753588997,72.68649289930006,50.59526904760958,66.76777853126461,50.59526904760958,67.82828502918233,40.58227753588997,55.75007847528109,40.58227753588997,55.75007847528109,44.69911911883723,92.74616568893832,44.69911911883723,61.51399231069302
10.0,14.41600672863328,53.32716240341313,53.32716240341313,33.08120690059539,93.91707113193,101.31725544052208,33.08120690059539,33.08120690059539,53.32716240341313,12.564682646211166,63.5115835891375,134.45491809524856,12.564682646211166,63.5115835891375,84.64500132908026,12.564682646211166,63.5115835891375,83.88051770226504,20.307418595183385,55.891557949300356,55.891557949300356,20.307418595183385,55.891557949300356,55.891557949300356,20.307418595183385,55.891557949300356,88.29465584054338,18.039020206208537,47.67983064147774,86.32190480984534,18.039020206208537,58.556991469849265,86.32190480984534,18.039020206208537,58.556991469849265,86.32190480984534,22.89675195306094,40.16206232254514,63.5115835891375,22.89675195306094,83.73258774216882,101.72327658898921,22.89675195306094,43.11776026186889,121.70918206939031,10.123055368810347,36.982377560129905,81.14327606154437,10.123055368810347,38.95454081362017,81.14327606154437,10.123055368810347,38.95454081362017,81.14327606154437,14.41600672863328,38.05916446797013,69.5842385170665,14.41600672863328,38.05916446797013,73.54812200185671,14.41600672863328,38.05916446797013,73.54812200185671,10.123055368810347,44.13327826028789,60.922255785550156,10.123055368810347,60.922255785550156,60.922255785550156,10.123055368810347,60.922255785550156,60.922255785550156,45.70707002204363,49.82540767520121,45.70707002204363,68.0736457816092,39.64102988066783,73.08595111237179,39.64102988066783,76.23963044244115,40.70130526162521,56.06439378072325,40.70130526162521,58.94952289883269,50.73781873514075,66.62068935398372,50.73781873514075,67.46440728265534,40.70130526162521,40.70130526162521,40.70130526162521,40.70130526162521,44.64673840270978,92.59344604236306,44.64673840270978,63.5115835891375
11.0,13.237871807809592,53.485149808147675,69.04832546847172,33.1857838539336,73.78452581673206,99.6077368982952,33.1857838539336,33.1857838539336,53.485149808147675,12.591515000189611,63.69482906798636,99.23960902784734,12.591515000189611,63.69482906798636,86.1638047558254,12.591515000189611,63.69482906798636,87.05332417547305,20.387036322133728,56.0744259890371,56.0744259890371,20.387036322133728,56.0744259890371,56.0744259890371,20.387036322133728,56.0744259890371,88.58290608238138,18.09257444367716,48.74896152740076,86.58346406791541,18.09257444367716,53.09925846939861,86.58346406791541,18.09257444367716,53.09925846939861,86.58346406791541,22.976210523060587,40.20572098594925,63.69482906798636,22.976210523060587,83.99417390509892,101.90228775645814,22.976210523060587,43.27558491805743,101.98835717865055,10.002312232679001,36.1834388912939,117.28437662365776,10.002312232679001,38.1544394533585,81.40489082358626,10.002312232679001,38.1544394533585,81.40489082358626,13.237871807809592,38.21689744079181,38.21689744079181,13.237871807809592,38.21689744079181,73.78452581673206,13.237871807809592,38.21689744079181,73.78452581673206,10.002312232679001,43.21419037769885,61.105533710131354,10.002312232679001,61.105533710131354,61.105533710131354,10.002312232679001,61.105533710131354,61.105533710131354,45.83242574858983,86.1638047558254,45.68540521873479,68.28353571689152,39.746462106708314,72.87229411786073,39.746462106708314,75.84016910582412,40.77255510757205,56.36937333339798,40.77255510757205,59.13358817119083,50.86271964808803,66.75396055665911,50.86271964808803,66.89537540069567,40.83376360317525,40.83376360317525,40.83376360317525,40.83376360317525,44.68602969609182,88.69383434038693,44.68602969609182,45.247444679230234
12.000000000000002,12.797118816358626,53.65776970765743,53.65776970765743,12.797118816358626,89.48860961038561,102.37492368739524,12.797118816358626,33.30084458388406,53.65776970765743,12.503649467255551,63.924731129665304,99.57859333210125,12.503649467255551,44.42545722893575,86.1426505861063,12.503649467255551,44.42545722893575,88.56461624147647,20.445445703138876,56.27629385451746,56.27629385451746,20.445445703138876,56.27629385451746,56.27629385451746,20.445445703138876,56.27629385451746,91.93011612088827,18.035277929657752,48.54267452458713,86.87014015183814,18.035277929657752,48.54267452458713,86.82428375748343,18.035277929657752,48.54267452458713,86.87014015183814,23.064176768313235,43.42091949740355,59.96258208249541,23.064176768313235,87.41056143281543,101.50118841668801,23.064176768313235,43.42091949740355,102.37492368739524,10.031512847023622,81.69321422247994,81.69321422247994,10.031512847023622,37.217687327398515,81.69321422247994,10.031512847023622,37.217687327398515,81.69321422247994,12.210497532860812,38.360868733645745,38.360868733645745,12.210497532860812,38.360868733645745,70.01785486574121,12.210497532860812,38.360868733645745,74.01470293124197,10.031512847023622,42.57107292516833,112.57275425252773,40.18446528199672,61.30624968141502,61.30624968141502,40.18446528199672,61.30624968141502,61.30624968141502,45.190222947004806,87.04712085991126,45.368615253278335,50.157564235118116,39.86911398564056,56.42323324659798,39.86911398564056,74.84962424755385,37.7429629202584,75.72140549408734,37.65761875105753,59.33566591856874,41.56718958505615,65.46232695222497,41.56718958505615,66.0804906912774,36.71493224833732,40.949313181053476,36.71493224833732,40.949313181053476,44.75043295879941,76.81882093601801,44.75043295879941,60.71841771653803
13.0,12.862008008083341,53.87746514081745,74.29597061752406,12.862008008083341,89.44988121847899,102.19949241556927,12.862008008083341,33.426280828114876,53.87746514081745,12.535998165283848,64.17625144864726,99.95342040170512,12.535998165283848,43.79139470261252,83.88427295983438,12.535998165283848,43.79139470261252,88.39347402382145,20.540965167196987,56.464291813499266,56.464291813499266,20.540965167196987,56.464291813499266,92.27408222247459,20.540965167196987,56.464291813499266,155.4577916992262,18.06768524188973,87.21419752540294,87.21419752540294,18.06768524188973,44.73584971809522,76.15074687749294,18.06768524188973,44.73584971809522,75.386081274994,23.12749986487947,43.578678846426726,43.578678846426726,23.12749986487947,85.19003022654705,99.86018350674105,23.12749986487947,43.578678846426726,99.86018350674105,10.096348349774782,81.97530878258402,81.97530878258402,10.096348349774782,46.19817366520023,72.91303895737717,10.096348349774782,46.19817366520023,72.76662181247663,11.333192401084526,38.451267859460756,38.451267859460756,11.333192401084526,38.451267859460756,70.29360746184534,11.333192401084526,38.451267859460756,74.29597061752406,10.096348349774782,52.02265131651788,112.99391576540748,41.059606062406395,61.556772576216176,61.556772576216176,41.059606062406395,61.556772576216176,61.556772576216176,44.58975498923491,97.42064078007289,45.09652148447816,63.99719720425262,37.60799449585154,56.643324849447175,37.60799449585154,57.4741789850016,37.72149586111345,76.1714267294502,37.67553914677267,55.406779819801834,43.43231803622736,64.19833525879,43.43231803622736,64.56842301001318,25.746965840657808,70.00075892445739,25.746965840657808,58.77866322059392,33.426280828114876,61.70317050200905,33.426280828114876,61.70317050200905
14.0,33.56197625289667,54.081292976407276,74.34440967550957,12.896947313221064,88.388892118863,95.26576641165492,12.896947313221064,33.56197625289667,54.081292976407276,12.60580223547871,64.41386690767757,100.35913635539117,12.60580223547871,49.31476705815409,81.32884635847235,12.60580223547871,49.31476705815409,88.38761932533312,20.609858078113977,56.70089285011304,56.70089285011304,20.609858078113977,56.70089285011304,92.64616155027687,20.609858078113977,56.70089285011304,155.40471357072795,18.069310999592652,87.55279121764194,87.55279121764194,18.069310999592652,41.52819825130871,78.27248079625431,18.069310999592652,41.52819825130871,78.16547351612475,23.22942638120881,43.748728552953395,64.41386690767757,23.22942638120881,83.11333376781369,94.75352895802878,23.22942638120881,23.22942638120881,83.84215079540839,10.131942064579722,82.31358484478731,82.31358484478731,10.131942064579722,46.368321621555374,73.39745397491659,10.131942064579722,46.368321621555374,73.39745397491659,38.655352152062974,38.655352152062974,38.655352152062974,10.605010608198372,38.655352152062974,70.45920805686082,10.605010608198372,38.655352152062974,143.2816282710383,38.18273497275961,52.36965963227182,113.44877698767846,40.94656579006352,61.794265510644266,61.794265510644266,40.94656579006352,61.794265510644266,61.794265510644266,43.777848279695064,92.89814987393451,44.83983998633358,64.8864874222669,37.59961768422652,57.02772352110857,37.56429488224156,72.70753915516602,37.781096463707875,88.89578870790224,37.70896776630195,59.32049603636166,44.83983998633358,64.26804221384062,44.83983998633358,64.74068465810352,25.849008685054056,73.17917224183394,25.849008685054056,57.68207043787523,33.56197625289667,62.41270904230964,33.56197625289667,62.121101487336816
14.999999999999998,33.707806959219404,54.33696945910767,72.58117007874701,12.971748147416369,87.63267798030594,95.70264494777561,12.971748147416369,33.707806959219404,71.98132570326834,12.643229413405422,64.7052258322309,64.7052258322309,12.643229413405422,53.71853730324384,64.7052258322309,12.643229413405422,53.71853730324384,87.08252551459448,20.72091334859542,56.955871075772336,56.955871075772336,20.72091334859542,56.955871075772336,93.04601684113082,20.72091334859542,56.955871075772336,143.31128706420859,18.063948903824986,87.95329016017536,87.95329016017536,18.063948903824986,38.62565533424643,78.23362448461658,18.063948903824986,38.62565533424643,78.0012259519041,23.33958547189731,43.930925895091264,64.7052258322309,23.33958547189731,81.67172858462101,87.63267798030594,23.33958547189731,64.7052258322309,77.15929140421133,10.024781793136446,82.67769499689743,82.67769499689743,10.024781793136446,46.58761906343787,73.47742000097716,10.024781793136446,46.58761906343787,73.43913296056809,38.83827043007965,38.83827043007965,38.83827043007965,9.880093623038196,38.83827043007965,74.92834076636156,9.880093623038196,38.83827043007965,142.34684752392658,38.62565533424643,51.729017485353424,113.93693431017003,38.62565533424643,43.64059176958993,62.08632095719636,38.62565533424643,43.64059176958993,62.08632095719636,80.0587674773975,87.95329016017536,44.809220591302406,45.90110292792538,37.71604433129222,56.3861352639104,37.601412872390846,69.55513101130641,37.89170423720738,86.64736724217302,41.45716162498344,60.994600170834794,45.4275934867785,68.88912287146644,45.786256125610436,63.9901652599835,25.9584523806794,72.45458060053899,25.9584523806794,57.004440616499345,33.707806959219404,95.70264494777561,33.707806959219404,77.40210752944651
16.0,33.86364200732107,54.57124929850882,82.1381838732754,13.011581379678644,82.1381838732754,82.1381838732754,13.011581379678644,33.86364200732107,71.81703314674033,12.537792867965239,65.01743035525166,65.01743035525166,12.537792867965239,56.46628418800019,64.93501559251372,12.537792867965239,56.46628418800019,84.9631169979068,20.80003004805522,57.22898085760396,57.22898085760396,20.80003004805522,57.22898085760396,93.51348164836983,20.80003004805522,123.31717236459811,134.65000928332682,18.03902020620854,88.3425506197325,88.3425506197325,18.03902020620854,36.45910380138272,78.41033892287419,18.03902020620854,36.45910380138272,77.89500144425186,23.45786115569789,44.16538520153538,65.01743035525166,23.45786115569789,80.55300273732817,85.72503280839268,23.45786115569789,23.45786115569789,85.72503280839268,29.536100792081545,83.06729952273638,83.06729952273638,29.68048601354095,46.78280934274896,73.6089753358923,29.68048601354095,46.78280934274896,73.56861593097969,38.942264957241505,38.942264957241505,38.942264957241505,9.303023702001408,38.942264957241505,111.91570488541811,9.303023702001408,38.942264957241505,134.65000928332682,36.17100012440906,62.35969251046704,114.45796171520792,36.17100012440906,48.966787213375554,62.35969251046704,36.17100012440906,48.966787213375554,62.35969251046704,79.99550768636949,88.3425506197325,44.619012203319784,55.18950307803106,37.942736459037846,97.16116122196152,37.757863419425625,66.31501526803714,38.08715334597743,74.14500151729717,37.942736459037846,61.47301237128371,45.54630885154142,60.17571146234998,45.875606263023926,63.0390057821346,26.075203738417844,88.3425506197325,26.075203738417844,69.38541813666615,30.700162866017504,102.90901928402582,33.84303842742256,76.5153661038095
17.0,34.02934395488693,50.16384405126863,77.39076979847144,13.096039477643615,77.39076979847144,77.39076979847144,13.096039477643615,34.02934395488693,51.11204603613516,12.621856044179873,65.35018171359587,65.35018171359587,12.621856044179873,56.889069688297766,57.900777196856346,12.621856044179873,57.12115413749971,82.17679873297571,20.926209642455557,57.51996392557979,57.51996392557979,20.926209642455557,57.51996392557979,93.97024130010522,20.926209642455557,124.97249697433432,130.81523229349096,36.54355278294654,36.54355278294654,88.7980362958551,36.54355278294654,36.54355278294654,77.56791379172188,36.54355278294654,36.54355278294654,77.80974392709437,23.584131317477013,44.37376758852013,82.73999184191402,23.584131317477013,77.39076979847144,86.14003859994492,23.584131317477013,62.97972888160126,63.45381194223086,29.46211550449153,83.4820414819858,83.4820414819858,29.46211550449153,47.03175788762312,73.07979371892068,29.46211550449153,47.03175788762312,73.94201275323793,39.20154652561554,39.20154652561554,39.20154652561554,8.87221787379007,39.20154652561554,110.2276054352992,8.87221787379007,39.20154652561554,127.46813327259484,34.160009514050195,62.692194490223415,115.01141247719724,34.160009514050195,52.20398691670972,62.692194490223415,34.160009514050195,52.20398691670972,62.692194490223415,76.39883016120076,76.39883016120076,32.463306208702775,54.992238088661196,38.10959524844104,96.8008587255299,37.9658563712186,55.27912128462246,38.097194778618544,79.40180256140285,37.810861534749506,52.04773049807263,45.35423078390813,98.23711747603346,45.685405218734786,62.548471204338796,26.24207023083354,94.69485862495387,26.24207023083354,69.43047781774224,46.502688094345686,98.97278034894241,46.502688094345686,77.69196387014554
18.0,34.25012773698808,50.75511058011794,97.20167822625287,13.140633546370585,76.04696739515651,76.04696739515651,13.140633546370585,34.25012773698808,119.37598167135631,12.52342804506817,65.70316773185293,65.70316773185293,12.52342804506817,56.92149198677069,57.97155552510214,12.52342804506817,57.1140635045345,82.68694727706423,21.01526231099674,57.82855047465741,57.82855047465741,21.01526231099674,94.49886904085149,94.49886904085149,21.01526231099674,120.79993791389133,131.40633546370586,36.76453794079289,36.76453794079289,89.28169605243843,36.76453794079289,36.76453794079289,89.28169605243843,36.76453794079289,36.76453794079289,77.79239198019303,23.672689961219024,59.15070794166372,63.564927436440925,23.672689961219024,73.09826434327972,73.09826434327972,23.672689961219024,64.42329741638501,73.09826434327972,28.982430022342847,47.29652471376728,83.0101273941921,28.982430022342847,47.29652471376728,73.38089840006049,28.982430022342847,47.29652471376728,86.91027701025926,39.421900639111755,39.421900639111755,39.421900639111755,8.300978857941995,104.92824333800695,107.21532073355934,8.300978857941995,106.73858252759402,120.79993791389133,32.302805605705515,63.0004464269897,115.58168107446785,32.302805605705515,54.69685777080801,63.0004464269897,32.302805605705515,54.69685777080801,63.0004464269897,65.45957722136616,72.10344131870545,32.638876359335654,55.339859052946636,38.32683459405433,56.06720297999535,37.85249331285853,55.93139771183981,71.2473946892095,79.84122525362446,45.30211087797124,39.27895428852453,45.30211087797124,98.76751110562623,45.58778619323382,61.99674386610961,26.37548577751697,96.86057634559067,26.37548577751697,69.58617858454365,41.457704350337586,105.15761979048403,41.457704350337586,62.71444211662892
19.0,34.437497731397386,54.50193803893582,76.5115432467546,13.23447203329245,75.42069510419537,76.5115432467546,13.23447203329245,34.437497731397386,117.32060773794176,12.618290296232686,66.07606412309983,66.07606412309983,12.618290296232686,55.97683672734643,58.01229395567805,12.618290296232686,57.20577986532479,83.82524231995993,21.156116136947254,58.15446027606137,58.15446027606137,21.156116136947254,95.10668351908818,112.10318907149787,21.156116136947254,114.1714719183387,114.1714719183387,36.9513362410617,36.9513362410617,89.84092191201067,36.9513362410617,36.9513362410617,89.84092191201067,36.9513362410617,36.9513362410617,77.79781487933964,20.681785464509584,57.25806711721938,63.94760550638311,23.811998026205192,69.25753569107118,113.2281987845784,23.811998026205192,64.42190039109371,69.25753569107118,28.510458607325138,47.57684573403327,47.57684573403327,28.510458607325138,47.57684573403327,69.83019583246204,28.510458607325138,47.57684573403327,88.95044266331675,39.655217185132145,39.655217185132145,39.655217185132145,7.8753571347590325,105.12576396868657,108.46716092901114,7.8753571347590325,107.8337841309485,114.1714719183387,30.45720358141896,63.37220408033793,63.37220408033793,30.45720358141896,55.664171600770274,63.37220408033793,30.45720358141896,55.92496088510031,63.37220408033793,70.81946236734645,70.81946236734645,32.82447638577042,55.07768377482844,37.33177266083141,87.61136484497887,37.90001649076158,57.06361581603465,68.26013660988382,68.26013660988382,46.43814434277063,72.71682233156231,45.48946306563752,86.49349686537133,45.67949485272358,61.48435776683367,38.23220174146396,90.14020329464539,38.23220174146396,51.949073620229264,31.25925862844479,101.32125270642878,31.25925862844479,63.04007653865912
20.0,34.63424966705645,54.37049981377769,76.95226604850568,13.33440099892005,65.86460544176971,76.95226604850568,13.33440099892005,34.63424966705645,118.18259178068486,12.527020795065361,66.46853578949968,66.46853578949968,12.527020795065361,55.651920452038304,58.497403788544325,12.527020795065361,57.54890311726193,86.39641919663106,21.25479357697929,58.497403788544325,58.497403788544325,21.25479357697929,94.70056098038701,108.5270703557412,21.25479357697929,106.60265006086856,108.5270703557412,37.19712690517911,37.19712690517911,90.38200180345642,37.19712690517911,37.19712690517911,90.38200180345642,37.19712690517911,37.19712690517911,77.90077823744767,20.639313215317994,53.29297561592897,66.46853578949968,20.549726275549265,66.56967214880963,108.5270703557412,20.549726275549265,66.56967214880963,108.5270703557412,27.765198540619153,47.82213138286498,47.82213138286498,27.765198540619153,47.82213138286498,67.6352811038736,27.765198540619153,47.82213138286498,74.10675576490986,39.85599076675927,39.85599076675927,39.85599076675927,7.59317127424372,102.1338643643723,108.5270703557412,7.59317127424372,108.01446662368889,114.33776716378539,29.046794143244103,63.76438073093786,63.76438073093786,29.046794143244103,55.7932455589384,57.074655058090364,29.046794143244103,56.126163685040865,57.69026130986061,71.21106831104277,71.21106831104277,33.0199371592376,65.8027450035331,37.33840181368239,88.15209158040436,37.95400176529479,56.85623316752526,45.321973147690734,97.45527820492843,46.32220040110357,96.17380750495427,45.783798990472604,82.8451643127105,45.83438938177316,60.98242574709536,38.47858170463147,96.36569021181761,38.47858170463147,53.997604113516,34.63424966705645,98.35317102157917,34.63424966705645,63.39137362449247
21.0,34.84022459743909,55.279528308407265,77.46661377651664,13.386607113081343,62.77468637914489,99.07911611434571,13.386607113081343,53.02887185298212,136.55813780218298,29.433080878494522,66.88023811261439,66.88023811261439,29.433080878494522,57.57548306354016,120.40608373333966,29.433080878494522,57.90903426927443,87.58953276505132,21.40984002742664,21.40984002742664,90.49520014895816,21.40984002742664,58.857083261065526,105.54037734440786,21.40984002742664,104.69983882509084,105.54037734440786,37.4034256452534,37.4034256452534,91.00272660750336,37.4034256452534,37.4034256452534,91.00272660750336,37.4034256452534,37.4034256452534,167.463802058833,20.74261916923704,61.279819271926705,66.88023811261439,20.602214686775785,66.88023811261439,107.28539625689974,20.602214686775785,66.88023811261439,107.478486219336,27.311741980327803,48.1302529600666,48.1302529600666,27.311741980327803,48.1302529600666,67.51341533354686,27.311741980327803,48.1302529600666,78.89864542563453,7.172604129603139,40.159821339244026,40.159821339244026,7.172604129603139,99.37978290376769,105.54037734440786,7.172604129603139,40.159821339244026,115.1981987706405,27.64581794774754,64.17660204467045,64.17660204467045,27.64581794774754,55.92576552895812,57.435017628620955,27.64581794774754,56.29388288260102,58.068504802517516,61.77314343628629,71.67308595281774,39.82620054687617,67.54740002398314,47.98980360451582,88.77320119270229,38.4042478119283,55.94748653871772,44.025574953656196,97.23685643828682,46.52418725781247,58.57620037182336,46.23420000389322,78.90748538636876,45.975061174510685,59.9318049953445,38.87822333903647,91.86351969089797,38.87822333903647,48.957596448355176,77.46661377651664,91.86351969089797,31.490177039832595,63.49670267029619
22.0,35.110415121442244,55.0821772445498,78.00641800518723,13.495415888367427,59.42963276009704,99.51440222399971,13.495415888367427,52.96561384521093,115.92077035630845,29.595459955878365,67.17262277148332,67.3108182241161,29.595459955878365,58.58754133772811,119.17476662448306,29.595459955878365,58.28585806179746,85.72582020604993,21.57316040824802,21.57316040824802,89.76450439901063,21.57316040824802,59.288247148992355,100.93010576631731,21.57316040824802,100.93010576631731,100.93010576631731,37.67315025319757,37.67315025319757,91.6546029940668,37.67315025319757,37.67315025319757,91.6546029940668,37.67315025319757,37.67315025319757,160.02538861068265,20.76538586205419,59.42963276009704,88.89705422566037,20.626227236215545,67.3108182241161,107.95149952640769,20.626227236215545,24.275218845563472,107.59178058755232,26.532833433314277,48.45313457352372,48.45313457352372,26.532833433314277,48.45313457352372,67.64492774776242,26.532833433314277,48.45313457352372,70.40235258853215,6.894291116568838,40.43063504324412,40.43063504324412,6.894291116568838,99.81232388838565,100.93010576631731,6.894291116568838,40.43063504324412,115.92077035630845,26.532833433314277,64.60848434996753,64.60848434996753,26.532833433314277,56.112532022713076,57.72808025562603,26.532833433314277,56.64173593738101,58.28585806179746,59.09843483545059,104.0263247932945,40.5700782597224,86.94729006702853,47.9255281661037,75.41562338136573,38.62041234891207,61.99166274588866,23.801601836851233,107.56451552440517,46.50592704161481,58.67521836346244,44.16436629229497,77.53280757202076,43.3275460879104,77.53280757202076,38.98340993294455,86.14212819521003,27.032688545536864,43.69108890838039,77.50987840269136,87.81068414492623,18.954979556834136,51.21055799344506
23.0,35.33654270015673,54.794262929617,78.571154057962,13.609968772925235,57.21679167866719,99.54356458355306,13.609968772925235,53.69423851774042,116.67315458150603,29.80771712157776,29.80771712157776,66.69056342542024,29.80771712157776,58.5562229827027,60.35193658864643,29.80771712157776,58.73654101153727,80.99034664699245,21.686545368038683,21.686545368038683,86.83983101089038,21.686545368038683,59.68275504699829,97.71397673823331,21.686545368038683,97.71397673823331,97.71397673823331,37.95578019221842,37.95578019221842,92.27895886928937,37.95578019221842,37.95578019221842,92.27895886928937,37.95578019221842,37.95578019221842,76.81471213250754,20.878846950921403,44.98562270325931,89.52128936739015,20.74044960939854,67.81733738506695,106.59486971707409,20.74044960939854,24.444247789612998,147.06333669545242,25.42776533634051,48.79048319088467,124.7502505007505,25.42776533634051,48.79048319088467,48.79048319088467,25.42776533634051,48.79048319088467,72.19045123837363,6.617873525536734,40.71346521729635,78.571154057962,6.617873525536734,96.07737116511878,96.07737116511878,6.617873525536734,40.71346521729635,96.07737116511878,25.42776533634051,65.05963610411604,65.05963610411604,25.42776533634051,56.31346419818266,58.0387801388003,25.42776533634051,56.92504940709318,58.73654101153727,56.62624170823983,102.87293740338126,41.04809678901081,102.85981358139824,47.270352759419936,72.22597351368826,43.94424023691842,62.440461641470904,23.971154540405433,95.56760041980755,23.971154540405433,58.73654101153727,42.32884654700621,78.09808736454434,43.60964629528655,50.994374689763575,73.74182158043018,84.06406039443966,27.201953054881923,41.52115424696187,67.81733738506695,100.47161912699526,31.909657629000034,67.81733738506695
24.000000000000004,35.63139416301304,57.335819955765864,79.22052290915529,13.669354410505274,57.335819955765864,104.7913462553087,13.669354410505274,57.335819955765864,104.7913462553087,30.05713309682079,30.05713309682079,50.00931163293492,30.05713309682079,55.888337334366994,60.96028420209341,30.05713309682079,59.34552426257603,80.31915244821748,21.863239695891366,21.863239695891366,92.36352770439206,21.863239695891366,90.70405861922606,98.48622365590022,21.863239695891366,98.48622365590022,98.48622365590022,38.25102939791294,38.25102939791294,92.98868882826555,38.25102939791294,38.25102939791294,92.98868882826555,38.25102939791294,38.25102939791294,76.78307919066543,24.62034219908407,52.06501944684166,90.29233771478066,20.78163251527656,67.16022818603284,104.7913462553087,20.78163251527656,54.74619849816058,144.91592390072253,24.468168096529006,49.201943559172534,125.72837786275619,24.468168096529006,49.201943559172534,105.5985617799788,24.468168096529006,49.201943559172534,75.73329023619665,6.34359913613715,40.96950085124299,78.97845434040856,6.34359913613715,92.36352770439206,92.36352770439206,6.34359913613715,40.91688221260266,113.18844905731326,24.468168096529006,65.52965931545806,65.52965931545806,24.468168096529006,56.58848160182423,58.43372313998142,24.468168096529006,57.198306356045194,59.01056049555876,54.28808570948141,99.43071079902828,41.11546241987313,99.43071079902828,46.155782411307904,53.740731759067074,45.10500249418017,64.67740138564629,53.740731759067074,95.3526415470489,24.1479036357196,75.91489478356668,42.95778450991159,78.74821426546764,45.774952211881114,52.15655519683025,73.50895353628698,80.62112781399178,27.437497152619443,43.82529235498606,47.52716328585159,106.22737994509701,47.86210661891096,51.95903434437557
25.0,35.87682051129949,57.82504863811183,79.83587069732502,13.792253260435729,57.82504863811183,102.17218921996337,13.792253260435729,30.91110237438969,137.43953215869152,30.30315577625538,30.30315577625538,107.54618194059704,30.30315577625538,54.181465927012354,107.54618194059704,30.30315577625538,59.7739178070168,80.38131779213376,22.047703962090928,22.047703962090928,88.80596826790416,22.047703962090928,88.80596826790416,99.29076618699243,22.047703962090928,99.29076618699243,99.29076618699243,38.496119934351825,38.496119934351825,77.68819891077409,38.496119934351825,38.496119934351825,93.66494141352996,38.496119934351825,38.496119934351825,77.08051796660423,24.86586515687721,52.84014808836175,99.30118956991402,20.905770734416848,88.35324696919746,100.69509049601177,20.905770734416848,52.84014808836175,145.50300684178316,23.651770546832218,49.56961014573344,126.74827414998596,23.651770546832218,49.56961014573344,106.10870016167382,23.651770546832218,49.56961014573344,78.49494410470015,6.207354508967568,41.31417734870198,78.49494410470015,6.207354508967568,88.80596826790416,88.80596826790416,6.207354508967568,37.3540660437388,114.66527373184961,23.651770546832218,66.0804906912774,66.0804906912774,23.651770546832218,56.88195012479793,58.768326928712206,23.651770546832218,57.615329991244515,59.43871844176992,54.001354149687764,95.60290921305689,40.62549999692311,95.60290921305689,44.38542835210673,67.22251296998648,46.27992275274452,64.64131805586888,52.22666943238866,94.72658021907051,24.331692296262503,93.25615931400992,43.579195150897405,66.38927812531178,47.7467930860283,54.87058638287001,72.02569853878543,77.46980863536453,37.01886343474094,44.132258609774325,36.202089028121016,109.95629245295605,47.95603455249401,67.35893593280701
26.0,36.19525176041741,58.27002874548801,80.53959429994664,13.920533394952939,58.27002874548801,96.90423752344374,13.920533394952939,31.16482392056788,136.5123620775789,30.558979858627477,108.51154892452692,108.51154892452692,30.558979858627477,108.51154892452692,108.51154892452692,30.558979858627477,58.99912075616042,67.79543679334178,22.23974482767282,22.23974482767282,85.5666187832615,22.23974482767282,85.5666187832615,100.06141239259019,22.23974482767282,85.5666187832615,100.12682582604924,18.08013412560869,38.81335143993623,78.32707865100039,38.740240706531495,38.81335143993623,93.41189030310863,38.740240706531495,38.81335143993623,77.18582285627328,25.057858048923496,50.9493498486487,97.03904497675148,21.030246075593123,88.98483719151257,97.03904497675148,21.030246075593123,50.9493498486487,152.6372333344653,22.707295083298668,49.950788282068174,127.80893943695801,22.707295083298668,49.950788282068174,103.01041816243637,22.707295083298668,49.950788282068174,77.11116164343525,5.936855228148991,74.97337027238405,78.98927933586937,5.936855228148991,85.5666187832615,85.5666187832615,5.936855228148991,79.33319765394559,115.51244521695487,22.707295083298668,66.58927278473612,66.58927278473612,22.707295083298668,57.25885302728304,59.00560354745979,22.707295083298668,57.93467226109076,59.87659183687729,39.88096350390747,94.56027839426024,40.21636793645094,51.083864869447765,43.23501185382051,67.79543679334178,48.003398317202496,64.6419078462262,50.34695869662834,92.21261437569156,24.522362243470752,92.21261437569156,43.238134210439746,111.70776606843411,46.92447389156323,111.6943373676571,71.68470025047186,94.56027839426024,37.336593979633435,64.10644468382255,74.76841746352532,109.35492672943455,33.377106675084946,68.32405323164016
27.0,14.054047459717788,58.79741703510452,77.04372946580402,14.054047459717788,81.26989756361208,93.61736617743526,14.054047459717788,31.427953321843916,136.06478236487206,30.757133318955457,30.757133318955457,109.51258489324411,30.757133318955457,52.22725581533075,109.51258489324411,30.757133318955457,58.3976990128892,67.32385349933558,22.439167765316075,22.439167765316075,82.4160254440846,22.439167765316075,82.4160254440846,98.71122656516835,22.439167765316075,61.68201723355033,101.05976573295625,18.078889622982935,39.142384316748,79.72701079308067,18.078889622982935,39.142384316748,128.90936738654798,18.078889622982935,39.142384316748,77.7145497960324,25.256410077443704,49.2088025662076,90.33195032766646,21.097541325946015,87.24050807967592,93.61736617743526,21.097541325946015,49.2088025662076,153.95332084758678,22.038517418374585,50.41216371075536,128.90936738654798,22.038517418374585,50.41216371075536,99.31908804454459,22.038517418374585,45.85058614674408,73.02527815763526,5.80269334016541,73.76500694773911,78.59348732560478,5.80269334016541,82.4160254440846,82.4160254440846,5.80269334016541,79.46638440246291,152.38807368032448,22.038517418374585,67.24995353158246,67.24995353158246,22.038517418374585,57.58994052783871,59.26699123458183,22.038517418374585,58.260760808626586,60.3403782719333,86.3682884512597,95.49340945845425,39.74929244653293,85.641695452624,43.033141298306354,105.62071884815023,47.59670419262241,64.83479968350329,48.60289343238733,88.98509004322015,33.44041342447787,88.98509004322015,43.30521042553656,110.38721053636603,45.0510959911077,110.38721053636603,71.94724629893767,94.95491693430098,39.41390934682831,64.17239476597393,67.45706968139069,105.75547858149004,33.17493406172799,63.970119978002224
28.0,14.122721055094164,59.34438684492409,80.27543989290871,14.122721055094164,80.079281028241,90.428044599007,14.122721055094164,39.96662670278791,144.13752113866812,31.088583113419627,31.088583113419627,110.5462855549656,31.088583113419627,52.365363075223684,110.5462855549656,31.088583113419627,58.60423406205391,64.9897395747975,22.576121234614238,22.576121234614238,79.7605870715606,22.576121234614238,79.7605870715606,99.35781926954718,22.576121234614238,62.22966535343092,141.22721055094163,19.912307751739878,39.55238614799365,79.83164316234509,19.912307751739878,39.55238614799365,127.39750782491784,19.912307751739878,39.55238614799365,78.33282357990167,25.461367795151933,48.145677376063574,93.42995370864742,21.23467094164635,93.26267340152758,93.42995370864742,21.23467094164635,48.145677376063574,132.95911025574742,21.243145953459905,50.82156284491849,95.99560536816256,21.243145953459905,53.90919448480009,95.99560536816256,21.243145953459905,53.90919448480009,70.63749889400106,5.5368086475875256,71.64325683551802,82.02168158481024,5.5368086475875256,82.02168158481024,82.02168158481024,5.5368086475875256,70.97275005239686,153.75508121684953,21.243145953459905,67.86741670345202,67.86741670345202,21.243145953459905,57.933507143966345,59.67973902422831,21.243145953459905,58.673684476092006,60.88826857449635,85.91982454591025,85.91982454591025,39.296135306159556,107.54618194059704,43.911971602286314,105.99264715063964,48.34109276795468,64.98212254151136,47.00735314820437,86.1852147992914,34.196216896025206,103.82584577069429,42.313428719497544,106.92806577321035,43.857624764686015,72.23407263888697,69.68408175473076,95.32502950432273,37.21345522791454,45.06657575188068,70.75271196215732,104.7756710787385,19.893246341409437,121.36978619079791
29.000000000000004,14.263809098554285,59.91040185143144,80.86050488341017,14.263809098554285,85.37602854431681,87.53248682632065,14.263809098554285,41.20238160592176,145.5511078624962,31.3828177511198,90.04230255829756,111.54338281583537,31.3828177511198,53.397998557998406,111.17909538218053,31.3828177511198,56.283090266970945,66.29126073623883,22.78741428947128,22.78741428947128,97.76370108583247,22.78741428947128,69.90651793645567,102.94771124216409,22.78741428947128,98.09891054440921,141.5207581946903,20.04759960693549,39.90634348070492,78.99469127732571,20.04759960693549,39.90634348070492,123.01473488976839,20.04759960693549,39.90634348070492,78.13553129018833,25.744344039031176,48.42991069576735,94.35208662239538,21.446590638141064,87.53248682632065,116.75026766564606,21.446590638141064,117.86698010893467,134.13845459076975,20.586919390719924,51.315019731068986,59.371678854484145,20.586919390719924,54.73880022433812,92.83564105450019,20.586919390719924,54.73880022433812,69.48230889946015,5.405205824018175,76.73823199683454,82.79952445515615,5.405205824018175,82.79952445515615,82.79952445515615,5.405205824018175,76.73823199683454,156.9637697049864,20.586919390719924,68.5059212769232,68.5059212769232,20.586919390719924,58.366096751453235,60.042078994651746,20.586919390719924,59.03648236472088,86.54343562627959,83.14219746915522,83.14219746915522,38.783775602692415,83.14219746915522,45.209636693961606,103.2379835622529,47.714738289128235,65.21369679752866,32.72355802781843,102.26485833364264,34.26786030670722,104.14435294340255,42.25276618163597,107.59429004366356,43.15531543158965,71.90094749027999,67.44139122230501,98.5856226840405,35.02508029969382,43.6060345594506,65.16848356375955,98.5856226840405,37.152944028703835,120.93024849060718
29.999999999999996,14.40976231587461,60.49492747330142,79.84432509577621,14.40976231587461,83.9561269354417,84.79611577189134,14.40976231587461,115.8173400229862,129.6577224850105,31.675404496233348,89.57932936788487,112.57082770416143,31.675404496233348,89.44988121847898,89.7088415374984,31.675404496233348,31.675404496233348,69.70442059152346,23.079780111604183,23.079780111604183,74.78707274656496,18.24242993682585,70.83947522391735,103.82649589579724,18.372703938179594,99.52864537408313,144.8451759638546,19.731985455092957,40.271159034723595,78.56657209017075,19.731985455092957,40.271159034723595,119.54340216005231,19.731985455092957,40.271159034723595,119.54340216005231,25.963652478031666,48.86697504450219,95.1565880535867,21.461273261388758,84.79611577189134,95.02621348870005,21.461273261388758,116.99626062400456,135.35370331099182,20.066670127352968,38.28160459019449,92.1984612127556,20.066670127352968,55.753923628745625,92.1984612127556,20.066670127352968,55.753923628745625,68.9243879189362,5.274585291755173,74.78707274656496,83.4723382324947,5.274585291755173,83.4723382324947,123.94202273643916,5.274585291755173,74.78707274656496,158.42387761950533,20.066670127352968,69.16488451519311,126.85671050441124,20.066670127352968,58.746116892948756,126.85671050441124,20.066670127352968,59.49017776070264,86.39459618517814,80.66297942674817,80.66297942674817,38.28160459019449,80.66297942674817,45.6129504636567,100.10704895260872,42.503896880168526,77.87506821826867,32.699483940882004,115.38466644229639,34.653733565086455,104.38475104151946,42.42919101279212,108.70214464305661,43.04359708481623,57.53678171396103,65.35121460233161,98.28291433407945,33.44445021225495,43.694693613755895,86.61723991215605,95.71463446098511,37.51754589522081,124.376947220938
31.0,14.560434402860377,61.173983440675165,79.8778520617574,14.560434402860377,84.43048175866343,108.17303846153162,14.560434402860377,115.37706119502263,125.19634579331779,31.976573456203838,87.3876492989713,113.70356194948336,31.976573456203838,87.3876492989713,87.3876492989713,31.976573456203838,49.18730781410993,73.93501369446008,23.306785492641406,23.306785492641406,72.59666831198247,17.184331526131587,72.46855352496006,104.95804518949464,18.548214199755186,104.95804518949464,136.42809461397604,19.422828063904596,40.722859059746774,115.55886486981429,19.422828063904596,40.722859059746774,116.45667112707628,19.422828063904596,40.722859059746774,77.63894802223946,26.265209879229975,49.3927246666956,111.38835778482417,21.686545368038683,82.34583322791748,113.24180433921035,21.686545368038683,136.85804689531412,136.85804689531412,19.422828063904596,93.10040950500701,93.10040950500701,19.422828063904596,57.135332763536084,93.10040950500701,19.422828063904596,57.135332763536084,87.8526963160494,5.1450218658427485,72.59666831198247,84.43048175866343,5.1450218658427485,84.43048175866343,84.43048175866343,5.1450218658427485,72.59666831198247,159.92693644286445,19.422828063904596,69.92035647792422,128.11176760938082,19.422828063904596,59.348178152324095,128.11176760938082,19.422828063904596,59.964833444277986,86.92529119882198,42.70352737186941,78.28052918829816,32.41405944956602,78.28052918829816,45.43056515166854,78.02343397979865,42.575300938454916,77.56269238493465,76.42974715384055,113.70440294905029,43.68130320858113,113.70440294905029,42.575300938454916,96.62381305868652,43.44992807819134,58.21555848740094,30.87104225645775,91.29844604373066,30.87104225645775,115.8934694018606,85.45979317784474,108.17303846153162,32.85119860826999,118.93538161539652
32.0,14.715680412403636,61.796086041107806,79.54194648108631,14.715680412403636,85.23307016645592,108.5447200466241,14.715680412403636,117.57345044694401,126.4876476182556,32.28608446374382,84.96179288362505,84.96179288362505,32.28608446374382,57.75730473282146,84.96179288362505,32.28608446374382,59.777305476242404,76.74262993929776,23.54020496937102,23.54020496937102,70.68398863957806,17.339442032545335,70.68398863957806,105.88900438666896,18.626895876661788,105.88900438666896,140.6382771509947,18.91338811530076,41.11053697046537,113.77225606447293,18.91338811530076,41.11053697046537,113.77225606447293,18.91338811530076,41.11053697046537,78.47430311891911,41.85739182032249,72.03569427721231,108.67129910882633,2.726948844404676,80.17587698304273,112.32611561876426,2.726948844404676,120.33754609430923,145.30184100691912,18.91338811530076,94.05759538708185,94.05759538708185,18.91338811530076,58.42543324614718,94.05759538708185,18.91338811530076,58.42543324614718,88.06322302754992,2.726948844404676,70.68398863957806,85.23307016645592,2.726948844404676,84.9951542736408,85.23307016645592,2.726948844404676,70.68398863957806,161.73319078037136,18.91338811530076,70.62061490811305,129.40295591677958,18.91338811530076,59.840506765902305,129.34885001421543,18.91338811530076,60.381009017736694,86.41022074963122,41.55473799700823,108.91510455395982,41.55473799700823,109.33821953004357,46.02397473056842,76.63143121461323,48.708315511830214,77.54031209635411,76.02595773813047,76.02595773813047,44.1470412372109,110.94206258223252,42.048855513557086,94.58097721000772,42.84292532029063,94.45385778251728,30.314291184192317,90.17688866888234,30.314291184192317,114.12452080950877,82.29171434597774,108.60481688212543,33.70113128664971,118.85547946981661
33.0,14.875357138569816,62.51608792942821,105.74973404221875,14.875357138569816,78.02891291053592,106.02596969610795,14.875357138569816,115.81675720723663,115.81675720723663,32.6843425817317,82.6885799249207,82.6885799249207,32.6843425817317,60.01959055175235,82.6885799249207,32.6843425817317,58.14014318867817,76.23785968926462,23.779849663107626,59.88786396257592,68.79172370278273,17.579142470552995,68.79172370278273,107.08387483650374,17.579142470552995,107.08387483650374,142.23440160523754,18.409406562950366,41.588835641311235,110.6085496243396,18.409406562950366,41.588835641311235,110.6085496243396,18.409406562950366,41.588835641311235,79.56542119539115,41.166870782220016,72.11904221493793,115.5645112047812,2.600240373503957,78.02891291053592,114.1134797033199,2.600240373503957,115.69060571195917,148.75357138569817,18.409406562950366,33.67775601194355,95.09674678978244,18.409406562950366,60.38995156480919,95.09674678978244,18.409406562950366,59.60504383019947,88.31988026486448,2.600240373503957,68.79172370278273,86.19226328389341,60.353055017952485,68.79172370278273,86.19226328389341,2.600240373503957,126.01240018347401,163.59439171316356,18.409406562950366,71.42055901489431,130.72920484727197,18.409406562950366,60.22093697378014,108.06399145876483,18.409406562950366,60.89381126190082,85.9727064247718,40.418389997623606,107.3269129808549,40.418389997623606,107.3269129808549,46.581823171705075,64.25753846826068,40.588375798989546,77.52729358103505,73.87229690486143,103.33426948500676,44.41887267817588,100.07692666144379,41.37458459005963,91.92595525747882,41.997991023381104,91.92595525747882,79.8984120618176,87.64371768700823,30.09977159381778,112.01801752396798,80.77224925678374,108.85541442666046,35.514380890000034,115.81675720723663
34.0,13.292149938967738,63.25670913033652,87.17807207090553,15.039323455528178,75.90689197958245,87.17807207090553,15.039323455528178,112.68050519056081,112.68050519056081,33.01175926847886,80.56585039580976,80.56585039580976,33.01175926847886,55.56492823715333,80.56585039580976,33.01175926847886,56.80991330745014,75.32666360592377,24.025533292728383,24.025533292728383,62.3022973091683,17.74348471974995,66.79776380987614,66.79776380987614,17.74348471974995,120.33800833485653,143.87538010375508,18.035277929657752,42.080948777326775,108.10458477788995,18.035277929657752,42.080948777326775,108.10458477788995,18.035277929657752,42.080948777326775,79.27361635500174,40.04480303360225,71.701961270247,112.68050519056081,2.808246784027358,75.78288889980375,112.68050519056081,2.808246784027358,112.68050519056081,148.1861160837951,17.911344170664577,33.01448545714441,96.16421501785369,17.911344170664577,58.809661196099405,96.13098485920135,17.911344170664577,60.55254949215598,88.61433292645158,2.808246784027358,66.92160525570199,121.55914198446779,59.76751835236259,66.92160525570199,121.27705883636855,2.808246784027358,124.18786172569362,130.0100957618292,17.911344170664577,107.73117584989036,132.36549777037823,17.911344170664577,59.55897287562975,107.73117584989036,17.911344170664577,61.42614467797893,85.43899139151866,39.171689394255125,104.31877227996887,33.427627047099826,104.31877227996887,47.49211776705688,64.46309990994848,40.461787528481736,77.2423539905407,71.86902149048643,103.25030266299466,44.91003507012658,103.44482224838515,40.91798198836301,89.55144471196431,41.45878977973187,89.55144471196431,77.69833492424404,85.22396963296183,22.943871730813,107.15529035003358,75.36309607493577,112.68050519056081,35.59095741898495,135.97104471173265
35.0,13.46202993608319,63.69836143889417,88.1896039791539,15.207440613068329,74.05694599428199,88.1896039791539,15.207440613068329,113.17084982450207,134.46049605739225,33.43166537879918,33.43166537879918,78.4685685481773,33.43166537879918,55.526446401692226,67.4470625750299,33.43166537879918,58.02160158079057,75.2495597993769,24.362188941061923,24.362188941061923,67.13844837349163,17.996562171703793,67.13844837349163,67.13844837349163,17.996562171703793,119.45016220164793,145.55969565782968,18.66068728637828,42.50124998161819,42.50124998161819,18.66068728637828,42.50124998161819,80.11636068868829,18.66068728637828,42.50124998161819,80.59516889987886,39.05952188647475,71.85868945367706,99.02732577425283,3.016827804167815,76.37909563486596,109.70595357591128,3.016827804167815,109.70595357591128,142.93573730876403,17.54198534944092,74.8321872592269,97.34439506206814,17.54198534944092,56.70605126439329,76.47948254270553,17.54198534944092,61.01931046808051,88.92974755389784,3.016827804167815,65.32022083551156,120.50896750864644,58.41464927567399,88.1896039791539,120.09076255066415,3.016827804167815,124.21604163714122,130.85535908016914,17.54198534944092,104.88835135514334,134.0489649344597,17.54198534944092,58.62381128858819,104.88835135514334,17.54198534944092,17.54198534944092,84.88442878408264,33.64032178799721,79.49044753931128,35.471273588637885,104.01594228770895,47.415306073039325,86.0266019903146,48.51021799579961,76.93325841273071,70.71485876391185,101.71819527498509,45.29018933499837,101.71819527498509,40.4367561755391,122.70136511058058,40.89047872060194,87.9056952079898,74.23022463929365,101.54706421162554,30.690491198415184,100.13356704921681,80.90417943468681,105.55188889830441,35.52008234787752,134.4995353151824
36.0,13.548662295592138,62.86744984489191,89.48886103867899,15.467102184960181,72.22971168432004,89.48886103867899,15.467102184960181,114.6550097030217,136.25573382430554,33.862977571383176,43.52339887922357,77.3355109248009,33.862977571383176,60.17608536619842,68.66797834507726,33.862977571383176,57.706639565997946,76.61939212758087,24.621256060566854,24.621256060566854,68.00585452738609,18.169514302809528,68.00585452738609,68.00585452738609,18.169514302809528,118.95714039098283,123.35623717510192,20.95951454590492,43.10471261938768,105.23678658149915,20.95951454590492,43.10471261938768,78.61695904828677,20.95951454590492,43.10471261938768,81.11859373781081,38.08656259102415,71.44764691716586,100.75183000819389,2.685377068495223,77.3355109248009,107.01304242941605,2.685377068495223,107.01304242941605,144.78648072247628,17.055534292422504,75.03216810142168,98.81852685605062,17.055534292422504,54.70672947636333,75.52801632506973,17.055534292422504,61.46642376126986,89.40106962447372,2.685377068495223,63.61742096312928,118.0985446565706,56.956661155654125,89.48886103867899,116.59859025734401,2.685377068495223,57.595409973365065,132.58063584098548,17.055534292422504,102.44665075052478,135.48662295592138,17.055534292422504,58.03711097220467,102.44665075052478,17.055534292422504,17.055534292422504,84.19724609510693,67.53407473268587,68.3033033608185,36.50342449688796,68.06075410983925,47.747264319539816,85.13243359613303,39.37678567379516,77.23769319445007,71.75528726163668,99.27104940515135,45.68540521873479,99.27104940515135,40.126752298186304,122.97022505468549,40.336475428574566,122.97022505468549,30.86375301223103,107.01304242941605,30.86375301223103,107.01304242941605,81.08502481962992,105.39168017448057,35.45033497726079,132.87258934784103
37.0,13.725204916503069,60.22504669985736,89.98906183531417,15.645007190794129,70.54634115246516,90.64500124110539,15.645007190794129,104.4750269203124,116.2667891102184,34.30014577228499,78.40517361756174,78.40517361756174,34.30014577228499,58.967077678989654,73.8451843385877,34.30014577228499,60.22504669985736,76.48507207292153,24.975112612358725,24.975112612358725,68.89500163291964,18.435054922619567,68.89500163291964,106.69677244415595,18.435054922619567,120.94507534414123,120.94507534414123,21.735253621708672,43.635435714565745,106.75029273964545,22.725123762039225,43.635435714565745,106.75029273964545,22.725123762039225,43.635435714565745,88.57655587117846,37.12689389108655,78.40517361756174,99.85500112663361,2.895038859842817,78.40517361756174,104.4750269203124,2.895038859842817,104.4750269203124,146.5524650082693,16.695545813180235,74.83609590297986,99.70594891981119,16.695545813180235,74.71663971298494,74.83609590297986,16.695545813180235,61.51508961222441,89.74620465512734,2.895038859842817,62.2965187630898,115.81772856518988,2.895038859842817,90.64500124110539,113.21000949562719,2.895038859842817,57.046658534922095,134.05269486287847,16.695545813180235,54.58609026116452,137.25204916503068,16.695545813180235,57.34798383552817,100.03532501071808,16.695545813180235,61.728690655156456,83.35851036336962,66.61528540808033,74.14864294105456,36.76514993849474,66.61528540808033,48.40528122013134,83.08598708566926,48.40528122013134,75.43829432059024,72.55084424043596,96.97502900231585,46.095295313079404,111.616379846329,39.37678567379516,120.19507581427786,40.03581209367433,69.34746750963585,31.305291086332357,87.82528821472776,31.305291086332357,122.41566995282915,79.25039432078556,104.4750269203124,35.47507928109534,127.85000977708215
38.0,13.905978929942329,61.92333970321691,69.12160479907855,15.826599445237754,69.12160479907855,91.82799818138255,15.826599445237754,102.08957463913737,127.79133382197715,34.75811056429851,79.50120282108944,79.50120282108944,34.75811056429851,57.87483261314887,74.11140263144397,34.75811056429851,59.90409001061614,76.58120689829849,25.24660868314792,25.24660868314792,69.80505891409304,18.707652177651795,69.80505891409304,69.80505891409304,18.707652177651795,118.32390396703448,118.32390396703448,21.799340586357193,44.17811958424668,108.22128371997812,24.167462630570054,44.17811958424668,107.93628328787312,24.167462630570054,44.17811958424668,86.90768809489757,36.29891527304914,79.50120282108944,99.62038571497303,2.5653947064730604,79.50120282108944,104.73400235835543,2.5653947064730604,127.96337366606119,148.66278956080436,16.340019889828774,73.29192486215653,73.29192486215653,16.340019889828774,73.29192486215653,73.29192486215653,16.340019889828774,59.374331575184904,89.47679168365393,2.5653947064730604,60.99164901853368,116.87729142138774,2.5653947064730604,91.82799818138255,91.82799818138255,2.5653947064730604,56.89974736323528,135.8588421855567,16.340019889828774,97.89295812263515,139.0597892994233,16.340019889828774,56.796841901640974,97.89295812263515,16.340019889828774,61.79317316662092,82.63604691658477,65.16613384266401,91.81917691855008,37.21829187375476,94.59073025407933,37.166264945512076,81.4220255827623,36.9555983580296,68.2133143161949,43.84890249481736,111.50928772976717,46.84865259535219,124.23101967705166,39.087162214722106,119.65379747421308,40.46901592576721,119.65379747421308,31.758404399465665,86.05641318344613,31.758404399465665,121.50023148126097,79.50120282108944,116.90443212299525,35.59980688149867,126.3358470506293
39.0,13.97377007110107,63.7354395136646,87.48492012912854,16.0117534954795,67.80937435192865,91.93696889717432,16.0117534954795,99.85409981568107,128.32572325921254,35.221105178571555,80.62252321777085,127.80162851075099,35.221105178571555,60.80284738398358,74.57708260585152,35.221105178571555,60.80284738398358,76.94290903000743,25.616425394656453,25.616425394656453,70.73521930410621,18.89315352184489,70.73521930410621,109.98309529195839,18.89315352184489,116.304712931162,116.304712931162,21.751810269492516,44.82578777891137,109.71948892516771,25.07760455067429,44.82578777891137,78.12055587359833,25.07760455067429,44.82578777891137,88.23449580521213,35.59854280725547,80.62252321777085,123.4078451720149,2.9868461627609815,80.62252321777085,106.41614656620489,2.9868461627609815,127.88276369393961,150.51287320359012,15.989254203995882,71.651107807207,123.56090097599645,15.989254203995882,71.651107807207,120.35745199197264,15.989254203995882,54.712487148730496,89.50872164208357,2.9868461627609815,59.587676997849144,115.73746692406915,2.9868461627609815,88.02361188908348,115.73746692406915,2.9868461627609815,59.11570222876491,137.70666287438672,15.989254203995882,95.77878810049748,95.77878810049748,15.989254203995882,56.49536485411878,95.77878810049748,15.989254203995882,62.04680692831823,81.84620486009109,63.7784936322582,91.74857628323177,37.56369590442346,92.59223104559044,36.77004555341209,79.54562370111884,36.675076687036395,70.82931067008911,63.37930458753866,108.81158600994657,47.31364760827472,112.11499119207922,38.9233381148123,121.43410250008026,40.073448192038576,121.43410250008026,65.81607896251492,85.96328431371151,32.12890054141287,32.12890054141287,78.13783494569068,116.37878350455465,35.75998112415609,123.98264495484841
40.0,13.952822295148748,62.08197202086931,90.84327162756745,16.295896722794975,68.57354628426329,97.7657723848178,16.295896722794975,97.7657723848178,128.70703652092996,35.69385451306709,81.76809432780001,127.72039774444801,35.69385451306709,61.77782773778955,75.06514670604462,35.69385451306709,62.19711609069989,77.52323038934846,25.994831216993887,71.8768478023348,71.8768478023348,19.176841502186953,71.8768478023348,108.40574823320024,19.176841502186953,117.8376266308856,117.8376266308856,21.827190611711803,45.4884738148028,111.34593054979602,25.994831216993887,45.4884738148028,77.56646343620417,25.994831216993887,45.4884738148028,87.22193674758661,34.793048874739334,81.76809432780001,108.0427519549553,2.66012217764523,81.76809432780001,108.0427519549553,2.66012217764523,126.72776432179334,150.7402567332297,15.643568966191825,70.14942088142995,123.87134959303543,15.643568966191825,70.14942088142995,122.80983775740442,15.643568966191825,55.187464609275175,90.50638789610377,2.66012217764523,58.319818672557616,113.30318287674004,55.37598757584374,88.91223903377981,112.7080576090281,2.66012217764523,58.319818672557616,139.9129193462848,15.643568966191825,93.69472370416595,93.69472370416595,15.643568966191825,93.69472370416595,93.69472370416595,15.643568966191825,61.71994207709531,66.00378777009695,64.00247065543641,90.62141717055631,38.67048292949029,101.58782530401957,36.74984693845676,112.55423692602602,36.53862682148851,71.55055031234909,62.38963255221175,98.75019620233672,46.81646345037181,122.7717241468898,38.84464248773568,107.77189452728388,39.690379816776755,68.00022977902354,68.52037105853995,94.55861277535749,32.601629560498964,106.60035764480342,72.7220822721682,115.44256688934112,27.24410486692488,137.80103410352189
41.0,13.935072658583449,62.616780897775314,92.01378293494949,16.48942843157397,89.57330098863164,96.21474029482177,16.48942843157397,119.20239615880212,126.44194814222058,36.173194495371845,83.03533133552247,129.67844847930593,36.173194495371845,58.76526397456239,75.4027933832693,36.173194495371845,61.74254003521397,78.15338284425057,26.38145655569457,72.94666716170109,72.94666716170109,19.46679865822832,72.94666716170109,111.01829241165619,19.46679865822832,119.69497169889803,119.69497169889803,21.80965955717787,46.165530972793974,113.006509768243,26.804500554944124,46.165530972793974,77.33842027091062,26.804500554944124,46.165530972793974,87.88982449635452,34.11321224980139,82.25944474648487,109.6058221537524,2.871628457861497,81.41262954849205,109.6058221537524,2.871628457861497,126.44194814222058,147.7180591532396,15.303308465818755,121.33345066386268,122.50478051896587,15.303308465818755,68.67027195227932,122.50478051896587,15.303308465818755,53.24735908944217,91.23434797267967,2.871628457861497,57.18414334411245,111.01829241165619,56.15542048636088,90.3730393978204,111.01829241165619,2.871628457861497,57.18414334411245,141.84542643314236,15.303308465818755,91.75593305067525,91.75593305067525,15.303308465818755,91.75593305067525,91.75593305067525,15.303308465818755,60.57149700973223,66.99183718931732,64.97415832467551,89.18739400834626,39.25087578640762,104.3575883680722,38.99358921669048,65.67919191037599,38.99358921669048,72.94666716170109,61.13535188415946,97.66860421855121,33.47807118099846,99.05140710762265,42.509190182829876,108.77394563956942,42.509190182829876,67.37296379112321,68.23310230379387,95.70805216908346,33.084607448177465,118.7439472141633,72.62176843068474,103.01609704313205,26.67660491891725,142.1711116929174
42.0,33.44377744812927,62.77683689068763,118.17053884111725,16.78559650414605,70.63718036558367,117.61114424237185,16.78559650414605,120.7130533538109,124.99118468916117,36.76637390333727,84.12800514691882,131.67573808412845,36.76637390333727,57.438151519699865,75.74398490969432,36.76637390333727,57.862001780097444,79.02146069264981,26.77594536146203,73.47129541528446,74.1380216218372,19.762749049664116,74.1380216218372,108.76815365721714,19.762749049664116,120.28957249071924,121.59075314348539,21.992527139917325,46.856336284434356,114.80033209882278,27.41124313124087,46.856336284434356,76.76080542829133,27.41124313124087,46.856336284434356,89.12303995039666,33.44377744812927,63.50201768447991,111.39987096042796,3.506600918268288,82.52242876939577,111.39987096042796,3.506600918268288,123.96504043479355,144.74330727187353,15.079663457783134,120.14077679955294,120.14077679955294,15.079663457783134,119.75379430314514,120.14077679955294,15.079663457783134,67.3261928969699,90.14020329464539,3.506600918268288,56.06559774050394,108.76815365721714,56.06559774050394,91.65386653055067,108.76815365721714,3.506600918268288,56.06559774050394,144.14619315125876,15.079663457783134,89.95905318532427,89.95905318532427,15.079663457783134,89.95905318532427,89.95905318532427,15.079663457783134,59.879973697389005,67.97425983414604,65.96564446740439,102.77315432543656,39.843145583650895,103.32773707964382,39.843145583650895,111.93483037017566,39.843145583650895,74.34985709468445,59.788972645463645,87.09549356884087,32.808021122890054,113.91159401044301,74.2614385128648,108.1326789180773,41.83857370895905,108.1326789180773,67.84122087639638,94.51934325840399,30.700020358299437,116.42826654210737,71.15212575882747,113.2394200356042,26.11831254120373,133.90056478596347
43.0,32.894319418404145,62.29001725798444,90.96192197837512,27.587157338152835,71.8518006037427,99.33222664372323,27.587157338152835,117.99123378454858,127.02498277897935,12.527020795065361,47.33979562693528,85.64678190101482,12.527020795065361,56.340626993316285,76.20155018108228,12.527020795065361,56.77069006098129,90.45342033334063,27.17795522109785,54.96522764439351,99.02528086302001,20.06442747750356,75.35354172167358,106.66471417483854,20.06442747750356,118.74927894517928,123.52320126194917,22.294309812147134,88.19087963049239,116.73166344227259,27.799213118360026,47.661895157452555,75.97000230354084,27.799213118360026,47.661895157452555,90.40714158737681,32.894319418404145,79.27929269361577,112.31049038268866,2.5477931627194543,91.72503066230068,112.92245680111641,2.5477931627194543,121.52726545923757,142.18166196806112,14.749279643426657,117.81356564504786,117.81356564504786,14.749279643426657,117.81356564504786,117.81356564504786,14.749279643426657,66.11317001929343,88.38380083476835,2.5477931627194543,54.96522764439351,106.66471417483854,54.96522764439351,92.97199175020398,106.66471417483854,2.5477931627194543,54.96522764439351,146.49445381993135,14.749279643426657,88.30051670290497,88.30051670290497,14.749279643426657,88.30051670290497,88.30051670290497,14.749279643426657,56.55268561262144,66.10670351787329,66.87418223799077,91.90465847822949,40.65871677758657,91.90465847822949,40.446770575659066,112.64176068403759,40.446770575659066,75.5655427427078,84.81468770207198,110.91224571705325,32.149202945018715,112.09010326518573,73.43821382631796,137.09347632181482,40.958103593794476,137.09347632181482,30.891442989928453,96.04247107399934,43.611710010042025,116.73166344227259,80.3393194519346,113.3619479807929,25.67871200040999,135.7705095004066
44.0,32.245639240058495,61.20597397313435,90.38623374164895,27.262267880717477,72.98644565945104,117.85481004184767,27.262267880717477,113.15697062046156,129.20099167576078,12.519834264078737,47.41340791379586,86.46982855308549,12.519834264078737,55.476177319638744,87.72916419298659,12.519834264078737,55.476177319638744,87.09285992548413,27.690544415016472,53.991353474422176,98.2980162566875,20.371579467483613,76.59207694011177,104.70456651932618,20.371579467483613,120.82111260040605,125.59510838404495,22.70432227572539,86.66865782969066,118.70000526537478,26.942647420029086,48.483773058622404,76.28034642029361,26.942647420029086,48.483773058622404,81.67420798514057,32.245639240058495,82.53088058417892,112.01179067401787,23.97678564778857,90.38623374164895,113.95089402896319,23.97678564778857,119.34708312313292,146.06034711721043,14.532592679904022,115.63341320742893,115.63341320742893,14.532592679904022,115.63341320742893,115.63341320742893,14.532592679904022,64.81189127004396,88.15719624625093,43.85344912318756,53.991353474422176,104.70456651932618,53.991353474422176,93.7724973006478,104.70456651932618,43.85344912318756,53.991353474422176,147.44702438503126,14.532592679904022,86.66865782969066,86.66865782969066,14.532592679904022,86.66865782969066,86.66865782969066,14.532592679904022,14.532592679904022,158.05260200325714,46.15090735836079,93.45595887903563,41.90950071284553,93.45595887903563,40.94491726698199,84.7637378246146,41.15703159850088,76.59207694011177,83.80408701250794,109.97556546797111,31.609274746504386,123.1574449637536,72.02663569819154,136.11510294599935,40.2012593086336,136.11510294599935,55.590837824231436,97.59370497117116,43.06606842979749,118.70000526537478,89.21387924532819,112.08534694597684,41.48537392865105,133.99429558753613
45.0,31.714448599967806,59.92767515931183,88.77750982090002,26.940977153770795,74.4584196045014,102.14245566854167,26.940977153770795,102.88409133583286,131.5229305102346,12.516239451208977,37.33659397963344,85.80767011170971,12.516239451208977,49.95754447528421,88.88490451139607,12.516239451208977,51.01819528364366,87.68409205779575,28.108295039009388,52.82183497380605,96.20281310855727,20.78920994169812,78.06466069867977,102.88409133583286,20.78920994169812,121.23420000148472,127.916012484755,23.33452377915607,85.06501190266182,120.80993853984033,25.987040039219547,49.110398593373276,75.30754444277147,25.987040039219547,49.110398593373276,79.76227961887749,31.92587117057262,110.20340852260424,113.38536611926602,55.04989782006866,88.99039976312051,141.42179817835722,26.16295090390226,117.41584752494018,165.1154898851104,14.318912319027588,113.80962722898269,141.42179817835722,14.318912319027588,113.80962722898269,141.42179817835722,14.318912319027588,42.320340854014866,87.29233213747928,2.6516504294495533,96.09727493534872,103.09665974220503,53.245246266685626,97.58217690746605,103.09665974220503,2.6516504294495533,53.245246266685626,149.2033009018232,14.318912319027588,14.318912319027588,85.38340734592406,14.318912319027588,85.38340734592406,141.42179817835722,14.318912319027588,14.318912319027588,60.10407640085654,47.30651382209431,93.8686648994221,49.110398593373276,94.61142240765648,40.30508652763321,75.09541430739962,41.365882681262825,77.42884636877912,82.51997485457687,108.18791522161798,31.28947506750473,123.35641957352685,32.13800320492858,133.9640670105234,32.13800320492858,84.95993908896122,56.428018306511525,78.06466069867977,42.4276000971066,120.80993853984033,88.99039976312051,110.41655786158161,42.1087431538867,146.37494662680496
46.0,31.19224663277719,58.984245778004144,87.09285992548413,26.630175553307943,75.74012311846344,81.68247210999431,26.630175553307943,104.59663594016779,133.0376121628767,12.519834264078737,61.20340064081407,110.96741075649192,12.519834264078737,33.51837182799904,90.16116819340796,12.519834264078737,33.51837182799904,87.41287805581051,28.639592350450798,51.98544267388708,95.15280474058555,21.10820338162393,79.45732345101992,100.98738163750954,21.10820338162393,28.639592350450798,130.27605785408153,23.865796655464905,83.59139459298427,123.061468380643,25.35776508290902,50.27808916416772,74.25901460428895,25.35776508290902,50.27808916416772,78.71306276597296,32.245639240058495,82.53088058417892,112.01179067401787,23.97678564778857,90.38623374164895,113.95089402896319,23.97678564778857,119.34708312313292,146.06034711721043,14.532592679904022,115.63341320742893,115.63341320742893,14.532592679904022,115.63341320742893,115.63341320742893,14.532592679904022,64.81189127004396,88.15719624625093,43.85344912318756,53.991353474422176,104.70456651932618,53.991353474422176,93.7724973006478,104.70456651932618,43.85344912318756,53.991353474422176,147.44702438503126,14.532592679904022,86.66865782969066,86.66865782969066,14.532592679904022,86.66865782969066,86.66865782969066,14.532592679904022,14.532592679904022,158.05260200325714,46.36298361839971,70.21962866606458,48.483773058622404,60.26127487864822,37.13537733752008,77.32678222970357,41.376759781307186,78.59949904420512,83.80408701250794,109.97556546797111,31.609274746504386,123.1574449637536,72.02663569819154,136.11510294599935,40.2012593086336,136.11510294599935,57.63354058185216,86.46982855308549,41.90950071284553,120.17953756775735,89.21387924532819,112.08534694597684,41.48537392865105,133.99429558753613
47.0,30.679492336086657,57.95486390286841,85.64678190101482,26.4317280933351,77.15200094618415,80.55132680471502,26.4317280933351,112.82019433594326,134.00991101407388,12.527020795065361,61.45653952184421,109.62552736475205,12.527020795065361,34.16659552838122,90.93421385815132,12.527020795065361,34.16659552838122,86.70681201612707,29.18049434125474,51.16352460493706,98.32853095617772,21.540804302532436,80.98284540567835,95.83045575389902,21.540804302532436,29.18049434125474,132.67620830427737,24.297453570281803,82.14503180351201,123.53740830210094,24.736132478623247,43.502715432487655,73.23357324342436,24.736132478623247,43.92682836263051,77.3712882793094,32.894319418404145,79.27929269361577,112.31049038268866,2.5477931627194543,91.72503066230068,112.92245680111641,2.5477931627194543,121.52726545923757,142.18166196806112,14.749279643426657,117.81356564504786,117.81356564504786,14.749279643426657,117.81356564504786,117.81356564504786,14.749279643426657,66.11317001929343,88.38380083476835,2.5477931627194543,54.96522764439351,106.66471417483854,54.96522764439351,92.97199175020398,106.66471417483854,2.5477931627194543,54.96522764439351,146.49445381993135,14.749279643426657,88.30051670290497,88.30051670290497,14.749279643426657,88.30051670290497,88.30051670290497,14.749279643426657,56.55268561262144,66.10670351787329,39.47380460507956,79.49129669341167,45.20515733851614,52.22337838554683,36.52138072417307,77.92185989823395,41.38219725920797,78.45623780171975,84.81468770207198,110.91224571705325,32.149202945018715,112.09010326518573,73.43821382631796,137.09347632181482,40.958103593794476,137.09347632181482,74.06150315784846,85.64678190101482,40.446770575659066,126.61515015984462,80.3393194519346,113.3619479807929,25.67871200040999,135.7705095004066
48.00000000000001,30.176667311020278,57.04626411957228,84.32862058637032,26.140701023499734,75.40905946900544,103.73153450132702,26.140701023499734,111.39987096042796,134.76884376590905,12.537792867965239,60.54697556443261,107.8987546267333,12.537792867965239,34.61410478403277,91.52243577396747,12.537792867965239,34.61410478403277,80.48370176625824,29.7304767872969,50.35678951243814,97.70798969378092,21.87044238235706,82.48712020673288,91.65386653055067,21.87044238235706,29.7304767872969,134.3345683359276,25.058755954755615,80.82766389052698,80.82766389052698,24.222329574175976,55.84403504404029,72.33181354010142,24.222329574175976,55.84403504404029,75.94423118315176,33.44377744812927,63.50201768447991,111.39987096042796,3.506600918268288,82.52242876939577,111.39987096042796,3.506600918268288,123.96504043479355,144.74330727187353,15.079663457783134,120.14077679955294,120.14077679955294,15.079663457783134,119.75379430314514,120.14077679955294,15.079663457783134,67.3261928969699,90.14020329464539,3.506600918268288,56.06559774050394,108.76815365721714,56.06559774050394,91.65386653055067,108.76815365721714,3.506600918268288,56.06559774050394,144.14619315125876,15.079663457783134,89.95905318532427,89.95905318532427,15.079663457783134,89.95905318532427,89.95905318532427,15.079663457783134,59.879973697389005,67.97425983414604,39.654760117796705,89.50444821348266,45.261863085825354,89.9027252089724,47.67086374296148,78.3647002801644,41.939554718666244,77.39658422695409,59.788972645463645,87.09549356884087,32.808021122890054,113.91159401044301,74.2614385128648,108.1326789180773,41.83857370895905,108.1326789180773,76.3369586111472,97.88951041863474,40.054915428696134,127.80110034737572,71.15212575882747,113.2394200356042,26.11831254120373,133.90056478596347
49.0,29.781894667733955,56.15542048636088,102.97480881264116,25.844656120753474,83.03533133552247,105.1769045465781,25.844656120753474,111.01829241165619,134.36191796785278,12.552141251595282,59.55595058430349,106.20513758759508,12.552141251595282,35.28429183078498,91.21954971386342,12.552141251595282,35.28429183078498,81.18762990751732,30.289045049324347,49.56597875559404,96.21474029482177,22.31650174198456,84.22156048186235,84.22156048186235,22.31650174198456,30.289045049324347,133.65674318941038,25.505514109697927,79.63467366668868,79.63467366668868,23.827111658780634,58.34180533716796,71.23886755135851,23.827111658780634,58.34180533716796,74.75276750729702,34.11321224980139,82.25944474648487,109.6058221537524,2.871628457861497,81.41262954849205,109.6058221537524,2.871628457861497,126.44194814222058,147.7180591532396,15.303308465818755,121.33345066386268,122.50478051896587,15.303308465818755,68.67027195227932,122.50478051896587,15.303308465818755,53.24735908944217,91.23434797267967,2.871628457861497,57.18414334411245,111.01829241165619,56.15542048636088,90.3730393978204,111.01829241165619,2.871628457861497,57.18414334411245,141.84542643314236,15.303308465818755,91.75593305067525,91.75593305067525,15.303308465818755,91.75593305067525,91.75593305067525,15.303308465818755,60.57149700973223,66.99183718931732,39.87024266291842,102.62264004594698,43.35609818699095,102.62264004594698,48.08535379925991,77.82853750392589,42.410096085719964,77.28195132112025,61.13535188415946,97.66860421855121,33.47807118099846,99.05140710762265,42.509190182829876,108.77394563956942,42.509190182829876,67.37296379112321,78.4937975256644,99.8128561358706,39.78776507923007,129.66218126346632,72.62176843068474,103.01609704313205,26.67660491891725,142.1711116929174
50.0,29.298229468689744,55.37915898603011,105.76207377883624,25.544079548889602,82.15516569273048,105.12769021528058,25.544079548889602,113.30318287674004,135.1207793050351,12.877742426372722,58.682503780939676,104.64287481716086,12.877742426372722,39.690379816776755,89.28119202833258,12.877742426372722,39.690379816776755,81.61798974490857,30.855732854690064,48.79186663779118,94.75139181035811,22.769634384416452,84.64872267199311,85.88145900018233,22.769634384416452,30.855732854690064,131.6553265158687,26.072614943653043,78.36843273920947,78.36843273920947,22.769634384416452,60.43427214751577,70.18661731412905,22.769634384416452,60.43427214751577,73.47098917259791,34.793048874739334,81.76809432780001,108.0427519549553,2.66012217764523,81.76809432780001,108.0427519549553,2.66012217764523,126.72776432179334,150.7402567332297,15.643568966191825,70.14942088142995,123.87134959303543,15.643568966191825,70.14942088142995,122.80983775740442,15.643568966191825,55.187464609275175,90.50638789610377,2.66012217764523,58.319818672557616,113.30318287674004,55.37598757584374,88.91223903377981,112.7080576090281,2.66012217764523,58.319818672557616,139.9129193462848,15.643568966191825,93.69472370416595,93.69472370416595,15.643568966191825,93.69472370416595,93.69472370416595,15.643568966191825,61.71994207709531,66.00378777009695,40.01613736981619,104.67985121311551,43.47218938585909,104.67985121311551,47.8907741637155,64.96272969942073,42.30066488839153,77.08197746555287,62.38963255221175,98.75019620233672,46.81646345037181,122.7717241468898,38.84464248773568,107.77189452728388,39.690379816776755,68.00022977902354,77.58357590366661,100.76746126602575,39.5153925704908,121.23754059696195,72.7220822721682,115.44256688934112,27.24410486692488,137.80103410352189
51.0,24.96069410092596,54.52422626686233,100.93144331673851,25.405634217629757,83.71485083305112,105.52907774637282,25.405634217629757,115.73746692406915,115.73746692406915,13.013310493490886,57.82738321937108,103.11280837025048,13.013310493490886,57.82738321937108,86.85926116425352,13.013310493490886,57.82738321937108,81.96213302495245,31.54585947473931,48.12885049531102,86.97523354380832,23.229426381208814,83.85395786723487,93.03682738571861,23.229426381208814,31.54585947473931,139.1119153775118,26.532833433314277,77.3192165635426,77.3192165635426,23.229426381208814,61.69259477441357,69.44700317508308,23.229426381208814,61.57541108267163,72.3283917282833,35.59854280725547,80.62252321777085,123.4078451720149,2.9868461627609815,80.62252321777085,106.41614656620489,2.9868461627609815,127.88276369393961,150.51287320359012,15.989254203995882,71.651107807207,123.56090097599645,15.989254203995882,71.651107807207,120.35745199197264,15.989254203995882,54.712487148730496,89.50872164208357,2.9868461627609815,59.587676997849144,115.73746692406915,2.9868461627609815,88.02361188908348,115.73746692406915,2.9868461627609815,59.11570222876491,137.70666287438672,15.989254203995882,95.77878810049748,95.77878810049748,15.989254203995882,56.49536485411878,95.77878810049748,15.989254203995882,62.04680692831823,81.84620486009109,40.00039062309267,107.11601770977111,44.66437338640272,107.11601770977111,48.717104285866576,63.684230779683595,34.47145558284419,64.22286391932394,63.37930458753866,108.81158600994657,47.31364760827472,112.11499119207922,38.9233381148123,121.43410250008026,40.073448192038576,121.43410250008026,39.46183282616255,87.78992681395742,39.46183282616255,107.31307585751141,78.13783494569068,116.37878350455465,35.75998112415609,123.98264495484841
52.0,24.79881549590625,53.7813280795482,98.56683646135752,25.24660868314792,79.22478305429432,104.73400235835543,25.24660868314792,116.19264714257956,118.32390396703448,18.05024238064409,56.991413826996784,56.991413826996784,18.47163365812564,56.991413826996784,89.47679168365393,18.47163365812564,56.991413826996784,82.30784440136918,32.24633700127814,47.47979833571326,83.59650859934283,23.812942909266802,83.32166584988565,91.82799818138255,23.812942909266802,42.888591140302104,135.8588421855567,27.101660465735304,75.92289674399943,75.92289674399943,23.812942909266802,46.13871747242223,68.56960879281725,23.812942909266802,47.30984305617595,71.00254396850862,36.29891527304914,79.50120282108944,99.62038571497303,2.5653947064730604,79.50120282108944,104.73400235835543,2.5653947064730604,127.96337366606119,148.66278956080436,16.340019889828774,73.29192486215653,73.29192486215653,16.340019889828774,73.29192486215653,73.29192486215653,16.340019889828774,59.374331575184904,89.47679168365393,2.5653947064730604,60.99164901853368,116.87729142138774,2.5653947064730604,91.82799818138255,91.82799818138255,2.5653947064730604,56.89974736323528,135.8588421855567,16.340019889828774,97.89295812263515,139.0597892994233,16.340019889828774,56.796841901640974,97.89295812263515,16.340019889828774,61.79317316662092,82.63604691658477,26.838056002624334,79.94824106883152,45.90355378399367,79.94824106883152,34.00817916325424,77.83374107673355,34.00817916325424,78.81875569938921,43.84890249481736,111.50928772976717,46.84865259535219,124.23101967705166,39.087162214722106,119.65379747421308,40.46901592576721,119.65379747421308,21.91771543751766,89.76705965998886,21.91771543751766,109.97470731945596,79.50120282108944,116.90443212299525,35.59980688149867,126.3358470506293
53.0,24.645004564820024,54.07546809783527,103.27502723311189,25.065040394940517,78.40517361756174,87.37580471732434,25.065040394940517,115.36887036805031,120.94507534414123,19.905683861651173,56.26509797378833,104.4750269203124,20.115945167950724,56.26509797378833,88.42528625907863,20.115945167950724,56.26509797378833,82.60854223383923,32.956505427608676,46.845290585073755,85.15991574678782,24.286338752475636,83.74629096264502,91.9350110132152,24.286338752475636,42.34532146530476,134.05269486287847,27.825909688633722,74.90327095661443,74.90327095661443,24.286338752475636,46.7573122623617,68.1753712861177,24.286338752475636,47.83671445657613,70.09519420045856,37.12689389108655,78.40517361756174,99.85500112663361,2.895038859842817,78.40517361756174,104.4750269203124,2.895038859842817,104.4750269203124,146.5524650082693,16.695545813180235,74.83609590297986,99.70594891981119,16.695545813180235,74.71663971298494,74.83609590297986,16.695545813180235,61.51508961222441,89.74620465512734,2.895038859842817,62.2965187630898,115.81772856518988,2.895038859842817,90.64500124110539,113.21000949562719,2.895038859842817,57.046658534922095,134.05269486287847,16.695545813180235,54.58609026116452,137.25204916503068,16.695545813180235,57.34798383552817,100.03532501071808,16.695545813180235,61.728690655156456,83.35851036336962,26.265209879229975,81.85500137438152,46.7573122623617,81.85500137438152,48.796938940880295,75.88525054317208,33.555271567966784,75.22802835379909,72.55084424043596,96.97502900231585,46.095295313079404,111.616379846329,39.37678567379516,120.19507581427786,40.03581209367433,69.34746750963585,21.435047235777205,90.95397187588895,21.435047235777205,117.13516231260364,79.25039432078556,104.4750269203124,35.47507928109534,127.85000977708215
54.0,24.587420564182814,55.40028203899327,101.93959608513269,24.830550738958653,77.3355109248009,89.54365555414856,24.830550738958653,118.0985446565706,122.2996371621764,20.805437991063776,55.46765949632271,107.01304242941605,21.135899555022494,55.46765949632271,85.73946728315961,21.135899555022494,55.46765949632271,83.4472662823654,33.675751661989665,46.225926167033144,86.88930457772118,24.885764002738593,42.145595855320394,94.1097298370365,24.885764002738593,42.023698671107,94.1097298370365,26.992707348467288,73.95114096482894,73.95114096482894,24.885764002738593,47.29604898931834,68.06075410983925,24.885764002738593,48.70694252362799,69.20846227160375,38.08656259102415,71.44764691716586,100.75183000819389,2.685377068495223,77.3355109248009,107.01304242941605,2.685377068495223,107.01304242941605,144.78648072247628,17.055534292422504,75.03216810142168,98.81852685605062,17.055534292422504,54.70672947636333,75.52801632506973,17.055534292422504,61.46642376126986,89.40106962447372,2.685377068495223,63.61742096312928,118.0985446565706,56.956661155654125,89.48886103867899,116.59859025734401,2.685377068495223,57.595409973365065,132.58063584098548,17.055534292422504,102.44665075052478,135.48662295592138,17.055534292422504,58.03711097220467,102.44665075052478,17.055534292422504,17.055534292422504,84.19724609510693,40.10610926031095,83.66565155426687,48.26609835070575,83.66565155426687,33.322458642783246,63.947957355962515,33.322458642783246,74.51509914104658,71.75528726163668,99.27104940515135,45.68540521873479,99.27104940515135,40.126752298186304,122.97022505468549,40.336475428574566,122.97022505468549,21.168874556763758,108.46965589509352,21.168874556763758,119.02596880513093,81.08502481962992,105.39168017448057,35.45033497726079,132.87258934784103
55.0,21.449737760634743,56.74214703375261,100.46557246141586,24.69425540485074,56.74214703375261,91.73974738356326,24.69425540485074,117.49630313333266,143.0616126010049,21.622124086222428,54.77701388356251,109.70595357591128,21.831313519804528,54.77701388356251,80.32745483332582,21.831313519804528,54.77701388356251,86.3839177740857,34.52558833676842,45.62232183920498,83.11414590790186,25.493160847568507,41.83696033413517,96.43407722376982,25.493160847568507,96.43407722376982,96.43407722376982,26.73389702231981,73.08656682318578,73.08656682318578,25.493160847568507,48.09190420434608,68.12121549121096,25.493160847568507,49.38224630370716,68.55188728255408,39.05952188647475,71.85868945367706,99.02732577425283,3.016827804167815,76.37909563486596,109.70595357591128,3.016827804167815,109.70595357591128,142.93573730876403,17.54198534944092,74.8321872592269,97.34439506206814,17.54198534944092,56.70605126439329,76.47948254270553,17.54198534944092,61.01931046808051,88.92974755389784,3.016827804167815,65.32022083551156,120.50896750864644,58.41464927567399,88.1896039791539,120.09076255066415,3.016827804167815,124.21604163714122,130.85535908016914,17.54198534944092,104.88835135514334,134.0489649344597,17.54198534944092,58.62381128858819,104.88835135514334,17.54198534944092,17.54198534944092,84.88442878408264,40.05435369594671,84.55297895402622,47.882786573047305,84.09938317252987,32.976298306511,78.10125639194288,32.976298306511,67.90089285127259,70.71485876391185,101.71819527498509,45.29018933499837,101.71819527498509,40.4367561755391,122.70136511058058,40.89047872060194,87.9056952079898,37.30222848570846,96.43407722376982,37.30222848570846,112.48564908467213,80.90417943468681,105.55188889830441,35.52008234787752,134.4995353151824
56.0,21.364602734429674,58.22406074811341,99.24316727110234,24.56636419985668,58.22406074811341,93.33526262886926,24.56636419985668,27.145648822601384,141.37936553825668,22.11393791254737,112.68050519056081,112.68050519056081,22.327113561766108,54.10417035682185,112.68050519056081,22.327113561766108,54.10417035682185,88.80057009952132,35.386173147148874,45.11797036658453,45.11797036658453,26.10797292016368,87.17807207090553,98.9104708814997,26.10797292016368,98.9104708814997,98.9104708814997,26.10797292016368,72.24279375827045,72.24279375827045,26.10797292016368,48.7821816855294,67.95786378337682,26.10797292016368,50.19612783870883,68.24892856301848,40.04480303360225,71.701961270247,112.68050519056081,2.808246784027358,75.78288889980375,112.68050519056081,2.808246784027358,112.68050519056081,148.1861160837951,17.911344170664577,33.01448545714441,96.16421501785369,17.911344170664577,58.809661196099405,96.13098485920135,17.911344170664577,60.55254949215598,88.61433292645158,2.808246784027358,66.92160525570199,121.55914198446779,59.76751835236259,66.92160525570199,121.27705883636855,2.808246784027358,124.18786172569362,130.0100957618292,17.911344170664577,107.73117584989036,132.36549777037823,17.911344170664577,59.55897287562975,107.98005024077364,17.911344170664577,61.42614467797893,85.43899139151866,40.461787528481736,91.83902356841563,48.48794953387903,120.17017620857514,32.762039771662565,78.44763380752794,32.762039771662565,69.04571854937856,71.86902149048643,103.25030266299466,44.91003507012658,103.44482224838515,40.91798198836301,89.55144471196431,41.45878977973187,89.55144471196431,20.4476465638469,111.80912865236004,20.4476465638469,115.89269282400853,75.36309607493577,112.68050519056081,35.59095741898495,135.97104471173265
57.00000000000001,21.654358683646116,59.97496352645827,88.46904119521133,24.527866804922112,59.97496352645827,93.66950544334053,24.527866804922112,45.82653434419845,123.0756880947655,22.73601218331834,53.530563699628644,114.0558909044158,22.98698001043199,53.530563699628644,78.69533817196543,22.98698001043199,53.530563699628644,86.85926116425352,36.507208192355655,44.62607141570945,42.66399242921366,26.854818003479377,86.03052510591806,86.19226328389341,26.854818003479377,101.79315423936916,101.79315423936916,26.854818003479377,71.42055901489431,71.42055901489431,26.854818003479377,48.32293710030465,71.24518404776563,26.854818003479377,50.90163307792786,68.13113275148153,41.166870782220016,72.11904221493793,115.5645112047812,2.600240373503957,78.02891291053592,114.1134797033199,2.600240373503957,115.69060571195917,148.75357138569817,18.409406562950366,33.67775601194355,95.09674678978244,18.409406562950366,60.38995156480919,95.09674678978244,18.409406562950366,59.60504383019947,88.31988026486448,2.600240373503957,68.79172370278273,86.19226328389341,60.353055017952485,68.79172370278273,86.19226328389341,2.600240373503957,126.01240018347401,163.59439171316356,18.409406562950366,71.42055901489431,130.72920484727197,18.409406562950366,60.22093697378014,108.06399145876483,18.409406562950366,60.89381126190082,85.9727064247718,40.626053832485375,84.77727437232221,46.07771967013993,69.13136950762656,32.6843425817317,74.61538882831074,32.6843425817317,70.28880600778476,73.87229690486143,103.33426948500676,44.41887267817588,100.07692666144379,41.37458459005963,91.92595525747882,41.997991023381104,91.92595525747882,20.940391591371924,101.79315423936916,20.940391591371924,56.56780223766874,80.77224925678374,108.85541442666046,35.514380890000034,115.81675720723663
58.00000000000001,21.743533521486338,61.62033958036908,90.09775940610288,25.161801406099684,61.62033958036908,99.36687702650214,25.161801406099684,49.93502027635515,126.43427146149892,23.03196148833182,52.97156076613185,52.97156076613185,23.365599714109628,45.13243013621136,79.66857128127752,23.365599714109628,45.13243013621136,83.36965874945153,37.51634643725318,44.1470412372109,43.40018721157779,27.610799517580073,85.23307016645592,104.71015351913107,27.610799517580073,104.71015351913107,104.71015351913107,27.610799517580073,70.62061490811305,70.62061490811305,27.610799517580073,48.583446254871625,70.62061490811305,27.610799517580073,51.82765912136106,68.1065341945984,41.85739182032249,72.03569427721231,108.67129910882633,2.726948844404676,80.17587698304273,112.32611561876426,2.726948844404676,120.33754609430923,145.30184100691912,18.91338811530076,94.05759538708185,94.05759538708185,18.91338811530076,58.42543324614718,94.05759538708185,18.91338811530076,58.42543324614718,88.06322302754992,2.726948844404676,70.68398863957806,85.23307016645592,2.726948844404676,84.9951542736408,85.23307016645592,2.726948844404676,70.68398863957806,161.73319078037136,18.91338811530076,70.62061490811305,129.40295591677958,18.91338811530076,59.840506765902305,129.34885001421543,18.91338811530076,60.381009017736694,86.41022074963122,42.191483145298406,93.2619496364943,44.81524573178194,93.2619496364943,32.59601202601324,77.5058142980254,32.59601202601324,72.1792300457687,76.02595773813047,76.02595773813047,44.1470412372109,110.94206258223252,42.048855513557086,94.58097721000772,42.84292532029063,94.45385778251728,37.51634643725318,102.05651008142499,37.51634643725318,55.26120927015622,82.29171434597774,108.60481688212543,33.70113128664971,118.85547946981661
59.00000000000001,22.046683424043625,63.411601856442644,72.95561150453061,17.13319147152684,91.71031157945109,96.8538396244568,17.13319147152684,47.61702689164875,102.17901570283401,23.255563850399326,31.8475470012998,53.0208095939698,23.795929273722425,45.533462969556794,82.50170452784597,23.795929273722425,45.533462969556794,83.55477993508211,38.046961113865585,43.68130320858113,42.8066729611167,28.37518722405193,43.68130320858113,107.78755146119612,28.37518722405193,107.78755146119612,107.78755146119612,28.37518722405193,69.92035647792422,69.92035647792422,28.37518722405193,49.23805692754335,69.92035647792422,28.37518722405193,52.68663255513679,69.92035647792422,26.265209879229975,49.3927246666956,111.38835778482417,21.686545368038683,82.34583322791748,113.24180433921035,21.686545368038683,136.85804689531412,136.85804689531412,19.422828063904596,93.10040950500701,93.10040950500701,19.422828063904596,57.135332763536084,93.10040950500701,19.422828063904596,57.135332763536084,87.8526963160494,5.1450218658427485,72.59666831198247,84.43048175866343,5.1450218658427485,84.43048175866343,84.43048175866343,5.1450218658427485,72.59666831198247,159.92693644286445,19.422828063904596,69.92035647792422,128.11176760938082,19.422828063904596,59.348178152324095,128.11176760938082,19.422828063904596,59.964833444277986,86.92529119882198,42.03494082308193,95.8250554395874,44.838334603327986,109.75939595314836,32.748301482672346,67.34891424514578,32.748301482672346,71.41205255417323,76.42974715384055,113.70440294905029,43.68130320858113,113.70440294905029,42.575300938454916,96.62381305868652,43.44992807819134,58.21555848740094,37.01886343474094,90.37154557713396,37.01886343474094,54.10042744747956,85.45979317784474,108.17303846153162,32.85119860826999,118.93538161539652
59.99999999999999,22.28017616626942,65.35121460233161,93.07285452805237,14.355007836988456,91.65902165089915,96.64476835297397,14.355007836988456,48.03151309296845,105.2791111759593,23.210046316196788,31.470879396674,54.488312967094146,24.105004667081065,45.81818689123348,85.22119014658267,24.105004667081065,45.81818689123348,89.57932936788487,38.00139800059992,43.22614949310197,43.22614949310197,29.147319773866002,43.22614949310197,110.8964212677758,29.147319773866002,110.8964212677758,110.8964212677758,29.147319773866002,37.38718028950565,42.3198091914413,29.147319773866002,52.19924568420505,54.358911412941296,29.147319773866002,54.283112014695696,60.48116442331447,25.963652478031666,48.86697504450219,95.1565880535867,21.461273261388758,84.79611577189134,95.02621348870005,21.461273261388758,116.99626062400456,135.35370331099182,20.066670127352968,38.28160459019449,92.1984612127556,20.066670127352968,55.753923628745625,92.1984612127556,20.066670127352968,55.753923628745625,68.9243879189362,5.274585291755173,74.78707274656496,83.4723382324947,5.274585291755173,83.4723382324947,123.94202273643916,5.274585291755173,74.78707274656496,158.42387761950533,20.066670127352968,69.16488451519311,126.85671050441124,20.066670127352968,58.746116892948756,126.85671050441124,20.066670127352968,59.49017776070264,86.39459618517814,48.03151309296845,98.80304271630504,47.36212885840331,98.80304271630504,33.64968424814711,68.1473128597159,33.64968424814711,71.69913702409535,32.699483940882004,115.38466644229639,34.653733565086455,104.38475104151946,42.42919101279212,108.70214464305661,43.04359708481623,57.53678171396103,36.64316102630885,110.8964212677758,36.64316102630885,110.8964212677758,86.61723991215605,95.71463446098511,37.51754589522081,124.376947220938
61.0,22.46622464945991,48.42991069576735,94.35208662239538,14.875357138569816,94.35208662239538,94.35208662239538,14.875357138569816,48.3275930499337,108.54119609622883,23.136254018315064,56.179856265391074,56.179856265391074,24.345559143301678,46.17040448165903,81.92561412647451,24.345559143301678,46.17040448165903,89.33888431136803,31.567388235329194,42.737571292716204,42.737571292716204,30.057133096820795,42.737571292716204,42.737571292716204,30.057133096820795,114.02905331537222,114.02905331537222,30.057133096820795,37.44370774909985,71.827371175618,30.057133096820795,54.30051795333079,55.640598936388166,30.057133096820795,58.33717725430328,62.43073161512685,25.744344039031176,48.42991069576735,94.35208662239538,21.446590638141064,87.53248682632065,116.75026766564606,21.446590638141064,117.86698010893467,134.13845459076975,20.586919390719924,51.315019731068986,59.371678854484145,20.586919390719924,54.73880022433812,92.83564105450019,20.586919390719924,54.73880022433812,69.48230889946015,5.405205824018175,76.73823199683454,82.79952445515615,5.405205824018175,82.79952445515615,82.79952445515615,5.405205824018175,76.73823199683454,156.9637697049864,20.586919390719924,68.5059212769232,68.5059212769232,20.586919390719924,58.366096751453235,60.042078994651746,20.586919390719924,59.03648236472088,86.54343562627959,48.42991069576735,99.81420865788597,47.759514758841505,99.47912469458102,34.15078696018585,75.5860850289258,34.15078696018585,72.49742236797113,32.72355802781843,102.26485833364264,34.26786030670722,104.14435294340255,42.25276618163597,107.59429004366356,43.15531543158965,71.90094749027999,35.94386248026219,113.77166277241446,35.94386248026219,112.12923905030301,65.16848356375955,98.5856226840405,37.152944028703835,120.93024849060718
62.0,22.584092853156623,48.005741844075274,93.04891858587074,15.269454803626749,70.75271196215732,93.42995370864742,15.269454803626749,109.95445079668215,110.41370499172645,22.981106370233785,58.01966261535824,90.23475633036307,24.727944718475896,46.40760982856152,81.01562349324973,24.727944718475896,46.40760982856152,84.77408949673243,32.98721343187387,42.50760226124263,42.04939060200516,30.97581718050389,39.96662670278791,42.57794323355697,30.97581718050389,115.07443243396858,116.19218992686213,30.97581718050389,37.54871835362693,74.19323587767283,30.97581718050389,56.47544820539275,57.34916084826351,30.97581718050389,60.701740090379616,64.06466459757671,25.461367795151933,48.145677376063574,93.42995370864742,21.23467094164635,93.26267340152758,93.42995370864742,21.23467094164635,48.145677376063574,132.95911025574742,21.243145953459905,50.82156284491849,95.99560536816256,21.243145953459905,53.90919448480009,95.99560536816256,21.243145953459905,53.90919448480009,70.63749889400106,5.5368086475875256,71.64325683551802,82.02168158481024,5.5368086475875256,82.02168158481024,82.02168158481024,5.5368086475875256,70.97275005239686,153.75508121684953,21.243145953459905,67.86741670345202,67.86741670345202,21.243145953459905,57.933507143966345,59.67973902422831,21.243145953459905,58.673684476092006,60.88826857449635,43.1871074511827,106.57450445580312,43.576613567371204,99.26379627034218,34.66347140723214,76.92185157677888,34.66347140723214,73.18747331340248,47.00735314820437,86.1852147992914,34.196216896025206,103.82584577069429,42.313428719497544,106.92806577321035,43.857624764686015,72.23407263888697,35.55980877338909,102.97502731245086,35.55980877338909,67.26668008754409,70.75271196215732,104.7756710787385,19.893246341409437,121.36978619079791
63.0,15.799564867425937,47.52763669697874,92.60705291715097,15.799564867425937,72.08097009613563,92.60705291715097,15.799564867425937,111.66354037912285,111.25981417385165,22.77457463927702,59.94569417397716,89.7223843307789,24.923708592422596,46.65904253196801,80.26366706050752,24.923708592422596,46.65904253196801,86.0407243693357,34.18108029305101,43.640591769589925,42.634449099290585,32.03562470126032,43.640591769589925,43.640591769589925,32.03562470126032,113.2568982446544,117.29077116295211,32.03562470126032,76.71447875075474,76.71447875075474,32.03562470126032,59.339078607609004,59.94569417397716,32.03562470126032,60.94736458617386,65.64698203268753,25.256410077443704,49.2088025662076,90.33195032766646,21.097541325946015,87.24050807967592,93.61736617743526,21.097541325946015,49.2088025662076,153.95332084758678,22.038517418374585,50.41216371075536,128.90936738654798,22.038517418374585,50.41216371075536,99.31908804454459,22.038517418374585,45.85058614674408,73.02527815763526,5.80269334016541,73.76500694773911,78.59348732560478,5.80269334016541,82.4160254440846,82.4160254440846,5.80269334016541,79.46638440246291,152.38807368032448,22.038517418374585,67.24995353158246,67.24995353158246,22.038517418374585,57.58994052783871,59.26699123458183,22.038517418374585,58.260760808626586,60.3403782719333,43.15669125408017,68.72693249374659,42.83189524174712,85.30606660724663,35.52261603542171,70.34224370888377,35.52261603542171,75.37294773325506,48.60289343238733,88.98509004322015,33.44041342447787,88.98509004322015,43.30521042553656,110.38721053636603,45.0510959911077,110.38721053636603,70.13466510934518,103.94648262447365,35.117463604309464,67.58536269045244,67.45706968139069,105.75547858149004,33.17493406172799,63.970119978002224
64.0,16.33451101196482,47.13259222661109,91.74219994092141,16.33451101196482,74.76841746352532,69.5311890449171,16.33451101196482,46.927350766903515,108.17615841764764,22.710267501727053,62.15224251786898,88.85882764250269,25.055164138356787,46.92447389156323,79.53345993982659,25.055164138356787,46.99107628050245,84.69921044496223,34.91634645835672,45.24744467923023,43.57041714282754,33.23930279052195,45.24744467923023,45.24744467923023,33.23930279052195,44.84987458176444,75.76952718606603,33.23930279052195,79.59539088414604,122.21957699157693,33.23930279052195,59.34097446115963,62.487648779578834,33.23930279052195,61.14602399175272,67.45106559573392,25.057858048923496,50.9493498486487,97.03904497675148,21.030246075593123,88.98483719151257,97.03904497675148,21.030246075593123,50.9493498486487,152.6372333344653,22.707295083298668,49.950788282068174,127.80893943695801,22.707295083298668,49.950788282068174,103.01041816243637,22.707295083298668,49.950788282068174,77.11116164343525,5.936855228148991,74.97337027238405,78.98927933586937,5.936855228148991,85.5666187832615,85.5666187832615,5.936855228148991,79.33319765394559,115.51244521695487,22.707295083298668,66.58927278473612,66.58927278473612,22.707295083298668,57.25885302728304,59.00560354745979,22.707295083298668,57.93467226109076,59.87659183687729,43.64368511021956,71.27959911503432,42.30226057789347,41.357178941509055,36.25798187985647,71.61027335515485,36.25798187985647,77.12078999854708,50.34695869662834,92.21261437569156,24.522362243470752,92.21261437569156,43.238134210439746,111.70776606843411,46.92447389156323,111.6943373676571,34.65373356508646,102.94486995474811,34.65373356508646,65.58320097402992,74.76841746352532,109.35492672943455,33.377106675084946,68.32405323164016
65.0,17.009298927351473,46.751537407875695,90.97231034770965,17.009298927351473,77.61489064606096,112.61050128651412,17.009298927351473,46.08113768126824,89.47025343654727,22.519241772315514,64.58410214596158,88.15413348221398,25.328467186152423,47.4034413307726,79.15517197252494,25.328467186152423,47.4034413307726,82.65401532896028,34.45382779895436,41.98459538926152,44.720758602689195,34.45382779895436,46.4163360251539,46.73276420243083,34.45382779895436,41.51302506443008,117.53350586109478,34.45382779895436,82.02853924092517,121.16156568813396,34.45382779895436,59.26634795564849,64.91942120814078,34.45382779895436,61.35907634572085,69.2074869504738,24.86586515687721,52.84014808836175,99.30118956991402,20.905770734416848,88.35324696919746,100.69509049601177,20.905770734416848,52.84014808836175,145.50300684178316,23.651770546832218,49.56961014573344,126.74827414998596,23.651770546832218,49.56961014573344,106.10870016167382,23.651770546832218,49.56961014573344,78.49494410470015,6.207354508967568,41.31417734870198,78.49494410470015,6.207354508967568,88.80596826790416,88.80596826790416,6.207354508967568,37.3540660437388,114.66527373184961,23.651770546832218,66.0804906912774,66.0804906912774,23.651770546832218,56.88195012479793,58.768326928712206,23.651770546832218,57.615329991244515,59.43871844176992,42.65502608134239,102.6647273896931,42.04725020735601,44.132258609774325,37.072311096018815,76.45623748262793,37.072311096018815,76.25645054682259,52.22666943238866,94.72658021907051,24.331692296262503,93.25615931400992,43.579195150897405,66.38927812531178,47.7467930860283,54.87058638287001,34.26326385503868,94.07409978309651,34.26326385503868,50.240036325623805,36.202089028121016,109.95629245295605,47.95603455249401,67.35893593280701
66.0,17.55352528696159,46.38481702022764,90.29233771478066,17.55352528696159,80.62112781399178,115.57519197474863,17.55352528696159,45.16532132067699,90.29233771478066,22.457209310152496,65.89431879911955,87.47488925400248,25.487864759528208,48.303377211122616,79.12873213947005,25.487864759528208,48.303377211122616,81.93302905422208,34.801221242939164,36.423292684764235,48.58497710198081,34.801221242939164,36.62166367056527,48.58497710198081,34.801221242939164,36.7584174033649,117.65468541456391,35.67809201737111,38.73628789649313,85.9821275033364,35.67809201737111,59.37660524145852,67.4954165110491,35.67809201737111,61.29523839581668,71.59204739354783,24.62034219908407,52.06501944684166,90.29233771478066,20.78163251527656,67.16022818603284,104.7913462553087,20.78163251527656,54.74619849816058,144.91592390072253,24.468168096529006,49.201943559172534,125.72837786275619,24.468168096529006,49.201943559172534,105.5985617799788,24.468168096529006,49.201943559172534,75.73329023619665,6.34359913613715,40.96950085124299,78.97845434040856,6.34359913613715,92.36352770439206,92.36352770439206,6.34359913613715,40.91688221260266,113.18844905731326,24.468168096529006,65.52965931545806,65.52965931545806,24.468168096529006,56.58848160182423,58.43372313998142,24.468168096529006,57.198306356045194,59.01056049555876,42.92791923678575,101.30370797754641,42.059021029976435,55.888337334366994,38.0989665214163,67.4954165110491,38.0989665214163,75.04686036071062,53.740731759067074,95.3526415470489,24.1479036357196,75.91489478356668,42.95778450991159,78.74821426546764,45.774952211881114,52.15655519683025,33.956534717193975,87.76762643480795,33.956534717193975,63.80847318342604,47.52716328585159,106.22737994509701,47.86210661891096,51.95903434437557
67.0,18.37637749938763,43.4711542289827,83.78765571371477,18.37637749938763,83.92583779742685,120.1462650272575,18.37637749938763,43.94424023691842,45.47907485866439,22.192341021172147,29.486543541079886,86.76362284967126,25.5654307610883,49.41731730881392,81.14743526446169,25.5654307610883,49.41731730881392,82.58702228558674,34.40385152857162,37.32393668947583,73.66733502713396,34.40385152857162,37.5211440390615,50.55968008205748,34.40385152857162,37.65881370940938,50.55968008205748,37.186237373523014,39.136060736870284,89.55797703164134,37.186237373523014,60.17122443494066,69.31014536126727,37.186237373523014,59.54423775647817,73.87960645536764,20.878846950921403,44.98562270325931,89.52128936739015,20.74044960939854,67.81733738506695,106.59486971707409,20.74044960939854,24.444247789612998,147.06333669545242,25.42776533634051,48.79048319088467,124.7502505007505,25.42776533634051,48.79048319088467,48.79048319088467,25.42776533634051,48.79048319088467,72.19045123837363,6.617873525536734,40.71346521729635,78.571154057962,6.617873525536734,96.07737116511878,96.07737116511878,6.617873525536734,40.71346521729635,96.07737116511878,25.42776533634051,65.05963610411604,65.05963610411604,25.42776533634051,56.31346419818266,58.0387801388003,25.42776533634051,56.92504940709318,58.73654101153727,42.66346504914949,82.41356836104113,42.76039347340013,56.76434840637211,43.50840436053706,68.64044908069876,43.50840436053706,73.33274336883899,23.971154540405433,95.56760041980755,23.971154540405433,58.73654101153727,42.32884654700621,78.09808736454434,43.60964629528655,50.994374689763575,33.7211543396723,97.25883635947945,33.7211543396723,64.30969017185512,67.81733738506695,100.47161912699526,31.909657629000034,67.81733738506695
68.0,19.81845730625873,43.3275460879104,83.91457710076361,19.875141508930195,84.30620528762992,84.30620528762992,19.875141508930195,43.66172522931268,65.16606670653063,22.24176814014569,29.261343954097526,86.13951619320832,25.72510932921374,50.8220055684543,81.29564102705629,25.72510932921374,50.8220055684543,82.40728881597792,34.21439755424608,77.92590230468942,77.92590230468942,34.21439755424608,38.34709897762802,76.1146914202508,34.21439755424608,38.648948886095205,52.77197409610522,38.70595884356826,38.70595884356826,93.99442137701577,38.70595884356826,60.96360594649893,71.54583321200474,38.70595884356826,56.864938670502404,76.25349991967582,20.76538586205419,59.42963276009704,88.89705422566037,20.626227236215545,67.3108182241161,107.95149952640769,20.626227236215545,24.275218845563472,107.59178058755232,26.532833433314277,48.45313457352372,48.45313457352372,26.532833433314277,48.45313457352372,67.64492774776242,26.532833433314277,48.45313457352372,70.40235258853215,6.894291116568838,40.43063504324412,78.00641800518723,6.894291116568838,99.81232388838565,100.93010576631731,6.894291116568838,40.43063504324412,115.92077035630845,26.532833433314277,64.60848434996753,64.60848434996753,26.532833433314277,56.112532022713076,57.72808025562603,26.532833433314277,56.64173593738101,58.28585806179746,42.32512551664791,43.13289058247778,42.32512551664791,57.006414112799625,44.65982534672521,69.20488602692731,44.65982534672521,73.81395532011545,23.801601836851233,107.56451552440517,46.50592704161481,58.67521836346244,44.16436629229497,77.53280757202076,43.3275460879104,77.53280757202076,33.55057749130408,83.52138199287653,33.55057749130408,50.01426046639098,77.50987840269136,87.81068414492623,18.954979556834136,51.21055799344506
69.0,19.988027666580813,43.250101155951064,66.88023811261439,20.37599690812697,85.50032894673564,66.88023811261439,20.37599690812697,43.33741166705736,65.4461706289986,22.217476229311014,29.099420097314653,85.54268671254135,25.835948792331973,52.576765305598634,81.9352259409834,25.835948792331973,52.576765305598634,82.49406796855153,34.031235651971265,77.46661377651664,77.46661377651664,34.031235651971265,43.55182257954309,75.23700053829897,34.031235651971265,43.21783486015929,55.41936710212414,40.37550309284083,44.025574953656196,96.21661109184838,40.37550309284083,56.820605857382404,73.44725998973685,40.37550309284083,55.03150234184053,78.89864542563453,20.74261916923704,61.279819271926705,66.88023811261439,20.602214686775785,66.88023811261439,107.28539625689974,20.602214686775785,66.88023811261439,107.478486219336,27.311741980327803,48.1302529600666,48.1302529600666,27.311741980327803,48.1302529600666,67.51341533354686,27.311741980327803,48.1302529600666,78.89864542563453,7.172604129603139,40.159821339244026,40.159821339244026,7.172604129603139,99.37978290376769,105.54037734440786,7.172604129603139,40.159821339244026,115.1981987706405,27.64581794774754,64.17660204467045,64.17660204467045,27.64581794774754,55.92576552895812,57.435017628620955,27.64581794774754,56.29388288260102,58.068504802517516,41.9154058789844,65.58594552188754,41.9154058789844,58.857083261065526,45.59056920021947,70.58460349112971,45.59056920021947,74.00831878917396,44.025574953656196,97.23685643828682,46.52418725781247,58.57620037182336,46.23420000389322,78.90748538636876,45.975061174510685,59.9318049953445,33.418202375352266,50.62727772653789,46.114815948890005,50.62727772653789,77.46661377651664,91.86351969089797,31.490177039832595,63.49670267029619
70.0,19.88306440164594,43.18137619391025,61.53447204616287,20.883157088907797,66.46853578949968,136.38227524132304,20.883157088907797,43.220958457674215,66.44212707311529,20.883157088907797,29.18743308343507,84.92338458869853,25.906393998393526,54.10042744747956,63.87895780301992,25.906393998393526,54.10042744747956,63.87895780301992,33.68419510690437,76.95226604850568,76.95226604850568,33.68419510690437,45.18125994259124,74.43968195794498,33.68419510690437,39.85599076675927,111.68762241179637,42.19628241918949,47.74443684870521,52.06329081032047,42.19628241918949,55.934615847433875,75.13195891230309,42.19628241918949,55.43398100443446,81.62846470441546,20.639313215317994,53.29297561592897,66.46853578949968,20.549726275549265,66.56967214880963,108.5270703557412,20.549726275549265,66.56967214880963,108.5270703557412,27.765198540619153,47.82213138286498,47.82213138286498,27.765198540619153,47.82213138286498,67.6352811038736,27.765198540619153,47.82213138286498,74.10675576490986,39.85599076675927,39.85599076675927,39.85599076675927,7.59317127424372,102.1338643643723,108.5270703557412,7.59317127424372,108.01446662368889,114.33776716378539,29.046794143244103,63.76438073093786,63.76438073093786,29.046794143244103,55.7932455589384,57.074655058090364,29.046794143244103,56.126163685040865,57.69026130986061,41.707688140197845,68.36553407968081,41.707688140197845,57.21600519085547,46.462848061650284,69.03137873460155,46.462848061650284,75.43859257700927,45.321973147690734,97.45527820492843,46.32220040110357,96.17380750495427,45.783798990472604,82.8451643127105,45.83438938177316,60.98242574709536,33.352829715033174,50.526292660356546,33.352829715033174,50.526292660356546,34.63424966705645,98.35317102157917,34.63424966705645,63.39137362449247
71.0,19.923760940143804,44.26105794036107,44.40266039326923,21.396173723355307,66.07606412309983,66.07606412309983,21.396173723355307,43.11776026186889,66.07606412309983,21.87044238235706,36.14859955793585,47.24464255341551,25.93260495977988,55.55196891200167,65.3704921964031,25.93260495977988,55.55196891200167,65.3704921964031,33.52051610581197,76.5115432467546,76.5115432467546,33.52051610581197,39.655217185132145,73.94992393505215,33.52051610581197,39.655217185132145,113.68432169828873,42.02691102139199,47.91378976870855,52.502380898393554,42.02691102139199,55.50253372594804,75.56286290235435,42.02691102139199,56.16783999763565,83.45050179597484,20.681785464509584,57.25806711721938,63.94760550638311,23.811998026205192,69.25753569107118,113.2281987845784,23.811998026205192,64.42190039109371,69.25753569107118,28.510458607325138,47.57684573403327,47.57684573403327,28.510458607325138,47.57684573403327,69.83019583246204,28.510458607325138,47.57684573403327,88.95044266331675,39.655217185132145,39.655217185132145,39.655217185132145,7.8753571347590325,105.12576396868657,108.46716092901114,7.8753571347590325,107.8337841309485,114.1714719183387,30.45720358141896,63.37220408033793,63.37220408033793,30.45720358141896,55.664171600770274,63.37220408033793,30.45720358141896,55.92496088510031,63.37220408033793,41.69473887674559,70.34800103769828,41.69473887674559,61.332668701109036,47.12218161333365,70.81946236734645,47.12218161333365,75.08852275814193,68.26013660988382,68.26013660988382,46.43814434277063,72.71682233156231,45.48946306563752,86.49349686537133,45.67949485272358,61.48435776683367,34.437497731397386,62.19205134098729,46.49092653410986,63.988758778397944,31.25925862844479,101.32125270642878,31.25925862844479,63.04007653865912
72.0,23.672689961219024,44.02199734223789,86.62425324353451,21.867355807230098,63.562223450725824,64.5174395028197,21.867355807230098,43.119325713651875,64.28029441438487,23.005569977724956,37.235819448482665,46.80277769534624,26.37548577751697,56.96851103899416,67.07206012938622,26.37548577751697,57.11091182952694,67.07206012938622,33.363527990906476,39.421900639111755,58.1936422644261,33.363527990906476,39.421900639111755,73.85798027295357,33.363527990906476,39.421900639111755,109.42406042548411,41.79337567127116,48.14567737606357,52.98430192047452,41.79337567127116,60.40281450396165,73.24647602444776,41.79337567127116,57.72769049598294,84.43314663092924,23.672689961219024,59.15070794166372,63.564927436440925,23.672689961219024,73.09826434327972,73.09826434327972,23.672689961219024,64.42329741638501,73.09826434327972,28.982430022342847,47.29652471376728,83.0101273941921,28.982430022342847,47.29652471376728,73.38089840006049,28.982430022342847,47.29652471376728,86.91027701025926,39.421900639111755,39.421900639111755,39.421900639111755,8.300978857941995,104.92824333800695,107.21532073355934,8.300978857941995,106.73858252759402,120.79993791389133,32.302805605705515,63.0004464269897,115.58168107446785,32.302805605705515,54.69685777080801,63.0004464269897,32.302805605705515,54.69685777080801,63.0004464269897,41.78960696154009,56.97127565712391,41.78960696154009,60.96028420209341,47.43475782588122,70.67730364126804,47.43475782588122,74.94935790251976,71.2473946892095,79.84122525362446,45.30211087797124,39.27895428852453,45.30211087797124,98.76751110562623,45.58778619323382,61.99674386610961,34.25012773698808,62.24014982308445,46.48608662815143,63.04578693299021,41.457704350337586,105.15761979048403,41.457704350337586,62.71444211662892
73.0,23.584131317477013,43.89967255003162,86.14003859994492,22.24985955011851,65.35018171359587,81.90171701496861,22.24985955011851,43.170953776816184,63.53991855518859,24.290044256855523,37.49174909230029,46.270198292205315,24.290044256855523,58.499326919204805,67.79643242826278,24.290044256855523,58.499326919204805,67.98434562456272,33.213325638966054,39.20154652561554,72.06473652210211,33.213325638966054,37.104464017150285,73.818671418551,33.213325638966054,37.20438482222223,75.65184234372616,41.57206093038929,48.81722288291295,53.781967238099426,41.57206093038929,60.17795485059292,73.1118065020965,41.57206093038929,58.35607294875145,85.6840781592473,23.584131317477013,44.37376758852013,82.73999184191402,23.584131317477013,77.39076979847144,86.14003859994492,23.584131317477013,62.97972888160126,63.45381194223086,29.46211550449153,83.4820414819858,83.4820414819858,29.46211550449153,47.03175788762312,73.07979371892068,29.46211550449153,47.03175788762312,73.94201275323793,39.20154652561554,39.20154652561554,39.20154652561554,8.87221787379007,39.20154652561554,110.2276054352992,8.87221787379007,39.20154652561554,127.46813327259484,34.160009514050195,62.692194490223415,115.01141247719724,34.160009514050195,52.20398691670972,62.692194490223415,34.160009514050195,52.20398691670972,62.692194490223415,42.79510778114713,57.55085794321402,42.79510778114713,56.37096992246985,46.41391224622204,71.44733200057227,46.41391224622204,74.6625742926133,38.097194778618544,79.40180256140285,37.810861534749506,52.04773049807263,45.35423078390813,98.23711747603346,45.685405218734786,62.548471204338796,23.815777333524093,61.60025365207517,45.93981116635113,63.52823191306366,46.502688094345686,98.97278034894241,46.502688094345686,77.69196387014554
74.0,23.45786115569789,44.619012203319784,85.72503280839268,22.036475444135796,85.58107997682666,85.72503280839268,22.036475444135796,23.45786115569789,61.185016548171326,25.725109329213744,36.995151709379435,45.401830910217704,25.725109329213744,58.79473828498601,68.3550016458196,25.725109329213744,59.61900913299382,68.82900006537942,33.07000151194433,38.942264957241505,72.46033397659716,33.07000151194433,36.995151709379435,63.741440601856496,33.07000151194433,37.139618334064764,75.27885659333568,41.36316295932892,50.6970043493696,55.68304275091295,41.36316295932892,59.26850976699178,74.37345796720764,41.36316295932892,58.85708326106553,76.98909825423337,23.45786115569789,44.16538520153538,65.01743035525166,23.45786115569789,80.55300273732817,85.72503280839268,23.45786115569789,23.45786115569789,85.72503280839268,29.536100792081545,83.06729952273638,83.06729952273638,29.68048601354095,46.78280934274896,73.71313485397293,29.68048601354095,46.78280934274896,73.56861593097969,38.942264957241505,38.942264957241505,38.942264957241505,9.303023702001408,38.942264957241505,111.91570488541811,9.303023702001408,38.942264957241505,134.65000928332682,36.17100012440906,62.35969251046704,114.45796171520792,36.17100012440906,48.966787213375554,62.35969251046704,36.17100012440906,48.966787213375554,62.35969251046704,43.053005121594005,79.02857869150881,43.053005121594005,56.529207052637844,39.46810421086881,71.384635952003,39.46810421086881,73.56861593097969,38.08715334597743,74.14500151729717,37.942736459037846,61.47301237128371,45.54630885154142,60.17571146234998,45.875606263023926,63.0390057821346,18.183130918518952,63.75944047746969,45.89718128600056,64.50322666347785,30.700162866017504,102.90901928402582,33.84303842742256,76.5153661038095
75.0,23.33958547189731,45.36167159618349,85.29666611304337,21.957715045058762,85.29666611304337,85.29666611304337,21.957715045058762,23.33958547189731,61.90340257207191,25.653947064730605,36.36456035757892,44.02839992550263,25.653947064730605,58.71470216223531,68.9367917008037,25.653947064730605,60.859068757252594,70.17347255195513,32.80434422450783,38.83827043007965,72.88689868556625,32.80434422450783,36.98298595300277,65.04268790571312,32.80434422450783,37.166264945512076,72.02850998042372,41.16687078222001,52.202693896005016,57.583298359854304,41.16687078222001,59.284452008937386,76.00168583656549,41.16687078222001,59.62240560393383,76.72503665688274,23.33958547189731,43.930925895091264,64.7052258322309,23.33958547189731,81.67172858462101,87.63267798030594,23.33958547189731,64.7052258322309,77.15929140421133,10.024781793136446,82.67769499689743,82.67769499689743,10.024781793136446,46.58761906343787,73.47742000097716,10.024781793136446,46.58761906343787,73.43913296056809,38.83827043007965,38.83827043007965,38.83827043007965,9.880093623038196,38.83827043007965,74.92834076636156,9.880093623038196,38.83827043007965,142.34684752392658,38.62565533424643,51.729017485353424,113.93693431017003,38.62565533424643,43.64059176958993,62.08632095719636,38.62565533424643,43.64059176958993,62.08632095719636,34.29739421588759,78.63899319040141,34.29739421588759,78.63899319040141,38.983409932944554,72.97565518719239,38.983409932944554,72.49245650410806,37.89170423720738,86.64736724217302,41.45716162498344,60.994600170834794,45.4275934867785,68.88912287146644,45.786256125610436,63.9901652599835,18.209098000724804,61.467887957859745,18.209098000724804,64.7052258322309,33.707806959219404,95.70264494777561,33.707806959219404,77.40210752944651
76.0,23.22942638120881,47.09438660817231,105.56573781298552,21.84676749544426,23.22942638120881,84.89397063396198,21.84676749544426,23.22942638120881,61.828846423008734,25.526946546737626,35.27153597449365,42.98448848131149,25.526946546737626,59.8280974960762,70.3419238434662,25.526946546737626,60.1199738023895,71.57884638634518,32.682181689722,34.36162467055363,38.655352152062974,32.682181689722,37.0534917382964,67.10425657139791,32.682181689722,37.235819448482665,73.57962523688198,40.98336552797976,54.207932998777956,59.02885946721315,40.98336552797976,59.501523089749554,74.45479333125571,40.98336552797976,60.155891232696405,79.14579110729767,23.22942638120881,43.748728552953395,64.41386690767757,23.22942638120881,83.11333376781369,94.75352895802878,23.22942638120881,23.22942638120881,83.84215079540839,10.131942064579722,82.31358484478731,82.31358484478731,10.131942064579722,46.368321621555374,73.39745397491659,10.131942064579722,46.368321621555374,73.39745397491659,38.655352152062974,38.655352152062974,38.655352152062974,10.605010608198372,38.655352152062974,70.45920805686082,10.605010608198372,38.655352152062974,143.2816282710383,38.18273497275961,52.261278686997315,113.44877698767846,40.94656579006352,61.794265510644266,61.794265510644266,40.94656579006352,61.794265510644266,61.794265510644266,34.56153931757091,78.31127792342556,34.56153931757091,78.31127792342556,38.94587590490166,73.14349766042092,38.94587590490166,72.16208318777944,37.781096463707875,88.89578870790224,37.70896776630195,59.32049603636166,44.69408517913752,64.26804221384062,44.69408517913752,64.74068465810352,18.069310999592652,47.09438660817231,18.069310999592652,63.503789257019925,33.56197625289667,62.41270904230964,33.56197625289667,62.121101487336816
77.0,23.12749986487947,59.86945172623514,84.5947471773514,21.744568287275786,23.12749986487947,84.5947471773514,21.744568287275786,23.12749986487947,62.826278339561064,26.21891016041666,33.572700963729446,41.28475808334112,25.409151894543825,59.80139003401175,74.17018437350684,25.409151894543825,59.80139003401175,75.40697083161476,32.567238138964136,35.854863686813815,70.9321594906006,32.567238138964136,37.23763217499201,67.70676664854112,32.567238138964136,37.476659402887016,69.85435741598371,40.81281967715536,55.540627022027756,61.556772576216176,40.81281967715536,58.6445329932808,73.37915235269483,40.81281967715536,53.96758286230726,81.91737453068183,23.12749986487947,43.578678846426726,43.578678846426726,23.12749986487947,85.19003022654705,99.86018350674105,23.12749986487947,43.578678846426726,99.86018350674105,10.096348349774782,81.97530878258402,81.97530878258402,10.096348349774782,46.19817366520023,72.91303895737717,10.096348349774782,46.19817366520023,72.76662181247663,11.333192401084526,38.451267859460756,38.451267859460756,11.333192401084526,38.451267859460756,70.29360746184534,11.333192401084526,38.451267859460756,74.29597061752406,10.096348349774782,52.02265131651788,112.99391576540748,41.059606062406395,61.556772576216176,61.556772576216176,41.059606062406395,61.556772576216176,61.556772576216176,35.090543597955275,96.42287721282746,35.090543597955275,71.1468990891381,39.23883599190985,73.32875459190618,39.23883599190985,72.3150140012432,37.72149586111345,76.1714267294502,37.67553914677267,55.406779819801834,43.43231803622736,64.19833525879,43.43231803622736,64.56842301001318,18.06768524188973,64.17625144864726,46.590999667317725,75.7445790139466,33.426280828114876,61.70317050200905,33.426280828114876,61.70317050200905
78.0,23.064176768313235,60.28777861225275,84.28164835834667,21.6813571992161,23.064176768313235,84.28164835834667,21.6813571992161,23.064176768313235,84.28164835834667,25.79934592194151,31.7711543699627,39.27265269879283,25.300691690149502,60.548833597353465,77.25866456262364,25.300691690149502,60.548833597353465,79.11309152093602,32.45959026235544,35.772562810064365,69.89653961391794,32.45959026235544,37.51094840176665,70.37582148721249,32.45959026235544,37.835846098640374,37.86794488746386,40.65539632078379,55.95231228465897,61.30624968141502,40.65539632078379,57.65847726050351,58.8430114796991,40.65539632078379,53.65776970765743,85.37787330450436,23.064176768313235,43.42091949740355,59.96258208249541,23.064176768313235,87.41056143281543,101.50118841668801,23.064176768313235,43.42091949740355,102.37492368739524,10.031512847023622,81.69321422247994,81.69321422247994,10.031512847023622,37.217687327398515,81.69321422247994,10.031512847023622,37.217687327398515,81.69321422247994,12.210497532860812,38.360868733645745,38.360868733645745,12.210497532860812,38.360868733645745,70.01785486574121,12.210497532860812,38.360868733645745,74.01470293124197,10.031512847023622,42.57107292516833,112.57275425252773,40.18446528199672,61.30624968141502,61.30624968141502,40.18446528199672,61.30624968141502,61.30624968141502,35.72031984739218,96.07830790558293,35.72031984739218,70.66138443308338,40.308575390355834,73.16078184382668,39.690379816776755,72.67008497311669,37.7429629202584,75.72140549408734,37.65761875105753,59.33566591856874,41.56718958505615,65.46232695222497,41.56718958505615,66.0804906912774,18.004062041661598,48.102663647660926,18.004062041661598,75.25045680924468,44.75043295879941,76.81882093601801,44.75043295879941,60.71841771653803
79.0,22.976210523060587,60.95806960526227,83.99417390509892,21.59400958599398,22.563161347648073,62.63510397532681,21.59400958599398,39.97844731852402,63.365457861519474,25.712861567705758,29.9791802756513,36.53985837410977,25.20168645150558,60.95806960526227,80.19215204744165,25.20168645150558,60.810617905099434,82.63386866170553,32.359310870288944,35.627605167903155,38.21689744079181,32.359310870288944,37.86021988842643,72.10749787643446,32.359310870288944,38.18391349770214,73.78452581673206,40.51124843793387,55.92697247303845,61.105533710131354,40.51124843793387,51.80811953738525,58.36879517344863,40.51124843793387,56.9866760743246,79.90291765636596,22.976210523060587,40.20572098594925,63.69482906798636,22.976210523060587,83.99417390509892,101.90228775645814,22.976210523060587,43.27558491805743,101.98835717865055,10.002312232679001,36.1834388912939,117.28437662365776,10.002312232679001,38.1544394533585,81.40489082358626,10.002312232679001,38.1544394533585,81.40489082358626,13.237871807809592,38.21689744079181,38.21689744079181,13.237871807809592,38.21689744079181,73.78452581673206,13.237871807809592,38.21689744079181,73.78452581673206,10.002312232679001,43.21419037769885,61.105533710131354,10.002312232679001,61.105533710131354,61.105533710131354,10.002312232679001,61.105533710131354,61.105533710131354,37.38958745426325,71.72141416620283,37.38958745426325,61.394268869333395,42.27299670002116,74.54388807943948,40.20572098594925,72.92599845048403,40.77255510757205,56.36937333339798,40.77255510757205,59.13358817119083,50.86271964808803,66.75396055665911,50.86271964808803,66.89537540069567,29.29976535742223,46.629617733796614,29.29976535742223,75.60900244018566,44.68602969609182,88.69383434038693,44.68602969609182,45.247444679230234
80.0,20.48063109379201,43.734325763637884,63.19799245229234,21.68862028806812,42.05741611178699,43.046733325538185,21.68862028806812,42.05741611178699,43.046733325538185,25.807193764530076,29.63041089826464,45.63612877972889,25.112248007695367,60.157761344651114,83.29586574374504,25.112248007695367,56.508107825337774,86.18051548929144,32.26646866330432,73.54812200185671,73.54812200185671,32.26646866330432,37.81621675948031,71.42748945609107,32.26646866330432,38.05916446797013,70.51507817481307,40.3805181987552,55.595694527544126,60.922255785550156,40.3805181987552,51.3294871394601,58.03711097220467,40.3805181987552,52.710542114457525,89.76274979076787,22.89675195306094,40.16206232254514,63.5115835891375,22.89675195306094,83.73258774216882,101.72327658898921,22.89675195306094,43.11776026186889,121.70918206939031,10.123055368810347,36.982377560129905,81.14327606154437,10.123055368810347,38.95454081362017,81.14327606154437,10.123055368810347,38.95454081362017,81.14327606154437,14.41600672863328,38.05916446797013,69.5842385170665,14.41600672863328,38.05916446797013,73.54812200185671,14.41600672863328,38.05916446797013,73.54812200185671,10.123055368810347,44.13327826028789,60.922255785550156,10.123055368810347,60.922255785550156,60.922255785550156,10.123055368810347,60.922255785550156,60.922255785550156,38.65942640547063,72.46886400379131,38.65942640547063,60.922255785550156,43.073382151858006,72.01913808148497,41.39633135919173,74.66934612007795,40.70130526162521,56.06439378072325,40.70130526162521,58.94952289883269,50.73781873514075,66.62068935398372,50.73781873514075,67.46440728265534,32.24633700127814,40.3805181987552,32.24633700127814,63.21579114430191,44.64673840270978,92.59344604236306,44.64673840270978,63.5115835891375
81.0,20.407994756957383,42.40691276195427,79.72193079698961,21.616920455976146,41.64290155596749,78.48089735725502,21.616920455976146,41.64290155596749,68.12452752129734,25.929833204245643,45.58877328904562,45.58877328904562,25.032478902417953,58.53277927793964,82.13982742859885,25.032478902417953,45.58877328904562,88.49345314767642,32.10334873498402,73.33581151115735,73.33581151115735,32.10334873498402,34.81179756921495,71.30610948579371,32.10334873498402,37.993700135680385,70.00558013472926,40.28568294071729,55.453460216653745,60.75657371840515,40.28568294071729,57.02772352110857,60.72508748449853,40.28568294071729,52.56820569507771,57.7230131749894,22.82588990598176,59.46861567247046,60.97357009393496,22.82588990598176,43.00018895307322,43.00018895307322,22.82588990598176,43.00018895307322,122.6157616295719,10.098576632377457,38.06292487447595,80.93087328084381,10.098576632377457,40.03123780249619,80.93087328084381,10.098576632377457,40.03123780249619,80.93087328084381,16.041235924952915,37.993700135680385,69.94931200519416,37.993700135680385,37.993700135680385,73.33581151115735,37.993700135680385,37.993700135680385,73.33581151115735,10.098576632377457,45.042105301595306,65.51214582045073,10.098576632377457,47.63120038378206,65.51214582045073,10.098576632377457,47.63120038378206,65.51214582045073,40.03123780249619,73.30266877815568,40.03123780249619,52.637498515791954,43.833506019938675,78.04563568835863,42.15680550041713,75.86805157640467,40.58227753588997,70.29328737511143,40.58227753588997,72.68649289930006,50.59526904760958,66.76777853126461,50.59526904760958,67.82828502918233,32.54222257314334,51.10896447786827,32.54222257314334,65.51214582045073,44.69911911883723,92.74616568893832,44.69911911883723,61.51399231069302
82.0,20.364951509885802,59.630329950453905,61.966613994956994,21.72282785458652,41.38872128974269,78.6801833373563,21.72282785458652,41.38872128974269,68.16183866358067,25.053368037052422,45.48253785795159,69.89782721944938,25.053368037052422,44.972213643537714,74.97156961142004,25.053368037052422,45.48253785795159,88.38834764831844,32.0331859171079,73.16748765674546,73.16748765674546,32.0331859171079,32.0331859171079,37.90118731649445,32.0331859171079,37.90118731649445,37.90118731649445,40.1794257052039,55.305571599975345,60.60863181098877,40.1794257052039,56.98075332952347,60.60863181098877,40.1794257052039,56.004464107783406,60.564067317180736,22.7834643985501,59.67370652138176,79.91023870568777,22.7834643985501,42.8954105936754,59.11429607125505,22.7834643985501,42.8954105936754,42.8954105936754,10.076271631908302,38.735594096386336,80.72069901828154,10.076271631908302,80.72069901828154,80.72069901828154,10.076271631908302,80.72069901828154,80.72069901828154,17.819406555775082,37.90118731649445,70.51284457458797,37.90118731649445,37.90118731649445,73.16748765674546,37.90118731649445,37.90118731649445,73.16748765674546,10.076271631908302,45.693284517530586,74.1198101049915,10.076271631908302,74.1198101049915,74.1198101049915,10.076271631908302,74.1198101049915,74.1198101049915,39.881073205218534,56.89381556900538,39.881073205218534,66.10091716459007,44.48416853218682,73.58879840030002,42.30066488839153,76.03217246666046,40.47679890999287,73.54628644601983,40.47679890999287,73.56739257306867,50.468368806609945,67.56538499853309,50.468368806609945,67.86443287908622,32.160398784840964,50.657489574593015,32.160398784840964,74.43756612087743,44.7599849195685,78.30208330561838,44.7599849195685,61.05469883637131
83.0,21.089007800273585,58.80506993448779,60.16337133173307,21.644860821913362,41.29620139916019,79.19666186146989,21.644860821913362,58.91401573479777,62.730943321458184,24.962471832733232,45.37109487327807,69.22439057153193,24.962471832733232,44.77506281402629,71.19590051400431,24.962471832733232,45.37109487327807,89.83566246207572,31.97068970166268,73.00124142780038,73.00124142780038,31.97068970166268,31.97068970166268,37.769034936042516,31.97068970166268,37.769034936042516,69.4259407570398,40.08692118384748,55.19439509587907,60.47856025072025,40.08692118384748,56.70168648285516,57.910976938746245,40.08692118384748,55.79042256516794,57.23920203846311,22.72710386300903,59.50908544079635,80.45881710539871,22.72710386300903,42.80351913102473,79.9001016895473,22.72710386300903,42.80351913102473,63.046143815462656,10.056154831743592,39.545559169140596,64.30899042902166,10.056154831743592,62.93255318195821,80.55495794797487,10.056154831743592,62.93255318195821,80.55495794797487,20.19631773368601,37.769034936042516,71.10007911388004,37.769034936042516,37.769034936042516,73.00124142780038,37.769034936042516,37.769034936042516,73.00124142780038,10.056154831743592,46.18745771310648,77.98507068663848,10.056154831743592,85.42714000831351,85.42714000831351,10.056154831743592,85.42714000831351,85.42714000831351,39.34191467125106,66.93303556540671,39.34191467125106,68.99747277980549,46.18745771310648,71.49392456705674,44.066441313089946,75.45469667290433,40.38497554784452,73.11976476986233,40.38497554784452,73.48293169165204,50.35723632210171,72.47662554230847,50.35723632210171,72.51417964784542,31.937145301357162,50.35723632210171,31.937145301357162,75.08163057632672,44.83859944289072,93.22671961406773,44.83859944289072,76.05051774971686
84.0,21.650202077578857,42.72459771606984,62.91896574165853,21.78385296498303,40.683058513341884,79.0533443315335,21.78385296498303,60.53062241543531,61.84254199173899,24.902309129877896,45.2916796994768,67.29209648985533,24.902309129877896,44.530677627900516,68.79957303646586,24.902309129877896,45.2916796994768,83.11333376781369,31.91590512581462,37.75428783595315,108.28492508193372,31.91590512581462,31.91590512581462,37.75428783595315,31.91590512581462,37.75428783595315,37.75428783595315,40.02288407898661,55.16054976158232,110.77285317260723,40.02288407898661,55.530903558289054,57.650075888935305,40.02288407898661,53.605328559761666,57.397397589089344,23.323191248197578,60.710635394467744,80.94751385929032,23.323191248197578,59.15755446263816,79.79978853355439,23.323191248197578,59.0540112947461,78.93399932855296,10.022537103947284,40.36825795101889,62.62037408064566,10.022537103947284,63.625201374926895,70.94896933712286,10.022537103947284,63.625201374926895,70.94896933712286,37.651643390428525,37.75428783595315,72.00882758384557,37.75428783595315,72.75487097095287,72.87414665023529,37.75428783595315,72.81855017782213,72.87414665023529,10.022537103947284,46.53107832406208,53.91921039852123,10.022537103947284,90.54615535736457,91.45677257590057,10.022537103947284,90.69537612249039,91.75519740047426,39.112482023006415,72.75487097095287,39.112482023006415,64.72504345305609,46.64987942106603,68.79957303646586,44.530677627900516,75.12806566124273,40.32141180563994,73.06870910314483,40.32141180563994,73.51629921316768,42.75460501513258,72.41171348614809,42.75460501513258,72.41171348614809,45.80148742126177,47.74019532846509,46.08357896257624,74.53090801808334,44.6945885986212,93.05399642143264,44.6945885986212,76.53124361984457
85.0,21.918741980323595,62.714442116628916,82.732377277581,21.743533521486338,41.05357779779979,41.6473288459176,21.769387910549987,59.87584028637928,61.61814870636734,24.852062288671338,45.22456467452174,80.23338613071245,24.852062288671338,44.315417745971885,80.23338613071245,24.852062288671338,45.22456467452174,75.00937441413572,31.868871959954905,37.662979170532964,108.10469462516417,31.868871959954905,37.662979170532964,72.66853686431288,31.868871959954905,36.492413595157004,37.662979170532964,39.95536572226563,55.190726123145005,110.59667716527473,39.95536572226563,55.46400860017242,57.40758878406234,39.95536572226563,53.688918782184466,57.59462865580436,27.64988697987751,60.9492104132613,80.93921330232955,27.64988697987751,42.65871833517739,79.68043203949135,27.64988697987751,42.65871833517739,79.0704195638293,10.009058397271943,41.05357779779979,53.53392615902555,10.009058397271943,43.45717719778863,72.79079612148777,10.009058397271943,43.45717719778863,72.94111494897784,37.662979170532964,37.662979170532964,72.6821590901096,37.662979170532964,72.75456171265138,72.75456171265138,37.662979170532964,72.75456171265138,72.75456171265138,10.009058397271943,46.71976294888491,56.99694070737481,10.009058397271943,90.80496269477786,94.45385778251728,10.009058397271943,91.78976658647738,94.76540112298369,38.89673829513215,72.3059904157325,38.89673829513215,69.78990793803929,46.420698508316306,68.59454242139093,47.329813542839986,71.70792320239096,46.7573122623617,74.02655773436989,46.7573122623617,73.59216160706247,43.74255650965087,72.3059904157325,43.74255650965087,72.3059904157325,45.874625339069524,58.34180533716796,44.46494405708839,72.6821590901096,32.730433086043945,74.85984404204967,43.56783503916622,76.666069744053
86.0,22.192143880211304,62.751025888028316,82.73700048950289,21.422447339181392,42.18721666571522,62.751025888028316,21.552262062252307,59.92767515931183,62.33226491954227,24.81179155159901,80.1826118931031,80.1826118931031,24.81179155159901,43.51357546789277,80.1826118931031,24.81179155159901,44.411780531746295,74.70274426016758,31.829624565803474,37.58324094593227,72.66915611179202,31.829624565803474,37.58324094593227,72.66915611179202,31.829624565803474,36.33113334318102,70.61487980588794,39.901832664678444,55.23758910379779,60.1873014015415,39.901832664678444,55.5673577741465,56.0057697920491,39.901832664678444,53.74073175906707,55.257544733728444,32.538073852027566,42.60594148707431,81.55897406171806,35.57198687169442,62.751025888028316,79.95612077883719,35.57198687169442,62.751025888028316,62.751025888028316,10.147475055401713,41.738426539581006,54.06048695674133,10.147475055401713,44.29256427437905,74.49467262831618,10.147475055401713,44.29256427437905,74.49467262831618,37.58324094593227,37.58324094593227,72.66915611179202,37.58324094593227,72.66915611179202,72.66915611179202,37.58324094593227,72.66915611179202,72.66915611179202,10.147475055401713,50.29867045956583,59.16896357043953,10.147475055401713,66.38283852020791,96.88496400370906,10.147475055401713,66.38283852020791,97.78803607803972,38.105462206880524,71.16270968702638,37.796577225987015,71.21328001152594,46.217650848999234,72.90490381311808,47.26559266527819,72.13308013664742,50.29867045956583,74.22719346708455,50.29867045956583,71.16270968702638,44.30373855556662,63.67893097406708,44.30373855556662,63.67893097406708,31.821396103879536,61.7447264954668,46.367351121236155,72.96856343659233,47.62877281643944,60.66712454039667,47.62877281643944,75.82236642310764
87.0,22.453201330767957,82.56031885839589,82.65673747493304,20.348372170765895,41.36751442859481,41.39904890211851,20.348372170765895,60.132322838885905,62.68645188555498,24.781545553092528,80.10259827246554,80.10259827246554,24.781545553092528,43.022682970730685,80.10259827246554,24.781545553092528,43.921705909493085,74.55143358782578,31.7981917724892,37.61457496769038,72.59666831198247,31.7981917724892,37.61457496769038,72.59666831198247,31.7981917724892,35.06039432179849,37.18018625558511,39.86911398564056,55.33038270245381,60.132322838885905,39.86911398564056,55.81824298560463,56.11774451989317,39.86911398564056,53.558379363083795,55.35233734902258,32.52908314109084,40.04255548788064,82.57803127951162,37.62952630581469,62.68645188555498,62.68645188555498,37.62952630581469,62.68645188555498,62.68645188555498,10.138601974631413,42.28896132562256,54.4536155824386,10.138601974631413,54.4536155824386,75.18015861914633,10.138601974631413,54.4536155824386,75.32994922339985,34.03529418118786,47.098208564657746,72.14711532694845,46.34939319991147,72.59666831198247,72.59666831198247,46.34939319991147,72.59666831198247,72.59666831198247,10.138601974631413,55.35233734902258,60.46925871879033,10.138601974631413,68.41586986949739,97.86997113517505,10.138601974631413,68.41586986949739,99.83359279320764,37.764417776526095,70.34224370888377,37.61457496769038,73.10903671913616,45.86972040464166,67.79477302860448,47.07527217127905,71.24802628845237,50.868027777770195,67.195396047646,50.868027777770195,67.7007847074168,44.37123223441061,64.52973151966464,44.37123223441061,64.67113923536526,44.8433523501533,61.48765119924487,46.16942982104067,77.09890563425657,42.43873525448184,62.68645188555498,42.43873525448184,75.21426892551706
88.0,21.835435649420873,82.60363944766598,82.60363944766598,19.881932753130414,40.527768258318886,58.909814547323094,19.881932753130414,58.553394436189606,62.64875298040656,24.761361028828766,80.05455171319117,115.29581518858349,24.761361028828766,42.689826071325236,80.05455171319117,24.761361028828766,43.52585438564073,73.15303308817755,31.774596771635043,37.52998800959041,72.55326491619795,31.774596771635043,72.43408210228111,72.55326491619795,31.774596771635043,31.774596771635043,37.452119432683645,39.840886661820164,55.29743438894792,60.09564252090163,39.840886661820164,56.19707510182358,56.5168669513801,39.840886661820164,59.959204881319096,59.97608898552822,33.40540749639196,41.80467976195966,78.87383121162557,38.65709831324643,58.759903420614975,82.48806731885527,38.65709831324643,58.759903420614975,82.60363944766598,10.131942064579722,48.70555666451211,54.702205165788335,10.131942064579722,55.46765949632272,74.95235986945308,10.131942064579722,55.46765949632272,75.10230522427392,35.653488609110894,48.40574604321268,83.06648692463163,46.29693564373348,80.96756294961581,83.06648692463163,46.29693564373348,81.86709503823866,107.79900277831888,10.131942064579722,57.26081775525041,62.063123108654466,10.131942064579722,69.26923018195019,99.42731641757209,10.131942064579722,69.26923018195019,100.02227876828242,37.52998800959041,69.70022417467536,37.52998800959041,71.95350060976881,45.093028840387284,67.54628043053148,46.74239242914295,69.85017000695132,43.15948621102897,58.60500191963139,43.15948621102897,58.60500191963139,37.4419049996124,57.7007907224849,37.4419049996124,57.7007907224849,30.236257208854404,59.49585069565776,44.7931495878555,75.25225079690307,43.3093667697878,83.06648692463163,43.3093667697878,76.45182306524809
89.0,20.77621837582576,62.62863761890402,82.57912115056688,19.50640920313116,38.9268063164704,42.52665340701053,19.50640920313116,22.576121234614238,59.777305476242404,24.751262594057703,80.02925246433331,150.26019100214134,24.751262594057703,41.50301193889427,115.25677854252217,24.751262594057703,43.12819553378045,79.89052665992384,31.75885703233037,37.50333318519835,72.52814109020028,31.75885703233037,72.52814109020028,103.27451282867423,31.75885703233037,31.75885703233037,68.034302010089,39.826765497589676,55.27749315951294,60.07729396369314,39.826765497589676,56.17745321746083,59.94194065927462,39.826765497589676,60.07729396369314,60.07729396369314,34.884756699739214,42.98605878654148,79.88517540820699,40.13348041224434,60.98537734572116,99.83742409537619,40.13348041224434,61.13535188415946,99.98740545688742,10.12749969143421,50.184472200074,54.82751362226815,10.12749969143421,56.03348329347373,64.4376151793345,10.12749969143421,56.03348329347373,80.18513733853675,37.13416553525877,50.184472200074,84.3846327834636,48.684764043795056,82.13489666396373,100.25779271458154,48.684764043795056,85.88446454394415,118.25660658077416,10.12749969143421,58.58311403467726,62.78507983589732,10.12749969143421,69.69279912587812,99.70572325598968,10.12749969143421,69.69279912587812,101.77487410947754,35.92695714919369,58.127370919387026,36.976901573820385,53.47757707675246,43.42817345917279,67.42837866951866,45.37803708844181,68.92830514382317,43.58590655246257,59.93293126487307,43.58590655246257,59.93555914480151,37.57687121089248,57.83905471219252,37.57687121089248,57.83905471219252,32.48547752458012,62.49484978780251,44.4780985429908,61.518289963229634,45.53543949496919,98.3298339772828,45.53543949496919,59.78295116502697
90.0,20.475137362176596,62.62504491016354,82.57503405993849,19.425144787105193,22.575124584373835,82.57503405993849,19.425144787105193,22.575124584373835,42.525066137514706,24.825113292792846,80.02503514525938,150.2502079865449,24.825113292792846,41.47506781187946,115.25027114935565,24.825113292792846,42.975065444976345,80.02503514525938,31.75098423671304,37.575074850224844,72.52503877972075,31.75098423671304,72.52503877972075,104.7526849297907,31.75098423671304,33.675751661989665,72.52503877972075,39.825070621406304,55.27505088193045,60.07504681646115,39.825070621406304,55.7250504710404,60.07504681646115,39.825070621406304,60.07504681646115,60.07504681646115,35.47507928109534,43.5766135673712,73.42503830438224,40.8756192613641,62.17721648642692,98.4773133772444,40.8756192613641,62.32721115211236,100.25031172021362,10.125277773967488,50.47505572062303,54.825051299565594,10.125277773967488,56.17505006673336,81.67668731039475,10.125277773967488,56.17505006673336,82.87666287924485,37.72507455261023,50.775055391402574,84.97768089327926,49.8764097545122,84.3766333175246,99.97502813202904,49.8764097545122,86.77658814449897,105.25267217510442,10.125277773967488,59.02504764928191,63.07504458975831,10.125277773967488,69.97504019291449,99.82502817430107,10.125277773967488,69.97504019291449,105.75265954102525,35.775078616265816,58.12504838707663,36.82507637466621,58.12504838707663,50.025056221857454,66.82504208752884,45.375061983428736,67.42504171300155,43.72660803218105,60.22504669985735,43.72660803218105,60.22542029741261,37.575074850224844,57.975048512269474,37.575074850224844,57.975048512269474,62.62504491016354,62.62504491016354,43.87506410251728,60.82504623919327,46.576509637369774,93.97574820133117,46.576509637369774,60.52727690884499
