Theta_deg,config_01_det1_b15_s5_h4_w50,config_02_det1_b15_s5_h4_w500,config_03_det1_b15_s5_h4_w1500,config_04_det1_b15_s5_h12_w50,config_05_det1_b15_s5_h12_w500,config_06_det1_b15_s5_h12_w1500,config_07_det1_b15_s5_h24_w50,config_08_det1_b15_s5_h24_w500,config_09_det1_b15_s5_h24_w1500,config_10_det1_b15_s20_h4_w50,config_11_det1_b15_s20_h4_w500,config_12_det1_b15_s20_h4_w1500,config_13_det1_b15_s20_h12_w50,config_14_det1_b15_s20_h12_w500,config_15_det1_b15_s20_h12_w1500,config_16_det1_b15_s20_h24_w50,config_17_det1_b15_s20_h24_w500,config_18_det1_b15_s20_h24_w1500,config_19_det1_b30_s5_h4_w50,config_20_det1_b30_s5_h4_w500,config_21_det1_b30_s5_h4_w1500,config_22_det1_b30_s5_h12_w50,config_23_det1_b30_s5_h12_w500,config_24_det1_b30_s5_h12_w1500,config_25_det1_b30_s5_h24_w50,config_26_det1_b30_s5_h24_w500,config_27_det1_b30_s5_h24_w1500,config_28_det1_b30_s20_h4_w50,config_29_det1_b30_s20_h4_w500,config_30_det1_b30_s20_h4_w1500,config_31_det1_b30_s20_h12_w50,config_32_det1_b30_s20_h12_w500,config_33_det1_b30_s20_h12_w1500,config_34_det1_b30_s20_h24_w50,config_35_det1_b30_s20_h24_w500,config_36_det1_b30_s20_h24_w1500,config_37_det2_b15_s5_h4_w50,config_38_det2_b15_s5_h4_w500,config_39_det2_b15_s5_h4_w1500,config_40_det2_b15_s5_h12_w50,config_41_det2_b15_s5_h12_w500,config_42_det2_b15_s5_h12_w1500,config_43_det2_b15_s5_h24_w50,config_44_det2_b15_s5_h24_w500,config_45_det2_b15_s5_h24_w1500,config_46_det2_b15_s20_h4_w50,config_47_det2_b15_s20_h4_w500,config_48_det2_b15_s20_h4_w1500,config_49_det2_b15_s20_h12_w50,config_50_det2_b15_s20_h12_w500,config_51_det2_b15_s20_h12_w1500,config_52_det2_b15_s20_h24_w50,config_53_det2_b15_s20_h24_w500,config_54_det2_b15_s20_h24_w1500,config_55_det2_b30_s5_h4_w50,config_56_det2_b30_s5_h4_w500,config_57_det2_b30_s5_h4_w1500,config_58_det2_b30_s5_h12_w50,config_59_det2_b30_s5_h12_w500,config_60_det2_b30_s5_h12_w1500,config_61_det2_b30_s5_h24_w50,config_62_det2_b30_s5_h24_w500,config_63_det2_b30_s5_h24_w1500,config_64_det2_b30_s20_h4_w50,config_65_det2_b30_s20_h4_w500,config_66_det2_b30_s20_h4_w1500,config_67_det2_b30_s20_h12_w50,config_68_det2_b30_s20_h12_w500,config_69_det2_b30_s20_h12_w1500,config_70_det2_b30_s20_h24_w50,config_71_det2_b30_s20_h24_w500,config_72_det2_b30_s20_h24_w1500,config_73_det1_b10_s8_h10_w250,config_74_det1_b10_s8_h10_w1000,config_75_det1_b10_s8_h15_w250,config_76_det1_b10_s8_h15_w1000,config_77_det1_b10_s12_h10_w250,config_78_det1_b10_s12_h10_w1000,config_79_det1_b10_s12_h15_w250,config_80_det1_b10_s12_h15_w1000,config_81_det2_b10_s8_h10_w250,config_82_det2_b10_s8_h10_w1000,config_83_det2_b10_s8_h15_w250,config_84_det2_b10_s8_h15_w1000,config_85_det2_b10_s12_h10_w250,config_86_det2_b10_s12_h10_w1000,config_87_det2_b10_s12_h15_w250,config_88_det2_b10_s12_h15_w1000,config_89_det1_b10_s5_h15_w250,config_90_det1_b10_s5_h15_w1000,config_91_det1_b10_s5_h24_w250,config_92_det1_b10_s5_h24_w1000,config_93_det2_b10_s5_h15_w250,config_94_det2_b10_s5_h15_w1000,config_95_det2_b10_s5_h24_w250,config_96_det2_b10_s5_h24_w1000
0.0,36.1952007761184,60.82324650195449,96.6350199407595,49.65278617587682,75.67234920604393,88.47331791540124,49.64544940946336,72.19665395852644,91.30057266445655,12.525224548885342,26.303779006310407,66.96243765896462,12.531735369153811,68.48316315319603,77.8838072504954,12.531735369153811,68.59560231617424,83.35052786295591,47.9693196236531,57.387847177751794,97.23591276052116,66.73134069697636,94.49284856219772,101.87658722638344,66.15050516459948,101.5659377724868,121.77065355650947,18.075155600989994,72.31632906028574,83.28927536529287,18.410792400878826,94.53728172057433,103.78549931727515,18.41079393733363,95.23086980035227,126.52693212670012,37.938869477696066,58.78029703411398,88.14448055690816,44.29879718185999,81.83520721800107,100.91122431353536,44.284402462726455,68.03678502056111,108.6408759881111,10.125277773967488,54.60990809073816,58.370136291369775,10.125277773967488,79.35403299406728,90.66318318751763,10.125277773967488,79.6146864428396,91.84359548115744,38.56914168284215,53.60049534120135,84.8870823122659,67.53479038844335,96.92352654540342,100.81434729014528,67.55422594120031,101.07333715175676,129.15134248347297,10.16792402104253,63.85173489142511,65.41515778189238,36.138997210679115,89.27450900966883,102.80166223848155,36.13768459444696,96.76998936661408,110.2782971845545,56.08451927513749,72.94078791259061,56.60322987342255,72.01446783695549,18.311513039258134,67.22598120361467,18.30818069466707,66.29216459435474,56.068187952578114,65.2958160713908,56.070364600555905,68.12062296205845,53.91568682882989,71.32421061887018,54.10961083627493,72.7757316399653,53.837530317137876,72.59908058420538,53.62174814382173,80.45108972511508,61.63214034889542,98.15805356953821,47.261167559329465,74.35035367442978
1.0,37.560092501532324,63.37718724118468,98.16912043974753,49.50135666447211,75.28468312552617,87.46021240508846,49.495544383289186,71.94960327626372,90.31053198012134,12.527020795065361,28.55375833512928,67.69349637255769,12.533487509788678,70.58523258603945,80.19253751840805,12.533487509788678,70.75425886814897,86.85269720161858,48.64076994325355,60.04403390491204,98.22594388825884,69.21542638286981,97.11177029699454,102.67774744304741,68.50063381875914,102.5067322064915,120.99254977388199,18.076400360691284,76.86876877260185,84.66198706523393,18.087279308578555,95.7077830064961,106.01320801740698,18.087278971579007,96.40827593679946,128.3334076987991,38.55596376391806,63.938633045483435,92.25838239971434,45.87094617428581,88.69105462904555,101.3127895775672,45.854442558540704,69.09416938769573,108.442455619586,10.12749969143421,56.225715451142534,59.941345560571705,10.12749969143421,83.05825402728718,91.88502858212539,10.12749969143421,83.31515311705303,93.141700570249,39.14840407122141,56.06969343586297,84.13482911610821,67.24096629162489,97.9554095787136,100.68373016996375,67.25274525214778,101.7331454675707,129.01032369455282,10.127546149642527,64.8844672321372,66.2997650134038,39.129096698670736,93.64278970824164,102.52520317408953,39.128026740625096,98.34637207482666,111.34623937200863,56.3926671444114,77.51796104254663,56.72997909141716,70.9872945547199,18.762860504418175,78.26653050812612,18.749768374635654,67.95348582671821,55.618745845657024,64.97512690691141,55.62463547046566,66.02643546283267,55.62495660868911,72.53442186179298,55.71496309275977,72.43154681037325,53.18989162331887,70.68597851396504,52.84009042345224,82.74851739123132,55.62359463068368,99.58683832874812,46.8872377315408,78.66622418693026
2.0,37.972109296463294,60.463556269770706,91.10400768419507,50.122195757503604,72.6749674139436,84.33348079681443,48.618908050262526,71.35726360335644,88.08620905563922,12.509996003196804,18.81098945104018,66.83456099617726,12.520469788784315,60.74611743740082,82.86983932109315,12.520469788784315,61.15464911080227,89.10892170543097,47.83095191873722,56.42677035699898,90.51405656784071,68.11161003319256,93.10178226893267,120.29391090159136,67.49700527580127,100.89349414187168,121.01506411302205,18.08262287390853,74.01594556219817,82.28073281908185,18.08262287390853,94.39298911607061,104.98236559196182,18.08262287390853,96.04113088622411,122.93384774682318,37.367215366124434,65.70860141672033,96.14078869946515,45.49784021133524,72.48054732240296,93.4938056683564,45.4686176087297,68.68280009455773,95.94881242806697,10.131942064579722,55.91680432861195,60.160072319580394,10.131942064579722,79.40556311881637,90.327296110183,10.131942064579722,79.63143240805493,92.33959391493008,39.55160132068063,54.5461407397336,83.25827474435317,65.69048916211855,89.8565213322813,99.07567772924654,65.70132243996309,92.72058794179804,109.15869260389735,10.131942064579722,63.96821409454599,65.91592412584718,15.769931901643641,97.32027576897366,100.41472044260011,15.769675995099668,98.6475226959871,108.83139510683341,58.39334801324275,81.63705686540055,58.55438622283359,77.20711413639903,18.887359125896843,78.22498731273478,18.879532966222456,63.970236735326125,53.016994911629105,72.94484256788361,53.03764252798733,72.35021223604285,55.05525245236421,76.53343733724004,55.14102501248941,71.69078186185615,51.61723362330286,69.51964889521184,51.32801927035091,82.26248976838689,46.971425857841034,94.3553919126536,46.45814680635909,82.84286057110243
3.0000000000000004,39.05636156179491,49.953523033344545,90.30131631431466,46.8954990715579,71.18412950815656,88.04256482813155,46.89324063589982,71.59483238913347,89.51471949360564,12.543175435271564,19.870448622170333,64.32947029048519,12.551531731998901,54.20611308856489,87.36934601381759,12.551531731998901,54.86562281502328,90.68809436702212,46.821396195505635,53.591581114328015,87.50670932660334,57.12492457062379,90.58187471414846,120.38739551963072,56.77902130934055,96.09820228668374,120.50479374291244,18.09381800505355,70.31668951349519,79.76977151532822,18.09381800505355,92.27419573756579,108.0688597415735,18.09381800505355,95.67578507309052,123.98259626333217,36.441314006534846,55.73344852584016,84.91256202815806,44.09416182151707,72.85402974687344,83.11543749543196,44.058820901795556,73.00160517560994,88.06480684389302,10.138601974631413,55.82987547577409,63.15475001858959,10.138601974631413,77.6795717472067,91.90432136052235,10.138601974631413,78.11992624494981,95.94104064102446,41.045340491283106,51.811066495924486,74.27921904515199,54.66634138109381,102.43114051811644,102.60129345942696,54.656033919953686,102.59873293564594,104.44822434509652,10.13860197463141,62.75019079000852,66.69539909258052,12.888136337240127,98.43608941616067,100.02801644467749,12.887767834430488,98.92812237913087,112.66539182144734,59.177981694589306,82.57812041409836,59.20655798386297,79.7318461031083,20.424032251712145,80.96699203653,20.40761716660125,72.85934933364409,53.05929687410965,82.0018916269807,53.091669660926385,85.14561344990418,55.79264197407804,82.04515975197764,55.83519741856866,75.70229425633606,50.12900900470873,74.27675627278987,50.12466633358931,81.13938220343933,46.6003632839388,69.99396957448688,46.19610980983742,79.81241930600581
4.0,37.18362408432651,51.36623499631464,89.77960580681551,42.36103568616431,68.701642739909,88.12944092312594,42.362722949153365,68.58912360786078,89.5051430060337,12.552141251595284,26.763624254782677,63.22705802829292,12.561430454295058,59.757843280135624,87.2474401339554,12.561430454295058,60.44349446239064,88.99533634884143,42.075602493314165,57.107341073075894,87.49590631180116,60.41234712090311,86.76654681687918,112.32335110659415,59.87087324499401,91.27975566002726,120.51295524091151,18.10997653228739,67.48281265531098,77.29423115411791,18.10997653228739,93.54686378748424,110.54968204924292,18.10997653228739,98.6661513092756,117.79624032593019,35.457909110142026,61.848379538738484,82.2814890499752,40.74288830603687,65.66421537905235,80.6377760487141,40.72839120427218,65.76385142568533,94.58919480683113,10.147642099459397,54.80257943149207,68.30666176207446,10.148250758352996,78.07690293698435,97.08495896093187,10.14825051862182,78.87509710118083,98.66681783319444,36.94251555781159,67.71008972080897,81.57125867262634,58.12842757342116,91.60883530342606,102.71196047018776,58.021557076999336,93.98185280802221,102.97032673702596,10.96217707451041,62.956801304278166,73.91069188009287,19.09570124168352,97.34443439705277,99.51046393963965,19.094622631443855,97.8846865889705,117.812293500451,58.464475996037685,82.22945574317602,58.481351314123756,81.6204538105301,22.521074923995997,81.11244269323558,22.494587633285413,78.75431585340155,50.6045795861574,77.72449430363827,50.61260610845549,76.46835960134136,56.1761834773545,84.87023883160131,56.209942258403785,86.39105428844466,51.822158729375346,79.40623073563012,51.92268482284633,81.49950245970633,47.04707399424934,78.57719748239721,47.07870623585581,79.80857181906903
5.0,45.138061323763665,52.24185854145542,87.14517597233841,48.002157149451556,68.07353689035097,87.10246696154209,48.001743885625515,68.07929114016504,89.41862852522138,12.575422458112492,36.84257674970342,76.70426693292436,12.583561377600692,59.603899411649515,85.01625275921269,12.583561377600692,60.11770826508524,86.1963953152541,46.50568629617412,53.1229961617989,87.91522597449477,56.42155071902205,85.5689635992137,96.29214526067732,56.051493260288815,89.10402174185691,120.64643933397181,18.13108518539362,65.9238749215156,77.705602886415,18.13108518539362,97.56075580386981,110.01488279062346,18.13108518539362,101.24151386364746,114.26307409592036,32.7628267623843,61.80743276140061,82.09056221807795,39.797489501960655,61.25690867139966,83.41220519389297,39.788145646743494,61.11606456809811,86.93628586305907,10.024597429557167,56.332809500584894,71.57084495335585,10.053583172470267,77.3048560538007,95.5483525766245,10.053567315228841,77.9726643642499,96.44122452083724,36.24398069347979,38.67738035120627,76.28104303801165,37.662979170532964,80.43441231437524,102.8645903007335,37.662979170532964,83.56149093890554,102.87973455343598,12.987447280776262,68.49677531492115,92.0956370389836,25.706514812744537,94.3521709812169,95.62862402132296,25.71784743589485,94.82895588643095,100.40466086089405,47.7674186236316,81.49045276466474,47.45537053196634,78.88735320444992,26.525485630928138,80.6148887667149,26.51913610783998,80.78474227166083,51.37347710615325,77.50993498635441,51.35924569948084,76.10629433947163,55.408693612583676,73.6701016048982,55.44461472577489,77.77491885113946,51.5003313213203,82.1452305890936,50.897135374948014,76.17480722423738,46.48900807678206,80.38736748134856,46.46334034467145,78.66731841260626
6.000000000000001,46.03244811782209,58.44454827571495,73.87795438405814,47.90315688312732,68.20193999247647,89.30579280515572,47.90305516583429,68.21312178683982,90.5161245063147,12.58972795575822,46.90654076761876,99.40230630511793,12.596397357449316,55.98781632901686,90.27892708537759,12.596397357449316,56.25777999174496,94.73220971889855,50.26197618478604,52.55286347755887,83.90375859755086,53.666306714856816,85.54445138060525,91.19968204797242,53.414471154774475,87.10423862735009,115.43456351172352,18.03902020620854,63.51283146453974,80.45909186243306,18.03902020620854,91.3826574565041,103.86380892513695,18.03902020620854,95.38585398240477,109.58493302259753,37.76275153622958,60.926147595561915,82.13537523063353,39.42577953491005,59.529416086441564,81.03195742191109,39.42020103479,59.37815444305084,101.01289918703014,10.094934720808658,58.82982223743236,84.11139926159136,10.193266085375656,77.33863770421749,95.99138574227798,10.193201218234572,77.92811364893404,95.91254847215409,39.50895261085617,68.32405752745828,72.5193105419198,65.63668028313535,74.47817686960234,103.05103321065646,65.58696624183442,76.19296718053769,103.03901608345606,16.040207206792235,79.20417182090023,99.15872845641572,32.6223180141018,90.8862582349684,92.08840581997444,32.619593988745244,91.04773742376183,93.90629096697135,54.18824967816495,81.598169204824,54.16760459872676,76.77665019395346,33.379679092910564,80.4834304128857,33.389527807715275,80.36049641446436,48.91030283195104,80.91524971413145,48.92999203720804,76.9963109531074,52.78315615729636,77.24888630276942,52.885363410170015,79.65854891746024,50.853801119304705,81.26630700393271,50.757049442274486,78.7606095488153,45.78172415465325,97.58161871058418,45.62296551252625,78.76248948465211
7.0,42.942412396288525,57.67662494382131,72.42793614472527,47.93867175882119,67.2060257204339,87.96231410663185,47.93867175882119,67.1732387964304,92.7339790493001,12.648067510684701,65.1028199387593,120.1460007332516,12.871857030454507,56.52956994507809,98.81911576977825,12.87176126716389,57.55455310581449,98.23182109619829,50.3810485320249,52.35238434567287,65.8307822700811,51.96941638151698,85.69136173846088,87.93663677929021,51.82228159597048,86.27813493147167,106.7535612733964,18.056473908269023,62.927122965125136,93.19190010187516,18.056473908269023,74.9614728084866,91.99196914820548,18.056473908269023,76.76499442172361,96.32984297628911,37.835224515531614,60.833680820909436,82.0007042535398,38.4200187045481,59.1255377847757,86.88080076257117,38.4177163975068,58.92842371862398,141.7030558898974,10.242870661213189,57.62873061066249,99.07430682471953,10.464993799444239,67.53700088031212,84.53227199696859,10.464853706245549,67.62728847671129,86.01108116984177,34.23910900236599,42.550124346987324,71.56655128913437,37.748881262452024,62.38670022884944,103.25938214031692,37.74869743336758,72.07299021622613,103.26015557917579,20.802550196592907,78.67275255427803,100.31921029401445,39.19842891710266,88.17140221305068,95.54012277430809,39.19549464071521,88.45650429230136,95.55638681848255,51.12079597458521,82.91415554433287,51.11454128677871,81.93400883186466,43.87714097647631,80.01578885173517,43.88770621172302,80.38407784033423,50.68905667095076,81.67443757603452,50.634842656137224,78.20072559367846,48.827955254523,79.0442120052913,49.01003176819748,75.06973609974706,51.003208360778615,80.06856310897587,50.98833194792857,80.13319724314927,45.516009958810244,97.84793734783491,45.11806660475042,82.20850286650948
8.0,39.38253212424767,56.948667891547316,70.5961124853792,47.04860409078651,63.78636803670852,90.74724357350185,47.05038013035378,62.2156545988312,93.75387889187265,13.275170739917485,80.71528169699891,123.53199129314747,13.765204414588963,52.18798481699592,100.79016181972462,13.76491356363975,52.665052643207424,98.33163153798306,50.73376926154788,53.82424346130717,59.11307998836229,51.20622212520882,85.87667346020773,86.41081238269793,51.12909019921605,86.16094857941201,99.40317964062596,18.095061480967672,82.20451626851612,119.35212878291532,20.291799607711095,85.19670272617523,116.31553600930333,20.277573220492105,87.18908330598177,116.30762818824263,37.91004104528581,60.537580332277685,81.4837380978644,38.083704897256005,59.10063829822232,99.0423381834985,38.08288904792594,58.76030688743168,147.1151958795193,10.456329710268621,70.65601072652215,106.26501808948993,10.837022288949607,82.48518574434075,95.99717843760732,10.836802604710373,82.61669276315665,95.86281637779895,33.18094343424338,47.42934236195023,70.88521789264692,37.795370042819755,47.4169508491974,103.38520203588132,37.79469017263137,65.07502212783432,103.38546365715379,27.295372849730335,65.04615986299034,101.8637212677134,43.35664496169935,83.22004726905871,98.55048830493264,43.354678641483524,83.60135609181711,99.21395390937073,48.21179890925346,75.65558922702647,48.23808721659232,84.17093942993846,28.755989680211563,79.19277930150231,28.866005328957066,80.88455991596915,50.07437870473772,82.23655055703286,50.34999289266969,79.33671735929016,58.09437415970077,73.9655990730828,58.178720640944086,80.69180264941234,51.715459892927385,70.48916506606378,52.76597515399608,88.41344040375108,45.251439241947914,99.71644239167952,45.02347365041501,77.17937319789613
9.0,34.881755651682354,55.310016029327855,71.47835467409344,43.85370226553606,86.61673905888951,107.84946814900321,43.8556630039156,59.27192769747127,92.22587438124539,14.056857521439767,89.80380306777927,130.83034589670316,14.897765480285667,49.12775729311607,96.91022580688545,14.897598560702141,49.210378525674784,97.39035320093016,51.31839542839309,64.54071474422973,81.06175074484516,50.91534736327342,86.08635352195108,86.30622627202605,50.877109251819924,86.27991627138371,95.10429114134094,18.857766842888243,85.7691801255456,123.02340140887685,27.735905473550364,79.60803193280923,116.42942784743829,27.7328711000133,83.52737840331602,116.54024476369011,38.00821849051939,60.034811514654564,79.17109647542945,38.04048195071804,61.088395704140886,94.07914858809782,38.04022949156462,59.025384170923125,137.81661848020065,10.840217335420963,81.4675811806999,104.41727967720946,11.461589386348162,80.78028539291446,96.8374870955394,11.461295043056387,80.99831191211759,96.10260324410109,33.197748977983515,68.80569712336752,70.41175432315687,42.99532683568759,68.64767136796117,97.00560289232016,42.979289464391606,69.7322371712994,103.35351178446585,34.57536391836628,51.16745549213475,101.126807457807,44.55752911699221,68.65577546682985,91.12733136205927,44.55659083321455,68.88052959685463,91.36093810067393,54.87554574782007,94.52779886295042,47.0154264987742,95.4683061853288,34.876453171362805,78.55375125296685,34.96620302770327,81.9034422110282,47.79681407988622,76.69421200361585,49.45914413749336,77.2750746772595,56.140265050862475,85.63079245757166,56.14397241230643,82.59239508528582,50.926776635561005,81.31306113572363,53.215267785956094,75.6311283243388,45.80488599538745,97.84027023443184,45.145698932304136,70.80027558882935
10.0,31.878838710448825,62.4517804746876,89.61516092020983,39.83328203663294,95.56039550262444,102.42291688812442,39.83692329653319,59.25383598334219,74.86608834407618,15.890020619816902,95.57958792620494,127.87569796721992,17.196999982829432,68.63383838068273,106.24975350519534,17.197047689171693,68.65559774354526,92.66432824644845,52.059546944639976,83.1333543825139,86.4821645873654,50.75068127195098,86.32238201897673,86.4599406022551,50.73785900459721,86.48076907364907,95.3535567991932,20.473852775453576,87.23794681485582,126.36416950386618,32.098401759426906,72.45089443974821,109.31073782823218,32.09351685547876,76.64264670473773,113.58440046645683,38.19816824573929,59.228803023989656,80.14489329349276,38.122540281637285,93.5993914542309,102.05521655484267,38.12246908067672,77.89318451419341,124.62964437639997,11.584809570536452,83.26787107285766,105.89453158751502,16.024136665606164,75.7590847884148,93.63637753242708,16.023483880990845,76.2791519128198,94.16639955862271,33.1371289864161,48.192668832127396,69.47536267778418,37.16129787249273,40.67660456757441,88.13480915718343,37.154816686161894,59.446221726782625,98.34554998516865,39.768275921485625,57.54256541545716,101.70538277184801,44.27124949162412,83.81604700028123,91.38420959174834,44.27073478994847,83.8123738035533,91.4110776428701,54.515724404529415,92.32876427724203,46.06682649645836,98.39223550357377,43.77402710109121,81.93958968992911,43.800271564227394,84.31872916432613,45.572898566051954,81.3525833414834,47.93196052180991,76.55413347756496,53.47026415201992,86.17266059929175,53.477072065675905,80.99641807652544,50.16176041617413,81.65470566326846,55.87614038485529,76.55058272237395,46.845872633529865,97.0796292966104,45.38971843842942,72.32099298532833
11.0,30.360818893890972,68.39171402097992,74.62176994229067,36.049468864586764,96.10625032121736,102.82639050156132,36.05229889777931,60.29432007549812,70.36035287119748,19.263562408128717,98.05752418241077,101.49053726491846,20.974981407904934,67.00992317233386,93.14840580648733,20.974567083192884,67.01974945406778,90.66028281105757,52.391602056866,86.58346406791541,86.71991291454974,50.89588637601275,86.5848429220068,87.53242938566223,50.89776851653921,86.7212088874505,108.52453376454487,22.120286542846895,88.4010308442645,127.78833940767672,30.798252295977832,61.482856794982844,104.09571886344102,30.792999518847235,63.412720625602546,104.62671813540004,38.50274020337705,57.00157046661757,79.74560119763947,38.21871531399947,96.39598550691538,102.5037743474999,38.21869818540082,91.60816421194869,115.0844506700774,13.883755659368514,84.8524178365393,111.9357132916383,16.96441075359468,73.07324951568148,90.21551575201777,16.96369449710913,73.44312640564685,90.49127579821001,33.695807445137156,45.439403303212345,65.18330657195546,36.21511773897791,40.367834982042666,79.53530039061903,36.20693886830477,58.43771959326111,103.65305091399458,41.33058102935455,65.07745544787527,105.29145020534654,44.413005946012476,85.18559091521011,92.00972457455273,44.41268240305192,85.18227859162769,91.67235962627021,73.36016010024984,99.35951959405956,47.76478533163904,96.60913444465709,44.15754642965594,78.6746308612982,43.1055451650217,85.81692571669066,45.624644314416294,78.24635833241798,47.4434613926633,76.63169831224856,50.87191565076874,82.22121955966112,50.86796892025226,85.43257581957609,50.16272137058943,66.62261801540761,57.424735850233944,83.36883254411549,48.64499343474556,93.62947135206305,45.60792557092363,59.96576051109029
12.000000000000002,30.216418531971662,69.04165411370305,86.40959444002655,32.99125149010246,96.05125282247653,103.44901499695361,32.994914917368014,53.95664968400684,72.31660807127471,25.11760492145434,99.28528584447166,99.90431246019017,27.009533802348127,64.02319669593786,91.75807839874628,27.007479701688766,64.12358728282042,89.98987415898776,52.24056074378443,86.8713844464998,86.96243644792901,51.06932787887461,86.88611746190303,93.61907660811671,51.07168050930099,86.9863108024841,144.2260714628826,22.201173938233044,90.15809491972101,127.64848402733483,28.415999415493257,61.55777433857001,99.60554771584557,28.411580720763613,61.689162911456776,95.02718309194888,39.05381145712162,59.09324956403316,82.77794156653333,38.36098020010062,97.55608997913615,101.85986114740503,38.36097859095745,80.14977025595722,102.4644045934097,15.963648753042023,84.8520401407516,105.6029439706611,18.279790983273887,53.77948847367828,94.85275666068472,18.27942206499364,53.98638856288508,86.15520849192322,35.53941040666219,58.45317336152373,70.69390728482985,35.59857559851923,69.10384033397023,75.18247185347133,35.59258862657489,69.39271033564793,142.12623565755845,41.07559891368722,66.07345995317867,110.28363419587023,42.86386345725207,78.25715015204304,93.03754224034805,42.863641030081574,78.2550758309079,91.9848939597488,78.78090239317608,99.54505128981279,54.63804649293133,95.91740530524058,41.419368414632686,76.18879924757448,40.62558037573536,80.85436510131153,46.879854945294014,89.04299778926593,47.55914323720118,78.2329823923955,48.466584175945805,72.11568118736861,48.51415655955098,82.33875450350048,43.52741118898956,65.01150708731771,44.13407961026398,83.93792163616453,46.83625645390463,89.91724894406006,45.8909517244979,72.81788428723631
13.0,32.32355897328118,69.42973481358504,88.18296791238674,30.751198085865227,96.59209098191349,104.1320556686783,30.75413016012103,49.81824661482893,79.30540240832804,32.42611368625927,100.61563787263955,108.24773516752386,33.87420122099557,61.6640052936357,95.57212596949039,33.87070381824401,61.546395451900985,89.64238104889763,51.815508051503784,87.21468643129259,87.27981774832028,51.25798718248698,86.47034334396947,102.67427444802281,51.26116300883865,89.56345506714796,158.32242052985802,21.787626392345768,91.73880505079934,125.29842120192103,25.493408529591502,64.54984745310412,105.18467593688682,25.48739501825954,64.05717085703661,90.45076980730698,39.56974410018194,59.71698670140806,81.0309412002855,38.518907694793214,97.20651906555791,100.07075858576992,38.518907694793214,84.9069293813764,100.59676551875353,22.598943682345702,85.8289190979148,97.64505525243264,26.742514479967106,62.64832556255796,84.32303134963091,26.741011512275836,63.230619079529426,83.26730422368452,35.69124246384355,52.2503576256282,70.37287139918705,34.35969122900343,41.120792459089365,87.89276049675438,34.35662326201858,54.29015057507554,151.16662064644908,40.63148082620621,66.77958580611852,114.77227061220472,41.266524065826665,72.10042991205823,94.55943728563275,41.26634516225433,72.0976605193307,92.33638982250005,90.6947938198945,97.48332775402002,57.745146026949286,95.93843867710581,39.37799105963229,75.14336323939771,38.84180631735754,77.66020275037467,49.79037216253533,91.19473662102753,47.35621593546821,76.26695261054957,46.871682334427824,77.69579366207212,47.08824608274867,81.4987207819029,41.9971417223577,81.94720400048206,41.30927538297047,83.343948246789,46.951261142653976,80.50064365254761,46.71772949853316,84.34182768767785
14.0,36.12058603559366,69.63318778129668,90.07352563032471,29.49446127119406,90.1844538347463,99.54099040338156,29.49554039616744,53.59552172694838,81.97629327294747,34.44297364887681,99.7453915861956,100.63885661142558,34.915040936524015,60.45101891583806,101.06070908211167,34.90942631145501,59.52951507849782,89.7100632260174,51.461696921108185,87.55434843656082,87.64167263858842,51.46169692110822,83.92780557497832,109.5193006542168,51.46514067131153,103.03809922099497,156.28056429837918,20.785797800799955,92.96391298960232,124.17903762619525,22.377859981615693,67.5970903589566,114.01842006525017,22.372485854824426,66.76939873619504,98.88607150233267,39.82056874872639,59.50325759134676,78.46670437468393,38.655352152062974,93.51835390827449,99.97825216813096,38.655352152062974,83.04912850249254,94.73454118172404,33.502321133852185,87.48816155797978,97.86734773273757,39.27830643903233,62.316284202510545,81.82675910303571,39.275878541134496,62.997650238456764,79.96595608878988,37.301992391923754,51.7201513793559,70.26375043246927,34.11656257959115,44.68148110155251,74.0555940602131,34.11512900060715,85.76364073246226,148.82364454616092,40.33031948483802,67.61000610744686,116.42905851070947,40.82172142760256,67.33940252455878,95.13266329262578,40.821575877858244,67.24783059112706,92.6865087323949,84.4730666201275,95.22689328830496,53.75950292108379,92.65058036167105,38.39333879935129,76.41018020061236,38.015284233650064,78.34344169032116,66.1419447899584,94.52801823493108,46.03204079574184,70.93993788483563,46.104399125061725,77.47856562236292,46.39154607660849,80.76775934629337,39.280063712966104,82.44312380539151,39.4570643357733,65.90108845617702,42.42415506699202,97.18144318803192,41.947508058540365,84.33919925789489
14.999999999999998,40.56402141723305,68.85663303921704,93.08497227245259,46.875041944993626,88.85692193133356,98.1630031074537,28.95676355760982,54.657760065341165,98.92507793739372,32.462352121022334,76.34847876415175,100.46598459454911,32.28989878023193,58.68327651181318,103.95707753768352,32.2804399997331,58.73891591830079,93.27022905820617,51.68027912076327,87.95450304251364,87.99659175056004,51.68027912076327,83.55204481373774,108.39769712353552,51.68367095995227,113.47725716944257,148.2717181760293,19.375980161761493,93.42355769287158,124.51347442992287,19.75714054102948,69.12874490076867,122.64601430227134,19.754667410248892,67.24601471024778,86.40755686145587,38.15858720917208,60.21399921945469,75.01755401203597,38.078737329354105,89.6068114227149,100.8054015918464,38.08223191730835,78.08919469369637,90.8926408677944,37.0558936498025,87.33615959716036,94.20195312859593,41.582263574060704,62.52744516003362,98.16157035316648,41.580627299786364,63.00696607992763,94.54483656954552,46.51919703113418,70.53021581419107,72.23977793401068,33.931165411726354,71.43312895389042,89.373558700804,33.930601985428815,127.1669930306294,144.37573927114695,39.020009613980044,68.17040724094257,116.5428793478457,39.65676678749505,63.35346223281831,101.91196406085744,39.65670906227862,63.117647173384476,93.1011377717984,85.62733380059265,98.24493638023225,48.65439085999353,83.85383814507072,38.390121182796406,100.6530456345967,37.827806249298746,80.769041914568,65.58816942481673,90.13890686442231,48.38771318721526,74.5993028187932,45.79444827257608,84.67381804117791,46.22994207772084,84.04950638977292,37.58544496627072,84.28209859056659,39.68664172942646,72.48209324041065,41.53854776227003,101.2240554152976,41.943755722466264,81.12245725916516
16.0,44.41130380712729,68.0261442178825,95.66951066441045,53.93974020803013,87.77934630333887,94.27348237081569,28.863805667239724,51.41188415732867,101.65280910512976,29.541763402138255,77.84140749192994,87.60361346238366,29.208285969356563,57.77192186645387,107.22601250790508,29.19410210218261,58.327771053342914,96.40818617308763,51.91354592011607,80.84138519783905,88.45676579205943,51.91354592011607,87.92463426265226,118.28749355990337,51.916773408900085,127.43710901673428,144.29869025863124,19.73978156933417,92.7993370525011,123.31459549341736,20.067679163597166,70.29691803485294,120.66438603224074,20.065323475908475,67.54651847630662,84.47558097184894,36.34353140833503,60.357186172056494,83.6417483040572,37.53324455947433,84.93666572467237,101.33554251546755,37.05678979502822,74.22347389691306,107.09825366637779,35.23714293007858,85.4369293808566,88.99423902320379,38.49698216061313,62.742727478281196,101.20852193574369,38.4956336726464,63.209803794281655,96.17684338787602,38.68297714523877,49.14905417455971,70.9388115187155,33.989914697357456,59.975792425429276,112.4647216317154,33.98972017753294,127.22181214019967,141.86062155117037,37.696843558479415,69.18950115981443,115.00579675342327,38.572117055628006,60.5364375830933,102.76138652549947,38.572095063277736,59.832418523255946,93.43388731007154,83.59764879238683,93.59897660298004,50.60045382813381,82.80918117295799,39.38174794964712,98.77227863040102,37.9756701975587,92.28073326630829,68.13173680620709,81.86959691726244,40.07732242096618,70.16266872738025,45.78733892566564,95.00536984419124,46.34008282277563,87.47781880730162,39.47295256379942,102.14980273273082,38.13655882476953,76.69162091911284,45.726644999298074,103.81441084479232,46.09734142071072,81.78401454764646
17.0,47.457326625198036,64.3977768561335,99.38602932080498,44.147882348720145,88.3158064342129,92.63468962116426,28.842912017923922,58.49259925076127,133.4348756540698,25.32057689034442,79.9169067286552,93.97121680526726,24.95630697677862,57.5835985432913,109.18840818711105,24.943636912646227,58.13993984787623,99.83855979273469,52.20398691670972,63.84582140131032,89.08516761606155,52.20398691670972,93.13617896245421,120.08199769536907,52.20655013230506,125.22945685725553,150.9682192054503,44.141611175157664,90.84488616018453,120.29208022143672,46.098401768059624,72.21108498883439,97.20837716511281,46.07646523604344,67.87179366628591,118.20988979401817,31.38336886851573,60.10643711163826,90.41428066906276,41.18598492877634,81.74952159082078,94.23883718571022,33.39225244682985,71.95146667694996,116.02822637026954,33.3897844139003,83.49492356891044,88.92311018532635,35.57493433611953,63.448962664217106,100.83748893781947,35.57384720500311,62.9251058837682,99.73082447346904,39.06741356919787,47.002632121593265,67.21405868533559,34.10003264520809,70.83276238105941,113.91817687926431,34.09989500119634,119.97673355105894,137.85623601952437,37.42040542608316,71.18293570945697,112.52428158695635,38.469416419430324,59.301863136460476,104.7210513872805,38.46938934017255,57.870246161850986,85.70833646885188,79.5523086446853,90.24925570773839,48.833422797190735,85.11338107919173,40.44225458334166,96.74699804006089,38.25922930499077,96.43423656951177,74.03239955830544,88.40889104008836,45.36831532469538,85.2621167693347,50.032676478508535,99.3693772327385,46.51815789915106,85.44249814452533,47.697478889294814,102.23564720786094,43.82535463298884,82.09386833309425,49.565659653243394,104.64464899248989,47.128101789965605,79.68829538531821
18.0,49.538897471939514,69.28936739845523,100.65338909189718,48.226038517023625,85.29185454034996,99.78525171908527,28.95585764242433,70.1091465301621,132.43369697574798,20.10198563556401,79.34246174081566,97.57310043850836,19.77093528286685,57.89714165695394,114.40840022191063,19.766582513650164,58.0028751721686,96.39049189844755,52.46838333701544,62.178131427607404,89.95005262060333,52.46838333701544,101.3271581935476,118.25678916236558,52.46838333701544,122.52020782412158,141.02323715882795,54.913821037286674,87.75279309658785,120.96746168597112,56.50865414541384,74.50599990265697,98.65136934664515,56.495676538104036,68.27785018138083,151.7464537184928,26.190922130350113,60.66067621099262,88.4681888389788,57.60545016237475,81.57458462539469,90.15405543192526,28.929122796301687,74.16271263223084,123.00753065184516,32.07171975507652,68.98837004235125,90.52267100378961,33.33227754637965,66.30392474283286,100.26447730012801,33.33133853584468,63.261376065619345,98.2197146445122,39.32538776551942,45.84183456882799,74.5934724016066,34.19032534519941,104.94690780658522,110.11869594239005,34.190274916877165,115.76805988614866,133.71967828586597,38.331882721097514,74.31369349325033,110.40296521124355,39.25269424848296,58.85996464005623,106.94478843200235,39.252679602715446,56.97142556932484,78.43777851506205,71.08258988646266,88.23214369451392,51.09324152310628,95.42713702532888,39.6486104454016,91.10989575354485,38.580805482334306,75.88642987088986,72.42431584536095,89.07937145686564,49.780612991190964,85.25980262346722,63.82946056803593,102.70607873504864,47.15450299509148,91.93110382806648,49.27310892610449,100.04952030685665,43.23019435818606,78.65987760038728,77.558802147156,105.05628739997299,45.82010279820014,79.74609784149281
19.0,50.232870214631376,70.13553928324384,99.37895405696311,53.03563971252595,78.50444987726489,99.46193337227128,29.067400691856996,78.4193421259417,130.1669945870478,16.9210837700707,75.35444278519938,98.75600314226008,15.264215774067758,59.382993664400885,125.80941079524904,15.264011902848246,58.26118771677458,93.41021619056094,52.794566481788635,62.894455120625636,92.49353731848159,52.799378715705075,97.08170381257523,114.93945289684757,52.794566481788635,117.62408929803593,132.26499901223454,55.57654250097481,80.53228175792266,122.56472905807597,57.17603901345608,76.04420445430898,112.51034324685072,57.1649726621844,68.589950065589,172.64503884016082,22.81225582508694,60.04070214735451,79.56317721832164,57.045864392524656,81.8845614576549,109.30119335442868,25.101351860101644,81.58727337863286,124.57932304973436,30.651636528130766,63.196996325708845,88.96039083188823,31.04159825486201,69.03873406228276,103.85236693812362,31.041011904588984,63.37220408033793,95.64175694165124,47.95368168087724,71.98443561662242,99.33045956264809,34.46201922027086,105.65001844572704,108.77707273059042,34.461955695971284,112.23582516993987,130.9438831025442,40.083523070189365,78.38917248650523,109.74303692204357,40.56411492886796,59.23409409140881,109.267975117882,40.56414166970104,56.83357952111069,73.72823127705348,77.02158579826441,106.62006214447543,43.55068989346419,103.89794758655938,40.729776812021456,88.58315326502698,38.861723385014365,69.0240827693792,70.43553360787627,89.83121946371566,51.10635443714849,83.55094787659895,67.22323613864296,100.12364299870568,48.9055624683967,91.17515097355185,76.17867085022527,99.54193593618825,43.88171228525041,74.29040759099118,82.29622856301455,106.26960748486067,36.06229041975394,67.11372012171276
20.0,50.35991709683406,68.30718811735116,97.67636756075858,56.97655396334223,76.17307298846808,104.88147427168192,29.249176946742562,99.72247223971588,124.66508873445099,16.191685533289807,71.92708397131966,98.44432694662734,13.504449096829415,62.2291755068616,133.68147255585717,13.504455329457356,58.93529430018574,94.58210157855743,53.089087861819586,64.45868769774007,94.79373876973695,53.122815779693,97.8804082437359,113.35511316809296,53.089087861819586,111.4865239364018,128.99569812472035,53.97119336921563,73.87046028987209,123.95320856200769,55.69263896839653,77.60121759886988,126.38502112988355,55.682419187114654,69.03137873460155,174.46087768214707,21.361915796898707,60.48935916632305,85.2779435056254,50.00348221943862,82.50194591168334,114.29132224051989,22.58038800315243,81.8778540059558,122.55132720820144,29.666939069907855,63.533784038161414,102.24271391149051,29.482108042004395,67.5515704391508,78.312460014469,29.481722013985618,63.87850003780318,99.09967331647204,39.428200243215365,44.476872543150236,96.52351568656283,34.64713252571981,105.88197592940539,108.590266105317,34.647042860704,109.49340469690365,142.35987769454232,42.45075143140799,83.66026835444067,102.39548193810778,42.025438553346405,57.09515127585367,104.22174161686338,42.02547219283023,57.034107614278064,67.09250463677834,74.85286187397956,106.67489848510685,40.205067571796576,107.28744687055874,52.030289531786295,96.45154314064177,39.016505900517764,75.5852183300332,65.99617143265009,99.15934226938373,52.27878011313694,98.18959779257531,51.63400983384235,94.78050697241258,50.266091729184936,87.73087370244428,83.83387560944783,97.31881520715538,41.309146296841256,76.92041995697902,84.04741066301146,101.73008152941244,36.4255583467408,67.73988099276147
21.0,47.98074577562802,69.4338256135314,96.33358022092146,57.48871320760868,80.88962459339277,108.55544177656458,29.450461871841057,111.03241932780854,124.76697918867349,29.594939350992554,69.02250180513767,111.39216683177827,26.673100719276924,65.75567755758895,131.0296189576076,26.673111670882452,59.38022993516896,96.65805846754027,53.44980121572015,71.1733549660195,97.51735678965095,53.636438955084564,97.5477216419279,118.82740551893657,53.44980121572015,110.22213658816449,133.00927578664786,51.56420431092724,71.59100502743982,123.27229047225404,53.41224905362874,79.8647881317655,126.29782902847182,53.398976932357705,69.44343921494671,170.36010157451645,21.213781121692403,62.41366171788742,104.934814409357,39.64049377919495,86.89279840771394,111.91467717861333,21.314137682973755,92.42067937900106,127.74285108562057,28.909663050060317,63.82235293091573,108.85572094154011,28.29635069942248,67.32073850637522,79.08892443691202,28.29612023165282,64.99005998237328,96.7545433173968,39.36597162021863,42.96177822330653,94.85365904769186,34.82663548825654,104.71144216602701,109.4575855054381,34.82657868436588,104.42737703088656,134.35629745845029,44.08110041001328,89.58832593926219,102.88062187719225,42.86340222147561,56.91017270960146,88.08796461436249,42.86340222147561,57.3573848997153,71.23160438091955,73.9132082639862,105.36010772256752,42.76351028999556,104.07994809091758,50.25917808919587,92.92519044657853,39.18984769478423,82.75685039722435,49.14188547464694,103.89027019617446,51.069575251551264,102.71962547729002,49.987246482012075,89.24344488945835,52.60706734454252,84.35110931605699,82.24878419824422,94.20741519636555,42.10220152747579,81.55748166654551,84.55059859557997,100.26501579500781,36.587171779676076,81.93968113798175
22.0,44.98277023100949,72.06730320475705,98.5289061223639,53.69027928058232,93.78835381580218,109.47052546344236,29.609915455941923,109.85713738565103,123.62495280677967,44.36491599686325,67.57582401200087,118.89515055525833,44.178168047266524,65.59730807792677,127.9321214971597,44.1781385649395,60.60206985513058,94.53551014242237,53.7733786366451,83.44005791039456,95.03312467100506,54.26380969801822,92.8975421990037,129.41186093213048,53.7733786366451,112.44877472100836,138.63953541759417,49.62222316550239,71.45057080468659,119.31136168908853,51.49930021952234,82.62443627737322,118.93448629948932,51.486782256755866,69.92872263955634,165.86137321459535,22.35849731709653,66.1378559400523,107.1145891352315,43.00082097760755,102.35716499790459,109.63074753062062,20.895214020652485,106.45931954407946,137.63219572667555,28.71423959333945,63.060125671703666,100.4671654016442,27.77784153235497,66.22427448150367,105.83143332635326,27.777694337967233,66.4325149517985,96.12939378726995,38.84348383249204,43.03899932996258,94.80954130216163,35.118348724359834,101.68991837300355,110.23589022413448,35.11825238477036,98.19838581912036,126.66439566649478,44.62371238111104,94.46215241713999,111.56685664113903,43.13289058247778,57.22689167830847,82.00848597411687,43.13289058247778,57.75828489812289,101.69762257729603,85.64822997393478,104.80942711624739,63.94255499218925,103.58766377099512,50.24839560149864,89.51009713235818,39.46845842096804,84.93070126939399,55.06627366740574,107.65911020278581,49.71669286901461,106.42665424000275,51.12631027673801,96.41482252729115,54.29767452610297,90.25410773056424,81.43370036992991,91.98877112590677,42.930785644129216,91.70567953519593,82.71766450198129,101.09378481564346,46.641116306602285,85.49829545077048
23.0,42.235792896126064,72.06841680690862,99.20151503207674,39.10972598474382,94.5732233642579,107.75828434265651,29.838979740436756,107.93355134459813,139.6873304781183,29.804035122072634,54.082414739260614,117.02459771465566,29.80266734962271,62.59156901766572,113.37911879813188,29.802667382559516,63.52866770375224,100.3060891342579,53.85501163495677,83.3454728068686,95.26166900348879,55.053494419993335,90.79744216920487,99.22896671141558,54.16734486754912,97.87183216039206,129.8013616454664,47.17566788007181,71.59374256381263,117.2490495665482,48.93916153780131,85.50403891226863,110.02112775085239,48.92467491863053,70.4365405879647,129.15872014788155,24.326694774724377,64.97607124406704,107.62694998840067,46.99112252265203,102.81248100430265,107.76634212794316,20.762750211597872,104.29746671751658,145.12963016501936,29.06301178644425,66.97556516598307,118.95244956933702,27.96796401156427,68.41743106877371,109.46359481463823,27.967875675405217,62.82525122999693,96.02670300392997,38.37786065528181,73.67750720423156,95.10126400285574,35.19608095387507,97.4077338614938,98.19605920083949,35.19600716151819,95.61590777614043,136.20784787434042,45.416349062106356,97.54043392357858,123.07520840821132,43.4711542289827,57.57851901233278,116.27263368244815,43.4711542289827,58.253994582700294,119.91242300319907,98.94686932615721,103.61136400729639,90.07109174743186,102.92059196869305,49.411804184011345,88.32348751368104,43.832443419883205,87.21612177093533,56.306526942680065,100.44984386394543,48.11822777969774,97.80043371566195,53.972033715253396,89.81385561149861,54.49343913192802,81.60396343108603,81.15377149017985,90.50390660256669,40.12319739783783,87.51176599725518,79.32124130449937,109.84809145926326,47.80561737250835,97.28096118739637
24.000000000000004,39.842893490061094,76.17050913501805,96.88605956663498,34.9762274149145,87.44490636111254,106.68149947431726,30.078979480736688,105.27151725896131,143.48355269500973,30.204523202440146,52.64261006127843,117.8153879814536,30.202562293042256,62.955915642608105,120.60295263546502,30.202561777687364,65.59838467620304,108.40452802813246,48.90836102083253,84.34992157221181,97.17584991299728,54.81151563345724,91.97826326353508,128.62778183397106,51.9294613829883,108.76191546785687,136.99374044649284,44.37680655036033,71.90210651724914,113.69948569031752,45.97517302708104,87.09179077623828,110.07985192591099,45.96084842404379,70.90646127117047,108.77811432677593,27.32673353008194,68.84005276049807,109.1355387243578,50.480875579158706,103.00692990265422,110.46825213012495,22.09414794883105,101.79074510357827,148.76306927495997,29.877531485777872,90.24581217744614,126.12237209350873,28.70336292812562,72.62969154999735,110.43829189146608,28.703321752545115,64.16647825608236,93.93187824274695,36.82636572612029,74.19980566351265,94.16888376594284,35.59069950163395,105.33140834965208,112.40447439288512,35.590598479909644,98.05354494943492,145.54330919317303,46.28465213011502,96.82990886084733,132.88611070890028,43.765183079703895,58.09262457024845,131.00537098507704,43.765183079703895,58.837151853895016,119.18680663134089,95.18976348572747,103.81961108372573,76.82264980483093,103.06528713257788,50.37407856072435,97.21675219040114,44.93046199172214,88.34176031512295,69.61817862568867,103.5165236297616,46.300493231417676,94.50987788294,54.792717237661876,94.75416759365778,54.34758230841795,79.40364620135612,78.87952471105346,95.78754581116016,42.189160655231895,108.88724294330748,78.4799476897937,110.27528449424283,48.13993288339028,114.37295193100226
25.0,38.7151658680243,75.68837027407656,99.38109396878397,32.45307157694819,90.67705085649865,110.13576739189058,30.331304029374724,102.90004563119977,141.79398907157187,46.43874508496255,75.90165449388198,108.51911408107124,46.30180098801533,76.87272454400674,111.24801671123349,46.30172869946029,67.48764146480049,101.30619601329437,45.278675240412696,84.11112054935381,100.80145087090557,54.03995266530564,91.06539468080697,113.18734206199262,49.72042708728741,105.34072822375062,144.04049046266957,41.27524379036088,71.64690544519303,129.3447111636568,42.55304694226561,81.18935649733073,132.92368245179784,42.53889153367332,71.51783868378573,123.35817741628256,30.93063552092452,72.50171332971665,113.89817584081592,51.39518486679265,101.16427189495502,111.1874919518321,22.251242630177792,99.157340523081,147.32647131891918,29.895408209199978,105.4666554590555,130.6377625994328,28.898485202081265,82.03797493605792,108.97074244754661,28.89846355362242,52.84520138936219,93.25468472483726,36.19869966050118,68.71246526838452,91.96925250744286,35.88365809654932,112.97123527695004,113.01783785662353,35.883273438956124,101.64405471137741,159.44901240737917,46.66097021096399,93.29451350427848,135.73196219508,44.132258609774325,59.954579294408965,128.69513019599887,44.132258609774325,59.5479763107436,125.50814990317504,69.96308927976672,103.64801220461963,54.73321346778685,100.16308224041246,51.518854305822806,89.36737548511358,46.0303504746614,84.87037370637087,83.38685340240747,100.81321156002795,45.7356325516544,95.72799160014716,60.353341865131476,106.0743991282338,53.27710790769827,84.27336791575557,75.37257454237674,105.06840947851042,44.475721673536434,113.58151620088881,80.33652054301177,111.22241555615943,48.2894364000562,123.02228381157433
26.0,37.55218891613908,75.0947389210684,101.3165655556864,31.356181440984084,92.15293450291988,106.34853053923025,30.595129848805712,103.67250291205852,140.64564513774425,30.63044352926838,108.57141988818174,109.93989569712502,30.62908543516089,108.48908214130113,113.25621185133028,30.629084723983098,69.13661023517008,101.02629351543357,45.725690399125725,85.17391625444183,104.70494135454767,52.09056717216368,86.75548662328852,105.20796580770148,44.31192103362628,103.72760371059688,149.00106209387596,38.84180201337145,72.0903339567795,132.9598897402463,39.57876527800932,74.54338974974144,139.08565050255012,39.5633561522915,72.09033395677952,125.28043517587723,34.602944070858854,76.55441028564215,110.44898139440448,51.21240910082198,98.34328271365726,110.75112302633576,22.687654565706858,110.73846800985072,144.67531195652236,29.80397665756408,104.83356775626156,136.1098332918511,27.939623198599833,95.08208204296143,127.70065806011186,27.939613984992384,51.129046646334594,90.4922960759952,36.252463462159774,76.39268872128552,86.98371389252856,36.20409919787916,86.99712638932392,87.13106543207014,36.20118841493024,108.02651490183949,158.90369682345425,46.215792975576335,90.06026886228773,137.85057147968172,44.514506062630865,58.90813479194051,123.49164534672923,44.514506062630865,60.4165490409102,125.1798959442817,88.61663829916053,103.61620887681181,51.74795532736917,97.40496078848966,53.72615675443947,101.90484383674983,47.6506636654416,89.18735522836218,89.1601868639512,97.24073673709294,44.137520477558176,107.13741300216833,63.144432350438514,114.13238993912907,51.877663934830366,112.1222310821755,76.33336014100392,103.80754866900882,44.79604709759399,114.56505028620471,79.74222559170154,110.04565516524495,49.004658701185676,129.46136806578787
27.0,36.039529973501445,75.45825603370045,106.84751538742063,31.042631019758097,92.48136242185107,103.95889282835854,30.807303700460615,110.77653043735828,138.28444646585137,46.83309575052787,109.38013661817548,117.15131200378464,46.69117745552577,108.9643029693823,120.18059041404199,46.69098447152319,69.91415822785079,99.37929044200304,52.26293663171453,85.40287714105322,104.95126034346922,50.429932666392,87.58327217834196,104.98945545747515,38.21779414250995,106.79791586432101,150.88643439336425,35.89532456454334,72.68339734767493,142.6975790443557,35.80056488560558,73.25803962559604,138.25973464295183,35.78566801814257,72.68339734767493,125.99283079773424,35.534599654298454,84.38315012742645,113.35846443884874,48.57773064345135,94.59598912775009,111.8450842959721,22.347579968467436,122.42314263858682,147.01140773083128,30.48444569035461,101.25368248436986,128.2743435797597,28.14109539445826,97.16004471812454,114.80914462624483,28.14109539445826,49.7656514913436,88.11477746255885,36.47050769243242,76.39814049102493,90.98908585660544,36.46569268960392,114.71050518588086,115.2391017144424,36.4510416336813,81.91426983998574,155.95655406500083,45.75783165416795,86.98716234984929,132.2624975507482,44.844355832144586,59.16324940902054,115.10501224204229,44.844355832144586,61.432802210335545,123.42053769774441,88.15969915248992,100.31874738401504,56.335483473143235,107.5052085541903,53.125655724125444,106.65976655316169,48.63247603313441,87.31257182152532,87.5295194737431,97.18179357236713,41.21436798420577,107.1948982315277,71.44775737507736,116.91441865383962,50.20587156757335,112.97865498798888,81.59950844639363,103.13138900106115,42.89806695173293,123.00262557257938,86.58088218897853,113.24050678084751,49.05432103984469,130.8155949038022
28.0,32.78703592946445,78.10614292995275,106.31825003211736,31.44584311736392,90.91889555982338,102.05551013865012,31.14834866137759,115.06286506619762,135.9600010137361,31.079292872303725,109.95639009365439,123.41500510243354,31.07817684588777,105.22447470128417,141.0077225280856,31.078172282344532,70.51027949212991,100.93485643062141,56.15844341137557,83.9909073096784,103.37924829535712,50.457074059613724,80.63140199884205,111.0704429795749,32.5415762956107,107.32697496295624,149.1484943443195,33.40411203454124,73.36587251576852,147.70353234268651,32.42527816507919,73.81152624703596,136.15809191274613,32.411495555788434,73.36587251576852,126.87066093669802,37.09099725474563,85.00135480833933,117.54440186011423,32.99845637746922,96.17221443834757,116.07546412165988,21.910181900192537,126.87736179694734,147.00946253850665,31.47109673576828,89.28526182729478,110.11861439237076,28.346626783446386,95.2243742251467,107.31850863405063,28.346626783446386,57.1230523366734,86.53105864692547,36.82868538422658,78.07303005346188,116.31174599256894,36.87304554999972,115.62222969654235,116.82034523648072,36.80547658153992,87.20762455580775,154.08612609277424,45.25341147361158,84.20262141565804,119.29284566016256,45.25341147361158,59.68543397012446,105.3907499424127,45.25341147361158,62.473245883756704,108.52122713065535,86.69594654005596,106.47742282216919,66.17705143010862,112.10187795800618,53.92810677453641,106.83504714220403,48.47307142357372,104.96071484734017,66.6110288659628,100.59503231587358,42.68659887988241,106.85017230300254,60.678130525448026,112.7934140676878,48.21236778947308,106.76278894517614,77.2136163325189,101.13510012587176,39.69858569681016,125.52770707672377,89.4385303586053,111.92123449871433,47.97276695665654,132.38446112588557
29.000000000000004,31.721002541356945,77.99355827826334,106.96007958149501,32.13881188864627,89.45301461433104,102.92817216875497,31.438196948253715,113.95985293096858,140.9800738864134,31.540070400832874,110.91570549221859,130.87162166567563,31.537514606214103,101.26777537521552,158.22456827384923,31.537497853773225,71.9558622282709,105.73187372210849,56.95350077036529,83.15608614691676,102.71461783080387,52.46228442234821,79.43841865774094,112.36599229099457,27.995392501779705,105.38086690612232,148.0301660785331,31.663911587172674,74.00071790192308,148.38654830271707,29.82166769556841,74.45624487808293,134.06554382188727,29.807127883223053,74.00071790192308,123.84415369298307,39.31169344285359,85.51042814577447,117.21943918952951,41.01981952304969,93.7500928167395,119.10555333209055,22.072616515458556,126.19232735566212,153.18911598418055,30.8601241935501,63.137055532123064,106.7297466923453,28.6293773945575,77.03733836609972,111.54981963147682,28.6293773945575,66.67193997329053,84.05577473766273,37.18142416652162,78.40536141395566,109.16200716113869,42.17183603683514,117.040591249361,118.62685562096496,37.15788128383261,98.50979517248084,153.4149737837107,45.67653938292611,81.67967747745286,114.29053665024773,45.67653938292611,61.064221744038356,118.45867713443299,45.67653938292611,63.596609823343286,95.99552313555176,87.1071341224979,106.22887211035587,57.054475576450585,111.6349935985882,54.361799075529625,106.13074993730294,51.17723746181097,104.1603231686737,73.20219838505774,106.5264912704157,44.21925920059597,113.0767136683774,57.15486336240139,115.46122600537707,47.646746876812,107.2189787941543,77.37464760980421,100.2132129824008,38.71010011401532,122.15129661464698,92.57552228941042,111.05268924969685,48.38441623500107,130.25142102180527
29.999999999999996,31.026471288720092,76.22293630117193,108.07803075739392,33.425685825437505,91.86777008932211,108.07926133162626,31.70940488666574,120.2870126474729,139.77526515392447,47.300485272358195,111.73727274099608,117.45974061282273,47.14944012141427,95.31740555657747,129.01762230376625,47.14823607236763,63.452145330769326,101.87765450667139,57.53678171396103,81.26568393266363,102.81017735009881,56.39609710405655,77.06120441472494,113.9286322274776,24.500227865965048,106.62940448261783,149.11773152625244,30.150859851980858,75.66799700947003,151.37450244448462,27.43559068457052,75.17889506901022,134.36446718901914,27.420050156946367,75.32303091263151,122.14029883456443,41.353464250909084,84.67853255848168,119.77954130745937,42.570030661251494,91.63394762475548,118.24941158714931,22.133832102796635,124.45153287748705,148.57661001867777,29.963644992847254,88.91020941861362,128.25127687056,28.921812702526097,65.82151017678062,107.61069824186926,28.921812702526097,63.33435397048005,87.81695964812103,37.42638676925819,79.93970106443219,117.26966973207251,53.653279321201964,107.65967593157663,124.37836539695118,37.39808272785585,124.19011240460941,152.56964082999238,46.113352187842516,80.47416710143422,131.309806409051,46.113352187842516,64.68453440885767,133.64971173811966,46.113352187842516,64.556942849599,95.88380432168442,86.26483005536267,98.66523921956771,51.838779652228204,104.95019766595328,49.926616996364096,106.6283600016747,51.998813064368484,93.68266264351163,78.10971650863331,115.49583859985866,45.96765196050782,115.23930432291023,58.43366209932899,122.02666349416403,52.1524574859939,106.4441814931578,73.86632645235105,101.81832137519999,37.64230271787451,124.70126657611314,91.74798188592763,112.0433461560099,50.70240438738395,135.91303733419522
31.0,29.238655178922148,75.63945743304004,109.12788949106137,35.88648573551899,100.795166682222,109.65616669621515,31.98569710080926,118.94472293440455,137.63776303461512,32.042967976665615,113.06877767192216,114.36424589212604,32.04086695942446,91.55840867902953,108.61854735305981,32.04082564287453,61.748054968869624,98.49333165914416,58.06269241087602,73.81463361179256,103.06506519882751,56.974780043530664,75.39633561539843,120.72516477929094,21.565407982247628,111.29139967306935,144.17523404511857,28.49625187394426,84.79033412075273,151.6201255607268,25.241147569710556,76.53209302084102,136.3470879498509,25.228367563213403,75.61378191085363,121.35782501296718,42.67190488816605,90.54964465844421,127.88103936625964,40.17257724851836,91.51284308642612,119.65856254370293,22.21370821650213,123.52364135037114,154.01873082467162,29.918560799127334,97.18793567044364,138.83103887628073,29.22364197015834,68.73372702264075,130.00371681947868,29.22364197015834,63.065525860552,89.73738350333832,37.92071785303183,83.61892194296091,123.60180311322048,68.94641955774432,95.68299040457342,123.94643589526156,37.89495888597259,124.23774312581065,154.18221490814574,46.63974967771589,82.40753258060492,139.03930013950725,46.63974967771589,70.03203660706654,135.37574287539184,46.63974967771589,65.01182705932035,94.83368345001604,69.62226030434259,110.18022253027505,52.29454566212709,110.03761434164375,49.43383228971941,98.24577534544426,51.756607556508776,87.24815949304823,77.85648706988164,115.96505343482674,45.24126619937553,115.06868042981905,83.23235410600292,118.50479259918352,50.77658368277792,104.93706321791433,72.49154076055856,100.63733444657588,39.40488028709032,121.95038424943755,91.18642646657268,115.26016874197704,61.273592284414846,142.58531277367098
32.0,28.34590518106629,78.48230583103678,107.26270185529529,38.73436017880631,91.31009663482618,109.7971112451423,32.350663079105814,118.20306254103113,133.46588537783688,32.53924783932742,100.54413977481312,119.63566204655208,32.53619119909632,85.58697779839657,104.94619832813684,32.536115564661614,60.14075379468955,98.18628309964537,58.680970084005935,71.76408043180267,103.90825857530683,60.66742552874527,90.61408223893076,120.12878805955684,20.26677322471124,118.6557785182566,141.5380507740282,27.70482209132253,84.79590830160161,157.35686770434148,23.983359306412734,75.22307658690394,142.36637645980574,23.95983422374397,74.92163414714838,116.43904639628366,42.40722423585206,95.42176853173196,126.99526753082581,34.94163275291332,93.35490562631264,117.4811943273574,19.131694200328532,122.34834885255594,153.74243126264196,29.940737772261905,97.55385666833585,148.1264610461506,29.53457719352014,68.58509345895715,149.86154476418423,29.53457719352014,64.74073494018644,91.12204134759389,2.9552844044905164,87.00553248295114,125.23044737273389,68.8328698299154,89.1545211574577,123.00026670927153,3.922265309458579,129.4426180067684,159.51684887821116,47.10489624232284,98.74516616433105,139.71623046762747,47.10489624232284,81.44900627063888,130.83169858395928,47.10489624232284,65.49777434215761,92.8617119194753,59.295103448344065,109.8849259606229,53.81196030465888,110.12604506208777,48.99113136484868,89.97193862809664,49.33716914235201,87.39232722319719,76.80280942441476,109.85562170734634,46.51731547224567,114.18795000202674,92.4181161065574,111.19536310902649,50.68704902267126,96.97536102141865,83.84316633478848,101.80640814145954,69.69680365959617,123.95057498150493,94.72686206689994,115.73535115324297,65.24674738548009,141.86583818830715
33.0,21.476015817086214,83.0443161277903,111.31561003855018,39.61371476907486,88.37263627595986,112.08481796832288,32.13254699923074,121.11251239844051,135.47706511799646,43.11921395212377,89.05365337884786,117.70021411274523,43.01398892796725,74.45016697558871,107.42859260904206,43.01059394931151,58.361347308138555,84.22466628867876,59.21570737566174,67.88173833318443,102.52844058914366,63.30812682952231,73.86535253007355,112.9437210873542,19.500984817489165,122.10777398539288,140.38622877093627,27.247891502423677,78.2331471208289,158.19584929469715,23.369932567770128,73.06744837516155,142.48294979284492,23.3424774216313,72.75348048585954,114.08668404208966,42.069931647086634,96.03508981247464,133.14656643460194,31.054933769682243,97.21699638685102,116.11886073316897,18.861049709510876,124.57783280873069,153.54368392493274,30.091791987455842,97.099064964696,124.23145521077303,29.854333856242715,69.62983016043972,143.93839389737911,29.854333856242715,68.70457392113833,93.55210311473377,2.86622273953303,88.05763081930371,126.27559263633212,67.82687717403864,88.43071135183078,114.31318660976109,3.6864494398760455,130.61428499439077,163.87116637896298,47.582520425046845,109.59496729561175,138.74130193357655,47.582520425046845,89.08176553034534,125.90099637067979,47.582520425046845,67.51105058296349,94.81146148936496,68.04861508261395,110.86046739564227,57.964358243239026,109.53194695276183,48.480812558678416,93.12199284436667,48.12031498073664,87.001913391174,78.18190379079887,110.9377510219734,46.2349190127152,114.81292433834663,88.93404271598389,111.79949375469955,52.690439391961156,97.99139521494926,86.04850902014643,105.35005467507422,55.93665410660527,131.8694322859355,88.00127108431678,116.550224347512,103.72975301631361,141.39451410543273
34.0,19.17006438245431,76.8558503344132,107.90096820303879,33.80124808418703,86.01148868889398,112.89961228345571,31.117379229320367,124.9550399945663,138.38468732619936,33.105707991322156,86.95965976905687,118.9811303356329,33.1037355527491,69.87267060426275,101.98601566504009,33.103635722207045,57.26547307770246,81.86019278788073,57.554322166106694,60.11966822259561,99.19452388379213,55.066475431452645,69.95270823029279,109.65166828561127,19.141007063217355,123.63970349559003,139.27196879598233,27.52587976060411,72.35542049518668,148.7517637115134,24.206076461835572,70.9331770308767,123.94506088690343,24.171528522091638,70.87662696545314,100.70955083195115,42.20611120514137,91.76641529708735,128.12163056783086,26.32157851596349,101.15395446411827,116.13833101545974,18.91147991179205,120.66727224131182,156.35107705620248,30.349424621204484,97.22147328268107,110.28875021157224,30.18263159500841,70.25277387148012,122.26037554697602,30.18263159500841,69.57220476310249,94.01725040552121,3.145746295536176,91.58301245671441,124.79400970804825,66.08169439105257,103.08293261430951,122.88185950433474,2.862165944416644,129.779146571046,166.65892840702742,48.15502310247603,109.5063763089312,138.54101777123822,48.15502310247603,99.99291968330762,123.63012958023846,48.15502310247603,68.73035623747366,90.29421098136075,67.90385560891114,113.87991221788165,51.969166163273606,106.90618163884419,48.246547827936745,90.42613201411116,47.672555679263525,86.84924805108318,85.68186524126894,106.54005786823842,46.525065442231,108.59993477653795,67.31214692601299,115.45038573199479,49.97384689132099,100.12207466085796,85.51991796119712,109.58296024703127,51.06333190659956,127.82187008163872,86.17306632792786,117.94622181615951,102.1862438059214,138.98692579808503
35.0,18.208392935677153,73.23975232663429,108.86361575677999,30.00700104912047,86.36804260680901,106.05279114795324,30.04354959173019,123.74845294326923,139.37015780962057,33.617655609127766,77.79443065897736,135.13146462870284,33.61393095404356,70.71447101822093,116.93845851555857,33.61366801785508,58.294412917071575,77.17397367517414,56.2522999529797,65.24570824490775,107.13882733501075,55.60325114448476,103.41533879960636,111.02483314123772,18.924276029650372,122.83705545575866,138.3259339777872,28.98305400930545,70.78932752529985,126.47925071563424,26.314192647638823,69.15623367362828,95.05828661701939,26.272958844279163,69.15577524690183,98.38571616223872,42.656625187451496,93.38904005753686,134.66619099366565,27.978359512114814,100.6149996745045,114.80202964046183,19.06948816934259,125.15083729963753,149.30219323541561,30.655407881525168,97.8637083325991,119.79622628509175,30.519194779679232,73.57635902697581,127.96909541589727,30.519194779679232,66.37148108597236,95.00729574169077,3.414037164108187,100.49388730742969,124.66968483216993,63.8681408803839,117.93084399488642,125.19766156137922,3.0452999527733273,126.07362007214009,168.2005690629419,48.74342263321278,108.09024989627352,140.55058007015683,48.74342263321278,98.81211625082845,122.38355733512778,48.74342263321278,68.8491425315029,86.58029713067356,69.1470897891568,102.45635019271835,43.06226756036283,107.41807086443843,48.127093656350155,90.54615848904191,46.21588171392129,87.15765319487846,94.09004014702471,104.85739931015291,58.89490519441556,108.67684516805245,61.21857852231841,124.26506461470879,48.32304066231479,118.86244419406763,88.00589422838532,109.199924799773,56.89710178422935,123.4572911587034,84.42630004613001,114.92903021883762,77.28923566856892,141.2062320881407
36.0,17.75352566188341,70.69904457439267,109.08907324488986,28.883959496886128,87.4279626361335,105.91388828458882,29.02992353099385,121.07712254681505,139.65557862830525,39.19270888852197,81.31243866932793,138.43588904136163,39.14243003165736,70.38265487702826,131.54702521295854,39.137746571377164,57.67415548717801,76.8565303396685,54.91649342410712,69.11966522213703,112.74077573985463,56.84144213067946,104.66603559292004,111.14200778446185,19.011675106921555,123.10817483221457,134.50902943419555,29.840040123118232,76.54223513923031,151.33347423501877,27.492952118208716,68.50560562716484,114.5855369695672,27.431656786974173,67.57703936989249,114.20854683281763,42.8721065839975,98.9969780891113,128.13396836471637,32.39594662141641,99.428602290976,122.40273444983502,19.05760866389227,127.17928404590948,147.41359786042582,31.005445576993136,98.88396982345559,124.80697228590108,30.86375301223103,79.19079036326303,142.98716176332,30.86375301223103,64.81870496368549,98.19796649557148,3.182133587357818,106.93217661491101,128.68798161223282,61.35276873554285,122.01226663502699,125.21353207238451,3.5391952570794474,124.99640898939401,156.4865047293171,49.34715037365379,106.05551872407618,147.01617864046284,49.34715037365379,98.30519173646499,121.76285620973677,49.34715037365379,66.9386090581749,85.52199203213745,68.46831008095674,100.37472431967544,43.51394258514307,116.29115390791166,44.37519718836736,88.33695835952172,39.36218999731557,83.93993213273721,97.66246691493166,108.58181276803963,73.05763527732816,114.69048191959946,83.27799561609754,126.46832624373263,45.57692703660798,123.65164748716857,79.23249545457132,108.4667160318942,80.07596820931376,127.52034618530891,87.37721168534156,116.42248233117037,58.26799293334288,147.85388172508894
37.0,17.509186447963003,69.28291491085373,109.82190147048946,28.16776422553922,87.89825047103594,104.58371305568447,27.58241640142291,118.10770903566274,137.77003380299703,34.09267285789589,93.06710934735457,135.43583402370845,34.07646860730472,66.2102613350673,126.99212812615896,34.07518210170838,59.557937310880995,85.90645043188117,53.50233639758174,68.95940772940706,110.72243498215504,55.75519158672473,105.9694359980203,110.20921078183949,19.07108465102786,126.92369195958918,150.19616147380663,30.66454276260714,98.15762532838303,145.84517718679854,28.325038118247516,69.25834168527489,119.54211171012601,28.30098922072692,66.01815091321477,130.38441945075593,42.27201410547711,94.85073368844189,123.93489066838386,38.14409114994746,98.64449864295779,127.49493119993426,18.956079717438467,129.8218832361,150.1085249421374,31.478541635136036,98.06093682653974,122.28952067893384,31.305291086332357,74.88787533822124,125.711540411812,31.305291086332357,63.880933334706526,99.00848263598284,5.536639033015589,107.49879866637036,129.7446761904653,59.59873477379195,120.59824674779618,123.10109720098832,2.9313004181019715,124.45965685262985,140.8357086119056,49.965650701256756,104.24800452490153,151.31305488429055,49.965650701256756,97.75992475630842,127.35287244170753,49.965650701256756,66.99085095927364,87.0229940755993,69.34240389577232,98.22604084646855,45.43904086130619,112.91822620765855,46.84453037013407,91.95165500494537,46.76636896441833,84.71092958593128,87.19366361627125,120.8163576571715,67.63820124122171,125.22446420870108,53.20677484101986,133.26217187079834,40.966826641057764,124.26991119524224,72.82900227394097,107.22923084757949,67.64077780899751,129.6969400168582,97.97314713663945,120.1968359147095,49.83979361196856,145.69459066384826
38.0,18.37460288776313,69.8213545088422,107.60558015533194,40.61798059863343,88.13196310274404,103.25307475381778,27.077040021459432,121.9691975264087,135.32082812869942,34.520187199706825,90.18144653466899,139.8909653973283,34.48720909462571,61.06652731571715,116.2674403532429,34.48510925122513,60.23986404152121,76.94012904910403,52.41604000685286,74.0945325548875,111.36134686526992,51.841974494624694,107.40749903532416,111.3605240490229,19.298796614364502,131.0767850569137,152.0138178940031,31.182333988451393,107.99025508298293,144.49876217779757,29.075329491799646,67.88063591521762,116.49410727482268,29.051980086803777,64.48054939282078,122.3784736601534,41.42400959561938,94.83409315928483,136.32481159186236,35.79126189955723,97.10153090977433,131.00605974524228,20.358460146542825,131.72529562849968,156.30915513754542,39.60483194758315,81.4789893496385,136.96012646353242,31.758404399465665,75.36143710217522,125.33084005098151,31.758404399465665,64.8754233742148,98.91928730057529,8.66248046339853,105.40602652503999,133.54988020906958,59.137389291472815,117.61704208240172,121.98807875011019,3.31206300904127,124.50633080856177,143.7533613478926,50.59838189112375,103.09924761645391,162.2204204077507,50.59838189112375,97.15642976101678,140.09532492857565,50.59838189112375,66.89665560971582,92.46748605044073,74.33395851304898,94.69870996435404,44.1451140430581,98.7232112392639,46.955659439435536,103.8072200990507,46.917970731387264,85.88677769794714,81.46767863757782,124.08138708991744,62.44755889561034,126.145414280337,47.10430363208871,132.2805149546102,40.689049562715546,128.34339036294037,75.94831098363385,106.76712429027528,51.945302625092715,132.0393535418987,99.3633840384149,124.13432687641148,90.9531279114989,142.4378780152744
39.0,22.654706339142514,73.31011028140324,110.79943734325126,32.67126635076579,90.69247002341206,102.98684621727294,25.781428033913908,125.08126109661248,134.32841182647928,35.005523371103145,88.95585650392773,147.55020521749773,34.950817669869984,62.26938748660705,125.14423730227084,34.94830779296836,60.92237050225244,77.500934873952,51.15173506343651,76.88408125368538,110.70195242076994,43.025584348319846,106.52803928606141,112.96356343242778,19.527597749762805,153.7144267790112,153.87722296306742,31.908042668180876,109.71484829545024,138.04713797755224,29.610600103355722,64.00100509111584,111.16121359190646,29.5890145116446,62.28247077878723,102.4733653760034,40.477786380796964,99.92724696084427,144.28278638250248,23.203062173210864,98.07803411720779,132.11001133066884,16.478745145231024,131.4527206125047,156.83779166263398,44.135945523516135,117.47553977635457,141.56932590687902,32.12890054141287,94.06595221151736,124.82681371235175,32.12890054141287,65.6862006100689,97.5012207090994,8.064510069959463,103.98179500436426,134.9427219809022,59.0027171857083,108.58541943978048,124.19978496344844,3.054412229225943,124.58220179877003,146.28718994326155,51.33825328154436,100.56450738471777,167.98944986722407,51.33825328154436,97.1813248151343,145.78598880863342,51.33825328154436,66.62802296674528,100.1427555823299,81.65808181622278,96.27430637426018,44.509292000760084,100.1018891619654,47.13992045142661,113.92157616005595,47.12826851245274,82.65413234296976,73.45858340384895,120.12392936212686,57.447847626294326,125.87018659951983,52.54165728430917,125.12137722813657,40.943024579475285,124.38076982994086,92.19891566057478,106.24655792671027,45.41184804322459,130.53356181762123,98.19518924168574,124.32699823405905,121.77826939377135,144.49762389594952
40.0,30.842777912100345,82.61953471042725,114.4656920718962,26.328969539069988,89.77038519389265,106.22595051046065,25.739521307426052,126.4487831146746,133.63732892464276,36.132616461319365,98.40305073365711,141.8048030906983,35.98024804088717,62.151585300743506,105.20179377473904,35.97531462313596,62.252468071093965,79.64194912738931,50.36868764751812,79.11411187513157,109.1706536261443,35.647609985473046,104.14710625612634,114.45598358033506,19.770927005844076,143.75921172282702,155.9632260559364,32.56437146145017,109.77391260632804,133.71318603723387,29.404538090267284,60.08483438905162,107.93764622308079,29.328482086002328,59.470206142132014,101.32518893524991,40.19440916437455,98.22783229703977,144.61360834676796,15.917805130794541,103.13168888748996,149.5335592543904,10.33828882114897,129.54580954358067,156.6371868443155,46.28203705604253,123.33181810155942,133.22770899897282,32.601629560498964,119.65507605014436,123.61140691315802,32.601629560498964,67.92755503232843,98.48550645006735,7.465697133107675,103.51282192535966,137.768015640935,58.674134803083604,100.80793887958188,128.8935818266706,2.8136550472140858,121.70064866779477,154.66331052127575,52.09526130081315,101.2816717480151,160.11159800242973,52.09526130081315,101.64659418115978,139.55511842613865,52.09526130081315,67.84667493747953,110.12916623180851,87.01841830169568,102.62131682336407,48.64097018546824,112.60758505772085,47.08694938695157,113.97884321188725,47.0426516160756,83.75869535529112,74.46423969537008,117.56310363945998,53.77069646040323,125.14678013298317,65.74591573798523,126.4487230086801,42.123772443625825,125.14357164288852,95.91649448859091,106.75779621811733,40.357031433698246,124.45618597752187,95.9330954416962,121.97255368174322,120.74710879458388,147.28378403262013
41.0,33.777050576481706,91.81124274764063,120.99598741812487,25.627393260506132,90.81933162549105,113.76002637487642,26.02899412651204,125.57969959948726,141.18005526208782,35.121441566682634,112.01818773865052,134.9266739725558,34.70735117270703,63.55241630056126,106.05753666263958,34.70111526063808,63.57574832738576,93.60718909982877,49.3145406428897,80.60417862192895,110.09557907667244,31.350817769447573,101.35306314869577,113.82706469657977,19.99887206628969,124.99380147316626,155.260180774344,32.91254684948953,108.90191746924907,135.6182511584465,29.02917989421016,57.213381959827586,105.08449342541968,29.00686111408983,56.96707598932535,102.92859360026466,40.74120233632241,97.06723723217463,139.0313275945074,15.354258687339035,104.42102270396306,187.1930978478017,5.089642101565218,128.55704056968938,153.27402081717918,45.37630033367743,122.5583421562488,130.71676099393852,33.084607448177465,121.5378744861406,126.16645205278682,33.084607448177465,68.83440641071647,103.75491964855894,6.210343249258459,100.8401251002274,140.78601221303117,56.82105584956079,101.66179750238875,154.17421760743244,5.526563656592124,119.24047790345335,152.16699518782272,52.77112136386719,101.85027687589476,152.320516855845,52.77112136386719,110.532787723642,135.58541204394717,52.77112136386719,68.87911062875949,126.09813205883844,78.5510665747678,106.92918716911647,50.73813583579176,114.24120843172345,47.52118913973629,103.75009776049828,47.529407869486576,81.40901146679953,82.56787047259641,114.16104428715407,56.39551438211701,123.50802228459317,74.8779305796799,125.91004249756674,43.7997252676799,121.6695461741322,106.04233721200225,108.42415199114356,81.76164702259271,123.79936123917011,92.95628161605713,121.60833161575047,119.14337757318891,148.27742491383435
42.0,34.066690020901746,89.66339199902525,125.16959784291477,27.175200138988664,91.91350320728148,119.32060133985081,27.452385481904336,126.17431049394463,145.67476407103186,33.831174818556555,111.34904227517548,137.4724040621967,32.969997025684975,64.69765271013543,103.90379900331752,32.96146843795974,64.72182298806125,93.89318424351711,48.13009322516879,81.72480759553191,114.02075979206094,27.753726416703657,100.47829505886774,112.36304265406267,20.25574505050889,122.78633417262806,152.4379714258676,33.701435884824924,111.38530067406447,136.8082223785883,28.4490717182709,56.18699786333326,102.82411824999605,28.416704002380026,54.86031418636756,103.47374947386095,41.26900455476165,96.97530411392768,137.53181404177036,28.268015076350135,99.77169450161898,201.94507048659727,4.097730696803673,127.54712491476194,151.61006729166937,42.48559209970473,121.67242679081151,150.91811704420024,33.577391947559,120.61368671521336,135.82816524846837,33.577391947559,69.71817032953783,105.15200450949429,5.783353649440496,98.80748206021845,141.79737377337784,61.55664498579902,98.01627137822227,160.01843166161873,9.595858115300212,123.16432480268008,149.90618496030376,53.65776970765744,102.39487119963613,139.649830552082,53.65776970765744,118.92106907865156,135.48861850822234,53.65776970765744,69.84471866998238,148.5214654075125,78.10839016641802,110.4947962078123,53.66647867045009,112.0437645212834,44.99609838439241,114.3590056132537,44.99931821978025,89.87092709547755,85.86138795377232,113.92125714862185,60.55063314385196,117.80838874989864,81.94294041019086,129.28474937683632,46.582140795284026,119.10694690238945,99.94984762612658,112.44100074027352,111.83749663427608,135.33370994770078,92.6559295071472,121.71594474667087,107.21676506192335,143.62796492950577
43.0,34.61934423824696,81.53075101729205,124.37778708906774,28.381999987423654,91.79154747823154,118.63857754721269,28.275892792616354,126.34292943248329,142.97019053943748,18.3408603781526,105.87882228069715,139.83196594906204,16.80920509579925,66.16514755323034,101.27811073915647,16.8052146367473,66.09812521888328,92.59629583395423,47.39725730461626,82.29185446440951,118.02201316109367,24.247323412623068,98.72813382302125,115.49261405399206,20.53028387548231,122.82509391170872,149.88459197120872,35.409757978780924,113.17189563248351,139.69211556416985,27.844318307541734,53.580916214105244,98.89015902465474,27.6905099356045,53.130065822304765,104.82611410823739,39.64912208603772,97.56760769580958,136.5342501527462,49.21313616653024,101.00756698956165,191.33881468396928,4.697376211268974,129.46210366408434,151.5643293138145,38.09682636591289,122.45512640186911,154.35805692696968,34.07955765557998,123.0799764086022,140.92860508287973,34.07955765557998,71.82054086435554,105.95017287042484,4.1596534754757135,92.20745195548467,139.1455930817787,55.12956362990814,97.89923597740516,146.02326723664237,15.976551426623768,129.13592434777394,150.83734021024097,54.46187886953589,101.11677095299791,134.85668491575066,54.46187886953589,120.31744680173351,137.80793891305797,54.46187886953589,70.98478141607089,159.7752477398009,71.90953677420241,112.41209846445648,56.07868434491314,119.50018225119051,40.429030378988486,113.72818796985541,40.42902463259091,91.25122899928843,85.76773098241055,117.1347774496151,64.70325934246702,127.49309350766895,91.15795596902329,137.77316137522925,50.167546458198075,137.1316548443292,86.03526692399971,115.79633764512192,96.73974415634561,135.91893723912432,94.18233703843933,125.1554711245242,96.81702924392545,143.11780346597797
44.0,35.699527361083234,83.87799308037744,121.18928014648245,28.181055400198847,88.83684243069892,118.61026720376015,28.330342355958525,127.16359394355808,139.48827967616273,13.317020586103578,96.7361739753987,139.7353603506299,13.292189226521728,66.8564225513914,104.4997365868961,13.292469633570834,66.51925594364397,85.71660743018421,46.56491436693511,84.77969979817762,120.38232725887922,22.20605162652705,97.10462216308922,118.21033882053517,20.831715389075352,125.02107273886678,146.71596275722177,35.848684034480826,115.03368960398197,153.2471821382686,28.196282563481336,52.74203424616295,97.60982872743469,26.974466201784676,52.0740485261192,105.44495673409868,43.46790800934454,104.25799352607963,135.23970048447524,59.9104864243587,102.4246722674601,188.95654290081774,25.864675846213476,136.34302987529674,150.49391768300544,35.16540577535377,123.92180579688309,149.361370417147,34.693965613633736,128.24376329396372,140.42816707515425,34.693965613633736,74.02613869012615,105.79870925520575,45.139780451106404,89.62547064347052,131.78971292380646,54.45739952123843,98.89050883673646,144.7907806304498,49.46195419234313,136.3369471805545,157.20529991530992,55.38362799600618,95.63486174120662,127.827785896466,55.41664287476646,110.28087994443449,143.14535151834204,55.38362799600618,68.97379248825743,162.06400507382017,68.01421425057327,100.35268280897058,55.32155258310835,113.96757184938247,40.92120368882925,110.06224976184104,41.12674157893458,90.8294103483846,89.3175140257806,125.95984826862639,69.99243341218681,134.44655721468567,94.20804914152421,141.9518867686864,51.91192726302183,138.87693371079766,78.19847394211817,114.8308300227374,54.681227016473095,133.13349439794897,96.44439850900012,128.5171730024345,126.7787084619575,146.53556406930227
45.0,37.13865974529291,85.2872659506398,120.89476571881664,28.658494150725602,87.6538319876521,108.13340621395601,28.580545986237006,127.99838046938353,136.37547376740764,13.52894357994727,71.56399754116812,129.44110964183517,13.741041623007785,65.54462538844189,104.36993238996196,13.742178779294115,65.58105745741052,87.5871015456782,45.8241924328924,87.63867460114706,122.37764479360324,21.44157831578234,95.48069287422283,118.31171801282065,21.23780317611607,127.35025139439027,144.80739815918,37.654743153998574,116.49016375240522,152.73606603906146,32.95188663478034,52.30663759716533,98.24541067330031,26.48707744742576,51.27604178866081,105.34667970476991,51.52288339614108,111.27293786063181,153.79046978292098,59.494529342290605,110.93229317560623,216.96181978642727,26.189306188485162,140.26208989127764,154.57387162826353,33.64196103284454,118.44181132371799,141.8651949132407,33.8267858846434,127.31969033254232,142.36551254225176,33.64194877224474,62.70655787826182,103.42936429380032,3.163933302227367,97.46197590804998,132.86136657615305,94.82592604346134,99.83804674034366,153.80098869310584,47.95379391837163,141.79081542414718,192.85885441745017,53.2474326759939,68.7483928555135,122.64757929497881,54.13153985868024,109.23667993334365,146.14996606199588,53.24741021518999,64.98379126794245,131.5558611862104,63.042719245900535,95.46438464008004,54.617312579654445,100.45973881677348,40.28248982283859,89.5710871568059,41.33527984207863,85.87834960659323,92.6562374922886,127.95694761426272,73.84201876936687,133.03421521468795,77.47596346300399,146.46265367319316,45.01043284452208,135.96517946489536,76.36150069988933,110.16099784346737,46.799030396180925,130.25279685872195,101.14298347049393,129.72885455999128,130.1418941880094,149.11873004255588
46.0,38.85121846754331,83.50291016027357,121.58559259606625,28.262024266619605,83.70121271370385,105.81012092313591,28.910419618312577,129.7387199519141,134.96744115572233,14.40843252523982,91.3283999250394,118.16357950041446,14.848045935869713,63.758525061724285,103.22239865895598,14.849243507035936,64.27813969175509,87.24398205629109,44.994082580322726,90.48846799379105,125.45620564257734,21.602762431675245,93.55791289127937,114.0656045176744,21.565408128466306,129.49979229237434,142.204791161677,38.17769621466851,119.25194316693424,149.31183154132762,41.41962381067052,53.25261775792406,101.07051598038481,26.82260902922495,51.1500924401345,106.02277509155546,43.46799621629243,104.2579808153292,135.23963386160324,59.910525609440974,102.42470661143065,188.95648789962448,25.864673869329202,136.34303126171432,150.4938944282794,35.16540412435764,123.92182866456695,149.36142448283454,34.693965613633736,128.24377941482896,140.4282492380875,34.693965613633736,74.02612890524782,105.79871798177146,45.13977757949789,89.6255218790783,131.78957246307752,54.45739926618359,98.8905125171586,144.79082677213756,49.461936313879164,136.3369942839257,157.20502619055554,55.38362799600618,95.63476561976991,127.8278003457807,55.4166430042618,110.28082903599197,143.1453944212222,55.38362799600618,68.97378155540933,162.06402447446627,55.05463418722846,94.80964818237386,53.99776507981738,95.55023328112009,38.34370852831127,88.59751166351784,41.36414839661847,88.0814310769971,89.31753692658495,125.95983820375075,69.99228402423334,134.4465618320614,94.20795497752958,141.9518834844367,51.911916290430874,138.87691957071482,74.88815452247688,108.64470038136672,46.578366295428516,129.44381569904198,96.44437173546032,128.51719497942727,126.7787222986876,146.53554977492746
47.0,39.757977844701045,81.20515329237617,121.55541014207849,28.233247399688707,81.35375425082351,106.40260639877717,29.05991863276634,128.0122252870198,136.89244223444794,15.628339433932283,98.59226091253639,119.14995797959061,16.227568114194618,60.51956128216479,101.4134731080074,16.22918684833268,64.82783331816569,86.47592625891669,44.28700036225399,92.05199723814482,127.8565972215938,22.07472935097707,89.9986612310109,112.04309896738636,22.003272720583062,131.3454426057093,139.7934717933016,39.360649616079314,103.46157357984768,140.96873289612776,46.86017933965999,55.119308783960186,101.6993594574589,26.56936886381178,51.81695683830236,100.3433862926303,39.64910463607947,97.56752287058697,136.5343000810484,49.213156338602374,101.00749704408062,191.33887912257632,4.697356738913462,129.46213178477058,151.56436097264773,38.0968692613796,122.4551060031699,154.35809603889777,34.07955765557998,123.07993976316813,140.92860688808327,34.07955765557998,71.8204857476535,105.95016805651575,4.159681639228227,92.20743382528185,139.14551838946332,55.129564855623684,97.89922626184202,146.02341968928593,15.976613448438831,129.13584486068387,150.83735033289048,54.46187886953589,101.11664287832807,134.8568110362065,54.46187886953589,120.31739352979896,137.80796420198683,54.46187886953589,70.98477363068622,159.77542889156203,51.5278722068606,97.79886220265257,52.96025106265487,103.86790183996527,36.99363768782402,89.8968963800231,41.35404925906056,91.69711901545928,85.7677401966354,117.13478228928072,64.70324967767975,127.49313800452961,91.15796036093518,137.7731683588888,50.16749577285516,137.13165781112377,78.82446201112528,113.15159324026301,61.393296042285016,132.36478255724148,94.18231410030208,125.15548163834055,96.81693045071451,143.11779401535907
48.00000000000001,39.60673692030671,79.85409998568085,128.94466978339395,28.284704348573886,84.453063369066,107.78619507144145,28.62217890042812,126.85255753625962,139.63607217736285,17.93100037781296,102.22697240650115,116.56105820916942,18.280069437770138,57.63968775499637,101.383754633928,18.28175560790408,66.68463737988856,85.73635745968812,43.607398087277446,92.12574247559107,129.2707894702392,22.608579647988776,86.55749791238406,114.7308065835568,22.467080570054165,131.93705420514627,136.54693302171577,40.62300333806036,87.68626655651641,135.17482482881698,44.70959876342711,59.59699230516842,98.59695725688663,24.943988484812163,55.697058833475424,95.393181220024,41.26896578122986,96.97520741839611,137.53180428476273,28.267954837849746,99.7756336711706,201.94521149083351,4.097734819267931,127.54712773305415,151.6100700713772,42.485622568959364,121.67244613974202,150.91809634144906,33.577391947559,120.61369021631889,135.82812821275334,33.577391947559,69.71817665568156,105.15201719049466,5.783359255618441,98.80745014656554,141.79737297152485,61.55673803824331,98.01627399362033,160.01873488322266,9.595939314779812,123.16436003752413,149.9062124779169,53.65776970765744,102.39485491761361,139.64978775057455,53.65776970765744,118.92105562919954,135.48853655115326,53.65776970765744,69.84469865836442,148.52161036959825,50.66378295885128,107.9136448814639,52.35673643650912,119.15754917303077,47.16088027506996,92.48082390573492,41.9030599433935,89.59596725483296,85.86139515243327,113.92049511988061,60.5506212412008,117.80851357267395,81.94291788153527,129.2847846962167,46.58211248437927,119.10698249928487,81.61895920450473,113.60059933537329,94.07208783242937,134.60727903986512,92.65591472322537,121.71588363596807,107.21664783481752,143.6279788497386
49.0,37.37842559409547,85.02085839648473,117.16910171019305,28.40256154983237,90.73056943451734,110.49115909234281,28.07379204364988,123.42865213740485,141.13379082387053,20.765231352847593,103.73787933513982,115.54566919152306,20.81401240275583,58.73998826490306,98.763815343877,20.815610526010957,67.32779896496473,92.80964778585243,43.158880693448914,89.84327746036165,126.42582449341228,23.20532772172214,85.22800442151973,115.40593860110003,22.96137831143789,117.38524708287265,135.59366042193267,37.16511238779953,86.78680317874348,127.27130766838047,30.530030213291074,62.2589960847089,100.01769570835552,23.86703843217309,59.90999148436125,95.87772889696767,40.74121632588819,97.06717923557434,139.0312538223457,15.35425395140475,104.42114514372125,187.19307583518238,5.08963230071599,128.55703240173867,153.27402453466158,45.37624947473705,122.558343935845,130.71677090156774,33.084607448177465,121.53787824614189,126.16647609369782,33.084607448177465,68.83440464010367,103.7548909190188,6.210309406833838,100.84010674347236,140.78606691354665,56.8210503325809,101.66181181550634,154.17431676611872,5.526566596023686,119.24046219968429,152.16697432420455,52.77112136386719,101.85021317729378,152.32058428421294,52.77112136386719,110.53281189327937,135.5853323155315,52.77112136386719,68.87912791308612,126.09837943307429,51.48771314646046,116.4741990528068,52.459368086601884,121.51036217873983,47.934879845366936,87.21577168964478,42.35628653094076,88.36045423559825,82.56785444340723,114.16106637962271,56.39548164475278,123.5080247526212,74.87790934480275,125.91002235887616,43.79972670832186,121.66958842771629,83.71269613807364,119.64594180820276,67.48558056825108,131.97595019896414,92.95626635686803,121.60832441540276,119.14340148393131,148.27744560953613
50.0,33.889224535315684,90.69101047630905,111.24518571603603,28.327466521058902,101.87361260899566,113.47081221442438,27.498979729096995,119.59976288758607,139.94532295260075,23.93182151773382,103.4240097444248,121.20982210268114,23.363661153754972,59.645213866935315,96.75686788749387,23.365067330376874,65.9385886478139,100.58019606635516,43.08893612177658,86.69814612402479,111.58688383086123,23.966779481915342,85.39267568589945,96.85649822797718,23.52159456511947,86.66905458622713,144.69456477987046,31.017065993016033,86.37973068282608,124.93031850201743,23.552336665068392,64.30743242019292,81.0355906459514,23.481944404443773,62.843457296508625,88.64672349749449,40.19434866537381,98.22940281112739,144.61349074959443,15.917827615200615,103.13178338195041,149.5337140920366,10.338310170065663,129.54581264590496,156.63717941152868,46.28206495741486,123.33182461045259,133.2276933620188,32.601629560498964,119.65606707985468,123.61140755732426,32.601629560498964,67.92754286399229,98.48552991213185,7.465702778225756,103.51280798369034,137.76797664465653,58.67414381940094,100.80797999214371,128.89363543997936,2.8136576247115737,121.70059560409445,154.66327946752637,52.09526130081315,101.28170759238095,160.1115191050034,52.09526130081315,101.64655497344873,139.55496126702585,52.09526130081315,67.84668960336602,110.12936539627907,50.280999239339536,109.9041500586474,51.39828348578971,115.31892972539268,48.59895387301932,87.11159205468115,42.32712345436667,89.07839890041478,74.46422289289286,117.56299328877643,53.77069989333728,125.14677555588638,65.74590106155948,126.4486981246766,42.12376244422933,125.1435629547794,85.31967167633964,118.4030333503963,64.04986852261362,130.68100898155518,95.93308190295497,121.9725770914695,120.74711991933128,147.28377611758265
51.0,28.879995947925273,82.20624308571112,111.63021672874055,28.158469893134356,92.10291748653906,114.75559902518167,26.914325017412118,117.24827351896879,134.46307241184473,26.22984382030631,96.47664074648601,125.0543602260296,25.02755098992507,60.68491638775166,98.20943425579615,25.028798332037418,62.02261250591295,96.85055519325658,43.614317899027746,83.83919461991216,101.10013389455553,24.783367405265746,85.43422158133367,98.1554206354017,24.146359638038202,95.6292194374929,148.61070915870334,30.51116499984387,86.17201015000023,117.04036617841638,23.767546150160307,65.44381502382076,80.61097111571652,23.767546150160307,64.76653060056209,83.26627158344287,40.477715829300934,99.92723703141206,144.28271867563882,23.203108648025513,98.07803131667305,132.11003788887902,16.47877765162895,131.452713441306,156.83778205818166,44.136049836818145,117.47558142682458,141.56935722509402,32.12890054141287,94.06592076487499,124.82680894301659,32.12890054141287,65.68622703792319,97.50121726542055,8.064523108583893,103.98178311091546,134.94276496423345,59.00272068664544,108.5851168000201,124.19984348621495,3.0544140129680337,124.5821378388033,146.28716823093856,51.33825328154436,100.564541025824,167.9893586418026,51.33825328154436,97.1812941161256,145.78585391763227,51.33825328154436,66.62803319891593,100.14287665649461,48.269241120620535,107.89030093304083,50.85492675775815,108.13626767208356,46.36413882183954,87.71699070082254,34.55827152266829,88.90221305038374,73.45856723642522,120.12389427879494,57.4478697773597,125.87021511224526,52.54163114635294,125.12138408685368,40.943018760329196,124.38077992307163,80.91457572959597,108.01530053914087,70.18911254463653,129.3704845208533,98.19517604788788,124.32702062882413,121.77826436755676,144.49764945943005
52.0,26.149779016868006,80.94231454031814,115.36031632630667,28.556983184891145,89.13217029848556,113.76336306466814,26.316723621882257,118.53658625022412,128.10241569556283,27.759774499566177,70.64443616952707,115.2380987202351,26.225677554422177,62.34752199314659,99.26051961384816,26.226764280014205,62.33037669142467,91.5902351485667,43.91781460860081,77.97163483972082,98.50395396492003,25.897357614655355,85.19018988356848,117.8887318919213,24.945730271901844,102.11515641599232,146.19627414905946,30.577958161374713,86.89887698545482,108.6132775106907,24.234402200178156,66.14520196844695,79.56034892440294,24.234402200178156,66.18438890440572,80.0504019414093,41.424022824336035,94.83406603049072,136.3248079707601,35.7913059577205,97.10153216245989,131.00618892072103,20.358519328061167,131.72530700798387,156.30916094657246,39.60481989665942,81.47897200260564,136.96018982013948,31.758404399465665,75.36143864230527,125.33084294685358,31.758404399465665,64.87542683503295,98.91930410059776,8.662508332225814,105.40605146160709,133.54989530850844,59.137395006281075,117.61693626076786,121.98807344101438,3.3121243595387533,124.50632652503316,143.75335455620177,50.59838189112375,103.09924607291236,162.22047934893638,50.59838189112375,97.15643885514562,140.09530844543193,50.59838189112375,66.89666711050695,92.46749528153396,54.102069576019765,108.36723136596247,50.88957416578234,108.56438093111153,34.07546981953079,89.27920356601241,34.07709098714954,89.10965875158215,81.46768401161313,124.08138477752665,62.44759340579467,126.14540280804079,47.1043009825745,132.28053308271365,40.68905041591064,128.34340996087516,75.18254110458926,100.16739609340499,75.67267418024552,127.13553829806712,99.363365626477,124.1343594316393,90.9532336413844,142.43791830961254
53.0,24.950816317674207,74.6947996169956,123.19923925742819,29.293465859242723,86.80470121954541,108.7201423574959,26.05122283778242,120.42131391827584,127.77609342293879,28.898377389289887,90.19288859123884,128.23087279003462,27.03881780682867,64.39737206596689,99.25688204492852,27.039778139236155,64.37310454979537,92.12894403552855,43.50558627656798,70.4319966657176,90.58730460100702,27.1385471680222,86.80924656666285,129.81810146955064,25.97047193124686,101.67211659488326,145.94052843897086,30.49991450384079,89.30050393866462,110.80197550248909,24.826019616523304,66.48686922899645,73.34663173680971,24.826019616523304,67.09825686135451,82.82424665577182,42.27200305192546,94.8506654249958,123.93489206980766,38.09864108837413,98.6441097028623,127.49487709646108,18.956071656226957,129.82188024676103,150.1085269600131,31.47854202604963,98.05943965439769,122.28795152931599,31.305291086332357,74.88693718682241,125.71112257655118,31.305291086332357,63.88048548267924,99.00899177239526,5.483300568750797,107.49886649127409,129.7446532156922,59.59865620527776,120.59841840455748,123.10110205869594,2.93130174784674,124.45963941475256,140.8356598088515,49.965650701256756,104.24801254256049,151.33989087719135,49.965650701256756,97.7598546174762,127.35298362138593,49.965650701256756,66.99084659808854,87.02230813184707,50.51322066825271,99.27653725944847,50.894225841551645,108.21521686136626,42.2200307840128,86.03408802832749,33.64622504597406,85.77352467998264,87.19378926721244,120.85564348283701,67.63940077172941,125.2243707663111,53.20673148231683,133.26217455523386,40.96682546718973,124.26993046423756,72.23048139105963,108.15235778680542,75.99061859481645,128.18023883056563,97.9765477741098,120.19566839475698,49.83974951991709,145.6946342273938
54.0,24.498916920974597,75.78369371235777,127.52455054128953,30.242259494606266,87.03898602562147,102.29617130051156,25.647228606063823,120.70547880428876,141.63164711613408,29.854915572919207,106.40124211683528,122.03245285907045,27.726212399914463,66.52463949173776,98.7742048385992,27.727015023287247,66.48474562151665,87.97659667977838,42.446631466163964,76.07845890931816,96.10072024420019,28.502799540586523,88.91178096178797,119.66956532658158,27.167205611079815,97.8009214407451,141.51380325598043,30.3366963689989,94.29692475302218,112.92339294221128,25.425995555729966,66.70751693713348,70.42324053062602,25.425995555729966,67.18784898487498,71.1890032683003,42.87210836936296,98.996974181915,128.13401486415944,32.39582418709743,99.42861014862584,122.40274458727002,19.05755867378661,127.17929269380441,147.41360354248366,31.005446011354863,98.88396683684762,124.80694614086414,30.86375301223103,79.19079672800717,142.98727977147803,30.86375301223103,64.81870090672078,98.1979966308848,3.182137680412259,106.93214281907348,128.68799388375533,61.35276008621923,122.012292833561,125.2135634505434,3.5391954355201234,124.99638804850048,156.4866587358759,49.34715037365379,106.05551581649603,147.0161756256992,49.34715037365379,98.30520795198521,121.7628917416041,49.34715037365379,66.93859857665589,85.52198604533163,45.54834030567664,94.84270621451734,51.15000895659251,108.69366429999813,47.92875331070606,86.03510237478123,33.27989947819136,78.76142844223328,97.66248300385745,108.58180526581103,73.05761445884622,114.69051714906105,83.27819398960538,126.46832481005944,45.57692737777053,123.65165780945341,76.71973283491101,113.81120749912034,56.732474407183055,124.46953216235623,87.37720135361785,116.42249379131547,58.26804333766404,147.85390918580882
55.0,24.078940271576908,76.72186434465355,119.97262713108762,27.972856611386163,87.89891396238633,96.7402793072488,25.369160254314323,122.12246260013612,138.8799627620315,30.237634738884644,110.46222976816071,119.93005452126306,28.153241288009124,68.49791770332637,102.69329660862198,28.153883135207113,67.92727433073925,100.05730535523574,41.08593783488763,62.59115647731908,97.96128785546541,29.822149785971312,90.17631364950536,106.12758263588877,28.449814261676813,101.09769986365919,139.39110901583936,30.188211421402666,99.77753799809481,121.65399897019954,26.033752130647628,67.18943557922505,69.0560137892181,26.033752130647628,67.40781571761097,69.17158165112733,42.65662762946162,93.38909552426932,134.66621252563831,27.978325578664382,100.61493640451904,114.80203836418677,19.069477138824137,125.15078299106433,149.30223310578944,30.655408468049494,97.86369706047968,119.7960348022153,30.519194779679232,73.57634501360698,127.96897772374417,30.519194779679232,66.37146263145928,95.00729695023557,3.4140306365467508,100.49377993720735,124.66969533965081,63.86813619877251,117.93089419674635,125.19765428014273,3.0452992239064325,126.07357499109035,168.20058126188417,48.74342263321278,108.09024341256092,140.55062390859044,48.74342263321278,98.8121648911228,122.38372011012173,48.74342263321278,68.84914960961648,86.58029786109296,42.80876477605669,105.71643658320798,52.47420246786906,119.42377600544091,32.99754112210566,85.59944013267459,32.9982660645939,80.12671029777044,94.09014277132579,104.85740746648983,58.89491939588289,108.67685037836169,61.2185575036007,124.26506671389816,48.32303443801756,118.86597581576012,73.80099429591787,113.12098281955637,39.852494591115395,122.35251024015263,84.42628782464777,114.929031558796,77.28945966134236,141.20617861535806
56.0,23.41351548998749,78.03853534179692,111.6052726508548,25.763774505766417,88.09540115552463,97.92076089802664,25.128540996348857,113.31380571055804,135.43485641741654,29.66041809841517,112.98671552929463,120.06657223768906,28.434487647283394,72.10370130126657,113.12018657206788,28.42555138536614,66.94988666629364,99.85733294723275,39.78624862945409,65.14763675460749,102.02490954106024,31.226110216405615,90.70854542368966,105.69173871860627,29.901923967588047,104.47454210925578,134.17956470160254,30.08561072351106,103.48895309913911,122.7065649116383,26.648757006659803,67.0999406746934,71.50800148756241,26.648757006659803,67.44316321892421,68.92421161764304,42.206100438367166,91.76619125377492,128.12170812057013,26.321635533678172,101.1540514197729,116.13830511348048,18.91148293949254,120.6672842789003,156.3510600163776,30.349427206746554,97.221474900697,110.28877142950698,30.18263159500841,70.25278140472014,122.26051595264389,30.18263159500841,69.57220139055185,94.01752898799916,3.145738319207946,91.58296972474767,124.79403455912897,66.08168310533557,103.08285514591417,122.88184029864831,2.862165669412361,129.77908190896025,166.65892330862954,48.15502310247603,109.50635779460447,138.54108110734882,48.15502310247603,99.99096907086874,123.62995868112266,48.15502310247603,68.73035498423869,90.29408375894647,43.56457497004849,116.40946620016199,52.32995885258436,120.43023343615542,45.20732657467969,86.42459618344984,32.770650564976954,84.67775483184636,85.67877672008863,106.5400485812628,46.525064942619686,108.60004520484776,67.3083415987514,115.45021695262807,49.973671265165905,100.12209850141986,79.73203638591019,112.95705754814213,36.61423110907775,122.87272549306945,86.17435815865933,117.94623722660486,102.1860155821652,138.98689019362476
57.00000000000001,23.109125568960046,77.00997913859754,107.5893165605244,25.866146291116397,87.66257953481342,109.87756364101587,24.849026511150708,107.77230010788251,132.84566159803583,28.296644052670366,113.46864987665215,123.91531410990541,28.518789821083942,65.1962059284004,112.84456454355562,28.512972927128402,63.7452017030556,86.85747292863681,38.84213743037036,65.982956930969,105.23616627348946,32.4117759520918,89.24117697669547,104.14634227144214,31.28351570767941,109.64184327939856,122.89612854476967,31.86194394484658,105.31831912920414,120.1712589523215,27.395642901746257,66.69197165087252,76.20354145659913,27.395642901746257,67.08599580061404,70.49110675268051,42.069926998805926,96.03509643397888,133.14657852229556,31.055065303547963,97.21702629376861,116.11885992537844,18.86101237769364,124.57784431372572,153.5436674840846,30.09179377585711,97.09904078301842,124.23153238117153,29.854333856242715,69.62982328245948,143.9384052970255,29.854333856242715,68.70455576559631,93.55210396491567,2.866215177947464,88.05762970180838,126.27562322846711,67.82688293785691,88.43073326666948,114.31322851679964,3.6865079933844083,130.61423997282128,163.8711684810142,47.582520425046845,109.59496155516845,138.74137541026468,47.582520425046845,89.08182291371168,125.90096125253841,47.582520425046845,67.51104583117642,94.81148329101286,47.1525421386396,108.81829758258547,50.32595154291016,113.7430171654212,32.60133950366149,84.53873256644562,32.60236571738171,82.76436588753938,78.18188685483959,110.93776880423742,46.234896293610596,114.81291544927981,88.93408102895528,111.79954727512522,52.69046049868412,97.99141322237374,76.60973645014175,103.77321279510818,49.09363108914678,120.58561998946206,88.00130478190272,116.55021559508262,103.72963741292982,141.39449277711097
58.00000000000001,23.71573067671946,75.25752677696309,111.27028314163044,25.05905039641353,87.90444371294944,109.86016637960728,24.465718944706097,103.15919166438324,137.03094861671457,26.609468805467543,89.62077969479905,123.16469479675283,28.52618603581471,55.53513853157015,94.04070857913517,28.541441187283205,55.50604751232963,83.32324268584463,38.55988651647483,72.14316132893111,108.09717761910852,33.42861051330702,90.58221707609151,108.91791398635083,32.573710487022254,113.47287818437431,118.13069504481469,30.282547451586517,105.6826913453665,118.382571669954,28.151487527304837,66.48514369921786,87.43964910706885,28.151487527304837,66.94083554216948,75.51733204185311,42.407228870854276,95.4219101108651,126.99515777402549,34.94178519899558,93.35488144686173,117.48118571126382,19.131700132703116,122.348252571795,153.74243046622394,29.940738172372043,97.55381890072428,148.1264505883101,29.53457719352014,68.5851335457255,149.8615344811937,29.53457719352014,64.74068557236242,91.12221108530174,2.95528164058283,87.00555426969179,125.23046660432226,68.83287756853325,89.15458744394515,123.00027268578835,3.922290921476881,129.44263878536896,159.51688455221728,47.10489624232284,98.74591434374614,139.7163905894283,47.10489624232284,81.44765036142256,130.8317733066454,47.10489624232284,65.4977692904951,92.8616425611868,49.44712226753093,105.51668618252442,49.389158144567226,106.02801227753197,32.524834695777784,85.43312367483004,32.52555283635767,82.58026448230635,76.8028034295573,109.85560415889712,46.51733452793552,114.1879040440606,92.41809505901661,111.19535822417714,50.68901280185435,96.97528868338608,74.02017176075671,104.2471534411039,43.18376039749389,113.177617110429,94.72747830909336,115.73501163080157,65.25194131657292,141.8657820540137
59.00000000000001,27.402450366542904,74.43846340662246,116.47635968198747,23.087778198613815,96.08897551900803,104.10162677662943,23.030023396648495,104.47703187155683,136.3969679808038,26.11370986812714,49.48223425362238,109.24061765778062,28.463466545770572,51.06017809479775,98.0299836226629,28.5027074136123,51.059985097044716,83.5019273622757,38.49646921655508,73.60769214168101,111.73337193581413,32.17292521098306,86.3340456127097,110.69675236007832,31.886698487579984,114.43903956593158,151.83643698444223,28.91558835645576,103.83153044003411,114.12825938022876,28.91558835645576,66.12063734510298,98.59529571697676,28.91558835645576,66.96147281247751,83.72030779086174,42.67190643472252,90.5466476415674,127.88070161988527,40.172657134658216,91.512500993562,119.65875378409919,22.21370693884046,123.52359040127659,154.01873403574777,29.91856022550863,97.18793277947537,138.8308320022412,29.22364197015834,68.7343486348174,130.00354889556309,29.22364197015834,63.13458400143289,89.7372061392063,37.92071754846053,83.61888547918987,123.60181606512228,68.94592632045949,95.68283591816079,123.94642545259867,37.89495885276881,124.2377249830732,154.18224880136378,46.63974967771589,82.40534920149707,139.03936279382327,46.63974967771589,70.03408686379892,135.37584725599754,46.63974967771589,65.01188267230755,94.83236142671872,50.525772559273115,100.94456248693523,44.73984120907078,110.45219186280997,36.49157456402921,82.73785137711326,36.510515916532995,82.57246025236907,77.85648529642913,115.96502328542992,45.23925824613694,115.06865918982298,83.2630681879089,118.50499879806767,50.776599313946186,104.93085988915739,73.64747543121547,104.9613311479972,45.69093314697665,112.56051494678552,91.18638882438931,115.26141639016834,61.266679978936885,142.58529856260822
59.99999999999999,27.285961603983427,77.5121838625513,113.44521783013427,20.751598321652658,97.83437253102667,108.42731770313658,20.755296882704158,105.98548852634039,120.94467157544136,25.952793578964737,57.30571582581338,83.14785045216729,28.256870355661743,51.69903990604529,104.73968646341949,28.332876928858813,51.6991474691552,92.39416907058643,39.19174743784387,90.7253395080503,112.96449171043308,31.765689171656042,81.60140861479107,112.50101693562867,31.941483119719567,114.80909547261858,155.2103404200084,29.81662707282633,53.1437973742441,109.49506043058483,29.81662707282633,65.93412340872719,66.51911360342393,29.81662707282633,67.34633389651756,68.48127804126784,41.35347719046799,84.67852601375913,119.7795348815318,42.56992161337141,91.63393444281682,118.24939552252083,22.133823553900783,124.45153233881855,148.57656711371544,29.963642597427807,88.91014618960526,128.25138702988647,28.921812702526097,65.82148011524094,107.6108528448068,28.921812702526097,63.334271519174635,87.81695505881721,37.4263862263637,79.93967474575133,117.26970000011949,53.653364196603505,107.65964446009608,124.37840052858193,37.398082719799376,124.19006312893981,152.5696251583084,46.113352187842516,80.47417709865044,131.30978353963118,46.113352187842516,64.68453232420484,133.64963284434185,46.113352187842516,64.5569499913121,95.8838409882373,51.72360374970521,102.61679608787779,47.03129233089793,100.93768140395605,34.522751390846175,81.21168745700865,34.53631779632845,76.95103978325733,78.10972704831231,115.49584141143015,45.96764281547881,115.23930370961754,58.43376318296886,122.02670698492608,52.152484254121404,106.444235616615,69.370873305186,113.71928616000537,48.011252613079336,114.97730935098664,91.74798750942378,112.04329840727952,50.7023799889982,135.91300131357386
61.0,22.676945923086787,71.85370172433436,119.1025951243057,18.519924223192476,97.53174758287145,119.7719001969973,18.524947856145925,109.30815470978112,131.76573055633844,26.053689794508863,59.928570157592134,90.9968374710714,28.08267485529631,52.432725208434896,107.47291645888984,28.210242520603877,52.433053525393085,95.28009010449342,39.52587079907811,90.05996947369428,113.79627862561368,32.256306647609335,78.33278214577652,116.89133799394057,32.63219277417477,114.54965717085874,148.56649996949216,30.72712563843224,78.60271222958329,116.81159823343843,30.72712563843224,66.14137122590826,66.2450480660102,30.72712563843224,68.19511005667304,69.23266462644656,39.3116837015662,85.51042167186093,117.2195052953107,41.01995835616002,93.750099997159,119.10556792406223,22.07261235803977,126.19233673830526,153.18912521430315,30.860119834704687,63.13709091416235,106.72968363080416,28.6293773945575,77.03715716870273,111.54975680661786,28.6293773945575,66.67193859305843,84.05575433164658,37.18142341686383,78.40537125842758,109.16191115816007,42.17184687801958,117.040591249361,118.6268506170546,37.15788128800371,98.5097367901472,153.41498621057872,45.67653938292611,81.67967648219184,114.29025764698677,45.67653938292611,61.063973105885786,118.45820107698471,45.67653938292611,63.59663069160809,95.99531432801548,51.367941393703624,110.3198577963404,47.11728974806736,107.81543422105979,34.57802714189752,81.97917464008499,34.584650004415835,77.35611221077174,73.2022938627103,106.52407271131756,44.21924476750262,113.07672296867914,57.15483984572497,115.46122794401775,47.64675468244278,107.20948014060326,74.64970916247151,113.91976939890303,45.313686559397745,114.11001143735682,92.57552945545122,111.05266602697978,48.38442287672879,130.25139860043163
62.0,24.408884166119595,70.74206884198323,125.48745982088649,17.378569438604767,93.69329708103032,119.5446377038104,17.382180823093037,110.61936326620231,137.20439428778803,26.60460679464654,83.47365466719482,95.47960958165406,27.997575470681344,53.604918007646106,102.70225815323151,28.195066770594394,53.605522059737595,99.37589813600007,37.81984092030023,66.81056450349921,105.92932955728764,32.79310561426959,50.489350479328095,113.54796780249438,33.2313512374096,115.26167092030263,121.05403525722433,31.646267552430253,83.99457133562257,118.56851144802873,31.646267552430253,66.55578633741487,67.4870741477337,31.646267552430253,65.70264773434992,70.26489152530985,37.091010410789245,85.00134813979324,117.54446984971864,32.99847009348108,96.17218304206436,116.07548770539233,21.91018325920736,126.87734565242391,147.00947536420492,31.471110032752154,89.28521200802975,110.11862015436223,28.346626783446386,95.22433606037511,107.31852806854414,28.346626783446386,57.123059900344444,86.53103935244471,36.82868525557382,78.07302680497101,116.31165090316155,36.8730421877227,115.62222969654235,116.82035193365407,36.805476519112666,87.20766564469962,154.0861319995305,45.25341147361158,84.20262144945873,119.29289729667667,45.25341147361158,59.68543931588456,105.39068767616716,45.25341147361158,62.47324739798677,108.52122507896273,52.321713540164055,111.94584984018483,44.18006359369049,108.48095168084038,35.10665986674633,82.99834321294995,35.373213003600334,80.3043577808443,66.61109604120057,100.59502676122102,42.68659494999325,106.85017878190766,60.67811815486933,112.79350617565579,48.21237890362845,106.76279166886822,78.06129366063722,112.11506759907027,44.59731087629955,113.22291613765411,89.43855040143863,111.9212539794353,47.9717086280196,132.3844412281234
63.0,28.327092418709626,74.76946818290612,114.2281177823893,17.160810827088024,82.10762069602255,111.39948523644574,17.16269121053575,111.88274653782754,123.15132969916262,26.825780008034663,89.42232723805746,102.70336737735998,28.138003306364887,55.062970578757444,97.83574952246434,28.414126531220635,55.07063449761392,100.51380291869276,37.20538408470088,70.43990667473949,97.63138043353138,33.870362501745134,56.28436518622189,111.07068954956887,34.329840987602694,115.25526424099975,118.99051994968693,32.70636405961384,86.19732245068326,120.22369144466889,32.70636405961384,67.63739207484026,71.46228258463654,32.70636405961384,65.15079552491228,71.46330776271601,35.53460148942332,84.3831472778467,113.35847035316802,48.57782192044602,94.59599409297472,111.84505603102392,22.347582026206137,122.42328932383579,147.01144170417794,30.484475117479878,101.25368831418916,128.27433870053005,28.14109539445826,97.16004520358256,114.80920029651837,28.14109539445826,49.76562919884142,88.11474292564965,36.47050820002835,76.39813892804251,90.98905819571914,36.46569285542825,114.71050518588086,115.23910373111352,36.45104162045997,81.91424692545915,155.9565581547793,45.757832518680644,86.98716239824404,132.26266113604342,44.844355832144586,59.163250074245404,115.1048682421596,44.844355832144586,61.43280822067599,123.42048273104456,51.55319332658108,104.64609629939139,43.595708039632164,103.913041054664,41.926360736208686,82.28345954140964,39.60038609815408,82.08489206220484,87.52951914087183,97.18179219617626,41.21433159023355,107.19489435151522,71.4477250383699,116.91440806084547,50.205874471249125,112.97865214848096,78.65471264588922,107.31069190671542,36.724546227852926,111.61484425349686,86.58088578224893,113.24050641336466,49.05432755034111,130.8156040835616
64.0,32.45295486601052,78.41962647670323,112.69279393394338,17.613933946479754,79.54330623399103,90.31822253455242,17.579615771102194,111.09886092239317,113.08171359871346,27.110156339075175,86.66255540307041,104.74636202821584,28.297985183318403,56.67393507990204,93.47967528796482,28.59036448992506,56.68325200088431,100.8067818887857,37.56055722964404,59.593331005005574,56.63782288651189,34.5198077393129,54.33262412476264,77.10304184508493,34.80688264266555,71.35145921765735,102.78895110870617,33.91012017082806,87.39082665506322,121.34186179901366,33.91012017082806,69.25610597046547,76.51503254259671,33.91012017082806,64.20142626377871,72.94044114584582,34.60300065192381,76.55448893564092,110.44905573005693,51.21241934506656,98.34330915498975,110.75111974088098,22.687693862043183,110.738444120948,144.67528355646778,29.803995220030586,104.83357990124217,136.10972707903304,27.93962382659788,95.0820427871387,127.70055436310938,27.93961363885682,51.12902217794178,90.49227998668506,36.25246395783848,76.3926911630192,86.98371466594583,36.204099087153054,86.99712638932392,87.13106512421291,36.20118824317692,108.02660630336996,158.90373519249457,46.21579215641458,90.06026894807515,137.85092695896935,44.514506062630865,58.90813354021774,123.49167770844969,44.514506062630865,60.41654182716769,125.17993248970404,47.916406007258296,110.65244270767931,43.12163257253214,110.2617481321747,43.70475947592604,84.57775038731582,40.42458288504719,84.09986176424427,89.16020551279075,97.24074333868828,44.13749571268587,107.13739656770372,63.144431243685254,114.13239307801922,51.87765971649369,112.12222672386142,73.16924627680505,112.68539395582651,35.423791338535494,79.11145297453142,79.74221678004731,110.04564828304606,49.004662651522345,129.4613267467877
65.0,33.56977974798772,76.55550612883724,120.32101096908988,18.222094747889155,82.4826071380603,118.81648525688917,18.21993426609352,88.26544709577098,104.01705394341265,24.460175284983777,82.31423042672358,103.16038364363665,28.33243027226641,58.0988910034933,90.00059019923076,28.6410952466364,58.143808804894036,98.13333077033921,37.78427759584402,55.53468255268157,63.85492109882571,35.24378615562184,49.33278159214972,74.25138421619206,35.30700313657921,83.6292404858565,123.51590675243784,35.124510672748166,88.77463158435509,122.33122940029267,35.124510672748166,67.91074071708688,79.9057553091992,35.124510672748166,62.80867273193037,74.70619395147685,30.930601076930962,72.50172032668486,113.89821586457526,51.395195048957014,101.16425666353194,111.1874704216798,22.251267342862104,99.15737459526207,147.32647271145112,29.895425546588516,105.4666554515611,130.6376603902593,28.898488828994186,82.03795934629133,108.9707681603676,28.89846674086758,52.84520044613161,93.25467213396827,36.19869619961429,68.71239076273882,91.96929546434704,35.88365801313766,112.97123527695004,113.0178372729322,35.88327332898309,101.64407660385399,159.449095429983,46.660957238766855,93.29451350427848,135.7321675557065,44.132258609774325,59.954600385180896,128.69499738922772,44.132258609774325,59.547984602936616,125.50818137254072,44.17506518439323,112.58220238908308,43.809355935673835,106.41688490007198,37.89824850944603,85.59085561685778,46.11777841564449,87.17359220337059,83.38696088320044,100.81324482488239,45.73561374314416,95.72799580432385,60.353325116644726,106.07439301390704,53.27711904059829,84.27335852962896,69.16556336537222,99.10020656597487,36.95450118917123,82.36651672479795,80.33653506499293,111.22240532600043,48.289442615151835,123.02224070397439
66.0,32.03186998935776,73.03602223885017,110.10468771243137,18.97333065460189,84.53078719822642,118.76402982735206,18.97404513668328,87.50156870929246,110.15835241636735,24.20421669234093,79.37115286496778,101.89416069330245,28.63418529902626,60.20583031133956,85.80743096987732,28.807570500022724,60.194994541826155,84.82086715593502,37.67046038848884,65.50777912016932,79.1530575321964,35.64198817819752,48.06246639170618,91.66090723036334,35.66643805346086,65.35071875751218,138.3052817062364,36.48501404686587,90.23445639378542,120.56144139192571,36.48501404686587,67.11585559394535,81.89729839106967,36.48501404686587,61.37945666149081,76.73494879410083,27.32674035795802,68.8401531951581,109.13549912320083,50.48084644128513,103.00693721074086,110.46833845891616,22.094174116383886,101.79105009853002,148.76307029174657,29.877533836889228,90.24848116781922,126.12277968416554,28.703365319172406,72.62775389615972,110.43789058691316,28.70332461483566,64.16648628091863,93.9084352354702,36.82636373917569,74.19981017540799,94.16886480970584,35.59069943337842,105.33139168977873,112.40446873305275,35.59059836316834,98.05354754520907,145.54331307375188,46.28463786469944,96.82990886084733,132.88635253219712,43.765183079703895,58.09263194726893,131.0050292131631,43.765183079703895,58.837156653413835,119.19067726184954,45.966515277234876,108.6582547558353,43.66124850849119,105.62528100660546,39.338943743106924,88.4308114613039,43.98700344166713,85.05512003185198,69.61854610531172,103.51650695509078,46.3004874194861,94.50960643440641,54.79267752143194,94.7506759486647,54.34757741157676,79.40339013023103,59.71492878925452,101.98310418266823,36.99727615175313,89.09638865314506,78.47995295058804,110.27528693725297,48.139939362655944,114.37292535711745
67.0,28.915726051485795,65.34655184829361,97.12271754488944,19.939541974643227,85.38074699612451,108.21528822126481,19.942562637072236,59.440045285306745,101.39593443785778,23.99054830702726,77.68440063833417,97.16773107339293,28.656935792275426,62.039328183145315,84.23446636915827,28.659250709033305,62.02473241109959,84.37949692429308,37.63222427371979,76.64356154924074,79.7224949043293,35.222940940500465,47.41648112960177,102.082452396504,35.233205040716506,43.235482291510706,133.1800233215628,37.85605962062085,92.01211701837148,116.20065446750068,37.85605962062085,65.46707880288702,82.59729335340703,37.85605962062085,59.415298131837325,78.91442286078625,24.326644206209874,64.97608161962235,107.6269509447335,46.991122737676335,102.81248089861515,107.76634597018595,20.762749130239875,104.29744943988072,145.12966472829478,29.063002198425956,66.97561037738684,118.95248149661879,27.96796569620114,68.41739547015713,109.4636025048476,27.967882365453683,62.82529571900997,96.0266665905323,38.377837090297284,73.67750843296626,95.10125818665013,35.19608089965241,97.40773363949698,98.19605833329982,35.19600702462109,95.61590632392213,136.20790568243322,45.41635144055039,97.54043392357858,123.0755216019618,43.4711542289827,57.57852386413812,116.27269490075682,43.4711542289827,58.253997568523005,119.91239194311805,46.35524493645876,104.77498199782555,44.44327054894801,106.63800644408794,44.56018452653763,90.79608398154173,45.30504228634524,73.1702925360785,56.30652748859877,100.44991212084426,48.11821365171984,97.80050656341093,53.97201242021271,89.81387153273825,54.49343122706888,81.6039723607453,58.829020882999146,103.7231617962717,41.41135299720206,81.67492262820508,79.32125774351819,109.84810660597742,47.80561874916943,97.28103679534291
68.0,25.34563446191778,53.748233347336026,106.05639176359519,20.70103184118954,88.52425674002936,99.61089788379395,20.701740352854827,64.024726250238,69.5105273009884,23.835188438935234,73.68195351897927,94.67475449371278,28.368157117991778,63.55356980544341,83.33861220946017,28.401485280059077,63.54005126698532,83.57456001674485,37.920195235734916,81.7153212403094,82.7472996136138,35.145870379210855,55.00908394037662,103.07439197642199,35.142961266747584,50.57840259330363,138.63897082509072,39.513684338466845,94.9453720320315,113.93974106012676,39.513684338466845,62.710186107978274,82.81835556513799,39.513684338466845,56.707373821139946,81.30637852719327,22.358499266747682,66.13738706710207,107.11567203857079,43.00083389135917,102.35744494141149,109.63073898726586,20.89521367167351,106.46080988309768,137.6322038919435,28.71424784389699,63.060108535429904,100.46818469740096,27.777854934761223,66.2242394270643,105.83152808372667,27.777701257262617,66.43250827532555,96.12973984490048,38.843480020483206,43.039158626711306,94.81042253940244,35.11834890754015,101.68991788953986,110.23589046330329,35.11825243371493,98.19834672913447,126.66444272336955,44.62370812500087,94.46220513742732,111.56682398223774,43.13289058247778,57.22689393690853,82.0086517546758,43.13289058247778,57.75828268666682,101.69732032603555,46.99317984107177,85.13996570444543,44.03909844989715,98.08352184106863,45.49686866183799,88.63417124483432,45.70771670305663,73.50766100386222,55.06633854016125,107.65909539310044,49.716683420263216,106.42679675120239,51.126313948215234,96.41332274704631,54.29768232481782,90.25529626566032,61.765736320653275,106.18502193270488,48.928979783722426,78.68284823956624,82.71822162484074,101.09392215004829,46.64110156263026,85.58401842304109
69.0,22.789656825576174,47.15902231532637,103.47940072139885,21.286994032421163,88.28635571825677,121.82613777022713,21.28805861210376,65.31026066817823,69.24954878812093,23.74182245730793,74.85481008048505,96.33311833739351,27.946268033460328,65.07429030195455,83.0533693389259,27.774063368139554,65.05506232692079,83.09564950918046,37.72874920874672,90.85579713919341,96.20192338984269,34.83520804089996,57.98694176718469,79.72701999849014,34.839460601200535,57.921278910521835,135.8200826831693,41.183264197972456,96.06419158530555,110.60401396243809,41.183264197972456,58.054317548503896,83.66333057862228,41.183264197972456,54.936629277310324,84.0267185382595,21.213789717951457,62.41367296777881,104.93483619912674,39.64058057529771,86.89284421647491,111.91464318474607,21.314139039317055,92.42067139149306,127.74283644258881,28.90965922717845,63.822333042841876,108.85560675028495,28.296348576622698,67.32073318235018,79.0890136659178,28.296114899495304,64.99005690402576,96.75451402397799,39.365959617936674,42.961751076556894,94.8536464850194,34.82663551764509,104.71144140531266,109.45758008663816,34.82657875343673,104.42739753299104,134.35631016328205,44.08109073543398,89.58843507463956,102.88061731141785,42.86340222147561,56.91017335108837,88.08798860508449,42.86340222147561,57.35738372749311,71.23156804627149,45.7437871160855,90.0502874371775,44.7762953923068,84.9438259385724,46.599453062136696,78.91005816650241,46.66195166566092,73.92903955134521,49.141892863953146,103.890259776221,51.06957405465796,102.71964413563482,49.987247609450534,89.24342701366612,52.607073104998165,84.35114656347665,48.088025886783015,100.03283684017066,47.15178969519155,72.73871325289774,84.5505734022683,100.26501283548868,36.58718311245739,81.93970823369628
70.0,23.505869991261868,46.16183272218675,109.29572207216437,21.409256845440297,89.67759200100424,126.20919726286192,21.41105272396171,62.03294758681467,96.95869707581616,23.84747913114023,75.51756004304106,102.8342561187026,27.296752317706662,66.87137868608126,83.24837764400478,27.296749621909857,66.83629354430659,83.19054690212616,36.32329986852114,93.74848737515853,97.96635364757776,34.638746714077215,59.63941972398899,76.99756927367206,34.644995364039154,62.79462352203485,116.7815091516776,42.60541338844162,79.49927173751021,107.57602817690827,42.60541338844162,56.35502852462692,89.30142301746645,42.60541338844162,55.37572908646239,90.3426904586087,21.361912975850778,60.48937164391594,85.27787986086237,50.003519215070895,82.5019481733425,114.29145009866758,22.580392523379675,81.87789010109064,122.55133312877204,29.666917471727654,63.53376749875795,102.24262707509645,29.48209344254219,67.55157133595297,78.31244855556442,29.481723198510384,63.87849987493071,99.09960626429206,39.42819780620856,44.476898796618144,96.5235413446484,34.647132558882234,105.88197863997233,108.59025953890281,34.64704284802797,109.49342372120661,142.3599219551481,42.45074916040389,83.66027098341327,102.3954916607609,42.02542781997333,57.09514997417162,104.22174755462771,42.02544210892245,57.03410796791922,67.09248428000053,47.26889728129626,102.51830854228896,47.31278758799382,86.80529460620221,46.994097330488785,79.04774071245448,46.99522315538414,76.35703813702202,65.9961875048425,99.15934318389505,52.27877571704052,98.1896021276608,51.63402057508463,94.78052036238918,50.26610776065863,87.7308820479604,55.73211099268933,103.40059177381885,47.39613631841215,77.64759591152261,84.04742896746401,101.73008005962885,36.42556308739351,67.73986027507783
71.0,28.57647871369295,50.963269017661894,90.13163349535584,21.716750143474837,89.47742474454503,100.37368565350333,21.718488177882875,50.33056784967765,80.21448706335973,24.559808122496122,47.248581793752216,89.9582556169916,26.624741645421192,69.16316805445616,83.72012346124339,26.624742327844846,69.10586088237758,83.69524433553404,35.68105151195829,89.42616089144796,94.75463208073869,34.438568856688306,61.23410003908492,75.15031813493172,34.43997832500597,60.511360628121984,121.16759545408664,42.35913419795074,61.247477383383675,101.27098722242829,42.35913419795074,55.52466118717229,88.65609370185366,42.35913419795074,56.032869378869805,94.12197324123402,22.812262921789035,60.040707569559245,79.5631407667359,57.045861202632324,81.88456189056508,109.301270689381,25.101331854187276,81.58734838719411,124.57931803935907,30.651649153800722,63.19702935592144,88.9605007868124,31.041581533996037,69.03872298698246,103.85230113838001,31.04101230652873,63.37220408033793,95.6417679161196,47.95373843087894,71.98443638823109,99.33042225105552,34.4620193900052,105.65001959649895,108.77707459672473,34.46195579833408,112.23585395154618,130.9439392455113,40.08352936267233,78.38918690946547,109.74299791635362,40.56411723489567,59.23409426841765,109.26790397361455,40.56409796704204,56.833578644096086,73.72823696572283,45.75155297662958,97.16207684661528,46.08841780692033,79.55399935608179,47.12530063191331,78.66832442211037,47.12590310735713,75.86217725320367,70.435532637466,89.83124338111931,51.10634044076889,83.550977495538,67.2232156445782,100.12363548652797,48.90554683898886,91.17522282770348,41.947145018888335,96.87468713955744,47.67145102840443,79.95502299654218,82.29627771772262,106.26960937197344,36.062317255801084,67.11376231529357
72.0,31.838653014428413,64.91357509044036,105.70052756145222,22.057771561389785,96.86797155626638,110.82146000891706,22.05862238851685,47.62470087957195,86.31958940495065,26.367838073988178,47.6764088813746,98.93049801589316,25.92044524578578,70.60957827963135,86.18725492931681,25.920444833169544,70.56053183823782,86.12906367487567,35.46723589383631,78.47243047949623,86.23260591774938,34.15673251370978,63.08301463438887,77.15853208592303,34.156799875957255,61.9370120617389,111.98331753307325,42.07934469546787,56.39902626687478,81.66202634915696,42.07934469546787,60.22230840215429,83.71865080953961,42.07934469546787,57.50395809638465,96.41963516555089,26.19093128326453,60.66068114795996,88.4681753951088,57.60545173411547,81.57458509903962,90.15404480234041,28.929154819476913,74.16275701714446,123.00749573134135,32.07170010761751,68.9883591114701,90.52266823212236,33.33223835263713,66.30389782433083,100.26443787939805,33.331322385372445,63.26137491660967,98.21965298222261,39.325386827241644,45.84183588645527,74.59346440755593,34.190325712145146,104.94690592022074,110.1186837169472,34.19027495324646,115.76801106352919,133.7197587262602,38.331878132375756,74.31356221436708,110.40311813734998,39.2526870508475,58.85999622176155,106.94478472411511,39.25269632860513,56.97141448869813,78.43777222356357,43.45035771624869,92.55787473277728,44.10706852442936,74.02280585204977,47.180666414171235,79.57750924260927,47.18083608702018,76.37523735632566,72.42432290484732,89.07928949580528,49.78059770991868,85.25980000252589,63.82949937458871,102.70608042099643,47.15449636591542,91.93117296072464,37.471305164227246,99.42811761727428,47.4436803057684,77.44110318611132,77.55881542014606,105.05628728548905,45.82011780166349,79.74610205452869
73.0,33.02793889306287,59.74941001366305,111.89695443648398,22.324316546520645,95.92570659713448,110.48691128064804,22.323398110776054,47.18199732049768,87.13081553412384,28.702253427308776,55.52572464117476,91.06928400051159,25.60284359242985,63.81465389361794,88.92075404164726,25.602845540075247,63.86894426601319,88.79868507688545,35.58667075713244,64.0148416689202,76.82725990720843,34.03410956937334,66.64148290863102,82.25235643667811,34.029846739303274,67.32266308273572,108.53066215019535,41.85954192295945,57.109360962893255,68.01887616699577,41.85954192295945,59.92826062706187,84.91297194990237,41.85954192295945,58.187567874462424,95.86253789348454,31.383443690822013,60.106438907211576,90.41428444764185,41.18607592071338,81.74951293412772,94.238758560676,33.392315824014645,71.95144581934863,116.02816957797526,33.38977474543385,83.49492282360143,88.92306819160639,35.57492449171134,63.448950974434915,100.83749577027763,35.5737902166712,62.92510886635292,99.7308185600558,39.06741231749358,47.00266028144399,67.21407266028578,34.10003190399552,70.83271461317278,113.91819788854671,34.09989490265084,119.97675159849787,137.85629208582336,37.42043360277391,71.18292295169887,112.52427411669348,38.46942750270836,59.3018403735833,104.72102773027348,38.4694251640347,57.87020690380476,85.708234206935,43.74821926563713,97.96953537977178,44.92587363320929,75.08690981444082,45.97284306776717,78.02412023405184,45.973080631917654,75.73189679365558,74.03243612509253,88.4088874169193,45.368324461322125,85.2621325443596,50.032693116315855,99.36939423698594,46.51815599357659,85.44263480213544,35.407128229781776,95.55408033409995,46.9957445172536,74.50137350361078,49.56556054024462,104.64464854210868,47.12810108661767,79.68829490097545
74.0,33.565608661349366,62.88324822591822,95.16561782876333,22.33139246213137,87.48274655050571,99.18813503007927,22.33034775054806,49.67703661528003,83.68017609234958,27.52477974167035,56.5364806560244,91.25819825923962,26.075203738417844,62.48968559632456,91.59667789952526,26.075203738417844,62.48963686284933,91.45334000372071,35.08680018733033,64.80431352614326,78.23224162914245,33.86303660942308,68.05963094396306,88.12870749438717,33.860005906674026,68.39015203570888,118.61630012377671,41.652085782107,59.494823558731554,66.21916140493366,41.652085782107,59.089135333395255,85.90314593139948,41.652085782107,58.682658539028274,97.37611651107025,36.34350065246914,60.357265818867816,83.64351223083158,37.53323750667143,84.93803825092623,101.33550664767161,37.056785434484944,74.2235115975435,107.09806657873588,35.2370866266736,85.43693118901695,88.99424859201423,38.49696017359861,62.74293258186978,101.21046796910176,38.495581108789935,63.20991904831093,96.17682521572272,38.68297649637625,49.14900045269108,70.93878611099292,33.98991387979807,59.971668005930866,112.46469147650635,33.98971994506196,127.22185366862254,141.86062929295113,37.69683086674863,69.1894793547245,115.00561639531763,38.572104332437625,60.536424163714955,102.7613935190383,38.57206719814813,59.83242412115002,93.43392329695577,46.085388664091454,89.26934959742722,46.58419972272461,81.388618401284,39.44326261483799,75.34090624714321,39.44325688606708,76.42125573033165,68.13131248760767,81.86917426465035,40.077310251849134,70.16263551938226,45.78737056515535,95.00128774812138,46.34007963308433,87.47344792959464,45.64195171079388,90.33852049691264,46.900661414609196,81.15741942348319,45.72665286024797,103.814410207334,46.0973082393631,81.78460467900499
75.0,33.57761169026127,61.83458161654247,104.91192809700503,22.004319206010543,89.46067030719394,102.36309475254599,22.018205756123386,55.01201889164971,80.16835175512962,27.399721012939487,44.138040867974226,74.46812459126811,25.9584523806794,62.27088304111616,94.26782261668613,25.9584523806794,61.02751513959394,94.21727466453386,33.78369169242436,65.220426005721,87.16622488864053,33.597736822085736,67.27747207142775,72.83176181164045,33.59315406448165,67.9485606158342,123.84164333127217,41.45716162498344,61.67248330459984,67.62921166790377,41.45716162498344,59.09839118592229,86.8670904770071,41.45716162498344,59.375415239559416,98.92108660685476,38.15859673294105,60.214007115292304,75.01750384625925,38.078738283136325,89.60680685487958,100.805401874499,38.08223935664169,78.08918070483432,90.89264483052548,37.05583501870918,87.33610384955418,94.20195458363607,41.58230254474238,62.52744234621227,98.16154973028932,41.58061811068946,63.006976263648056,94.54478758990521,46.51901849615462,70.53021639739447,72.23977630666495,33.93116748834915,71.43312876814163,89.37338986834082,33.930599253432696,127.16700835054809,144.375765363667,39.02001387422881,68.17047642965962,116.54268859291363,39.6567672045396,63.35340626599989,101.91198564990462,39.6567087756433,63.11771241437976,93.10113684893516,48.10825139515392,90.04283718532845,48.44840618890991,83.13715995200192,38.97448799345735,79.74368461395098,38.97448472274769,74.75003140825757,65.5881515451786,90.1388958225358,48.38769586851324,74.59929127954945,45.794442472432856,84.67388098897062,46.229941131941395,84.04963138664277,47.18300820755529,85.8189233985516,42.86852369909452,88.18198694701633,41.538541994930206,101.224100781068,41.943754738889055,81.1224209593636
76.0,33.22594314414253,67.30487845946227,99.61150123887435,21.769415407791893,77.03217249877109,90.75761291628756,21.81651758140659,59.43103469213575,64.88338507516428,27.600291101536058,39.94117553828035,60.537442049640845,25.849008685054056,60.508380800849274,95.17399884979062,25.849008685054056,59.88175656084739,95.50772395820421,33.5638706242785,59.73881449761841,94.00697805573215,33.570069544222555,65.59076942038533,73.21911912817161,33.5627026961845,68.46193065609215,111.34772499291037,41.274947001783055,63.38262887690612,69.30662194671255,41.274947001783055,61.19250369672573,88.24925774846984,41.274947001783055,60.96319877330365,99.81188873664692,39.82021028371178,59.502707758929816,78.47410753268954,38.655352152062974,93.51834885098482,99.97825330550002,38.655352152062974,83.04843151829682,94.73349343030448,33.50225655805257,87.48817433741826,97.86733752878055,39.27826011648694,62.3164964567457,81.83135851343397,39.27580927073041,62.99779830473918,79.97123937918714,37.30198183745575,51.72014417759664,70.26373431196953,34.11656556702227,44.680349931386914,74.08788000468232,34.11513636188206,85.85581793571949,148.8266230972579,40.33036669219722,67.6100517149134,116.45039047864361,40.82172191614025,67.34017811057385,95.13266395878189,40.821575181815135,67.24835286613926,92.68650839009311,49.424814385854084,88.69172011009469,49.28857961036663,88.4082208674242,38.936515232135825,79.76548978565265,38.936512981370356,74.91031543702029,66.15240662618791,94.5279656680186,46.02574453678844,70.93069405905588,46.10429434090637,77.48697921030683,46.39133544861435,80.76137838316318,51.03428397553023,76.3989370806131,36.64736584895826,89.49139802503814,42.42383071251628,97.27617162930198,41.946765933177495,84.33955885563225
77.0,31.973085114624254,75.75688924396974,104.59463364159505,21.611067013791242,75.67318976501952,99.6722120165169,21.656175658298086,61.398260693406385,74.68231394437693,28.078067258305552,37.81930020997242,56.866003936203505,25.746965840657808,59.64897480154547,96.08948082975141,25.746965840657808,59.64905568640241,96.88269079720575,33.35601047278494,46.2639720028337,91.26158344222605,33.39012365828386,52.27641235946538,84.79553007969953,33.35967234679176,56.124406232438545,91.49511990768858,41.105610930869275,63.24623505112158,69.72461977985313,41.105610930869275,59.80374936812376,89.39834882206381,41.105610930869275,61.08201779239033,96.27540322428759,39.56973864404559,59.71698596875909,81.03094050351554,38.518907694793214,97.20651368933639,100.07075808159381,38.518907694793214,84.90684019032558,100.59676600505365,22.599020464970952,85.82890516139759,97.64505692950341,26.742571358672887,62.6483150043682,84.32308790822837,26.741057800433836,63.23062281875208,83.26728490649232,35.69123807757555,52.25033986937169,70.37289903188754,34.35969534146723,41.12078945223546,87.89272209497554,34.35662328192158,54.29018946227407,151.1667243487784,40.631483636514425,66.77948418530205,114.77214425256945,41.26652441575531,72.10037163658298,94.55944115857443,41.26634446856283,72.09770989600905,92.33638801581336,50.243220737995806,97.36113606295226,50.15993077120142,80.1757972652573,39.22740840857729,81.4148811728419,39.22765662692867,75.27023935605604,49.7903552283102,91.19473759442246,47.35618769909987,76.26694918069653,46.871677773297755,77.6957858274312,47.08824070325602,81.4987259196517,57.596048346259934,82.68807119068029,46.71288702894989,86.19548528594507,46.951284362475455,80.50064262647521,46.7177147802128,84.34186165473558
78.0,29.838233008054626,76.16982462245069,104.72115198666677,21.535860936123584,61.24456411805556,102.46894890559773,21.551697592192486,61.16417369343971,90.16003053078332,27.547012119725,35.51666455574384,66.67959257222321,25.652412167279707,60.237917295783056,97.54688491974241,25.652412167279707,60.23768702164582,98.41517908352077,33.302487460704114,40.07265657962711,87.85948010713915,33.31063315397507,41.40832034511708,80.94922157812236,33.30939919937921,46.86727322236068,85.47212122439132,40.949313181053476,61.45465770275422,70.77673344891444,40.949313181053476,58.657108173974386,90.35405909632732,40.949313181053476,59.169328984415394,92.30385322744746,39.053803097615976,59.09325848824671,82.77797410283998,38.36098020097991,97.55608426944687,101.85985818421042,38.36097859280732,80.14949892112743,102.4643972210861,15.963694775814552,84.85209970023601,105.60298429455511,18.2797906073141,53.779515445411164,94.85280981966217,18.279423923516646,53.986422625342115,86.15525692466954,35.5393880434879,58.45319135591702,70.69390414053734,35.5985767113408,69.10383914258149,75.1824558851846,35.59257751125543,69.39271007966455,142.12650762801465,41.07559585131533,66.07351586940611,110.28362747338485,42.86386933760808,78.25707840947379,93.03756367287177,42.86366520792097,78.25520870276007,91.98489348401074,51.37293192715939,104.10663904784708,51.40877749886745,93.60018387765905,40.263447493100884,80.22353737213163,39.67444978757385,78.77323832966155,46.879821882399256,89.04302236988553,47.55907949225429,78.2329818901449,48.46657576756385,72.11565450094629,48.51414867879467,82.33878707148729,47.7530613496113,73.03453973165001,47.21336453333342,85.69136967582796,46.83625849915236,89.91721237562635,45.89094423270882,72.81791459291999
79.0,25.465790228279086,70.6434576468423,107.71589199857202,21.543482343798047,44.45704722779086,74.08748617630899,21.545096000089295,57.06046850621055,93.23583325975946,27.353281889109052,33.43165679285799,72.72550039918738,25.5654307610883,61.45356276258929,98.32484213301566,25.5654307610883,61.47962996825116,99.10388545534161,33.1436268383531,72.2550218159872,80.72319006123287,33.149555963966584,39.27740702428887,84.06427693221563,33.1506246128661,51.09534577212408,78.30425125944151,40.83376360317525,59.06718951952733,71.41928113175243,40.83376360317525,58.01376570123988,94.07728103466742,40.83376360317525,58.05127104908005,89.37449162910742,38.502736446979966,57.00156138017658,79.74565433249153,38.21871526297489,96.39598345249647,102.50377704121881,38.218698201682955,91.6080283583336,115.08445568171541,13.88374818314972,84.85236476569338,111.93576708353352,16.964398305693322,73.07325360831618,90.21552476306258,16.963675851275266,73.44312864076211,90.49124029945865,33.69581053775505,45.43939308964121,65.1833053170135,36.215118639011905,40.36783014101016,79.53522670594462,36.20694714103284,58.4377071077816,103.65300403281773,41.330579417496125,65.07748475025927,105.29154624503359,44.413022237539266,85.18556978111421,92.0097362942688,44.41271879725476,85.18227237278295,91.67236033352548,52.03848859474692,97.98548462200061,52.13439452797666,92.66035339759993,42.131092287818575,83.19868387271761,40.181660680535416,81.96361066136298,45.62464404347872,78.24636393572668,47.443426266190734,76.63166423377419,50.87195778138275,82.22122770844452,50.867981084949875,85.43254665703746,45.61042943770154,71.91527384357649,43.61273343136507,82.27962303734184,48.64498210531719,93.62948144332876,45.60792515072422,59.96575959407851
80.0,21.808902902015223,63.3725732600346,106.46824763675092,21.519174320990114,48.43990777642804,87.34498123410378,21.51875110009658,61.16736037782186,91.6473006246879,27.43763607711307,37.27601384952737,81.43600251218056,25.486099152282996,62.452936294102436,98.75621811881558,25.486099152282996,64.06940931184842,99.40461417283359,32.96209944769902,81.17062158588091,87.809139472088,32.99677725837991,39.23505285557401,82.00271418165963,32.970769665905166,52.523610331196615,73.53805573893149,40.70130526162521,57.62213507888783,85.3900549597627,40.70130526162521,57.73234759131007,95.86032047352153,40.70130526162521,57.705220783168386,89.60869987937254,38.198167735968546,59.22880588982889,80.14498541242456,38.12254042789994,93.59936957591385,102.05519024537881,38.122469162801835,77.8930536214647,124.62965454407248,11.584813025995818,83.26787827300382,105.89457053376492,16.024116863977582,75.75914656918856,93.63639889646252,16.02348850473141,76.27917037329591,94.16643039933157,33.13712765984683,48.19266348464731,69.47535586502337,37.16128004377251,40.67660740362849,88.13488813172353,37.15481451794115,59.44626996783518,98.34570193892452,39.76828164217166,57.542630608469764,101.70532566859038,44.27125393784334,83.81603732931785,91.38420862158443,44.27075226319228,83.81236242865293,91.41107825920405,51.695235519406026,89.29975121647308,51.574898275289065,76.86918021600604,42.9965221362529,78.25529076009738,41.31928699405154,84.25160851251597,45.572887221030555,81.35258475523779,47.93197018698052,76.55414311744515,53.47033589500056,86.17266825509763,53.477043924632234,80.9963510684267,43.04909727820822,67.1840228797963,43.65975036778779,80.49791884311173,46.845856554240875,97.07964504182672,45.38971790798956,72.3209971128992
81.0,21.212418768577535,62.31264626510699,101.15377865456148,21.52686276365725,53.12008930858505,82.06144758559228,21.526462492375877,68.80449379104421,81.30785860587825,29.13601759817483,56.435978495972165,82.73757329431339,25.414488977746533,64.0683353723964,99.11706218294213,25.414488977746533,64.79544252400017,99.43349956177613,33.00971447922566,91.51725066929455,94.12923851226671,33.030381208408755,47.78002955369196,76.94431520954036,33.016904293587416,55.29847584606299,70.68988425983221,40.58227753588997,57.456417790525855,97.43294377613438,40.58227753588997,62.38324190720872,62.0467894664546,40.58227753588997,57.63555851502407,58.31282304448723,38.00821859423497,60.03481799449581,79.17109185358298,38.04048278728379,61.08837041872596,94.0790465665278,38.04022938981709,59.025387332781264,137.81665093319214,10.840222352846357,81.46751912456506,104.41719733217671,11.461587426802186,80.78028748608823,96.8375060833515,11.461294050666986,80.9983195826994,96.10260341149889,33.19774918951331,68.80570047889834,70.41175685971399,42.99532722037392,68.64767346293249,97.00565215699714,42.979255127746704,69.73224215531476,103.35350978366567,34.575412898060456,51.16744656628281,101.12683880427728,44.55753296486045,68.6558423583513,91.12733176095519,44.55659348180262,68.88055671225187,91.3609438402226,50.57046703142773,83.42599261626849,50.97841673343839,78.02422900124193,43.70033331315464,77.96353840942109,42.06893080640459,84.19479232019079,47.79680441381595,76.69422119211144,49.45911255307294,77.27508920572606,56.14032231801958,85.63074191519408,56.143954677182194,82.59240429562882,44.93388748130289,64.3653516850119,47.95858298749407,82.74213531115817,45.80488604676033,97.84027897677242,45.14570078146108,70.80025505245236
82.0,23.103438784189926,62.44674626601263,95.66646743293327,21.59390359306668,57.79543674384522,87.2892323834052,21.5935243638663,69.85155677526961,75.50216824352096,33.0496607262017,68.50312456061782,80.20940689640437,25.350665671733356,66.63940271339649,98.65498631104533,25.350665671733356,64.54622660513533,99.20121983849022,32.810059433045836,102.8670063139465,104.15766712042956,32.81112879563669,42.71312419404272,71.89654095381911,32.81856404964424,49.34396734125051,70.11500434438574,40.47679890999287,57.386206288802285,97.3234868727577,40.47679890999287,57.828108419203254,74.93270478689088,40.47679890999287,57.189737037493586,62.846576069475674,37.910041030847204,60.53758182065938,81.48373232603441,38.083704190430154,59.100635818977615,99.04230707435855,38.082889394534895,58.7603033691602,147.11519076161215,10.456332383714779,70.65600879710746,106.26493031508265,10.837025815174137,82.48516750635915,95.99717440238398,10.836803682316582,82.61671736035207,95.86281703351531,33.18093923222837,47.4292600191347,70.8852209627485,37.795369553655256,47.41701994985563,103.38520203588132,37.79468934823488,65.07501707682663,103.38546367265829,27.295442358682465,65.04614920672167,101.86062356568787,43.35664923663863,83.22004319763977,98.55030909636125,43.354686343518836,83.60140200052523,99.2140592240028,48.0628082282129,86.63236560594422,48.20377595880579,73.85375284956817,44.25206109923211,78.89237826806719,42.213327295860566,75.81470412821163,50.074352842686594,82.23597636031126,50.34998697251075,79.33669751868251,58.09439076234368,73.96560295117654,58.17871853264704,80.6918027334372,48.626113496976636,63.8920012850438,49.024355722142005,82.70035564313785,45.25143450092776,99.71697154690987,45.023473908238586,77.17937134267805
83.0,24.523105736174447,61.72033414180707,77.68430234410701,21.64879107328461,53.422080649488,98.08483672210306,21.64835661061073,69.73493825799554,79.96686548715931,30.764753266824087,69.60081490955396,76.9257672330354,25.294912658347997,69.14950074985107,97.27599643286149,25.294688177560126,66.25478722188544,97.35888120584771,32.849701010734016,92.42010734126889,106.41338059270333,32.84896349877252,35.51218062593701,46.47765000469067,32.855356825490716,52.18038800301763,70.67186544161999,40.38497554784452,57.481911491542306,100.41698652649427,40.38497554784452,57.567717541856915,59.92635438811752,40.38497554784452,56.66203734742116,62.091615273044845,37.83522450725079,60.83367887398823,82.00069624019856,38.42001390621353,59.12554089717297,86.88074413902655,38.41771900779619,58.92842414870569,141.7033985103362,10.242872808017896,57.628727036081315,99.07436543305643,10.464991695353211,67.53700287283056,84.53227091893818,10.464853814868286,67.62729455094099,86.01107734276202,34.23911379846291,42.55012698349763,71.56654920234455,37.74888144259779,62.386681570981324,103.25938214031692,37.74869760025205,72.07296926931365,103.26015560135447,20.80255023165214,78.67273859579875,100.31923875330526,39.198405373202824,88.17141894143921,95.54126869776411,39.195530644509624,88.45650274481368,95.55716322991708,46.621590464723035,87.53013564485576,45.862937502760325,77.45663919526619,46.027408711346204,80.24514205166233,43.80859330027204,75.22206075352133,50.689059804776605,81.67442277894118,50.63484405145182,78.20073077478072,48.82796958318927,79.04416973513248,49.01002308521321,75.06974524258739,58.41863357202389,75.51294756646769,50.55298198108603,84.69879281183927,45.51601240164867,97.84792754148565,45.118061966251545,82.20816304008031
84.0,25.02466677583854,57.1172065804172,78.09110368285808,21.834052722925275,42.99561138600287,97.82105736969393,21.833468688230663,65.86548757269121,92.04708428092127,29.136477939623727,67.44458268160994,73.87556456304362,25.247533934421206,69.5766707122525,90.3965435959915,25.246608683147922,53.1615703469599,92.53839921153794,32.687918257362305,64.17246360799878,117.01864860415098,32.68916323656944,39.75682991301875,62.24971702771703,32.701225856087355,62.19612811374557,71.65117441654068,40.32141180563994,58.1631053134643,108.98907598187387,40.32141180563994,57.360211664915504,58.23442165432478,40.32141180563994,56.12830082155111,58.28084336667435,37.76275134432737,60.92614632511479,82.13538035935424,39.425791211636536,59.52941563046915,81.0319593240332,39.420206580481924,59.378159137683895,101.01293537878688,10.094934939629413,58.82980077293712,84.11152378853527,10.193264688867414,77.33865052149801,95.99137881302273,10.193202576914514,77.92814456227885,95.91255019694711,39.50896332776088,68.3240566502317,72.51931437318508,65.63665403497293,74.47818450187698,103.05103302996989,65.58702965716161,76.19305205793175,103.03901616853398,16.04019248316942,79.20413200209092,99.15872030583576,32.62227291585692,90.8862601563823,92.0884081475749,32.61958964553734,91.0477374795158,93.90640630204383,48.697873447567986,90.3671332098643,43.828131651436976,81.12939651264374,47.87821714068249,79.24021591397748,44.27708650779124,74.71471703329462,48.91030410823725,80.91523450604913,48.92998232652527,76.9962974034988,52.78314602702895,77.24888380020609,52.88535576461889,79.65849515582532,57.2550043890579,85.31142819232693,49.05417977947174,87.85789062033645,45.781712620569145,97.58156241359924,45.62296469695648,78.76246297200956
85.0,25.00454795397363,65.0708668184279,83.10542925833185,22.053419228473807,42.60883453860088,98.5115717902507,22.072551074901213,61.90930440901237,88.91950338410366,28.147839332513097,74.38811277653731,91.1615625784906,25.206472383100337,69.97151551544876,94.16535537369344,25.206472383100337,49.52794749089831,93.86668052971127,32.73067124347242,45.99881081467026,120.18034258730623,32.73088993782524,38.082447840136005,72.08673898787423,32.75792418240653,52.09514078088285,72.62252448885837,40.25439417007788,58.01589506311213,109.42941821733346,40.25439417007788,57.08905611486747,58.74812480410433,40.25439417007788,55.29301497204075,57.86551285783419,32.762827076973515,61.80743163822191,82.09059450299809,39.79749854682593,61.25690676700763,83.41221952176949,39.78814701895629,61.11608221834234,86.9362856584719,10.024597295322653,56.33280797311946,71.57130718290999,10.053582851126992,77.3049090367349,95.54833568956953,10.05356814470412,77.97272379369602,96.44122104224142,36.243973496173545,38.67737216959188,76.2810652330319,37.662979170532964,80.43442144469327,102.8645902125994,37.662979170532964,83.56147913322424,102.8797341744293,12.987436159527785,68.49675378371477,92.09565552248809,25.7065214316671,94.35217904446522,95.62861855831733,25.717892130595022,94.82895852916722,100.40466815034068,45.28339815514846,89.60794367147336,44.8012367665196,81.5249884398918,48.73861291612263,78.78319820691728,45.663144887559596,74.87258908338146,51.37347187197036,77.50992818700874,51.35923274812703,76.10629977515029,55.40866766614994,73.67011179475455,55.44460091468063,77.77491271012532,53.5774873421182,87.71182779371182,46.194756268926895,86.18933282518806,46.48900428667284,80.38732595397923,46.463328988031186,78.66733043300387
86.0,25.037449335659634,81.20729730210451,96.64340633696001,21.39411034834039,45.702196024213194,71.70839573407221,21.938502466973873,62.42594082891385,73.46400337064874,26.711884185337976,84.34452432307873,97.64144358851172,25.174317269789068,69.64716786542233,94.10409477182712,25.174317269789068,45.30140525337068,76.34978870443985,32.597855358727145,41.39921679655371,115.6350259701991,32.76923969780265,42.805770492157976,91.31700817764957,32.60922951284655,44.370940472632306,72.29395226181096,40.2012593086336,57.7286163077764,109.30143104080297,40.2012593086336,56.73278682170471,58.76185219730208,40.2012593086336,54.72708559509106,56.71815202990406,35.45791125376226,61.848395170598444,82.28148606236272,40.742881512991566,65.66421762736901,80.63777060643419,40.72835163122647,65.76390572611619,94.58927980812317,10.147642100719967,54.80258564941305,68.30666269393507,10.14825077615933,78.07695207636333,97.08493734330816,10.148250583900161,78.87514589081924,98.66680847723714,36.942521528120885,67.71008972080897,81.57127313820034,58.1284875202611,91.6087938412545,102.71196047690024,58.0215186490747,93.98189674071183,102.97032995315003,10.96217690976631,62.956823566170065,73.91066636327561,19.095734241214778,97.34443678896339,99.51045336194656,19.094641622843053,97.88469024260164,117.81231577512611,44.48516810992479,84.79651118685716,44.39526634704078,84.97894101858198,47.900489220099075,87.68989843241314,48.25104322431418,86.16298612054861,50.60457534401752,77.72448998599202,50.61260620125468,76.46833300556204,56.17617583416289,84.87020645857972,56.20992413250342,86.39102891841256,48.08685369299964,88.42107267568045,45.70709786045363,88.70248839664062,47.047099592007434,78.57717609545804,47.078719011995474,79.80851995096134
87.0,24.582142456379128,84.26318000749644,98.77542642177994,20.544047694823337,46.087160248019465,65.52034898614514,20.547620589741804,61.725199721335095,78.53635924831377,25.893716786502083,88.38126585434736,109.45517654373975,25.150173955660822,45.10514013545054,94.90960150781518,25.150173955660822,47.80634863380477,75.51484307504354,32.55288248441363,63.219049654745895,113.54621925977906,34.589655519444904,72.4994230908132,102.68030376894012,32.599544860865656,40.55832582454658,51.121119071567186,40.16878452231285,57.42241940624405,102.81860280007363,40.17819067336883,56.65063831079109,58.37073091269946,40.16878452231285,54.848440192818316,56.53718621648338,36.44131947455311,55.733398896773764,84.91265847059883,44.09415100440937,72.85400441480574,83.1155531749522,44.058824309855886,73.00161368404316,88.06494160234544,10.138601974631413,55.829886988112285,63.1547588638327,10.138601974631413,77.67958629042306,91.90426021076244,10.138601974631413,78.11993584488265,95.94097953669626,41.04534204708883,51.81106584013041,74.27919847748754,54.66634538813698,102.4311239696391,102.6012935188946,54.656032516144926,102.59873293564594,104.44823030657346,10.138601974631408,62.750198786577094,66.69540054051328,12.888129172526725,98.43608369588748,100.02801312891553,12.887787623581671,98.92811894993419,112.66540004602356,46.233519409595765,83.12281556584965,46.30269049266812,80.69786471417,46.36979461469334,85.06369007357877,48.34605707926862,81.2954378031531,53.05928383518163,82.00188131759964,53.09166375318447,85.14563464681972,55.7926195553891,82.04512450847999,55.835191927039176,75.70227348812136,46.359926166621555,79.53600316731239,46.66507057558443,85.26566003512846,46.60036983126732,69.99394252958604,46.19611219050755,79.81239794796687
88.0,23.306374959812224,85.21926836078076,103.66638869649785,20.078296962240174,41.819434550203646,66.19515498834141,20.07787355775337,62.66018996272719,68.86277500103382,25.531212286887467,94.451252601218,134.99143364024007,25.135909696671686,44.866514539478814,109.67252014528597,25.134065528680395,48.7259192654637,74.15642252263726,32.64732354062224,40.61766053368113,108.27723408721374,34.52681402778757,76.53087363785757,106.89378946324962,32.80311636493118,35.73594829823779,41.3011402038944,40.14076792987399,57.38062888216002,95.11748581215221,40.39623781708403,56.61220270121135,61.25669854649963,40.14076792987399,59.46026057039388,64.44232470645726,37.36722447799465,65.70860407945813,96.14085246417594,45.49784229867887,72.48048280502572,93.49375996892539,45.46863167910928,68.68279657269882,95.94888319860058,10.131942064579722,55.916814766937264,60.16008167878877,10.131942064579722,79.40558016235309,90.32727447154753,10.131942064579722,79.63144799253837,92.33955132702614,39.55160726259476,54.5461331514212,83.25827484501139,65.69048367457012,89.85652215470205,99.07566903740715,65.70132899689374,92.72060368959454,109.1586760434952,10.131942064579722,63.968218013110935,65.91592204100945,15.769977219428085,97.32028088319413,100.41471822037684,15.769698987741322,98.64753056964086,108.8314013598878,46.63611564033458,83.14154061459315,41.26024088317075,82.93772030510404,45.99399743220689,86.45296980395408,48.2500166279915,79.68764570440673,53.01698577605645,72.94483967181037,53.0376375310408,72.35021548110312,55.05525110165231,76.53343443063333,55.14101472175612,71.69080361577954,45.79234041643669,72.25974929644438,45.8401440302337,79.9169752775854,46.971420524549465,94.35541413126127,46.45816241518437,82.84285538533149
89.0,27.28583204742287,81.33552748249484,106.20967570660322,19.650764652509725,43.0957516321507,72.6183668391091,19.661358575542835,58.60400400538959,76.6323677843589,25.541305948748786,101.39171401403559,165.30327977564806,26.233571582873886,48.15260833916906,127.98186645519638,25.300836201617077,48.07472718607963,92.61856455757142,32.50763986719656,41.128289719046236,105.26886563591344,34.912699975866886,82.5095813506215,110.89660200183422,32.77732668803138,36.503142957556946,74.82185170587823,40.126752298186304,57.33581006176598,91.20183949735583,45.62315979289913,57.005335067230114,109.62146605685962,40.21261519389017,73.26380615622045,89.26308553814076,38.55596976814598,63.93863222310383,92.25830063876485,45.87095648677433,88.69098466090985,101.31274960245514,45.85447020668527,69.09417067949364,108.44247591043394,10.12749969143421,56.22572498747199,59.94135384613836,10.12749969143421,83.05825410257145,91.88500986915267,10.12749969143421,83.31515307246899,93.14168143167618,39.14840445118186,56.06969065155639,84.13482753859088,67.24095496363952,97.95540670083014,100.68372653536755,67.25274890130909,101.73316865833891,129.0103529272487,10.127546140278051,64.88446559600096,66.29976672968401,39.12916734169987,93.64279417168093,102.52519599922262,39.1281052617088,98.34637818802815,111.34625386531663,42.2716951866916,85.04272492377447,43.704129228423575,85.738469220753,47.02831058053423,87.3791185638785,47.641997536721675,82.7837940118304,55.618732013053716,64.97511762630182,55.62462482303706,66.02640314878833,55.62495724023092,72.53441705434075,55.714946125665556,72.43156060100613,58.000217807870214,72.03500416100923,44.81960852267448,80.28963075881487,55.62359133948299,99.58684106360924,46.88723515111211,78.66620768861846
90.0,33.716138761405034,74.45061506964805,102.53730782631592,19.862413827359077,58.11112959255958,86.13412212326564,19.817234431702307,43.62982236453755,81.29338466006894,25.432989156457815,101.4013964018779,166.81689178203138,30.65582822827423,46.83310285885594,132.48010692286041,26.495435320799416,54.12628438254049,97.08383868379119,32.639927836435284,67.42322248699071,104.0866518401995,43.08071999978504,99.15217995284532,112.78740706056401,32.96251206173182,65.64188596993388,84.4368415447951,40.12507009339672,56.765961288161336,88.62460161031939,48.688357276738735,57.43339213984824,114.29386231549385,41.036846029822094,86.26951129664825,90.13861376517957,37.938876382431474,58.78031962714174,88.14448340878103,44.29880978726754,81.83510773126216,100.9111765513131,44.28441935990774,68.03678479667781,108.64091870242189,10.125277773967488,54.60991709616943,58.37013754367618,10.125277773967488,79.35403145776752,90.66317934654734,10.125277773967488,79.61469900516535,91.8435854874274,38.569143356810486,53.600492728005506,84.88708257244386,67.53476460141023,96.92351871560648,100.81433976555283,67.55421125929585,101.0733461827112,129.1513898021455,10.1679239483812,63.85173384361798,65.41515814707097,36.138976576184454,89.27446537798289,102.80165282006647,36.137778750119985,96.769994564099,110.27828907795042,39.2729047347699,82.06881162805699,46.56676053974203,87.28400184909655,53.60076908435884,81.75658336511636,45.4055217322649,75.38008354624498,56.06818123129387,65.29583174524981,56.07035176770291,68.12059997735504,53.915688848490014,71.32421826820243,54.10959531042399,72.77575344291506,68.16240709590252,76.73475605971322,43.78231864809027,67.49625728266608,61.632031706921346,98.15805971116714,47.26116797321636,74.35028562008975
