Theta_deg,config_01_det1_b15_s5_h4_w50,config_02_det1_b15_s5_h4_w500,config_03_det1_b15_s5_h4_w1500,config_04_det1_b15_s5_h12_w50,config_05_det1_b15_s5_h12_w500,config_06_det1_b15_s5_h12_w1500,config_07_det1_b15_s5_h24_w50,config_08_det1_b15_s5_h24_w500,config_09_det1_b15_s5_h24_w1500,config_10_det1_b15_s20_h4_w50,config_11_det1_b15_s20_h4_w500,config_12_det1_b15_s20_h4_w1500,config_13_det1_b15_s20_h12_w50,config_14_det1_b15_s20_h12_w500,config_15_det1_b15_s20_h12_w1500,config_16_det1_b15_s20_h24_w50,config_17_det1_b15_s20_h24_w500,config_18_det1_b15_s20_h24_w1500,config_19_det1_b30_s5_h4_w50,config_20_det1_b30_s5_h4_w500,config_21_det1_b30_s5_h4_w1500,config_22_det1_b30_s5_h12_w50,config_23_det1_b30_s5_h12_w500,config_24_det1_b30_s5_h12_w1500,config_25_det1_b30_s5_h24_w50,config_26_det1_b30_s5_h24_w500,config_27_det1_b30_s5_h24_w1500,config_28_det1_b30_s20_h4_w50,config_29_det1_b30_s20_h4_w500,config_30_det1_b30_s20_h4_w1500,config_31_det1_b30_s20_h12_w50,config_32_det1_b30_s20_h12_w500,config_33_det1_b30_s20_h12_w1500,config_34_det1_b30_s20_h24_w50,config_35_det1_b30_s20_h24_w500,config_36_det1_b30_s20_h24_w1500,config_37_det2_b15_s5_h4_w50,config_38_det2_b15_s5_h4_w500,config_39_det2_b15_s5_h4_w1500,config_40_det2_b15_s5_h12_w50,config_41_det2_b15_s5_h12_w500,config_42_det2_b15_s5_h12_w1500,config_43_det2_b15_s5_h24_w50,config_44_det2_b15_s5_h24_w500,config_45_det2_b15_s5_h24_w1500,config_46_det2_b15_s20_h4_w50,config_47_det2_b15_s20_h4_w500,config_48_det2_b15_s20_h4_w1500,config_49_det2_b15_s20_h12_w50,config_50_det2_b15_s20_h12_w500,config_51_det2_b15_s20_h12_w1500,config_52_det2_b15_s20_h24_w50,config_53_det2_b15_s20_h24_w500,config_54_det2_b15_s20_h24_w1500,config_55_det2_b30_s5_h4_w50,config_56_det2_b30_s5_h4_w500,config_57_det2_b30_s5_h4_w1500,config_58_det2_b30_s5_h12_w50,config_59_det2_b30_s5_h12_w500,config_60_det2_b30_s5_h12_w1500,config_61_det2_b30_s5_h24_w50,config_62_det2_b30_s5_h24_w500,config_63_det2_b30_s5_h24_w1500,config_64_det2_b30_s20_h4_w50,config_65_det2_b30_s20_h4_w500,config_66_det2_b30_s20_h4_w1500,config_67_det2_b30_s20_h12_w50,config_68_det2_b30_s20_h12_w500,config_69_det2_b30_s20_h12_w1500,config_70_det2_b30_s20_h24_w50,config_71_det2_b30_s20_h24_w500,config_72_det2_b30_s20_h24_w1500,config_73_det1_b10_s8_h10_w250,config_74_det1_b10_s8_h10_w1000,config_75_det1_b10_s8_h15_w250,config_76_det1_b10_s8_h15_w1000,config_77_det1_b10_s12_h10_w250,config_78_det1_b10_s12_h10_w1000,config_79_det1_b10_s12_h15_w250,config_80_det1_b10_s12_h15_w1000,config_81_det2_b10_s8_h10_w250,config_82_det2_b10_s8_h10_w1000,config_83_det2_b10_s8_h15_w250,config_84_det2_b10_s8_h15_w1000,config_85_det2_b10_s12_h10_w250,config_86_det2_b10_s12_h10_w1000,config_87_det2_b10_s12_h15_w250,config_88_det2_b10_s12_h15_w1000,config_89_det1_b10_s5_h15_w250,config_90_det1_b10_s5_h15_w1000,config_91_det1_b10_s5_h24_w250,config_92_det1_b10_s5_h24_w1000,config_93_det2_b10_s5_h15_w250,config_94_det2_b10_s5_h15_w1000,config_95_det2_b10_s5_h24_w250,config_96_det2_b10_s5_h24_w1000
0.0,33.51788921210729,49.18534162823982,80.44104088010329,45.66238648998597,70.44364890015513,84.36995721324853,45.662294676256295,70.53911098580771,87.16885303500175,12.525224548885342,12.525234271701798,64.64699518163441,12.525224550839404,13.182719173838525,72.11057327698698,12.525224550839404,13.185673927807452,72.28533751509413,42.35304438994566,54.60891138699937,85.99066604476621,54.99439925151544,90.01258842015162,100.01366619644122,54.8856067591043,94.98995325154384,121.02447870530249,18.075155600989994,18.285647707308303,71.86070432864533,18.07654963863186,85.90283818205037,97.06157595521698,18.07654967123166,86.37376028182462,104.50409369430191,35.64712227580933,43.931899405991274,79.07341931228753,40.78749288592351,62.458466203930804,98.68809807357556,40.781330393879905,62.35644512734598,100.24388962246924,10.125277773967488,50.71373196148607,54.961856826046215,10.125277773967488,56.74478869072745,83.91757062587273,10.125277773967488,56.74257380807542,84.76587374655891,37.56391942587411,50.66290460733747,84.97340984797486,51.78556603102474,85.54221052768744,100.06845614347398,51.75592934317319,93.37801708071991,119.45055841517743,10.12527777402111,59.45999524474673,63.159558993636516,10.125402899879678,70.7368640241118,99.95414573287923,10.125402877233322,70.75059193082781,105.33567322753682,50.96226366652388,67.71265036490469,50.957364830674116,68.32030735587554,17.84166160838614,43.57371371426146,17.841666824091547,43.83370697290959,45.15672990920709,60.166535643148784,45.15267591893454,60.246049110872136,42.13490069955945,58.16626302976635,42.18041728663376,58.416600954327684,52.93534486345798,68.04340148102261,52.91555135573179,71.36740716783154,46.54398231776627,94.01228609116843,46.54463017070301,60.63746806514863
1.0,33.322998555941105,49.159336633822754,89.09049131040345,45.47780396090076,69.41032492039157,82.51525728369008,45.47772738799015,69.48757747638368,87.3235684542919,12.527020795065361,12.527024529381737,64.43509321038913,12.527020796987827,12.634711448122458,72.36500380748662,12.527020796987827,12.635880611847675,72.56239985877545,42.803977469273,53.83730384655269,87.71759061719685,54.40187222935385,88.84598368563529,99.85829126612131,54.239138653938284,97.09542768425987,119.76628031854973,18.076400360691284,18.18321011144273,72.34753897406152,18.076400364886908,85.28938829116859,97.17704384697313,18.076400364886574,85.76583662217155,103.00651239980009,35.6611247753629,45.26867489120649,80.70033769630734,40.26056686519979,61.193242259528205,98.68567403140483,40.255067872749414,61.234303301755745,99.88378801293443,10.12749969143421,50.698519914982576,55.1707534699264,10.12749969143421,57.13644885939514,82.82722368314246,10.12749969143421,57.13415707772287,83.83198024140464,37.20453849209499,50.36381687407497,84.34853856032468,52.67851278985531,85.10202364430661,100.12300170331302,52.65295853777874,94.45119080202635,121.55397024752018,10.127499691434224,59.40227101144265,63.099822523725265,10.127566042175223,71.1159234706346,99.77842510275943,10.127566032304477,71.13120727739184,103.29046337256719,50.65742344726121,67.0220672765636,50.65232780794705,67.7883854386442,17.913971283472293,42.56563600021548,17.91397359664842,42.59703027546345,44.069827233469184,59.94195651627508,44.082213440532136,60.016772000147,41.83729326792829,58.224636763543074,41.86957926364789,58.28692455523412,51.84660183148027,66.80605287306778,51.83329338964074,68.34026611957543,45.59650086553305,98.43736616547878,45.60679460379238,59.763238394037295
2.0,32.45891201052361,48.4649478870319,89.20795663173053,43.62161108000367,67.5158392149112,80.45743504508299,43.622429092567906,67.60949145197598,81.486207297113,12.509996003196804,12.50999617138235,62.70266517171583,12.509996006473799,12.510345452676262,71.85843540288644,12.509996006473799,12.510351198802535,72.05948354634874,42.76911445446469,51.73861064949555,87.03609000468568,53.92831151295057,90.08257253633582,90.11324125704648,53.082135789741834,90.11129026685838,90.11431553540895,18.08262287390853,18.094772670497818,71.77703312964462,18.08262287390853,81.77884224002953,96.4062520279769,18.08262287390853,82.07000762174503,101.11289895051173,34.701175328392274,58.850521489933655,79.07259262824354,38.81488465306802,59.088439718211404,82.0519507688521,38.80942238829879,59.129509836816965,82.59107772268406,10.131942064579722,49.53289674951521,55.00221550136128,10.131942064579722,56.68625445113799,77.85134825434912,10.131942064579722,56.68342570332318,78.4203328090404,35.851731813025495,48.63919211601957,83.0436742512446,52.749176259939055,80.8975230443172,83.06648692526352,52.70536911931227,81.70902732013738,91.03459671531282,10.131942064579722,58.0770209525721,62.3756007432235,10.131942781574491,70.69408281598368,99.56948800854217,10.131942781514416,70.7344689283257,99.98844079910961,48.394645929998646,62.76938256066921,48.388259990744395,63.15414760022705,18.250571374153722,41.788270751333506,18.250569909685314,41.82269461004226,46.59794068879909,59.011364761859404,46.60676246193141,60.69984045078047,41.96914604598585,62.24606085488105,41.99357851433536,62.9300710365888,49.53990348881718,64.24772725735106,49.53113923832405,76.40472534654023,43.37333004980331,83.05800539780608,43.377801848237134,75.75697071682227
3.0000000000000004,32.50007933973424,47.61852473355511,88.70758955871788,41.993404956801115,55.98551493811159,72.59667179170823,41.995014700096824,58.75062409613112,79.06502386941719,12.543175435271564,12.543176477812873,55.48509069050551,12.543175437248657,12.544012878758323,70.88157350968385,12.543175437248657,12.543996179977317,71.12550602958395,42.583750338148015,54.70478934032216,85.93618316195098,54.86724706688048,80.99677370157451,90.16266549964016,54.62949462911236,90.11739800923033,90.16266628953613,18.09381800505355,18.135984199836795,71.4671249839673,18.09381800505355,77.48571905667829,95.27423080219074,18.09381800505355,77.67278287471925,111.53514247254654,33.27039653060719,45.8209810794689,82.44488425807079,37.671589739636104,62.68601016734932,62.68924607338756,37.668867489479176,62.68605501192579,70.9164528854775,10.138601974631413,42.68670819813821,54.81116740804102,10.138601974631413,55.85410582493843,76.09880032808907,10.138601974631413,55.85074526447597,76.25756063316668,34.290249054262375,46.920435365684014,72.15075907092078,46.518307379039776,72.59666803017632,72.59666831261076,46.498646077013525,72.59666831198247,72.75220614723104,10.138601974631413,56.01532265104225,61.036504555276274,10.138602087690133,70.3313106459189,98.82266943802533,10.138602087648739,72.9118913942407,99.83724999660508,52.76221684462837,61.977159050250314,53.04193844505205,74.23331410698125,19.039721004295632,40.32316441884377,19.039787897990895,40.263993025765025,50.98725680983835,67.52143438761092,50.98785279769129,67.70318897055444,45.02288289419812,64.75861731906262,45.02848849289981,64.87586474867112,48.75137430398361,67.97309498656233,48.748723986576316,64.41602834775041,42.39651694290586,61.569744391740855,42.3988483568872,75.84722639761304
4.0,32.867991665626775,51.019089915520716,72.50302429826368,35.570222701314904,52.674100896846,72.66957026276762,35.57022932555862,52.67479933330914,87.6198657023222,12.552141251595284,12.552159111986343,54.6623519890243,12.552141254633732,12.574485695166565,68.16362131770768,12.552141254633732,12.574322832137687,75.12589314426575,35.570607446589406,54.69232490355545,61.90410117265892,55.11793427729416,55.22910946279339,90.25033129673386,55.00727937930921,85.07578516313875,90.25046398930688,18.10997653228739,18.239041977869313,70.87060109701298,18.10997653228739,73.52260943818428,101.7020522976734,18.10997653228739,73.61301066348284,114.18942799830857,32.6992636654446,52.74248177278058,81.67867389965613,35.93714953918338,62.6901640007088,78.29502686998327,35.92846456303489,62.69289414799998,62.92548451391233,10.147475055401767,42.03646101439052,54.48542723699734,10.147475055402019,55.00692002061751,74.84865839431765,10.147475055402019,55.00515907661722,74.99895589758115,35.2417725522482,37.58324094593227,72.64489943753195,37.58323919901472,72.66858962377461,72.66915611463186,37.58323909651109,72.66893440228887,72.66917390508509,10.147475063362668,52.27116950946155,59.45953408769295,10.147476928364895,90.38656777187727,96.89289885521963,10.147476927532177,93.19949661924765,98.0851753139418,57.20540697467178,78.87002942383629,57.25561141734585,72.86458803477086,19.71612735089382,52.48369858517556,19.716159737755913,52.42858336083716,50.277437520900634,74.18481176483351,50.277650509017285,71.6366006642538,44.65577148220316,63.727463415966874,44.65927044978281,63.74636016302207,40.27488469158359,67.69205579072072,40.24571379213837,68.54666548469702,46.705969384252015,60.909205296850445,47.02681004523043,75.66957009569323
5.0,32.730343993504164,50.621812331612944,71.21118044039966,32.73043479369183,52.748676304269814,72.79353234285023,32.73043478219613,52.74906365450938,74.14142534041379,12.575422458112492,12.575939784337804,53.42620684655247,12.575422460095334,13.416237907375534,82.00420266014683,12.575422460095334,13.411266200767137,83.00495899738249,27.64988697987751,52.77525600468252,55.61564720293824,36.45955170552105,55.302316987838104,90.33604310250273,33.70130887478133,55.36460799598698,90.35635699828366,18.13108518539362,18.286954647002947,70.32159027111614,18.13108518539362,71.03459896898129,105.58599142790281,18.13108518539362,71.07080545275957,110.91164628361683,27.649878951062068,56.86725118505266,80.98362148213921,29.077521642346934,45.993033559235926,79.78767326112107,29.052671262003276,53.78525226548783,77.35774684417747,10.009058397280828,41.29047089813577,54.73620239327084,10.009058397311934,64.69800362144322,73.13913927844617,10.00905839731191,64.7108559483016,73.36072469675521,36.87117034055188,37.66298406402465,72.67557686501301,37.662979170532964,72.73126823032575,72.75456171421844,37.662979170532964,72.7466402977708,72.75456172106546,10.009058495337849,47.25775910390129,57.46154693747035,10.009073572745189,91.84352742588756,94.38745521276662,10.009073565188299,92.4272979742329,94.96750914066473,48.14166273527656,76.44087905380327,48.12185324694238,67.47821567542579,20.840901357259035,77.151901254183,20.840806189030644,74.77426578467289,46.75838983094057,74.02402309398086,46.75839237623957,73.57699814466535,43.7091934096618,72.09250966458815,43.71101244417943,72.42499931219383,40.33417636696302,68.41874531715216,40.25540359305279,67.78649353003462,38.78565424944992,74.52545236819833,44.37565037312271,76.49418338434367
6.000000000000001,32.78398431130208,50.26625056622362,71.02063219106275,32.78400907664926,52.82936771111066,73.30998933098641,32.78400907653479,52.82976990944585,71.73285383321341,12.58972795575822,12.616478876626989,52.25869526132897,12.589727958379635,33.87847377369268,90.69699457524382,12.589727958379635,33.70923454038095,97.54035453096994,23.323191248197578,52.44779204618634,55.38902196308878,23.45414802459463,55.381596672803944,72.62852837843528,23.396905331158266,55.382702708913385,90.50140395844286,18.03902020620854,19.200444856553545,69.47687216347718,18.03902020620854,69.10855218016931,100.29719048347086,18.03902020620854,69.11783635724005,100.45158292619622,23.323190286417155,54.33255825046375,81.10289557451867,23.353771274970562,54.75421398718207,79.92019266288106,23.353210343478786,57.74946924911015,76.74264218494672,10.02253710401809,40.547266413090185,64.47429890756258,10.02253710423002,64.96892643303863,71.14476063036881,10.022537104229835,64.97305243269435,71.55374660520346,30.013281482788717,37.75431751830677,71.956499303971,37.75427735690089,68.81756472475647,72.87414665277777,37.75427695824119,72.7814415034045,72.87414665027474,10.022537838745372,47.06618606718414,77.58808041075095,10.022674221961596,90.48207450758251,91.4886452811218,10.022674110496721,90.63072641777018,91.76087865269352,49.36342918044943,69.97079870622241,49.36338489562232,64.68833585647172,21.872764199464136,78.37885782300665,21.87276920310202,78.16359515540738,40.32608609531077,73.33474130652995,40.32609107891848,73.5131085944144,42.639256734215984,72.40465916228301,42.63983606074829,72.40916291035762,40.32303124593044,68.3190432611054,40.32201540424833,68.45975935014742,44.667277110641834,93.02929814126915,44.71689901528547,76.58169158122627
7.0,32.8480048774052,50.00728408817731,69.91815258010709,32.84845886795909,52.92540576029673,56.02659955392929,32.84845886795909,52.92497062115473,53.336141828891144,12.589678312200261,14.65256016582932,98.18587539334365,12.589678315694268,49.73883278943172,98.17101839059619,12.589678315692762,49.73227674711922,98.17534169786381,20.196317736680868,52.1835035242721,52.665565011219556,20.19713108857195,55.49239812805701,56.161621867972194,20.19679473971468,55.4935593948603,90.65892064317755,18.056473908269023,29.575995760877056,85.69263868841082,18.056473908269023,67.36571410846868,85.69474919138337,18.056473908269023,67.91318067605276,85.70361232977636,22.72710386301116,60.15280304925474,80.86355816434319,22.727239184920247,44.562430392913384,79.93537139302668,22.72723681842608,45.09633627521619,70.36648392537452,10.056154832049113,39.760045709719705,64.45145330798661,10.056154832924607,63.17571171976192,80.55609140556142,10.056154832923776,63.17865289127974,80.56014486835181,20.353075462546762,37.76912054731622,71.1318683559695,37.7688531440296,37.86473582573935,73.00124142780037,37.76884881360678,41.38161654858029,73.00124142813074,10.056161641801259,46.52805433365657,84.83884548763201,10.057725300175605,85.39673852562457,85.48183250691415,10.057723709188226,85.40964730966611,85.43681415296835,49.35047584519866,64.9997380514321,49.34792486382085,69.75684849648998,22.594452760308172,72.19645237554772,22.594740926326143,77.34099144891745,40.38498356140652,73.37074949494072,40.38498034495478,73.56274155144169,50.07819775911009,69.85578697670205,50.08350092515828,72.16546185031119,40.38647734999826,67.54386912228593,40.38645122235432,67.79400596220853,44.83870414392449,93.22625515600491,44.83445323030163,75.92732757114175
8.0,32.9124898433684,49.900966385786305,66.77280968253153,32.923709405859526,53.033291680389844,53.080959021731324,32.92370943169021,53.03349810271786,55.03972840653998,12.643229418843891,45.67991660093004,99.95215466465088,12.643229434470651,48.97972609690463,85.3421556586486,12.643229434460238,48.96937217949979,98.32191685683844,20.21636255250347,51.95752040104029,52.21539622592941,20.216379353947566,55.60297878712948,56.14584972541297,20.216372330487925,55.6033775714022,90.85729382004043,18.095061480967672,38.201962851373615,85.92461788870769,18.09506162378797,69.1849928622864,85.87503275275142,18.09506162278808,75.41828492152675,85.87503275284473,22.783464398551054,59.77898613925057,80.14323753990882,22.783465307285034,43.42168443503689,72.90247075893468,22.78346529319177,43.123182476817476,71.93275501559751,10.076271633106218,39.26192002174154,80.72886979466833,10.076271636236616,79.36429489013206,80.7206990336031,10.07627163623397,79.5637606710655,80.72069901843508,17.81953111709674,37.90191381714413,70.49039987724603,37.89462238925806,37.90130570165016,73.16748765674546,37.894508437511675,38.18541334497707,73.16748765675028,10.076356383079544,45.82759002847971,76.08935072809807,10.098968580985108,74.1125960911918,78.57114465380222,10.098943569367167,74.11392748187625,81.52720799119797,43.60655353850123,64.23858227998717,43.62761788620125,68.72796211434134,22.969495740261586,76.88832309088417,22.96934973415292,77.83545524821069,40.47679568721687,73.56047726886754,40.476800597437105,73.74146078768496,50.46827807763337,67.72951678243773,50.468279105070664,68.00722818549218,40.4906610454284,67.64622768594455,40.490388824308035,67.6256528623321,44.72136799422338,78.3652765537439,44.71695334628894,63.90477303123226
9.0,30.703322349847554,49.8847222020538,53.21658121743072,33.00942170142813,54.05451022425729,93.65845164042943,33.009422010460774,52.87836200518275,53.83435502122786,12.516239499660172,47.0337800679795,132.493546632737,12.516239615135767,47.978672618357294,82.87222150936003,12.5162396151329,47.97159758327476,82.72706515809702,20.25976975578822,55.42724961317188,55.74982871438618,20.259720687111493,55.75007847528461,55.799123617259646,20.259720405972352,55.75017804528258,91.03194133036864,18.138529441122405,48.10244900676304,86.62939411432694,18.138531949019452,63.6770904606339,86.0856914527619,18.13853194620306,63.811328700332396,86.08569131977862,22.82588990653025,59.16416876056228,60.99287390144857,22.82588991766056,43.943341123781344,49.42373852519672,22.825889917489675,43.015237549233234,122.56140577772196,10.098576638347852,52.0849779217749,80.95675818990574,10.098576652236892,67.81168642232932,80.93087360502227,10.09857665222883,69.14891820070511,80.93087328086685,16.041236479402748,37.99436719422309,69.94924396991722,37.90836253125785,37.993709517467046,73.33580177877683,37.907016097008906,38.703717279195416,73.33581151116996,10.09989709287504,45.059516054831946,65.57643597155449,10.45095055999269,48.165036672965996,65.51214582765084,10.450569341340092,48.24965904990858,65.51214591592694,44.491255430453634,88.51401117738725,44.48643214953167,64.65364496925402,23.152319083792154,75.3089021985803,23.153768111919977,76.16915506779317,40.58198947540558,69.77088246790446,40.60000897707697,73.36728769084534,50.59450125021712,66.93097360257508,50.59450828941545,67.83345175266923,40.588067755826,74.06360883731314,40.58798995981772,56.92283972645802,44.65466515561588,92.8320569769686,44.64999751327126,61.46588215512805
10.0,15.629721808912016,53.32550335939903,55.90218058563598,33.07697089822526,93.55277426733741,101.18629621413,33.076980216994045,33.29301243216062,53.32731609728615,12.56468320892937,58.051401131345344,131.0660130537117,12.564684405479069,63.49722209326168,88.30935903651823,12.564684405733832,63.49768828663179,86.23792924886617,20.30789143138673,55.891516920102575,55.89155862872043,20.307418603160176,55.89155794930238,55.893065613419296,20.307418595281415,55.89157919167073,89.43811168750808,18.039020283276354,53.106004691419216,88.55532619632159,18.039028887923962,58.46722758231538,86.32178750708428,18.039028872826187,58.467900352310664,86.3218973213644,22.896752021126368,50.671760561151764,63.105366368309525,22.896751953327826,83.67976901999887,100.35174147087089,22.896751953324028,43.1988738481408,120.36890647244843,10.123055411813437,62.514953467958065,83.51556583168275,10.123055723345233,55.61074333050523,81.14322974427947,10.123055723271062,55.641525679651856,81.14325002920836,14.416007561634652,38.05971701143114,67.97249856547646,25.118979698749257,38.05917277699997,73.54750759795493,24.999623471519502,38.571671814705255,73.54811132449646,10.151205584505878,44.199113117383895,61.6980035728408,15.372883706433967,60.921860523577536,60.9222557904969,15.367894625040012,60.921859531652245,60.92225579948048,45.75523287413728,76.5201694537424,45.59683239379871,68.08114564117508,39.601334468830316,74.15147704398764,39.60381769925396,75.88958242232245,40.69222692113687,63.890729115586026,40.706615402467506,59.47714837883597,50.72769055096015,66.87615278016347,50.72778716447534,67.51935657331698,40.705362666437885,43.06761329576074,40.70535876559681,51.72306260597273,44.652017952243625,92.84676030596063,44.6483016864141,63.511410325469214
11.0,13.242089770773937,53.485148659196206,68.14410688608797,32.649151961865215,69.82093635882788,101.26068657135839,32.65242621980297,33.18612538015421,53.48515062104927,12.59152381185764,68.18669302649448,99.23967251891429,12.591539921597514,63.67840755445431,88.13028340796446,12.591539918314856,63.67854914642109,88.80160734073253,20.387904544652386,56.0744259890371,56.07442635911572,20.387036322133728,56.07442598903902,56.07448215302857,20.387036322759343,56.07443063512699,90.41693218437162,18.09257472235784,59.44515396301144,89.09971405272758,18.092591707580052,53.09307992232018,86.58046326316651,18.092591676078133,53.09303244144295,86.58320420798789,22.97621416225614,41.269788133630676,63.65731630257382,22.976210523069152,84.00548238985942,101.8765045221895,22.976210523069017,43.325711845608,103.78692413762047,10.002312725162307,75.0001279354917,106.68349815817193,10.002313631984714,56.865576378675435,81.40472405940147,10.002313631906137,56.851343559984656,81.40479397225518,13.238177883254444,38.21699748279499,40.90598155358471,13.578577419881949,38.21690122345806,73.76467300907764,13.574297606387022,38.4257579171635,73.79645133514718,10.700598671339403,48.712197762724614,68.57450344026134,37.63045227101183,61.10551409454866,61.105533759134715,37.62512794638718,61.10551405027683,61.105533737127764,45.864907884601394,87.42629890060624,45.66328660289703,68.18957539555092,39.731627936125655,73.70536838858636,39.73204529463414,74.2890991379397,39.78728390490927,58.08334818666882,39.82230209752189,59.22810043608943,48.4730968609586,66.74447258667625,48.50312364513459,67.03831358447367,40.79808453046664,40.84089777984096,40.80053161733883,47.97480089138534,44.71396434274308,89.49151048936827,44.722194612223845,45.90329411433087
12.000000000000002,12.797806038662076,53.657769707858684,55.62546549462902,17.783876381498033,89.95410064937677,102.37974945069661,17.80051141994791,33.301140711977204,53.65777297277886,12.503829017268647,75.93628085444224,99.57859333229933,12.504103240659148,54.283491824800116,87.84539871059178,12.504102983380886,54.32622382209058,87.97179050073456,20.44570473843618,56.27629385451746,56.27629404470609,20.445445703138876,56.27629385472429,57.06803022567734,20.445445704301537,56.27629481826428,106.04975295186655,18.035278614982907,70.78097088599658,87.816757356234,18.035301968830208,48.54201701680059,86.77439736010572,18.035301928784143,48.54201333532011,86.86235144755754,23.064283267703654,43.48164501509249,62.156431254930126,23.064176768313434,88.16908292967052,101.55842249050653,23.064176768313427,43.42057091284523,102.3399287916627,10.031523896998424,81.01641721642409,86.18311749003998,10.031539501720262,37.66164081333581,81.67632247603548,10.03153950179967,37.65582469073543,81.68226901308104,12.232990563122101,38.35767532731107,42.15132581515055,12.21827397354942,38.36087064587306,71.2705610273611,12.21821457669381,38.40474746730978,92.42669062553108,22.459073493131818,51.71139503924631,87.77241659123314,41.17570838399793,61.30599461151854,61.30625013456612,41.175242232575556,61.305994332122516,61.30624970178758,45.25022571593071,98.11747003149284,45.39839972770323,50.41612349762673,39.18293543275081,70.30425146678365,39.19053290591957,76.03631712894797,37.695352318981506,76.38384078432316,37.67011934652039,60.46798273314465,42.24101681989511,66.5985653882987,42.24382696501503,66.19951799564315,37.24133542694391,40.953004104692084,37.270181565734,41.43032862568417,43.576999459180264,83.64870215352303,43.50435199607122,60.694787316389885
13.0,13.968191535851599,53.87746540665966,74.29786116623522,12.978673863772407,90.12884551906582,102.19945884374329,12.979098161054079,33.427154566661265,53.87796512049634,12.53868294227027,86.3316702292959,99.95342040170624,12.541532608829028,44.2630387130583,85.5424011014569,12.541526419765468,44.26939713204018,88.13723479593757,20.5409766937468,56.464291813500886,56.46429190117672,20.540965167196987,56.464291796903474,90.99515646400855,20.540965169425004,56.46469657552417,156.79696637377216,18.06768649614907,83.14105982537684,87.34082303911745,18.067704497646343,44.73583219056018,78.24123939187548,18.067704425029735,44.73583261250099,86.90786503533272,23.128136316498537,43.57884684687785,44.63263351108049,23.12749986487947,85.70503545416354,99.8586312635251,23.12749986487947,43.30522155219219,99.86151192491128,10.097551723979665,81.94730811433237,81.9753088597597,10.12605306727381,46.19817454831098,77.8572068446926,10.125993137158524,46.19817470643128,80.36105163563226,12.481190432690608,38.45126623475237,56.11047171575538,11.33350392520278,38.45126858621377,70.60317287187584,11.333502368620985,38.45984194003792,101.11445174903943,38.4799754920063,56.13259747091753,102.80817599487126,40.98378292961229,61.553247477271405,61.5567750688379,40.98355378219818,61.55324106711967,61.55677259694965,45.05150771496982,97.40104242399374,45.1203148995113,65.55454978774416,37.57880167680023,57.9086097320755,37.5515145871757,71.93640815143932,37.68636699762138,87.20365730443959,37.62259581226003,55.537615861099525,43.85940560041982,64.67141291441155,43.869527084811345,69.09145469528593,29.268062197722287,70.90384651011193,29.108515485750313,58.816219332946,35.06966117468132,68.57676479920553,35.03052612573138,62.615568126543266
14.0,31.58588442714107,54.08129412137364,74.46140297563518,12.899081965874508,89.3580989682217,95.29474375937588,12.899065395904378,33.56244891278699,57.58853609509675,12.619724255616099,75.45431605400357,100.35913635540028,12.622827226873166,52.67853640915155,82.74242464955414,12.62278002507496,52.698781501078,88.14391443045707,20.609858081372778,56.70089285011864,56.70089290522468,20.609858078113977,56.70087268293756,92.64348955057014,20.60985808029912,56.74773598109667,153.53669134960214,18.06931216980883,86.42185075993595,87.57253830796282,18.06931725309967,41.528198354164715,79.61353774539867,18.069317220402638,41.52819825292737,78.42437476942197,23.2302590660344,43.74872874637276,62.49172132204803,23.22942638120881,86.67014007141138,94.75352896611135,23.22942638120881,24.64540685435085,83.92403601218206,10.393469886041515,82.30843203753724,82.31358501570698,15.6762012772911,46.36832189917882,73.40688494808653,15.669054512027575,46.368322262105906,73.49910118304838,28.66465279011282,38.65548613564833,42.27702676606223,10.60502867231685,38.65536806840749,70.62513366848451,10.605028601610119,38.6690345695466,143.37221749519276,39.18307074832137,56.78567438778002,108.8494277923387,40.750632604865366,61.17531854524056,61.79464883594593,40.75036298200092,61.16587653966864,61.794265514691396,64.32438546044877,92.76573108052884,44.863806453935176,75.72423428379588,37.57752872120781,57.02042649074676,37.51889835513779,73.12750536511929,37.774934588325486,89.23079590432293,38.724262942034514,59.16361504731841,45.07374106720349,64.47419823471863,45.21884848857932,65.1681897185327,26.547110131469225,73.07244920934701,26.50865713005043,57.70110972549881,33.56175743646107,68.84454578648061,33.56175608262057,76.38838236768868
14.999999999999998,33.70327351900236,54.490215840513144,85.16371826561902,12.97369004339832,87.18245291006507,95.67442507231786,12.973133835649312,33.70798204436807,71.90687608642146,12.675670480994569,64.70494253394492,71.4168727544452,12.672042834332657,56.01258783207228,65.64831911814962,12.671893875096199,56.21169672273173,87.42081195497866,20.72091334859542,56.95587107577735,56.95587108902216,20.72091334859542,56.955705807431386,93.04463361106131,20.720913350167162,56.98527026268676,142.9321421291238,18.063949123244306,86.79496920936388,87.96789109199604,18.06394936576321,38.62565614881482,82.31073469553236,18.063949363321203,38.62565533528698,78.08239557459984,23.339683878551657,43.93100440390794,64.70657589853754,23.33956339079506,81.93501794086671,87.63267798485761,23.33956350380121,64.26492887879823,86.91572731104061,13.965168556518268,82.67290927280249,82.67769500392018,19.5853940296164,46.58761929610332,73.50894536011339,19.581357076866745,46.587619340766516,73.44232456734773,38.45181582134001,38.83836581116332,41.004683979394024,9.880094969101144,38.83871894095704,74.3970221812574,9.880094965883131,39.16539573465783,142.32464184251367,38.146255105533164,58.54053825049927,107.67399314135936,38.57041957118512,50.77041361484011,64.72849907104191,38.57040947543646,50.74686932890641,62.086320961704374,80.51410720186784,87.95328165883424,44.70786188710187,47.37571258557169,37.64817582002567,57.21034795245901,37.56995876512014,72.63391640776497,37.847139973810485,86.64719772409948,41.45605278071207,61.27084938025627,45.37796709854767,69.08410899670146,45.701096303676586,65.283429409535,25.978314369523343,72.4821645561572,25.977581015270854,68.68171529769522,33.69693895944712,95.70223417564334,33.697650642465035,77.31511308673475
16.0,33.863335175470404,57.5295105516002,82.18572968193129,13.014964611696824,82.13801270852315,82.18563874974738,13.012582479158059,33.86368383762322,71.84504481290486,12.573497432375886,65.01738192686426,65.0174432345434,12.567393271080437,56.78960418943861,64.0720471866958,12.567125388814526,57.057213405221624,86.57184334649338,20.80003004805522,57.22893613552971,57.22898086515464,20.80003004805522,57.27152705336675,97.35329526726996,20.800030049092005,121.15635539866592,134.57370004346325,18.042817830702678,83.07841928701816,88.34491121278501,18.046599637959694,36.459101780029904,79.95008047295154,18.046561346852293,36.45909579174383,77.98565959877091,23.457700300166486,44.16551867898248,76.1291137045014,23.4578260391177,80.74888628368818,85.72503333949464,23.457825895510823,40.30958123762029,85.7539046052806,29.54700317367359,83.06518723316132,83.06729964868987,29.916708448156033,46.78280942688644,73.89472338421464,29.916399656699202,46.78280954571684,75.50514392137475,38.92987209757391,38.94230549382468,40.935913698364836,9.303023837145153,38.94898344511161,104.28460513721396,9.303023836862629,40.601669730848855,134.64629863232375,36.12019404536561,61.216154720373616,102.8142166363535,36.1622681568303,51.70518274913917,63.69964232265603,36.16226825275525,51.716562931651005,62.3596911580093,79.95281812260886,88.3420924132644,43.14988808522865,55.412989721233856,37.83814148898367,97.57828339153994,37.727789719128616,68.28544999837597,38.02308082328866,74.26078877657397,37.87255692481476,61.6097510673044,45.49498436803794,63.49968075602784,45.838595694901684,63.547953449210674,26.075569481662974,88.50734395768617,26.07556364205514,69.36717887308996,34.74940275389739,103.25016438282735,35.10451335818154,77.14534469595698
17.0,34.029319261475855,53.86223083989939,93.52512796408386,13.096288045572393,77.39055658130732,77.39077434029608,13.09613468277382,34.029399296689945,118.46951580748457,12.636769157396557,65.35017628757234,65.35051468684135,12.63385867099141,56.87573173879818,58.15567145664859,12.633762927696518,57.0892908440493,83.6885982707637,20.926209642455557,57.50161461377827,57.51996393111836,20.926209642455557,66.20870306681714,109.35770288931668,20.926209642455557,124.52009900619964,130.81474200323447,36.28241643909218,56.82907754664696,88.79803629995703,36.45478941969251,36.54358716086709,86.03678054622188,36.45368388862633,36.54355278329245,77.94410880054326,23.566417174268587,44.41251223566655,82.84081696016518,23.583200992537023,77.39084419347597,86.13037091350394,23.58319734037566,63.221009318711666,73.33595016720359,29.422410469738594,83.405931472087,83.48204834742727,29.493740514097706,47.03184660577504,74.73119513038205,29.493713310996743,47.03175790386427,75.07966549004772,39.197177218078885,39.201567962687356,39.362323020844826,8.87221789431285,39.25935431479334,107.36017975791916,8.87221789415355,40.551352797460645,127.4584150180922,34.15417822619905,62.636160453068676,92.31087936126546,34.158510483096826,54.3398273489825,63.13189029813776,34.158510482601365,54.39818867264413,62.692129245300634,76.38650925443243,80.83657336994318,32.56157598493219,55.16180440751286,38.053595877358205,95.17645699399736,37.92467873914812,82.79088035419241,60.73646016067103,79.40177717863132,37.888594782947244,55.58872099814127,45.33107971107386,98.22684005002125,45.72053093659829,62.76626347391456,29.594170425646524,100.08005460738558,29.81966584909793,69.51764597736062,46.42231623036539,104.3801434582316,46.450480867594834,77.85158924488591
18.0,34.25012530059908,51.16174228257918,97.14138325134003,13.141014602263283,76.04685972056603,76.05452704101683,13.140642018438125,34.25147343055699,127.03901189092392,12.525140026583555,65.7031675889701,65.70442314996167,12.524739135605543,56.89531110936549,60.902580793865475,12.524735275084202,57.10755588642743,83.93127590079916,21.01526231099674,57.46582442327057,57.82855054879171,21.01526231099674,94.4870457683402,108.51486539856118,21.01526231099674,120.31692882265268,131.36446897175026,36.76396863900446,38.01888095208714,89.28169605243849,36.76420188829837,36.76467708447274,89.26822768192334,36.764200147756235,36.76453794102187,77.99465954278412,22.623827358426208,59.672456415688224,65.3380944658992,23.698334782281943,73.09826439364747,77.3451779898116,23.61911014642102,64.63611881815181,101.06506102700982,29.022730185066163,47.29736084538777,83.22041745688077,29.059978983823463,47.29903595411205,73.90665511011521,29.05997690918423,47.29652472160258,86.82132695621654,39.41586243322979,39.42191227153292,39.44863107693981,8.300978863541111,98.1490167558203,106.76783053137176,8.30097886333087,69.01310943648292,120.76917320758693,32.302215836951206,62.991677346016424,80.79236397293059,32.30258549498968,55.44139356102961,66.15033950576927,32.30258549132282,55.601121017450104,62.99979772176601,65.6186899505024,72.10624635337044,33.05004965559037,74.85158024027427,38.2471276993841,56.79788622570955,38.00953227939978,55.908480040879176,71.16472406264616,79.8325847868145,43.689800684763355,40.50439280995589,45.29242119478812,98.75154322401738,45.57611712422369,62.442422752086706,27.14159809245884,98.34975176878902,27.179072519182345,69.83330000534286,45.463713800759606,105.08141379863413,42.17273284870711,74.49868775561926
19.0,34.437497731397386,54.881921948094316,97.01181785345042,13.235397719164832,76.09941687841867,76.51509027829864,13.234473108564902,34.439573242730425,126.51950384908339,12.618310561793166,66.07606412311937,66.07899126233758,12.618303567017609,56.43497167665269,58.386913377396134,12.618303564002701,57.28628967938836,85.51746532495355,21.156116136947254,57.566319230006215,58.15644661004798,21.15611614377889,95.06757004156442,112.33859397276981,21.156116136947254,113.4821863584698,117.7874459589845,36.94955546450898,36.96268035543332,89.8409246275505,36.9503051879897,36.9515901899748,89.83617186906629,36.95030088906294,36.9513362410617,83.01817567697272,20.691735063485577,58.19545791595856,64.03033742908441,22.128893056377446,69.25753569141274,111.15031408540916,22.101885435283094,67.66784729205405,114.39356900873194,28.455206153868495,47.57685651758382,50.03387648024801,28.473017983858046,47.602469212080315,71.34879184681994,28.47301936235428,47.57684573403327,89.02408881010842,39.61456264362103,39.65522059078789,39.68189495569841,7.875357138151991,105.34894390732664,108.0463994826198,7.875357137933761,98.43685910675539,114.17093529562884,30.45718975844131,63.36770989661146,73.24386495558134,30.457196463499038,55.70617736899703,70.49068715789383,30.457196463514776,55.95864965079354,63.31419288807012,70.8182767699216,89.55427445018728,32.823114661797554,55.80000604721782,37.859188167963346,87.61295190499196,37.882605829968135,57.08536529325545,68.2479737616467,69.53243703867763,46.59329631092854,75.15919749168845,45.45712365267368,93.70378370775069,45.68838583418599,61.58387633765736,38.491185524003974,98.36186834308349,38.19253266381194,65.67951445756142,31.833211455361905,101.32087161278382,31.230005062573355,63.187369822017466
20.0,34.63424966314488,55.21825105506445,77.05825799598219,13.338323865925805,66.18273865648467,77.47748880075345,13.334401186314745,50.87550306586055,122.3538018123745,12.527221307531924,66.46853579104804,67.80028614674492,12.527162898778457,57.01494520176178,90.64863899029103,12.527162902639722,57.59562975678667,87.78520359191685,21.25479357697929,55.43560606966201,73.46178735593847,21.254793658421335,95.1956116433133,108.29746676419006,21.25479357697929,107.1081253797888,109.1047807690296,37.193987572597045,37.19719002596611,90.38204978571632,37.19531118027831,37.197487957680906,90.38142338966973,37.195306954154454,37.19712690517911,171.67895336930488,20.63629788493762,54.670525209428924,66.48234237975453,20.589354009485092,66.56967216628148,108.17528883294717,20.588590597419557,66.55196546520995,115.3660582488397,27.881760865330783,47.82211022594195,47.8292483025729,27.89184217378828,48.10386950669325,68.36327722748312,27.89184085142702,47.90372039646535,91.00313485896888,38.85641424609055,39.855991647603865,39.93380357744775,7.5931712782220915,103.57995227738232,108.2453479886207,7.593171277944113,86.02274032383961,114.33746170917065,29.046793377858155,63.763683907338866,63.77936950591008,29.046793548939537,55.846380193108395,57.67024488240803,29.046793548913072,56.191968240496564,59.253104666725065,71.1786791723438,71.48922520113824,32.98986682707204,67.68184689324022,37.54390146740238,88.15151026596216,38.05707462860266,57.30119327204909,50.64098703554362,97.76270406758483,46.347611083122914,96.13712525224852,45.76216820075727,82.85782005807157,45.860727975410946,61.10622299280491,40.553465014240196,96.015529501063,38.4293366808118,58.67169809474054,34.99652689891007,98.35604573789638,34.63370118538724,63.36562931059461
21.0,34.84022296808095,58.59673229978862,77.64828631314546,13.3953526144432,62.774956784804274,99.25597605220588,13.386607162402399,56.909800562373874,130.15183091068155,29.39449166425459,66.88023813770424,74.20295473142066,29.37528463701022,58.07316582629641,121.47148119740335,29.375284773791154,57.99839979772711,88.31743777994238,21.40984002742664,54.05951488074596,90.90579364128166,21.409840592722816,62.56986899069386,105.5392071145888,21.40984002742664,104.75762783659432,107.38571587122904,37.395363283145414,37.40342682064486,91.00286740124376,37.399895619457034,37.40430441798883,91.0029139430914,37.399885207719215,37.4034256452534,167.15472697739858,20.670276176060256,61.3480934661018,76.2806097407149,20.555909558479016,66.88023829413879,107.5597221104599,20.553831234088705,66.86632895322548,108.69815502988403,27.3386389723615,48.13026598848246,48.218913927379866,27.342796556551253,48.131982660333364,67.84647732548576,27.342797003173594,48.47270085873068,82.29848257031568,23.99686569368836,40.159821625960824,40.873139805881046,7.172604133873777,101.53033972147398,105.54037736420291,7.172604133594014,40.1608220171196,115.19595739980348,27.645821480953884,64.17651744640234,64.1843032692913,27.64581794774754,56.01126442637324,57.4755516293969,27.64581794774754,56.46861949638213,58.079801978849595,66.16741034955876,104.06250588094916,39.52392527088422,70.80867132775849,47.76454302510654,88.73828056540111,38.33632074263999,61.808429562457555,45.27987106880329,98.25718899319497,46.84429918909807,77.81392193207799,46.16834341344481,74.99087149392729,46.20939622632651,60.005720036492335,60.62720667389714,91.21519840125093,38.767959196953996,54.28426009549665,79.9920888459244,92.02590646512539,31.57531682640305,63.23354636155027
22.0,35.11040821453402,59.19045891392426,78.57143080001282,13.498436712423556,59.44929445924183,104.78762141223551,13.495415902260044,64.68741027783582,116.03424607975164,29.59543136601382,67.11116446380841,77.79858711728123,29.595424497685904,58.78370921435965,119.1870954535505,29.59542449567546,58.45630248523518,86.42380319576905,21.57316040824802,51.20895461220952,90.67370087526585,21.57316397439343,60.36485690535839,100.93010576748415,21.57316040824802,100.89937864635979,101.67802032375415,37.653431177263705,37.67315082412956,91.65310322099218,37.665305842823734,37.67700093100632,91.65476639484397,37.6652740446332,37.67315025319757,156.9609121833576,20.75082611819303,59.54723743236907,101.12590986348965,20.600539874689417,67.3642572063311,107.89496328906435,20.597734205854493,43.973066411275056,107.93701982596971,26.533398450018673,48.45315673526609,59.62835964409926,26.53337277125236,48.45316173851566,68.88661195038911,26.53337275167481,48.66521542664747,80.8220937672373,8.610227994300862,40.43063507921345,47.01646265925864,6.894291120255806,99.87339520591415,100.9301057673892,6.894291120038313,40.42864737310712,115.87424596971317,26.532842110444072,64.60845962370855,64.6094580603949,26.532833433314277,56.231707187444485,57.79340636970409,26.532833433314277,56.772222481214,58.41022077455508,59.13759107608761,104.00326142887626,40.82008685842209,102.56926088920058,48.42629874935675,77.96966920875394,38.66709601840656,67.78343717988699,39.315773603486136,107.379210475444,46.56475970013075,61.00876190381467,45.397533677207086,77.53201106060868,43.77587709241491,73.86406635706778,37.086115859364114,87.65161888116384,34.98223331003041,44.16386136690721,78.25540073291712,87.81169696578729,24.49467981474799,53.75898095579969
23.0,35.33643950973224,55.92945144754739,78.57519742960953,13.609991452501903,57.253281806913655,105.1289738176127,13.609968783886483,60.06534508122164,121.42964920211767,29.807715444189547,29.84103503802524,73.70732364559316,29.807714774048655,59.15486072602523,62.72903991669969,29.8077147741064,58.9662421730179,83.33283717147329,21.686545236066788,46.93709577182635,92.38347890091796,21.68656136738277,80.67842073304129,97.71397674046939,21.686545368038683,97.69196935773776,97.98937921797398,37.89979099038955,37.95578050030897,92.2613929989872,37.936179100867854,37.969423752692435,92.27906013014257,37.93606396653863,37.95578019221842,77.29201973404084,21.53353123502794,56.26806431846651,92.41771467445939,20.66237559343263,68.24644658102322,106.67595105452108,20.657202606166816,55.23257790686797,131.7398773730709,25.427846794173252,48.79045831407655,78.3621623380119,25.427825583258556,48.8201889470868,92.29481719153844,25.427825583993375,48.80396341580911,82.12663224685929,6.656337984551518,40.713465222168985,77.62040668010569,6.617873528325235,96.06144142931593,96.07737116785171,6.617873528173615,40.69252890942267,112.32389079193246,25.427786672738613,65.05963277576177,65.06596724620444,25.42776533634051,56.48625655059359,58.18468765446276,25.42776533634051,57.101026351221414,58.81089610426953,56.65257699054705,102.8729693954761,41.13297991295806,102.79528966738891,48.74658363409138,72.24623887410999,43.936367043356434,78.67330197271846,28.749115643195136,95.75339871241397,44.17969009592173,58.882985378657835,42.57156037818696,78.09572100877723,44.668229802841054,56.02353532659662,73.93938706658766,84.06460488486668,27.20240189799844,42.087155962192476,76.29931269600709,100.51302069343798,46.27591186382116,67.85097950878982
24.000000000000004,35.630996552014345,57.336096859252756,79.26521023618655,13.669358665200098,57.342902930646204,104.48735265133926,13.669354417599921,69.20712199921816,114.40712037235274,30.057132516722174,30.53765180165391,51.52982199017126,30.057132067355663,57.30204390705601,61.07637519193561,30.057132067245977,59.44112341774975,82.34180527699716,21.863069327712562,44.107897184289754,92.3487554266991,21.863271873593913,90.9046715613403,98.48620262497663,21.86320982508224,98.46740773676689,99.33444099512168,37.777444772434876,38.25102964749759,92.93244815635421,38.09210301083935,38.27427617138351,92.98893751672736,38.09063422243474,38.25102939791294,77.08590354182776,23.893492782614974,52.978916156762835,103.61581407722444,20.784879992347022,74.84090626614037,104.79189217238728,20.734972919846257,55.32487640491768,146.58265571875054,24.47300222628199,49.202885422228256,122.56782258814964,24.471165125067255,50.76650689356316,105.72484959785179,24.471165132714994,49.398041080200784,79.67709322497153,6.343960902011043,40.969500913796196,74.10360730791264,6.343599138175042,92.36340690314971,92.36352771082694,6.343599138072234,40.73047549586275,113.00106221368756,24.468201639279297,65.52965900301895,65.54427816970798,24.468168096529006,56.76733017190158,58.85201710444267,24.468168096529006,57.43954672530271,59.25976472135155,54.144251518684555,99.43071080608964,41.16632941330342,99.42898585252642,48.45259664966778,72.7116530113584,45.07516909165296,64.91093647935526,53.74138535815908,99.29536513472628,37.8908309760686,81.34899519325684,42.998610455803146,78.80728590204811,45.85213925941031,53.50037456900051,73.80966561977313,80.62934673251176,28.82182658547471,47.34175392489141,67.594440251283,108.43419955730778,46.67663823389525,52.85783930193097
25.0,35.87132482076942,57.825115814926676,80.30129600350398,13.792253723029686,57.84168114686183,102.16962611167378,13.792253266530455,43.228873097636345,135.25345774259645,30.30315502291225,37.42802155433107,107.5525960336628,30.303154564410853,55.202648083596685,107.54944147937526,30.3031545641371,60.60975786229431,82.5936284484341,22.04737539281965,39.75939813950899,88.97537041048994,22.0477648115484,88.75301093801409,99.28626870952802,22.047653945538922,99.18577163753162,101.72888603683757,34.36856501261344,38.49611994209613,81.71664102535327,36.025111231503004,38.49653582382225,94.47027006252418,36.011434398847,38.496119934351825,77.83492135757929,24.818570441781084,52.680965131722616,100.72845891154675,21.802408084776516,95.20525266364051,100.69511660082573,20.823077901617975,52.844739790957526,146.19414470953922,23.878005183094466,62.228245800846366,125.56683368959702,23.782067214896394,49.859815843467175,106.07575167226373,23.78206864494247,49.56458424206036,78.95241628572802,6.207356137004192,41.78672796349041,78.64132246739759,6.20735451015555,88.80596826790416,88.8059682690963,6.207354510098933,75.38989772107652,125.47947293264879,23.65180835857101,66.0804906912774,66.13773326714345,23.651770546832218,57.065175779344344,60.48686105022262,23.651770546832218,57.80148133953743,60.64848105471276,52.950808946138736,95.60127142766767,40.75014374383948,95.5966663491362,47.40627984187811,64.02780673945597,46.19192506617066,64.73341110663928,52.214577772367306,94.78988136508451,24.98160801293691,93.43591183437017,43.6782660693516,71.24126754992994,47.726140492016896,62.10358575375025,72.42239950357042,82.22045933448418,37.16361064188698,103.64780165590788,75.8991130714692,110.09639077245514,46.67095269086735,68.8964629282437
26.0,36.14962286224645,58.2700318868771,93.97106901092637,13.920533438224757,59.039223640608746,102.22110327040532,13.920533401796252,31.389364098670104,137.69946790077177,30.558978550112663,108.30229315987084,108.51154219355394,30.55897800225838,107.8213596285044,108.5115466258314,30.55897800225009,60.76509584425214,82.03163957715317,22.239221005778745,39.46562990426267,96.5786009456408,22.239702383735242,85.53037994549577,99.99831646453771,22.23924646536473,99.7273005715208,103.98617787934786,29.57260237628078,38.81335143993623,91.19559529556695,31.297052175234892,38.813352444209045,100.63114162019997,31.269012367453236,38.81335143993623,77.66162543610982,25.056564226298825,51.44314250131111,100.09791755401068,31.140448492010716,92.93150751847172,97.03904845682743,20.926712161133427,53.63865915237459,147.11804830240297,22.707305816729743,75.77017782565026,127.41389318502644,22.70729508342165,49.62203877022426,103.01181616556387,22.707295083421545,49.57207870182117,79.14768538169992,5.936855241871725,75.11052592779325,79.21764676840367,5.936855229026893,85.5666187832615,85.5666187856256,5.936855228959012,79.2964230786855,136.64258494060016,22.707310181863527,66.58927278473739,66.71177524721428,22.707295083298668,57.41138022502458,60.99546165783685,22.707295083298668,58.17684345652786,62.53253557538832,46.78786518757093,94.55985175984998,40.81732046595613,76.04267437898706,46.202239002248504,68.95172965306453,47.73446979241663,64.97402843590973,50.40668558659166,92.21271343165431,28.114702965105256,92.89966635863782,43.799432682350954,112.30572662347673,47.39006329445362,111.28844454370797,71.91460587596632,94.58327756516931,37.59246760988218,69.28659224224756,74.49087008543422,109.3220656003965,45.25482494814185,71.1352909043885
27.0,21.84400536285174,58.79741650442747,80.62712335980525,14.054047470876379,81.32813006537643,93.62702590423174,14.05404746863771,31.544683278769295,136.9432158114812,30.75712107517357,101.24057162991983,109.51243919469042,30.75711830946241,94.57201381086797,109.51237865542457,30.75711829793402,59.82894263100271,70.58226308350076,22.43913381176184,39.92154338172972,100.6563091636906,22.439168019026827,82.36189135967224,99.44919275431533,22.434324364506722,99.34012054219131,125.33719873551938,22.65446084820168,39.142384316748,94.34611295251153,22.95672175500468,39.14238435395801,128.98141149621003,22.934534849262732,39.142384316748,78.60977737436058,25.255842737752175,53.67697309705383,94.55989449905616,21.73356388548677,91.54174384265559,93.61740534578664,21.003135217212975,55.8040772428453,153.3547144776334,22.038539547110837,53.693853135239884,128.0771626052567,22.038517418374585,50.30203817734545,99.3182233185332,22.038517418374585,46.65697920938926,74.25361628177146,5.80269334120756,74.3269978216571,78.89185585390459,5.8026933413802615,82.4160254440846,82.4160255101582,5.802693340678807,79.50888826715078,152.65723810854269,22.03852014995893,67.24995353158793,67.30290150484045,22.038517418374585,57.78603670841689,61.52041857812918,22.038517418374585,58.569130325945906,61.85693705426854,86.3853356602362,95.46244870775725,40.58871399709821,86.24766782485592,45.7856729845144,105.71573226129534,48.56093154014893,66.10081509109354,49.18500475098072,88.9851099610119,34.179316399616255,95.79607966335864,47.970194534604744,110.38690162185635,45.59025726705207,110.18937806254112,71.74148104561526,95.25971735710766,39.45472414114767,70.53870751649009,71.20293145224838,105.7553214991264,35.43641608935812,79.37288003703242
28.0,14.144448651798465,59.3617137820874,82.16808409683826,14.122721070160349,84.25360872859079,90.43536510948684,14.122721061213467,43.838687823070075,139.51584623664806,31.08856856730656,48.35946293360594,110.54456116058338,31.088565550405225,55.5381469073641,110.663674769916,31.088565536223822,60.18270148579652,66.09770449101576,22.576119014549466,55.48075578321083,99.99197574901753,22.50903691715942,79.0273484820752,101.12176350734755,22.3069196167597,99.75252056667102,141.24455927727837,21.64125202760591,39.55238614799365,98.02426453314452,21.24867204891266,39.55238627426154,127.34670907657615,21.239630535349665,39.55238614799365,94.3611925802236,25.461339930780245,51.61461555929206,93.54410639194134,21.209303111078967,93.26045145060606,93.84686882037285,21.175183116532185,61.85654943834423,134.87316321988624,21.243201539743016,51.44387197569551,96.00467741815443,21.243145953459905,54.43613679331994,95.9956057329531,21.243145953459905,53.85525012513955,71.23721454269183,5.536808648602086,73.65354783185933,82.02137346313273,5.5368086579858495,82.02168158481024,82.02168186363525,5.536808647899025,76.21048665090923,153.62067138465844,21.243145953459905,67.86741670345246,67.88275925123898,21.243145953459905,58.19457937495837,60.98385800940311,21.243145953459905,59.00214390422792,72.62110280165547,85.89308050633355,92.47581420524158,43.92748027815887,107.51183011906825,46.205854820038795,105.92187785645604,48.47280447134284,68.73737086128315,47.00721555952245,86.20822694697655,34.262998686975195,104.63718194489877,57.46289128636724,106.10520865639914,44.17910601083868,78.84498754123696,69.66412376684703,99.23999070759636,36.93677729355598,92.94904069142649,70.6243191561154,104.77741732454604,21.56384020562058,108.61533432715898
29.000000000000004,14.271017512525724,59.91742439355779,83.30915055548685,14.263809319955907,87.17993269946268,87.62053129041564,14.263809107118336,43.53758547429567,145.4108777726368,31.382797146288922,90.5966959021158,111.53884897668595,31.382793187101424,54.75900810984779,115.31381129854375,31.382793138487763,61.396654823308225,67.60882120472748,22.78741428947128,71.42572387401982,97.93197673039445,22.105715060514665,71.734295947376,102.7766273533515,21.169650447609527,100.8970466101688,142.21947596199377,20.45761825943646,39.90634348070492,100.89683040365924,20.196761472513757,39.90635184510006,122.99027229538932,20.194848647683724,39.90634348070492,114.31729337469798,25.746820132182478,49.589687508492474,94.38017034126361,22.126023044180307,87.87805992685468,111.51810568010971,20.956060961201814,118.89351341866562,134.3156550405906,20.587173883385937,51.3468341066994,59.81992820344306,20.586919390719924,54.778168323102285,92.835644827521,20.586919390719924,54.739934261648365,69.77991519308613,5.4052058253622715,76.72267315261061,82.79883824205649,5.405220368900861,82.79952415908429,82.7995487316642,5.405205824224529,76.65361067604036,156.64710911417154,20.586919390719924,68.50592127692556,69.19338940279876,20.586919390719924,58.64154725417382,81.6940583787429,20.586919390719924,59.4400763373406,88.45956501156111,83.14202499909241,83.14774312346786,38.86405691141828,83.46128242228367,46.72509100953289,103.23796545252482,47.52451317496742,69.32381570910954,36.29614931275512,102.61007024214025,34.480713182864925,104.58031537879711,42.68358702059112,107.59250611387422,43.29993906151099,76.71801310151129,67.4055881292611,98.4269951260238,35.47942124324973,53.63267091631272,86.20154057584087,98.69523923168826,37.09842686078265,122.73418393004212
29.999999999999996,14.41008459280692,60.49612416028759,81.70030357772045,14.409774496094924,84.32558991135657,85.31597047295678,14.409762320866706,116.01711633992659,131.06291515732775,31.6753764430249,89.882811797706,112.56630836243335,31.675371513913102,89.4577889658311,90.0903281537147,31.675371431440386,52.763098318762076,81.96543264415143,23.079780111604183,59.99575229569969,94.50124843468772,20.524789256642404,71.7394109392402,103.64240434571799,19.378410119302803,101.66703100084915,149.47059275227218,19.817195829086497,40.27115936747427,105.44030326265755,19.740326213266258,40.271159064785266,119.53370544457626,19.740130937863775,40.27115914066526,118.04981658315202,26.165065585701885,49.407360383189236,95.1628560102126,20.722194190382996,84.79598361921838,97.10304184944462,19.287407797895654,122.8917262731504,135.47920742451976,20.077814147753863,49.16214636554619,92.21047918808401,20.066670127352968,55.86497832548362,92.15799846244987,20.066670127352968,55.74919362451875,70.77356427693451,5.274585293497089,74.73160003350415,83.47212923581598,5.274889315910844,83.47231085830843,100.57928757804518,5.274585291880435,74.58663832389841,158.15210088682505,20.066670127352968,69.16488799421992,121.26218052448345,20.066670127352968,59.11591791401798,123.81848925944894,20.066670127352968,59.90907575771149,87.7483906695766,80.65941794335423,80.66303351057454,38.27782322707275,80.66307077048718,46.469023761655656,100.09997801918422,42.667560273669366,75.10099598319508,35.71282444052599,114.86246111387668,39.42698388038476,113.96034172065467,42.51995083294971,108.6711426262523,43.13527417943388,65.08164171288882,64.44776899208449,98.22089142304948,33.62452074616738,60.94706982460554,87.05029015151196,95.71608647877817,37.49378086963079,122.53786635238521
31.0,14.595194216772487,61.17405324201427,90.1094149621856,14.56242744178168,84.42983242250864,108.1673724639276,14.560434403363757,116.39936382544201,125.18063049259656,31.976533154854838,88.41293774743687,113.70190768860722,31.976526738811327,87.30982394937718,87.38849274479546,31.976526600668887,52.31736875149931,79.4207439044701,23.306785492641406,29.124786858371145,75.61602070914557,18.116050952134287,72.39941198923005,104.95486230188567,18.395777282264525,104.67025646703455,137.58470076782112,19.42418067921613,40.72287175447125,127.22142577035588,19.38462449979871,40.72285927015723,116.45711231400486,19.384584454630815,40.72285905975745,97.40218869177353,32.638215343548204,63.389118071280116,112.7522553546638,17.25435773960529,82.34575632581995,114.0699415277832,16.799361240870336,127.08503809782559,138.94109572931512,19.437252576845705,92.32425128379134,93.13218467914366,19.422828063904596,57.728297633587204,92.07729715770012,19.422828063904596,57.12299008049688,88.0895845308201,5.145021867925645,72.61443363082131,84.43048807469476,5.162232961485695,84.42296108279261,93.46497719478526,5.145021865927222,72.45716674828087,159.84628713090797,19.422828063904596,69.92037828075235,127.86400697652,19.422828063904596,59.628191735174134,126.87392194244325,19.422828063904596,60.374075850115965,87.25496111456064,44.40467179124521,79.12473051603145,37.936562448710006,84.09555657668119,46.18946963163288,78.11925434639232,45.4938830323587,77.92307859480599,77.03591072045432,113.57081273079068,43.71750003773251,113.59004699775444,42.60879726275055,102.73646180025266,46.88566271216975,93.28034420204254,36.006844191953206,92.60828173504582,31.175933002923152,117.2301619494871,86.54685660738787,108.03762464709779,33.37120931317013,125.51505585923032
32.0,15.460733622742584,61.79878013929516,86.55413004124134,15.015415988888051,85.18670618270608,108.57082935350891,14.715680915118245,117.59707804366373,126.49384175022485,32.28602559948576,84.96115542502987,113.29706954875353,32.28601773251823,59.80228305376922,85.12554208404651,32.28601749345363,59.63999344070533,77.55664266444185,23.54020496937102,24.32495910181435,70.83993000089511,31.88709465393352,70.68310354812486,105.88788059714243,18.00577030274213,105.85619175408884,139.13159481310512,18.99998850493717,41.11054770846851,125.18458473085204,18.98987442861971,41.1105370996237,113.77386449774855,18.989869253733346,41.11053697087742,103.01998969290067,41.832661140723566,72.12619410118121,112.96429778082582,9.688740492488801,80.17585425626588,113.91545843650323,9.508484013926505,121.11784136076652,147.08574198887453,18.914427859938296,93.62811956988274,94.38347411700398,18.91338811530076,60.20472938839658,137.49846377082466,18.91338811530076,58.40089099080827,88.62535036151634,2.7269488470805983,71.33525204988874,85.23406802722883,6.996770025257899,85.08386204906832,94.1128664265799,2.7269488444623584,72.15994669294405,161.72914536868583,18.91338811530076,70.62136738167217,129.14920354421275,18.91338811530076,61.68767305685834,120.43299855806657,18.91338811530076,60.88003783360062,86.6496511371051,41.56543573002413,109.17359325371886,41.8637749007569,109.5596041045687,46.57720325884255,78.62650758015747,44.2629516798722,78.62357261925466,75.90943124666678,102.56672023607896,44.18066097632267,110.57577738247265,42.55215126328516,94.65893583383006,46.219842061387844,94.32312250161675,49.40897583073739,90.17265073252193,30.382265760371073,114.55318460128399,83.45414407964809,108.71990137543106,34.48078996699518,127.2314411445102
33.0,14.643782769248027,62.53465158971536,106.53608547388268,15.480847873975486,81.19514011987762,106.42655055710736,14.875357503641457,115.81268779492233,115.97933807160149,32.68423588579934,82.68009077399934,82.77347817589923,32.68422342067966,61.325998864350275,87.55036886111789,32.684222998708755,58.09130963174377,76.82806909672561,23.779849663107626,58.63147823325647,68.8246723305075,23.047680933783106,68.79172375395433,107.06574815051985,17.647016636782297,107.09531206620262,141.5058460391822,18.416998460163725,41.588837348128706,113.66007141501743,18.4094922501469,41.58883733364017,110.60971887336879,18.409491624220536,41.588835641311235,82.81312627612988,41.0942376908022,72.26728512871763,116.84790534633969,6.554319237397185,78.02895552671151,114.41840376791107,6.485004055644334,115.71316654501926,149.8016285309474,18.40949222368376,87.5774091753759,95.10514557195026,18.409406562950366,61.59039979424221,114.10230729852904,18.409406562950366,59.54542722789853,88.86037636221282,2.600240377009308,70.94309963119598,86.31792561409097,57.94555509418118,77.9517266244864,86.20314578141256,2.6002403735412396,125.85831691745128,163.5945461205374,18.409406562950366,78.40106105600385,130.3080671278064,18.409406562950366,60.74222223699297,111.00023815673934,18.409406562950366,61.39586355478135,86.13686465697366,40.41409033717412,107.32659491847582,40.39760146094787,107.31104405473022,47.575065036367185,75.5380340888126,41.54646834871289,77.67867967575528,73.87086305887142,103.43506059394637,44.56876638075927,102.09907816875133,42.08126918857438,92.88728960789655,44.300402746141145,91.92413885425556,80.00613851946213,87.64397626427352,30.101195698247626,115.04365319002956,81.53488749119515,113.13217896375096,35.334584313421736,132.69336118534287
34.0,14.00606583847143,63.248356889180975,87.87068070737361,15.039381170769953,75.9430285963676,87.77910075397236,15.039322312880225,112.67949854211102,115.52754721447025,33.01158374068828,80.53034944182035,80.70038623614145,33.01156631704527,55.568283652979346,80.37098224640819,33.011565522208535,56.79620044027476,76.17563391742178,24.025533292728383,24.174302325544932,63.34538418970896,17.759365948508776,66.79776386177402,107.90028358460464,17.748461233365088,118.40936266802721,142.59557941078236,18.039838092702787,42.08094883201042,98.59250003498742,18.036340158639483,42.08094877736302,100.53037975013112,18.03634004251895,42.080948777326775,80.2895899972792,40.03105856859683,71.83599856524422,112.22997129144413,4.807596524322928,75.80763263949285,112.6776554183503,4.782435925709434,112.68116155152128,154.32991621295113,17.911353227347945,77.22201381063623,96.16420848390898,17.911344170664577,60.75949896781977,95.51759369048204,17.911344170664577,60.56134034332877,89.29900943957085,2.8082467883727236,67.76687305502398,121.72634964992673,60.42400891347183,74.84070781075681,121.2275262111233,2.808246784052128,124.70703128819326,130.01153573544138,17.911344170664577,107.56191146418652,131.51033995049676,17.911344170664577,60.88604241191927,108.119324443034,17.911344170664577,61.36916080888459,85.60646176508192,36.65330455594675,104.31821064214571,34.025737612748095,99.30131698042366,47.53164581559119,64.68201011212737,42.57999593528052,77.63257693403571,71.86877164449014,103.26717644477044,45.00735196684375,103.46951145116606,42.40393711768578,89.57472407091669,43.62073078697919,89.54999415474983,79.17248234778192,85.56451484425561,23.79476912144914,111.60912775644512,81.45100810028781,112.52144186070018,35.52407816018471,136.247851114419
35.0,13.586972471765613,63.61141074047863,88.17676487398627,15.207431638943547,74.06460646846679,88.1784947700594,15.207432225806697,113.16836254518762,135.1345912258023,33.43132974157647,34.64120186113615,81.01483441343252,33.43130313920515,55.57627023496529,69.29226867931075,33.43130150112894,58.01261638978199,76.46599255241603,24.362188941061923,24.987034884426187,67.13825411073643,18.233747115488985,67.13844838615496,70.07974542324317,17.99709309845924,121.240702506273,143.822860120203,19.06400532049385,42.50238768017321,73.27895241328211,18.96877883622301,42.50124998161819,80.95346315112036,18.968779911236712,42.50124998161819,81.79754907194479,39.05356306678966,71.88969360762523,100.68748484394749,4.003383151730331,77.45892657654151,109.70249133565213,4.001409050113239,109.70827441490171,142.769557524039,17.54198717421202,79.36605459913193,97.34474677020783,17.54198534944092,58.15319068608074,82.46046594552232,17.54198534944092,60.918194137394096,90.0791820015788,3.0168278105476847,65.46752910286584,121.00861591300506,59.22133715373669,88.11553985082196,120.63103505651365,3.016827804187585,121.73535114105714,130.85584502613386,17.54198534944092,104.65955091842878,133.0822680756949,17.54198534944092,60.10477845828748,105.02257463398084,17.54198534944092,57.84199485280749,84.92873248218346,40.31317183120989,80.1745140369189,35.944180901815216,103.6134108938584,47.48559208290606,86.10838452314314,43.01231340221738,78.1272269605193,70.71661692074605,101.71776263322236,45.411770227662075,101.72148364907822,43.256272494420266,122.88899543919672,43.94455151823634,88.75874080804,75.43147180536658,102.33159647343788,33.93536842153682,108.37513700025377,81.79368474914574,112.05876760244695,35.543007595815986,134.2330064883576
36.0,13.586559616830712,62.901778792502085,89.43329388656433,15.467048660854358,72.23050551107838,89.47837880970897,15.467066094677223,114.58123348374939,136.39010364555858,33.862314749104456,43.75949277326519,124.74524878767852,33.86227262079239,62.034184116996784,97.86326949757498,33.86226972282127,57.69509500095332,76.62366877175222,24.621256060566854,34.83230546935705,68.00592697090876,19.440889463024025,68.0058545297376,96.24290650792055,18.169601435247948,121.71544241046627,123.33573245436074,21.317778297393097,43.10529065006465,105.23614999057243,21.486811859113175,43.10471265863465,86.75996216480367,21.486811455911052,43.10471261938768,89.96314656565431,38.08094013154261,81.88132456432632,100.8330148605182,3.1131876838737247,77.43800209500417,107.12478163614527,3.115150400615693,107.0186109916098,144.55835273469344,17.055535041024555,80.51286135287955,98.82083483644664,17.055534292422504,65.4494612527854,93.50803358271897,17.055534292422504,61.3856369185956,91.1269884531653,2.6853770786691773,64.11311829447385,119.89647870142191,57.68170657065911,89.51260253821087,119.24803598339655,2.685377068514869,58.01666264697829,132.58004718664728,17.055534292422504,101.67881334322719,131.7036027046513,17.055534292422504,59.30127813815588,102.5224007436257,17.055534292422504,49.85766786959098,84.2520256893444,67.79065641200266,78.78423106052941,36.520241907957434,100.1972616542864,45.60588045795811,85.12514985757583,39.376761744935166,77.85301831548428,72.44403642993312,99.27121879802326,45.92417535568225,99.28610075266381,44.24242016984535,122.97022370652184,42.79523122247872,122.82362739852505,31.350261596221944,106.863328145153,30.864215945934408,107.11204061537148,80.81542542425343,105.786411759451,35.398041589439515,133.5005374250391
37.0,13.751223152297186,61.16769911081106,90.24932115437498,15.644816214281592,70.54676371498746,90.91858308445272,15.644956389351792,114.58545742561904,128.69786185809994,34.29888544563879,78.40238086052287,114.41364667120183,34.2988091639357,61.1757035345173,91.00169724541382,34.29880050114987,59.87539357504748,76.49782065159873,24.975112612358725,56.2661600935201,68.89539612760726,19.41725063103422,68.8950016344226,106.23382544785795,18.435071499076617,120.89202156707333,120.94507606342567,21.732618719466338,43.71331084813396,106.75030453221054,23.293523170650285,43.63543560326676,106.26963263142613,23.29352623057622,43.635434609441454,93.09283012894612,37.12189061061435,78.22815705645323,100.04774505841027,3.020220671531782,78.42761702218533,105.3452796617868,3.021820941934822,106.23972499072268,146.47734588075983,16.695546388144134,75.62683515472806,99.88728388621378,16.695545813180235,74.63710693404626,75.08538621905288,16.695545813180235,61.43173488832075,91.90062356715856,2.8950392956580195,62.97491839764411,118.38105178842792,46.90163644169085,90.90644979404517,117.90259668209322,2.895038859867042,57.46669387194787,133.910509444199,16.695545813180235,99.32407782432308,134.5423051705036,16.695545813180235,62.460180601071436,100.2276030756286,16.695545813180235,62.913400400142365,83.44478905822413,66.60623018745582,77.78055358110892,36.794816789159775,67.98106138585636,45.484466248439844,83.08592254551053,45.39844816159113,76.65085222218515,72.53210853648699,98.07311900871939,46.554920221443524,121.92138432329155,39.50084365899679,120.19512304083986,40.245433490014335,95.8824580930379,31.379366757373095,104.55904192542383,31.30530632573829,125.11049632604768,79.31270499091872,104.79350900219758,35.440785096486785,128.7497089067551
38.0,13.872438514322344,62.38125996924054,87.96167286553494,15.828263224710238,69.12170145390135,93.88269168676113,15.82761291450482,106.98016672591353,128.26804661450797,34.75484685455924,79.49843668485374,82.41069989870057,34.7544986562648,59.8314937961512,74.23962161943393,34.75446287354309,59.84967823923649,76.63824095668862,25.24660868314792,57.16951724774178,85.4553742340953,18.8083854682594,69.80505910137586,72.20998546821583,18.70765977533274,118.31890791669123,118.32390499887106,21.780444895953273,46.14504820706318,108.22127311698702,24.57963372741438,44.178113565327514,106.32937695968549,24.579630514518666,44.1781128179185,86.85912570143734,36.28661178294533,79.46449221347304,121.37977742233758,2.6869179755426273,79.52227968879981,104.733906422785,2.684148080372502,128.02596892678358,149.6252019617263,16.34022633940507,73.2919284230938,97.80230664478071,16.340019889828774,73.29181825489947,97.97601842495015,16.340019889828774,62.619914527953526,90.9338540983991,2.5653960131891913,61.099126212447736,117.4087055514793,10.106616407303468,91.82395146086745,117.65824867396219,2.5653947065137825,58.10120470369484,135.30111248326548,16.340019889828774,97.58507521968946,135.1400939457783,16.340019889828774,83.42351495591821,98.55967481950849,16.340019889828774,62.14782342141032,82.65381060133481,65.16594048741695,91.93358252003934,37.19778238631086,94.45585669117816,42.29007120014383,81.42216999495088,42.19799319086721,75.08805340777698,59.27685254036992,114.80394145615642,47.37793946746061,124.1557796276675,39.09683248469162,119.65353212122726,40.404847688363866,119.64912193440259,42.69630902741342,88.60873752868982,31.75840883182106,122.30036078171338,94.18521673662903,116.99101123315086,35.17824533568604,126.47371169490197
39.0,13.864308540189434,63.77171096721426,88.61496643302102,16.016122402004832,67.89592574396569,97.11266000720744,16.016020468257754,108.60095677101273,128.80585530299732,35.208346401547495,80.6165154867797,123.71946319538378,35.20484334450119,60.67779568223378,85.21348922335844,35.20462673503962,60.6780138345427,77.01424969012491,25.616425394656453,60.586511707899945,71.64735313600279,18.89594085385686,70.73521952183451,110.06119810022348,18.89315634128669,116.304712931162,116.30471315354903,21.822580275017014,47.70539461747439,109.71943842378778,25.655851732955895,44.82575524064561,81.69713861279018,25.655850328174573,44.82575469555189,88.1776520929766,35.56279313768413,80.59004417701502,125.1804482551273,2.992591878615654,80.68320955547183,108.47866403148062,2.9927510891497584,128.56811200758003,153.24204047712055,15.990235499693984,71.66842262606764,124.00389243073575,15.989254203995882,71.65113517354659,122.20384738264801,15.989254203995882,58.512429966721605,90.6751416060825,2.986847464950808,59.68099812942072,115.66518092503233,28.61776534165256,91.15338705121238,115.49016336889815,2.9868461628271987,59.15562265269754,137.5852688591799,15.989254203995882,95.68646341488606,125.13202052235313,15.989254203995882,94.95822731991979,96.87321666572726,15.989254203995882,61.82461319441691,81.83349045490074,63.777981176791215,91.79621781294647,37.641728854584215,92.58282148718354,39.66221454498453,79.26437787116825,39.618886629008315,72.69162495106454,63.26594457680208,108.72131602334073,47.71307015740475,118.93555458404589,38.94409695501391,121.40895364899782,40.03300357427789,121.3900858464794,67.0757919498704,87.26699891625375,32.12890123040629,119.91844500171445,83.40390991518814,117.13202975747564,33.58751747900904,125.30647745914015
40.0,14.749694038282335,62.226044504202555,90.9068997629091,16.32560007730509,68.6605086148069,97.69338314364514,16.32537614637552,110.11022127561976,128.655410889488,35.60253545630466,81.75207001582517,127.69961267192195,35.56343012649603,61.80063300584369,75.075005699207,35.5618987398761,61.88434915445027,77.55674494549348,25.994831220982054,68.75738994555506,71.93949118805466,19.176952038765606,71.87684780680918,110.73679615044719,19.176842283617567,117.83748201521995,117.83762663540342,21.84024340462332,46.81300058019056,111.3456095655637,26.564334651186094,45.488255010836426,78.24866240633435,26.564014562602644,45.48824972893488,90.93680509340064,34.768709215885664,81.65654188847279,111.8991559210053,2.6605255803708725,87.07135232110873,116.59045928896033,2.660534993286289,127.13847459695721,151.54997697502753,15.64549000070544,80.5849702348863,123.91015388869677,15.643568966191825,70.1793621811048,123.0474181832578,15.643568966191825,55.86537411204696,91.31421998470675,2.660123062099407,58.41144543908731,113.34632203269454,55.98376604335245,89.99869869778745,112.82007984550178,2.6601221811063667,58.299569079889054,139.84446371303304,15.643568966191825,93.66474714347225,93.74474584591192,15.643568966191825,93.67158937771235,93.70265926937404,15.643568966191825,62.34525814289954,77.76647611280448,64.26008108459162,90.7136126193109,38.52201374351541,101.56294753013033,38.07960546899942,112.34861902246557,37.908345752862715,72.05005447752964,62.38070268950699,98.79323117290215,46.70724203181595,122.69795504337749,38.9319842669921,120.73634529266761,39.738003952071544,113.18816997316681,68.85355936414838,95.0339370509139,32.60160303705473,119.5432866608509,78.27047134534844,116.02216225276777,32.3902403423446,142.55404641034548
41.0,32.040318561342964,78.50061298074822,95.31683617061378,16.691663177932835,89.6277545308923,96.21392523124038,16.690854598460408,120.61796193622742,126.44220277098057,34.06262615138772,82.97395721012374,129.6514898998342,33.090752715605795,62.40450391188556,75.49080530472213,33.07454510592941,62.92074624264586,91.16043571894139,26.381456555694566,72.3928258471877,73.69282817503651,19.46686250181749,72.94666600390673,110.99415362911742,19.466798826014994,119.45964758066938,119.69497188919794,21.90912007705611,46.532557093793855,113.00563492475254,27.3558367320992,46.164513545703315,77.89646723084921,27.355836814601755,46.16451223293263,88.09820275910343,34.098723745013,82.36293308749893,112.24237661734979,2.871641748262113,86.13340919984032,122.7715070511467,2.871637248649945,126.41108740686983,144.17539938813687,15.304658273134779,121.77735043069323,122.50480379475303,15.303308465818755,90.95796247235211,122.50164791854758,15.303308465818755,64.39294767172744,93.32838611182814,2.871628859122566,57.2356827702593,111.07948234459207,56.39340870534802,90.53279943319198,111.00475704503977,2.871628837809794,57.18389990157858,141.77461866966385,15.303308465818755,91.73947527403224,91.80238968538896,15.303308465818755,91.75543460927274,91.75682525221177,15.303308465818755,61.61403689083734,67.7351224224429,64.97620337005421,90.02076596430331,39.32146695103869,104.39533445815948,39.576714459272566,69.93957512419144,39.584441014344755,73.42060181653822,61.13900537577261,97.93355320779067,33.89669479195985,101.00156888549256,45.84381613170784,109.14989505499018,42.55256682527052,106.86189403692148,68.54168508110565,95.57857676518378,33.079039321653866,118.70356886594584,72.5728104612071,111.24600585983396,26.708532875552265,141.37488788464762
42.0,33.392584304642774,62.75463902761065,118.60639915026157,22.2264559948546,70.63915286102794,116.83231851656255,22.212508212366867,124.12742917166571,124.99373330388218,33.31057694322397,84.00941408025867,131.52065656332294,31.668730818618208,61.19367691716386,75.93512178794953,31.646857560100678,63.08882988283352,92.94579417767102,26.775945361462025,72.62688312690933,91.61057850465477,19.762803966344165,74.13802206097328,108.73944258016792,19.762749310821807,120.56257964909402,121.59075335890832,22.112039330889342,49.83800313326314,114.79916999769884,27.781459522613144,46.85542672633705,80.16128715566084,27.78146928950903,46.855403695423384,89.6554226147336,33.42486103727618,81.32381811758962,111.82690625965893,3.5066756730869133,89.54755703403978,114.99144975500373,3.506601009648779,123.82875821802628,143.15706938365474,15.080044552641484,120.06495611131984,120.3062334460194,15.079663457783134,119.74991525806486,120.14107898364425,15.079663457783134,67.22665459465802,93.03110660809783,3.506601132262413,56.07847711597244,108.79959543539943,55.98854990131321,92.22511215447966,108.76118641209723,3.5066108704412953,56.0655998894553,144.00728517259253,15.079663457783134,89.94543716560354,89.99156712516492,15.079663457783134,89.95902870764172,89.96098854836526,15.079663457783134,60.252815693397544,72.03066076481596,65.96273870966755,105.59237344073082,40.45631151462862,104.8994067286047,39.89465278582192,111.80733906120336,39.89485716997343,74.7989213442241,62.48796979335349,96.91725560087073,32.81233870894773,113.84450147272518,73.76511586465678,109.0862530076233,41.83421298476866,108.12340204966115,69.73060826722191,94.69319123117268,36.035168442151885,117.14519681365712,72.16537434652616,113.83306949550851,26.119526036887343,135.19340076175033
43.0,32.883813145823595,62.256632748520516,106.01852347277696,27.434713797752355,72.07108523465791,99.41418976287065,27.429331075543253,119.06881793237899,127.04828429821049,12.529644723270241,74.74026896189845,131.04171883673524,12.527811380861625,59.794348643606895,76.72647760649238,12.527807481240782,60.68189052886245,91.86329539187923,27.17795522109785,65.3253436627817,99.58547592064505,20.064472521471767,75.35354259064738,106.6646718082185,20.064428019382735,119.53990321663679,123.52320775381489,22.441235047927023,88.19824597676336,116.73071773519602,27.53794286400672,47.65279412893646,92.23604297162672,27.537946875913732,47.65254495036565,91.62482575469576,32.81354800640717,80.76537182054597,112.28174171200948,2.555841871558261,91.70778161872349,112.95068386774511,2.5478525490768673,121.52328895533765,143.25618134189335,14.74930170601748,117.8055035647222,118.21237201022947,14.749279643426657,117.81085394195533,117.8201737564255,14.749279643426657,66.09933711571095,91.32276382188665,2.5477934890851124,54.97792972842512,106.66903536267228,54.964793330504534,93.03666875199512,106.59994147250092,2.5480911313779213,54.96522764439351,146.42333208096676,14.749279643426657,88.28051025948771,88.3053114016446,14.749279643426657,88.30048696220146,88.31403032237374,14.749279643426657,57.68394909437977,139.29145436318677,66.81625428505895,91.98489156365255,43.88298509171378,94.75312433953425,40.44671095286502,111.62091500672551,40.44671090430843,75.8264500711283,84.89265579385085,110.98658884704706,32.15138880248642,114.93093956094168,73.38353987873253,137.0645144594064,40.95784043321676,136.95766215041277,46.66320329570905,97.26681833005398,44.575283213536956,129.01484573580305,81.76931857633299,113.49057598776413,25.68423590348664,135.69651842506482
44.0,32.24443203126252,61.20584515386263,90.94134971604856,27.616086943182818,72.98550581028381,111.23232721850395,27.61551525137835,113.28792046078932,129.19891275151622,12.51983427869325,50.945646287670975,93.4955587044097,12.519834277740317,56.73944402461628,86.88330678711858,12.519834277746135,57.058484882571136,83.60499268605193,27.690544415016472,55.503668052789514,98.47235696567236,20.3716047094799,76.59207754304255,104.70456243407328,20.37158029064657,121.14253499158977,125.59510925011338,22.974943284860434,86.75123127000269,119.12452782107782,26.86172652849967,48.459613090862995,87.47226717134174,26.861725071789078,48.45943967673159,92.52707498004729,32.244336981601904,82.52930012984285,112.31711970706559,38.423320420334505,90.38419355770016,115.39251906757782,24.157923739496095,119.34740865248483,146.7373406434672,14.53259270904637,115.6302780358009,115.66569659022959,14.532592679904022,115.633290756763,115.6365920268783,14.532592679904022,64.80185763832785,88.61283888878097,43.853449131951926,54.04415608488011,104.70230244406234,53.991352929364844,82.91672360808117,104.70417175943574,43.85458488478126,53.991353474422176,147.51239676907326,14.532592679904022,74.6512496878714,86.66867671189904,14.532592780137959,86.66793372499046,86.7343451538579,14.532592679904022,20.694075953947298,144.47911649892225,49.10306692338589,93.41888655002185,46.793925595509265,93.47953791595249,40.94482653837233,84.86711761026314,41.15691575455998,76.96786203343501,83.7988073653018,110.28429071676011,31.615684342270786,123.27195501860591,72.03002896756496,136.11431591638828,40.08855161185325,136.07225720373413,55.89580824337291,97.58563916344978,44.49869453006478,119.25923460058634,89.10132961764775,112.1102631348981,41.69912067523658,134.31829593778005
45.0,31.71441207906937,59.949327233728866,89.18336956512269,27.67952409625715,74.45680432956487,102.04521354669906,27.556764650302032,110.48668237845855,131.52230887046338,12.516239481185513,41.31025177558161,86.02345374449989,12.516239502093322,55.40097853294406,88.82806136440415,12.516239502112617,55.65190238832746,87.65295276687111,28.108295039009455,52.90187224504005,96.76759429315882,20.78921904372172,78.06466109899334,102.88398659132172,20.789210609024476,122.32429226289817,127.91601791471936,23.397457791754412,85.13731065044021,121.48836241428191,25.97628476265442,49.068664310576224,76.70735475757336,25.975934548748832,49.06904311136366,85.42166437753706,31.925850250067448,106.64279787579238,121.72715994014479,55.27162326597698,89.10917141027119,125.06091851306287,25.913407171071416,117.42179532618029,162.095841485161,14.318041304424353,108.35115429966578,134.7650643508448,14.318041288001604,113.80857802015379,141.23681320049792,14.318041288001604,44.25321380123058,87.56197352854065,2.651650462635259,96.11876791714613,103.4177756316244,53.245246266685626,97.5884328770954,103.44705912002875,3.3759097944698038,53.245246266685626,149.50487779658644,14.318041304424353,14.42603377887803,85.38319251100461,14.318053833277803,85.38121383181897,140.34096734507295,14.318041288001604,14.321818501439619,74.92451754675005,48.574954882183974,94.15814444914358,49.03627969851739,94.67745877149925,40.305020743847216,76.05103624772381,41.36574031708674,78.43882499296345,82.51589481030071,112.50306251613503,31.303092908440682,123.85939511925353,43.74868072716266,133.96405428517133,32.435760234682704,121.68906685241811,56.4150320650574,94.17583568629011,43.219533255345134,120.60899340959867,88.95009709777315,110.71098403160833,50.20702630456872,145.84034533985096
46.0,31.192243914957036,59.16256691539194,88.64616816611318,27.376723645693325,75.74007621325245,90.62957995266181,27.419585966028713,106.99255603891267,133.04331871725955,12.519834429152993,61.20652263001039,110.87440301471614,12.519834558220452,53.650076331111464,89.97295330516394,12.519834558284616,54.51646297662349,87.35953819476703,28.63959235047261,52.31719340550268,97.9284777505981,21.108209779037015,79.45732348648124,100.97717457597305,21.108204323886856,84.01555612077685,130.2760879922131,24.11446867830563,83.72075428363887,123.67031723756358,25.597343573594824,49.65753623430337,75.62300370172868,25.354167014397735,49.6559158180292,79.98531005047326,32.24433711139596,82.5293047764892,112.31712244829427,38.42338315381199,90.38419352270287,115.39252394972789,24.157921292990707,119.34740864219756,146.73728489160968,14.532592709045785,115.63027809038519,115.66569600315607,14.532592679904022,115.63329075656414,115.6365922256613,14.532592679904022,64.80185731940975,88.61284156625274,43.85344913195111,54.04415817385658,104.7023024300205,53.991352929298024,82.9166406250395,104.70417177266637,43.85458481449859,53.991353474422176,147.5124027895527,14.532592679904022,74.65117203486813,86.66867671273019,14.532592780139666,86.66793370460168,86.73434666436656,14.532592679904022,20.694269972160004,144.47961397890904,47.36366039289556,92.69543650246422,49.36803259246631,72.72246920067055,37.345387986797604,77.6327646186145,41.37671385770127,79.5047344956357,83.79880737163317,110.28428347998806,31.61568373065604,123.27195620742086,72.03002770214933,136.1143159331971,40.08854630332178,136.0722571890805,57.59820346603927,88.72654439122816,42.06044942440926,121.36277511543514,89.10127138499334,112.1102657907439,41.699123188300675,134.3182734005617
47.0,30.679488501339968,58.173657728895485,87.2411937319243,27.44733062282967,77.07267758855085,84.52786061760627,27.614843020003335,112.81700105848643,134.0019876611266,12.527021952369081,61.4628379334327,109.59214877548757,12.52702306391295,43.825977520632506,90.70842930279004,12.527023064105581,52.19200438070399,86.65492553716906,29.18049434193404,52.729456059063665,98.70155542407932,21.540807847231456,80.98281212885975,96.31917815504548,21.540805307647023,32.01175672737093,132.67630175565185,24.736451507994854,82.1407253126232,124.07356303316689,28.37362724090371,49.05791363066092,74.49340837447947,24.73495492629542,49.097979125947504,77.95930978139539,32.81354624171648,80.76537622901971,112.28174396090851,2.5558419152975205,91.70778284120095,112.95068387007355,2.5478525452383995,121.52328882619213,143.2561876334626,14.74930170729906,117.80550363045218,118.21239477761877,14.749279643426657,117.81085391331523,117.82017385179411,14.749279643426657,66.09933624707317,91.32274729421238,2.5477934890986744,54.97792935786047,106.669035529358,54.9647933550278,93.03664473888304,106.59994346753989,2.548091146307427,54.96522764439351,146.4233327371357,14.749279643426657,88.28051032385825,88.30531152324343,14.749279643426657,88.30048696004197,88.31403038219212,14.749279643426657,57.68395616680667,139.29215141929447,46.296256061606414,79.50815167364645,48.04624474543845,57.823442408403224,36.67943906302396,78.32424967087188,41.38206750545434,79.23289068205557,84.89265755102741,110.98659498127064,32.151388849112365,114.93091996802171,73.38354069018914,137.0645158228037,40.95784042009097,136.9576678194725,72.78582919929968,89.43552941866514,41.01281609525785,126.69872846331236,81.7692952602363,113.49057971773775,25.68423554032202,135.69651667270438
48.00000000000001,30.176621772447973,57.09233362247891,84.75276246259502,27.068851583782052,79.14578395759648,103.74233665394577,27.104553473694242,111.3990196757061,135.1726441411592,12.537807928880559,60.69410336458275,107.89201817539005,12.537827727697941,35.615619468485036,91.33813914458325,12.537827728271054,36.2314810120811,80.48096992457386,29.730476790156814,52.570804928395454,97.71315096501634,21.870445465094406,82.4861616259816,93.7288023152575,21.870443854888556,31.534881380225457,134.3331663214334,25.356012000020552,80.81830047910036,82.1885177479819,24.690608210699633,55.83949751675791,72.83501842115147,24.221858978562548,55.839445577723794,76.52086507221415,33.42486084665512,81.32383120171164,111.82759755226739,3.5066756723074843,89.547583482826,114.9926487549963,3.5066010096517832,123.82876003544098,143.15708817965546,15.080044566897923,120.06495494424723,120.30622719296142,15.079663457783134,119.74991635761296,120.14107897376265,15.079663457783134,67.22665531025105,93.03109336655534,3.5066011322638193,56.078477146823005,108.7995946463335,55.988551035286456,92.22513485617432,108.76118663092878,3.506610871027951,56.065599889520215,144.0072824799212,15.079663457783134,89.94543728782416,89.99156850575831,15.079663457783134,89.95902870766433,89.96098847216656,15.079663457783134,60.252807565330976,72.03083842848324,46.905807850473224,94.54136889897251,46.795683284467195,100.27700231239483,47.56100306035878,79.4215885746463,41.93926449230392,78.85877016121573,62.48798788701306,96.91723884568529,32.812338741324865,113.844503451713,73.76506195479892,109.0862406379329,41.83421306398645,108.12340287159628,76.57538055910307,99.76170727349846,40.24313073085582,127.77844278548754,72.16529722676529,113.83306884027385,26.11952602633131,135.19338903400808
49.0,29.780363066671683,56.15975965857711,103.67879813055424,26.784784639632573,82.94370557487197,105.23559030813279,26.784932510554455,111.01763388710602,134.25719454713314,12.55247801588061,60.19384799572814,106.20422957999824,12.552998522449494,42.628850305681986,90.72162198255808,12.552998519530354,42.757829474875095,81.18711090251831,30.289045082599554,50.81821211116256,96.21027419192666,22.316503835550684,84.15384993883613,84.51906396763525,22.31650306439716,33.55366208630811,133.9007637348762,26.022884847613344,79.62132270731374,80.85284612194432,23.827187330650673,58.261814376982024,71.63540100069032,23.826903621242568,58.261953677767956,75.15600308979853,34.09872437966224,82.36293570170554,112.24246189658808,2.871641747899382,86.1335157911708,122.77172506547748,2.8716372483272936,126.41108729409154,144.17529425803315,15.30465821602471,121.77735749999319,122.504803801917,15.303308465818755,90.95833856375533,122.50164799726973,15.303308465818755,64.39283052731538,93.32842723495729,2.8716288591083146,57.235683259301894,111.07948309256098,56.39340184290022,90.5328230102848,111.00475712742174,2.8716288378103756,57.183899904289866,141.77461882897072,15.303308465818755,91.7394750379638,91.80238904229488,15.303308465818755,91.75543462782612,91.75682521956982,15.303308465818755,61.61403456415832,67.7351547047894,40.62690308777165,102.86873291994745,44.815426222817166,113.74605118939813,48.052367745524776,78.75883017669877,42.40952653317371,79.33843211698584,61.139005288860986,97.93355087847429,33.896708547824616,101.00158552123428,45.84370512926464,109.14989811002715,42.552566649344094,106.86211846027965,78.55464402289576,100.09764174001984,39.80651210043486,129.6880640712359,72.57281125630422,111.24600396648506,26.7085339200949,141.37490314730977
50.0,29.1504640667108,55.384483145091814,105.73452749650704,26.24205585853846,82.16063874959838,105.37348334558149,26.238504259576363,113.2979273555223,134.55857157114494,12.96775977634198,61.3017392299777,104.64269467186153,12.794266223699278,55.1389029241111,88.81174244491893,12.79426604992964,55.14614102771004,81.64330270362328,30.855737949495285,49.28205275349464,94.72857996656876,22.769638020361153,84.71350216946641,86.39650005208841,22.769635328391022,40.04849126461842,131.75249585509405,26.610679565569253,78.35098538993653,79.30555971739876,22.769634386673363,60.24020545785488,70.50229488437421,22.769634384416452,60.30035437722299,73.87249195603115,34.76870821485139,81.65654510490734,111.8863952492422,2.660525579153804,87.07140934305936,116.5955456753958,2.6605349900649373,127.13847228153696,151.54999231095124,15.64549002049432,80.5839696780671,123.91014688670535,15.643568966191825,70.17934941510826,123.04743254011696,15.643568966191825,55.86537355478364,91.31416251390263,2.660123062089342,58.41144848707899,113.34632132938772,55.98377786463477,89.99872885179155,112.82031347759315,2.6601221811065914,58.29956949222432,139.84446243046204,15.643568966191825,93.66474774676576,93.74474429597937,15.643568966191825,93.67158908563341,93.70265924308681,15.643568966191825,62.345291407697054,77.76639901441095,40.084349215134715,104.67406045765779,44.02070071462365,104.6677175002068,48.56510821855877,80.93162537035664,42.26138462430023,77.75740948844545,62.38070263822246,98.7934166284682,46.707280508685464,122.69794868076347,38.93198736165835,120.7363159537182,39.73800376441409,113.18849168806989,77.89359384336676,100.86308710448085,39.52323734193759,122.23302818837912,78.27050926489757,116.02223611566524,32.36971714344711,142.5540535729905
51.0,25.529541555395944,61.50179047434925,101.34530150063412,25.90055855326578,83.6462483764133,105.7637248448659,25.897507608706096,115.6063457828158,118.68022201586012,14.220596391583197,58.6558048737021,103.11267363065271,15.786250601306486,57.75076365136426,92.26191155381699,15.786252988956264,57.74962465942636,81.98511436863731,31.54616538203663,48.273712041395015,89.87859765994322,23.229445152362914,83.93988975521465,93.06628920405342,23.229427566195593,57.88775338177604,141.49532614980868,27.205691215272065,77.30051889484677,77.33453556309482,23.229426381208814,61.76587851867786,69.5451067514833,23.229426381208814,61.78204324806901,72.58298781873523,35.562792399315626,80.59004407207627,125.18044147283075,2.9925918414843675,80.68320514638305,108.47859431028098,2.992751345646763,128.5681162571342,153.24206652376657,15.990235555096872,71.66842258574722,124.00389080570471,15.989254203995882,71.65113517355412,122.20384880056538,15.989254203995882,58.51243945996283,90.6751164650437,2.9868474649435157,59.68099762906428,115.66518505614121,28.617517126166714,91.15341551661342,115.49018578700182,2.986846162827205,59.155622648215186,137.58526397047686,15.989254203995882,95.68646284972544,125.13269240198667,15.989254203995882,94.95822981121931,96.87323981734598,15.989254203995882,61.82465481479655,81.83348872657376,39.852043030958576,107.06250224660324,45.113623927932736,107.08926274732076,47.10675142031904,70.94752078095712,34.46373633916592,70.22237719434655,63.26594737881455,108.72133153222775,47.71308036382673,118.93558061951641,38.94409153188013,121.40895456948333,40.033002508199274,121.39008819426722,48.53483355146075,88.27897269691115,39.43271824902792,110.11887824346243,83.40393920435572,117.13204676339153,33.587494592163104,125.30650124545198
52.0,24.76773763036484,54.541949063229694,104.06846820787054,25.57064393679763,81.83799031747226,100.84615436526445,25.555208017030004,116.98500493109825,118.32415045241119,19.007573855688904,56.991414653209326,57.896682549944096,19.410113681333478,56.9784651593644,91.30736742212001,19.41011105259479,56.97832928961163,82.30806226390008,32.249748814529774,47.523304870496894,87.93501457024784,23.8131008084326,83.4238378052257,91.82716360805163,23.81294594919253,79.79277037214264,139.05805273464384,27.754091857368635,75.91390669992076,75.92289792262648,23.812942909266802,61.85289890920822,68.76839372635958,23.812942909266802,62.02131918457758,71.37288765930782,36.286611640535064,79.46449101836659,121.3800560306279,2.686917456467966,79.52228045872371,104.73390645001282,2.684150601282282,128.02598417210686,149.6252234373924,16.34022633428941,73.29192842294252,97.80236501892126,16.340019889828774,73.29181826269196,97.97564239357715,16.340019889828774,62.619907374943736,90.93385672224908,2.565396013205366,61.099126129572646,117.40870847150995,10.106702929514654,91.82392335320829,117.65824057542724,2.5653947065137865,58.101206022949995,135.3011110557886,16.340019889828774,97.58507393446666,135.14014123511583,16.340019889828774,83.42385822827758,98.55965153381536,16.340019889828774,62.1478411379105,82.65380483310467,30.28185330737529,99.23280372361569,46.4440997394942,108.14533442347374,34.013313457162205,77.81801499728724,34.01498384695302,79.59164027259698,59.2769545404126,114.80389019191185,47.37793964976332,124.15578000640608,39.09682958915297,119.653532109601,40.40484797320016,119.64912183001474,23.622250531656086,89.76706560765739,22.857289366416158,112.37624409118835,94.18525540155356,116.99100817854085,35.17822099469419,126.4737179505376
53.0,24.625792226188278,50.21726958305049,103.24056577073648,25.304520208584762,79.32903052097767,87.37612104866774,25.303232911964795,119.30083654844752,120.94511528612502,20.34732880074334,56.287903422077974,104.48230377677287,20.590403225846647,56.261533061294806,91.86413976369064,20.590405394805497,56.26148476007703,82.60870874493031,32.963562825419494,46.858405346115,85.173491506595,24.287013694594318,84.61073023277683,91.93827140986002,24.286354988105256,43.156439360733906,134.2109110870253,27.749594354507337,74.90085613276833,74.90328083215235,24.286338752475636,54.94319620298817,68.2784644453485,24.286338752475636,55.2466700907378,70.27836705818706,37.12189069379233,78.22885512553127,100.04645637699925,3.020221327367459,78.42773966910879,105.34528741086066,3.02181706885327,106.23970341098905,146.47734699844352,16.695546388158494,75.62684844922359,99.88728398867153,16.695545813180235,74.66837903342115,75.08564278807923,16.695545813180235,61.431675103362615,91.90280188127316,2.8950392956541466,62.994471593989424,118.38060161073048,46.90194963999022,90.90647896049282,117.8900859473482,2.8950388598670425,57.466684700912275,133.91050861719617,16.695545813180235,99.3229445745963,134.54249875836217,16.695545813180235,62.46637666481514,100.22762397033027,16.695545813180235,62.90554429052634,83.44478948927117,28.151396418246932,81.85538342692497,48.542662578071365,84.15456763063763,40.396590511970366,76.98514923284604,33.612090899964166,78.73876693774992,72.54400750714866,98.0779552685003,46.55493219762726,122.0004947086859,39.5008426434192,120.1951230412229,40.245430398058765,95.88317689331157,31.8196080641772,90.95803247878261,21.45064917671623,117.11658831892552,79.31278015188747,104.79348183783624,35.440783319948345,128.7496974400642
54.0,24.485369305633846,55.587246752972206,101.9607004465852,25.048590447603644,77.5773399346154,89.5436668237161,25.047647272825134,118.89443586201361,122.53378084138971,21.304090233551335,59.25011791903522,107.01295518845676,21.47303180181636,55.466431931440326,88.7862632767097,21.473026711489773,55.46641399488168,83.43404379261246,33.680779349376444,46.233214838585674,86.9732797324641,24.888023345928694,71.36184549652437,94.10966448914282,24.88584397055032,87.86618264716543,94.57303025112915,27.050815861689518,73.9476489794009,73.95115919175583,24.885764002738593,49.535772767042864,68.23647312686194,24.885764002738593,50.66508144822198,69.31094977010699,38.08094007894129,81.88153933904479,100.83301867661115,3.1131785244878,77.43800749624799,107.12477836592323,3.1151246430900907,107.01861111257557,144.55834830212956,17.055535041063198,80.51273432015114,98.82083487887391,17.055534292422504,65.44967308775654,93.50750946440739,17.055534292422504,61.38563581501224,91.12698947710777,2.685377078669719,64.11311061004345,119.89646036627755,57.68170081175142,89.51260640314332,119.24804722053631,2.685377068514872,58.01665959681901,132.58004718565226,17.055534292422504,101.67886571211027,131.70357318573193,17.055534292422504,59.30128938638227,102.52240138910769,17.055534292422504,49.85791218172688,84.25202640786065,39.57281648738048,83.66846331472608,49.42260790308925,89.99664162829794,38.71230085999821,74.33850054125084,33.26820915990928,74.28171719947738,72.44405092422558,99.27121879723853,45.924182667036014,99.28610126519528,44.242458523240586,122.97022370645784,42.79520323025908,122.82363515239496,30.033698511096866,108.99358683741734,21.222504109327684,119.36503534467778,80.81543600671941,105.78641760496829,35.39803912569387,133.5005763230089
55.0,23.30481261220547,56.77168192421876,100.44325850529502,24.919709159575213,57.011703673875594,91.73969202477579,24.91878332519347,117.35272054832075,128.42724101538283,22.091833774742142,94.77996920869677,109.70596672656511,22.241064461255174,54.77669688270729,82.42717201649985,22.241059502397945,54.77669268535822,87.61277857669812,34.52704116843818,45.62272266968228,83.01379654888949,25.499896790639486,44.4768667817761,96.40778027099952,25.493521285164775,95.95726117351745,96.45137792084942,26.604722342080887,73.08548615760648,73.08668012396885,25.493160847568507,48.75320514497367,68.15853994055819,25.493160847568507,50.156484055874174,68.62802724691284,39.05356299518767,71.88969741367414,100.68756743177177,4.003333343905702,77.45891343573057,109.7024912684857,4.001388563546369,109.7082742622265,142.7695604543984,17.54198717432929,79.36613510713421,97.34474674433064,17.54198534944092,58.15318555568814,82.46054535594207,17.54198534944092,60.91819373944334,90.07919511953178,3.016827810547336,65.46752894569397,121.0086245010849,59.2213271359058,88.11553823527858,120.63103449628262,3.0168278041875816,121.73542576526434,130.85584505331536,17.54198534944092,104.65954887794835,133.08229157943597,17.54198534944092,60.10477872488265,105.02257486570898,17.54198534944092,57.8420884986908,84.92872870952874,39.98770239077242,88.5607289922203,49.298753201004125,99.13473570473127,32.993658647968275,77.78762648603836,32.99531548422689,67.8622946689141,70.71661704223342,101.71776263886241,45.411773528625616,101.7214836010653,43.25623417820664,122.88899792672031,43.944526583886216,88.75881160920433,44.24988142483545,102.08667962928425,36.254691565488116,117.7529345832274,81.79368760424026,112.05882440714453,35.543007699262425,134.23300569466468
56.0,21.443508036913972,58.615430592449876,98.9082692804082,24.831449481866798,58.54681147676135,93.25252578293235,24.830420714883005,35.70589714746846,131.66150227197284,22.648771344456158,112.51247441751292,112.6830427691295,22.86636927556766,54.10339554085414,111.8923673331678,22.866314681564145,54.10338294066264,89.02347861087551,35.38627638312054,45.117995936561,46.092249571418584,26.120246125258166,87.14377013145773,98.7808783234321,26.108988397142678,98.79669894085836,98.91174397203434,26.12742312741598,72.24253770060882,72.24295379638376,26.10797292016368,49.185032273489526,68.00315062999304,26.10797292016368,50.71869330261719,68.25486770732054,40.0310585819514,71.83599969336687,112.22969441817257,4.807562159511427,75.80909300004562,112.67765559694926,4.782407901735355,112.68116156637994,154.3298929650566,17.911353228166007,77.11903537245065,96.16420848434863,17.911344170664577,60.75949707010872,95.51423380504133,17.911344170664577,60.561340951741585,89.29830230618256,2.8082467883724416,67.76447365834471,121.72634534557893,60.42400059755358,74.8392329825037,121.22752194844524,2.8082467840521255,124.70701917694542,130.01153568738613,17.911344170664577,107.59238516520028,131.5103873001723,17.911344170664577,60.88602848321886,108.33273775762606,17.911344170664577,61.369167039483244,85.60646014302323,40.4856108010122,92.51481040690189,48.97503917974611,120.05756907622431,33.61334045071992,75.858715180851,32.77899562395588,70.0861660604818,71.86877162478788,103.26717740004655,45.007349637248915,103.469512156796,42.40397770000679,89.5747203016838,43.6207358282625,89.54999416971657,59.508378207381256,111.53886749172631,20.60566011458702,117.44112530435804,81.4509262614312,112.52144810240772,35.52407856664649,136.24780785619032
57.00000000000001,21.57290443634445,61.31280093781483,94.5320485400266,24.75079757605872,60.029982717523104,93.91095464869471,24.750060754919176,46.76017947671493,130.8421505568585,22.975996233873484,84.19143396431929,114.33321211714224,23.34539573761935,53.52566827045428,87.0139050456103,23.345423731181807,53.525579786121654,86.74163789338351,36.50436667314013,44.62611129969547,47.507101896447935,26.872696560771008,86.0624032021684,100.37324965792409,26.857103123705297,101.76537914570913,101.79293715919043,26.85806868609788,71.42055227726176,71.42067662803323,26.854818003479377,48.985365728856586,71.08477270923483,26.854818003479377,51.86961509989636,68.11399912743853,41.094235012339055,72.26728510112454,116.84787637940047,6.554300572481898,78.02895552560861,114.41839806878673,6.484956195264347,115.7131671002632,149.80162997369067,18.40949222969604,87.57750511478656,95.10514576116502,18.409406562950366,61.59041193315389,114.10249374995139,18.409406562950366,59.545426198183165,88.8603845657795,2.600240377009017,70.9432155650937,86.31792780148054,57.94516069793263,77.95188429362844,86.20314584707866,2.600240373541241,125.8582785424694,163.59454611618108,18.409406562950366,78.40118127909918,130.308078229811,18.409406562950366,60.7422142337574,111.00033026177557,18.409406562950366,61.39586678189576,86.13686022105294,40.81969458862362,85.92717218947293,46.04207506110728,89.04907153809086,32.64057948565072,76.86228754268579,32.64140012876779,71.01372742700629,73.87086305898985,103.43506418160248,44.5687683419836,102.09906393832102,42.08126999901146,92.88731381356833,44.30044450594325,91.9241389089956,64.34425608667686,101.75042822796199,22.605879297514296,88.71970566202216,81.53487779572852,113.13219823625302,35.334584285993756,132.6931828542141
58.00000000000001,21.75469302032579,62.347409432396596,90.88747549875241,23.732352909075622,61.620565881618234,99.37493107013316,23.731876610494638,50.23987908187011,128.59093666322173,23.225876323186224,52.971711623873624,114.17930248275498,23.862189679525176,47.12128008598659,81.5806840078203,23.862447009894655,47.13063159810293,83.36636626671975,37.505539905121495,44.1470641665863,54.152537777488554,27.6293595297606,84.56052104120552,104.51355015323055,27.614580102205277,104.7054673601441,104.70979066728192,27.61080082801429,70.62061337254191,70.62067976895084,27.610799517580073,48.72976272296752,70.61739618805463,27.610799517580073,54.187443184137514,69.0933613530393,41.832660250584844,72.12619406285741,112.96508133337417,9.688633901335363,80.17585425700666,113.91658164537822,9.508256359122491,121.11784132692678,147.0857460465792,18.914427875615498,93.62831553389732,94.38347124617347,18.91338811530076,60.20472513394327,137.4983439751774,18.91338811530076,58.40088933983588,88.62536548220262,2.726948847080429,71.33524523017851,85.23406796157839,6.996842712398743,85.08386198172626,94.11266090645682,2.726948844462356,72.15996897398226,161.72914548567658,18.91338811530076,70.62136400608638,129.1492171384734,18.91338811530076,61.68772217611476,120.43319637726653,18.91338811530076,60.880035782389776,86.64965212339445,45.654755983009224,92.6659280533378,44.81101579261354,93.28098100025309,32.56559387721617,78.52309237449231,32.565919054245185,72.63964507308796,75.90943269620263,102.56557169760801,44.18066143851407,110.57578785221898,42.54688109385506,94.65893365055268,46.219850708970576,94.32311108983512,62.248634513056786,102.54365331808468,37.59763560889249,84.0591619159146,83.45411847186134,108.71974521109291,34.48078413285543,127.23130211851972
59.00000000000001,23.378659635426292,63.337935456264276,95.15851630840164,19.076122549726968,92.109853278657,100.52954709172022,19.08335877452696,53.37808589228912,115.99286597143836,23.251092802459276,32.078692910024046,51.88150332621909,24.225320700777264,47.47909318372793,85.0228999084542,24.225857832189696,47.486401687705474,83.55052641690058,37.95022619572638,43.67813764126492,52.550621116215,28.37592561737452,73.02889774584668,107.70962430354602,28.3754378257218,107.78618598273826,108.4820537925027,28.37518722405193,69.92027997460447,69.9204114822923,28.37518722405193,49.4121110412066,69.91965056220526,28.37518722405193,57.98416133923192,68.98000938838332,32.63810131381352,63.78985049637487,112.7521923383772,17.254296432499522,82.34575613712444,114.06993372754978,16.79936281337698,127.08483722016491,138.94102250707869,19.437252623511032,92.32425091401791,93.13218535694183,19.422828063904596,57.72833872521574,92.07959838481618,19.422828063904596,57.1229665074932,88.0895874837464,5.145021867925546,72.6144333484343,84.43048807492895,5.162229293617641,84.4229613321672,93.46489225181686,5.145021865927225,72.45716350504182,159.8462888192737,19.422828063904596,69.92037828314399,127.86417372460606,19.422828063904596,59.628223156674146,126.87311484754636,19.422828063904596,60.37524073675876,87.25451189748928,48.711051634203336,95.82505409474739,44.83117159531251,106.65428232271587,32.747669486795736,78.79287009813206,32.74777959167578,72.23453124877723,77.02725076582671,113.57081362443448,43.71749550587275,113.59004496960165,42.60887633346629,102.73638418541529,46.88569360745573,93.28026055497138,43.7826585143097,93.29080018110193,37.27048748579761,102.20858172578305,86.5466984664648,108.03641044766474,33.371198413209015,125.51503635747797
59.99999999999999,22.94126084771603,65.2019077389344,98.79580027730204,15.96045115991219,94.59651433780932,99.54281157752129,15.961166196967554,73.6743280423412,105.70178464052061,23.234090309768206,44.430146134135605,54.5232180940515,24.598047007027947,47.8499495359029,85.71980287624868,24.59911155479739,47.85493530975434,90.60131166688407,37.94547028424153,43.22618194933167,47.3613326354632,29.147328724469226,44.938936408458886,110.58765989446293,29.147334094685256,110.89386468274269,113.1769478058347,29.147319773866002,37.553178235853345,64.0512690730601,29.147319773866002,53.205270228996326,54.75373414327673,29.147319773866002,60.65230482400579,64.94627232824486,26.16507268740198,49.40737005540365,95.16285582420107,20.722103168425186,84.79598361231186,97.10301994228777,19.287349860142783,122.89173974070043,135.47920680852232,20.07781371534003,49.1620818481104,92.21047978400176,20.066670127352968,55.864972394284734,92.15799849817817,20.066670127352968,55.74919336177866,70.77356865366144,5.274585293497,74.73160149659483,83.47212923293402,5.274889325868462,83.47231085847194,100.58002092795377,5.274585291880439,74.58664257992923,158.15209813322505,20.066670127352968,69.16488799443701,121.2622104453752,20.066670127352968,59.11590763592272,123.8185128731581,20.066670127352968,59.909070788315645,87.7483783891674,48.908036268685066,98.80304142652264,47.22122086578475,98.78599990670261,33.58671722574282,79.22619209632076,33.588246184339745,71.71003350290091,35.713006875952345,114.86247571697439,39.426903809024246,113.96032250694603,42.51995675957911,108.67114314229603,43.135280800516426,65.08194362538734,36.700712938442656,110.8361494768037,36.711309762500406,110.327587367095,87.0502780490602,95.71608653559835,37.49378043013094,122.53792369329939
61.0,22.32263217299468,53.80076811307407,99.39561488752808,14.882503910667529,90.87942823274551,100.96462136474693,14.882552541284024,105.97401514357938,108.46368865107208,23.108153680546536,56.17382766041641,57.55140395781152,24.902610334029625,48.20167890268942,84.28844652170268,24.904330640867062,48.20502518222299,91.08035599277189,35.25505549585738,42.737587298901616,43.851506654330976,30.057136944043343,42.73886191761674,111.35373918162274,30.057149603219344,113.96597915231327,123.12883721541016,30.057133096820795,39.51104871915242,73.57015386595911,30.057133096820795,55.359825874992794,56.212811058413344,30.057133096820795,62.38493616998639,64.97941243939756,25.746819990065596,49.589738841238216,94.38016948526945,22.126114257314565,87.87807344653304,111.51820735035483,20.95606132967822,118.89355155649268,134.31565249686258,20.58717389633721,51.34683458672923,59.81991990659003,20.586919390719924,54.7781671914339,92.83564482708974,20.586919390719924,54.73993430420009,69.7799167799418,5.405205825362173,76.72267296957871,82.79883824964278,5.405220369330953,82.7995241591256,82.79954873129536,5.405205824224522,76.65360935300463,156.6471136199234,20.586919390719924,68.50592127692552,69.19334433624908,20.586919390719924,58.64154365903979,81.69400748207066,20.586919390719924,59.44008639893307,88.45955285589098,48.39956981520074,100.63133295457374,45.543694753643436,99.63063218986129,34.159432184977376,80.15792677300206,34.164276563104224,72.58226727142281,36.29626388037935,102.60988102192147,34.48070580004176,104.58030667970604,42.683576614677364,107.59250605814711,43.29994271651745,76.71821172090704,36.329058568949165,113.73206371156819,35.98367626579036,112.85991756902523,86.20154678899922,98.69523544139663,37.098426912280765,122.73417710818148
62.0,22.216959151992288,48.042554970523206,95.41370757237434,15.269566981295274,74.74307522548811,107.37683923607634,15.269568415908045,110.19480253403998,122.56690957488551,22.979191619562314,59.55918492875797,90.19973228876785,25.194311531486157,48.501699043104466,84.39398619330296,25.19630874209266,48.50437661569535,90.94571405057884,33.309270484139056,42.30977545118928,42.13995842589391,30.975822191026555,40.75519244426146,54.584376905929595,30.975840421387428,114.75213663435208,116.38517665683797,30.97581718050389,70.99140837320391,85.7343323630173,30.97581718050389,58.29499102480417,58.35878409242612,30.97581718050389,62.7935823633199,66.15849954949302,25.46133993376275,51.614555308666006,93.5441056652064,21.20930650171697,93.26045877507454,93.84687968881494,21.17518646480206,61.85639711927473,134.87315787777746,21.243201542494536,51.44386506804623,96.00467689737054,21.243145953459905,54.43611931081753,95.99560573296448,21.243145953459905,53.855250318962554,71.23722119082696,5.536808648602071,73.65354364770187,82.02137346853101,5.536808657985162,82.02168158481024,82.02168186363758,5.536808647899011,76.21052506868831,153.620674628648,21.243145953459905,67.86741670345243,67.88275953633013,21.243145953459905,58.19458816812105,60.98384765337718,21.243145953459905,59.00214756510986,72.62102485061021,45.07581234053195,106.15347402221673,43.83352533894845,103.44997821827886,34.74853152644728,77.2293525223453,34.75134178199496,73.30094379354432,47.007215561125136,86.20822699100145,34.26300022571071,104.63720024070328,57.46278283137594,106.1051970824924,44.179101280988434,78.8452839211099,61.26435871631355,103.1189541921699,35.647193061822875,75.77688015354968,70.62432199460821,104.77741623721968,21.56392218857111,108.61543233666058
63.0,20.364907583532556,47.76741425037544,92.62240792284388,15.799569120981218,72.03457107119569,95.71793828426824,15.799569159999912,111.61903444448214,111.35647607325565,22.80073072238198,68.51033213161084,89.72248182306357,25.362458266470778,48.869344445409155,83.10075490926629,25.36547709076955,48.872267422787516,87.60315157597154,34.4806763313452,43.628868563988746,42.659984236639055,32.03563051428119,43.28410215716642,44.39160501118681,32.0356512528365,113.72391948386522,117.12790014285858,32.03562470126032,76.50432721169618,102.8219870281184,32.03562470126032,60.84920691656505,60.82237792577634,32.03562470126032,62.57756307065543,67.53865737362278,25.255842744792417,53.676971603279355,94.5599227408397,21.733607222147707,91.54181020914227,93.61740534272259,21.003128513961627,55.804447319965966,153.35472154621442,22.038539547535326,53.693838933290365,128.07713459143758,22.038517418374585,50.302050945015516,99.3182233587718,22.038517418374585,46.65697056695164,74.25360985231077,5.802693341207624,74.32700500878623,78.89185396735846,5.802693341380263,82.4160254440846,82.4160255101576,5.802693340678799,79.50888870866869,152.65724114901872,22.038520149934055,67.24995353158789,67.30290339996262,22.038517418374585,57.786026339483904,61.52034529497682,22.038517418374585,58.56913084006233,61.856866845237754,43.32058746783193,67.26519817165035,42.95291285867715,87.70251751030513,35.964812380817236,75.38365307336859,35.510317670605275,75.22973610464678,49.18499400608188,88.98510996255105,34.17931140476265,95.79607869503452,47.96998394596393,110.38690163407793,45.59024248475694,110.1893790999149,50.40737827307384,103.9413939292477,35.14011915074483,68.63452100383908,71.20296215870825,105.75532150168617,35.43644451828174,79.373140937013
64.0,17.21908306595867,47.1401940439437,91.74329773272738,16.334512035232496,74.75421091049706,70.89293334973345,16.334512047268884,98.85777462063301,101.38159220584767,22.698018554562918,62.62795408780662,88.85894499515939,25.656047043397635,49.342562338021246,79.84779942093282,25.66068676758138,49.34669809874618,85.85726238044288,34.66865890090146,45.20652556050118,43.53356247574404,33.23930455275771,45.189339431609504,45.24755893050297,33.239310794119184,44.5499090744794,78.739964429748,33.23930279052195,79.41481165454299,108.21657913889298,33.23930279052195,61.98155729498006,63.40242359276097,33.23930279052195,62.32592661470861,69.0862838796897,25.056564264560052,51.443132756409675,100.09801694091304,31.140687930623102,92.93150472332313,97.0390484567577,20.92671428821623,53.63865409491969,147.11793460694858,22.707305817299403,75.77024306880655,127.41385775832329,22.707295083421652,49.62205826654149,103.01181612349845,22.707295083421553,49.57207468186052,79.14768112179706,5.9368552418722995,75.11052329692619,79.21764857777143,5.936855229026881,85.5666187832615,85.56661878562561,5.936855228958975,79.29642340580183,136.642838613964,22.70731018207006,66.58927278473746,66.71178092446583,22.707295083298668,57.411379544460765,60.99538828645856,22.707295083298668,58.17684543356534,62.532585647920875,43.71596172001008,72.99789615535708,42.28923346123434,55.194272962055564,36.9592606038082,75.85833577810239,36.34483757507191,76.94653406728398,50.40668536603823,92.21271344074819,28.114895740988384,92.89963853423352,43.79942112006958,112.3057232689415,47.39006526533438,111.28843381744068,34.64978787315144,102.94476684746014,34.64381517488129,66.03802531210462,74.49087456517645,109.32206426712088,45.254789531035435,71.1352490254492
65.0,17.06600707921839,46.75185659503597,90.97725866128714,17.009299520431565,77.6102945764544,112.54489541360695,17.009299523825405,46.55311317463417,89.50025146885002,22.520518157943133,64.60648115774062,88.15406145597379,25.83610491972866,50.174877398416015,79.48623320369545,25.84065157852231,50.18128317053186,84.2311221938605,34.4563540685816,45.97959986219158,45.09239112076875,34.45382779967775,46.4039552094104,46.73283808441765,34.453827801054516,42.083168723891774,109.40048276615019,34.45382779895436,82.24724626865844,106.74090181190333,34.45382779895436,62.026619275217705,65.75969191021491,34.45382779895436,61.91992481253118,71.05635761085388,24.818567062845588,52.68096623696776,100.7284647131317,21.80241383526893,95.20524443663483,100.6951166007056,20.82307508724359,52.84473991627498,146.1941415067748,23.87800866890397,62.22853350601558,125.56681779024947,23.782069983069192,49.85982165965599,106.07574817663087,23.782070799834184,49.56458409406685,78.95241853069223,6.207356136943742,41.78671404860652,78.64132353958983,6.207354510155538,88.80596826790416,88.80596826909633,6.207354510098876,75.38988593042735,125.47897118742276,23.65180835725937,66.0804906912774,66.13773497976584,23.651770546832218,57.065176546219504,60.48684137416477,23.651770546832218,57.80147924803851,60.648491391046534,43.07764221928621,103.54982981868055,42.01980507281057,81.03270719174311,37.270167274165274,79.21937460029375,37.277048699189514,76.17220132383952,52.21457823911533,94.78987931639251,24.981553308168507,93.43592364612556,43.67826492190263,71.24128686603662,47.72615305227391,62.103690293985224,34.53671143213933,94.81879167199581,34.28535822306032,63.74012667734435,75.89911363241941,110.09637993224118,46.670962038068446,68.89638426912494
66.0,17.598858901021618,46.396924836022265,90.3605970271518,17.55352593449011,80.60852311419438,115.5748234811307,17.553525935550383,53.214134687427844,90.31192336541356,22.423694683695274,65.87082857364246,87.47413860424057,25.994898018951286,51.42560609623801,80.87775024934705,25.997962145426857,51.43545217769597,82.95603017858677,34.80124371003344,37.979255328195926,48.65779627458784,34.80122124308485,37.80735127066086,49.842322822821004,34.80122124323931,37.10368184656363,117.61488806016497,35.67809201737111,85.12648144738803,105.79727318613597,35.67809201737111,62.28988109503529,68.08196062802534,35.67809201737111,61.04645764083085,73.47287788374214,23.893489664208147,52.97890786100718,103.61565428062967,20.784881417456283,74.84341539097117,104.79189218779688,20.734977240152894,55.32487242931934,146.58268376860684,24.473002182824114,49.20288540070071,122.56697402154383,24.47116510924042,50.76651463790639,105.7248514780001,24.47116516591731,49.3980434241906,79.67702840741205,6.343960898728486,40.96950091379745,74.10376633460501,6.3435991381749,92.36340690834477,92.36352771082676,6.343599138072009,40.730477404275,113.00113835248618,24.468201638883347,65.52965900301895,65.54427897610384,24.468168096529006,56.76733009149841,58.85203301658989,24.468168096529006,57.43955734792558,59.259775047748036,42.99881553124575,101.72509775131458,42.13271392720975,56.611469182084534,38.28409991580633,75.63988908441986,38.285944518598846,75.02338429988428,53.74138188356716,99.29528955817636,37.890712913704206,81.3490930497716,42.99861978436645,78.80728622899424,45.852138402615005,53.500344388205384,33.993975415557316,96.0291065628529,33.983762027348085,64.0656329566711,67.59464513689088,108.43311355995247,46.67666390943328,52.85836117627695
67.0,18.393217103970688,43.45586754386643,83.66117795469316,18.476116329387043,83.8682665058488,106.7783725164057,18.476052368892844,45.08291432989426,63.51829144988651,22.275341233814427,31.801209583782338,86.75925399075113,26.139863043666715,52.97458763433355,81.26160678228882,26.139826069610873,52.98597759413291,82.91788037092323,34.403968379900434,52.38247744657967,73.29047287242952,34.40385152863564,37.63232700278611,76.37219394331345,34.40385152866674,37.69460145863847,56.0344696026223,37.186237373523014,77.18384865755583,96.73957975395325,37.186237373523014,62.61567121169557,70.2816655873902,37.186237373523014,59.45924331317913,76.00704333615798,21.53347826244154,56.26803417520277,92.41772021336314,20.662373950539056,68.24644816604709,106.67595299084188,20.657204504975994,55.23251715115868,131.74020491110116,25.42784679947827,48.79045831442941,78.36248088930634,25.427825585687234,48.82018910316325,92.29511181179483,25.427825584624895,48.80396493413626,82.12661561508659,6.65633704979622,40.713465222168836,77.62040455182165,6.617873528325056,96.06144160410058,96.07737116785175,6.6178735281734165,40.69252765218106,112.32408190945388,25.427786672700535,65.05963277587567,65.06596798730234,25.42776533634051,56.48625634933911,58.18468975231477,25.42776533634051,57.10103658167463,58.81089131153542,42.67900383940389,84.17337083943043,42.743838001988394,64.34210683017982,43.49042121848943,70.5898579286481,43.49098435151115,73.29417691675475,28.749063050152017,95.75339270583117,44.1797569264927,58.882982181788755,42.57156016756894,78.09572114453243,44.66824139311693,56.023602710136245,33.715373642218744,97.44947714514348,33.72133217749603,65.60268255838457,76.29930317934637,100.5130188418875,46.27589195877271,67.85097985515583
68.0,19.780170192743583,43.28577101257584,84.03119106982881,19.836421467922765,84.46160891364526,86.96559770953631,19.83650115961779,43.917217912676314,65.15795802182306,22.22747102187735,29.438235409602704,86.13598784178285,26.247464212749847,54.65923791972534,81.49665053408019,26.247469377113656,54.66735095989185,82.49581473530066,34.215126409190816,77.91979222081451,77.93072345687926,34.214397554329786,40.457297792619336,85.70567596827536,34.21439755432197,39.200570767580906,53.959583020911936,38.70595884356826,51.87231944542135,97.52448031431994,38.70595884356826,60.9236376379986,72.51467731233704,38.70595884356826,56.84486683583022,78.4777486573143,20.75082632968722,59.547235742616905,101.0974882795325,20.600535673218086,67.36423346050388,107.89496255025927,20.597737280074213,43.973261745099244,107.93702518208404,26.53339846242576,48.45315673351162,59.62853195717419,26.533372793097683,48.453161738382704,68.8967235116498,26.533372800722713,48.66520719499717,80.82146549554724,8.610216750999705,40.430635079206084,58.12018901717071,6.894291120255872,99.87339428277753,100.93010576738922,6.8942911200382,40.42864743856723,115.87424592149156,26.532842110496095,64.6084596245764,64.60945830937636,26.532833433314277,56.2317081701127,57.79340544030128,26.532833433314277,56.772225588508945,58.410168414592526,42.3250258028329,76.8640114206162,42.343269326879316,59.5087874626251,44.63416304271321,76.37721743610562,44.63441647565885,73.72661881981122,39.31576313925266,107.37912015684743,46.564754866084,61.00939477894825,45.3975288521353,77.53201100166285,43.77587775023711,73.86410470372586,38.79480528338688,83.99568467854431,41.64823771461393,53.07936147027956,78.25764655396242,87.81169702818698,24.494491250441143,53.75883939800729
69.0,19.875603500940187,43.20326797557988,72.7297205670268,20.377104382892988,85.63016536741806,95.32703235777336,20.37750775927904,43.43737273563366,65.43519475086686,22.165996152753326,29.475231832211474,85.54035926533979,26.355903190636695,56.34996849713442,82.17770210104798,26.355907098703433,56.38209991975581,82.53637765173123,34.03444058379325,77.46435931419056,77.46613693731007,34.03123565208225,46.74655262877277,75.84716794781342,34.03123565236802,43.4434695729122,61.951417401413444,40.37550309284083,47.074425635387854,97.08108835094026,40.37550309284083,56.78987473599467,74.69998996410483,40.37550309284083,55.026797296546796,80.7480618366408,20.670277371487657,61.34809447312479,76.28015577406498,20.55591004972334,66.88023829413586,107.55971534339348,20.553833398036247,66.86632899559824,108.69811601004882,27.33863898220386,48.13026598779903,48.218915612461664,27.34279788053549,48.13198268570543,67.84647988174238,27.342797721108575,48.47270159109686,82.29843192729584,23.996215657312078,40.15982162595414,40.87313539577814,7.172604133873559,101.53033474078912,105.54037736420008,7.172604133594046,40.16082205420949,115.19595741427808,27.645821480807957,64.1765174465437,64.1843035005074,27.64581794774754,56.01126264189955,57.47555304168349,27.64581794774754,56.468627178269884,58.07979342527473,41.86240044011482,66.48265590428643,41.862433535649984,59.000270396848734,45.56467717463089,78.57137175799646,45.564771536727086,73.99747754445603,45.27985854452772,98.25718803353676,46.84429948039701,77.81388933083875,46.1683401919684,74.99070346563167,46.20938548058756,60.005721668590276,35.06208618541951,61.57450035443995,44.801000192081354,50.723643166359885,79.99207930096874,92.02589810260329,31.57531540140988,63.233559264823405
70.0,19.82342868243739,43.14776793727663,62.47182001355175,20.873130766291382,75.21187523435017,123.52544563600115,20.873793125956134,43.19988450338526,72.98086359327172,21.234595817940306,34.31026943474784,84.99481727463265,26.469383337440316,58.05422432710217,82.70894614263052,26.46938328968876,58.04718738080186,82.70564454270948,33.68419607313567,76.95144486099781,76.95204466923806,33.68419510692139,48.55597485973794,74.6833069488409,33.684195106972304,43.53225735227486,111.4362953989885,42.19628241918949,47.944428863519825,59.417698854547794,42.19628241918949,55.925884192439064,76.66184599258047,42.19628241918949,55.43114483384377,82.80065875818026,20.63629745162147,54.67053806195619,66.48234145971522,20.589352904399938,66.56967216628227,108.17525206887647,20.58859189645909,66.55196527573433,115.36600218416397,27.881756322229354,47.82211022449371,47.82924820949104,27.891836915210284,48.10386315471643,68.36326477891639,27.891839488297318,47.90371770657309,91.0031262209191,38.85637524390888,39.85599164764497,39.933806398731775,7.593171278222069,103.57997820363178,108.24534634944757,7.593171277944124,86.02221188475727,114.33746172041597,29.046793377781498,63.76368386601628,63.77937023721102,29.0467935487677,55.84637719547985,57.67024179199061,29.04679354885868,56.19196394809783,59.25315390970365,41.661040916521834,70.87096707213657,41.660697687805495,57.521339838718845,46.38795564905124,70.0600675140234,46.38818427328995,75.66619085258122,50.64113845545699,97.76270504756265,46.34760536416702,96.13711966136941,45.76216536761032,82.85781975300075,45.86072343734508,61.106227350389574,33.77583321058291,82.27739498488035,41.77825121462982,51.55785829389711,34.99653480575251,98.3560465102106,34.6337012306779,63.36562844962608
71.0,19.84620733794847,43.77473053385161,56.20717843247355,21.356448844776107,66.06690811213447,66.08566826740572,21.35786333374497,43.1062166029169,66.07320639746354,21.87213919943419,37.24382764593895,48.54186418265979,26.45041909121989,59.640705675151025,76.27559830664511,26.450420649971722,59.62441006135586,76.17470188481082,33.520516152256235,76.5001950471903,76.50836552199878,33.520516105824285,40.23204651170326,74.1165197874148,33.520516105814345,39.65848002920449,113.40628368877431,42.02691102139199,48.223670047981464,53.03058794050458,42.02691102139199,55.49288642582516,78.1307166536072,42.02691102139199,56.15257597883049,84.61583105352686,20.691738683793993,58.1954743807441,64.03033777626942,22.12885891844088,69.25753569141274,111.15046585386865,22.101869461092225,67.6678668209087,114.39382454506676,28.455211171992428,47.57685651741924,50.03376409792516,28.47302122641215,47.602468663215966,71.34880015777286,28.47302074306572,47.57684573403327,89.02409373051559,39.61456337951807,39.65522059078446,39.68189400901272,7.875357138151799,105.34894763669213,108.04640926867931,7.875357137933578,98.43716830825406,114.17093528814772,30.457189758617723,63.36770991127099,73.24344143272604,30.45719646380456,55.70617683212944,70.49019717690715,30.45719646376696,55.95865078012718,63.314192560793614,41.64395870695487,69.25714754054897,41.64366286242032,61.33308626711163,46.97362424852142,71.04519640335313,46.97395799000983,75.37347969669389,68.24797386915344,69.53235121601104,46.59329515290252,75.15921779231293,45.4571212391055,93.70381448789857,45.68837617752126,61.58387876148885,34.10658371648664,58.86095781858026,46.326188172683686,64.25275029562755,31.83321861705458,101.32087160937206,31.230004785090443,63.18736639207667
72.0,23.73148708662498,44.02875644956243,86.62611487465747,21.78856344066744,75.13949118934093,73.00897453422472,21.79034452665338,43.096409024440675,64.57892468279731,23.005682572581854,37.86418066611329,47.88916465128727,26.063554581912165,61.05462259720909,69.01133316422371,26.06355205492049,61.03780271107756,69.02342006075503,33.3635280601551,43.02440689911512,62.86289209581357,33.36352799091798,39.332150499478935,73.8344438555764,33.36352799091352,38.48477091656176,107.35479722412866,41.79337567127116,48.69728007123399,53.529082895972536,41.79337567127116,60.28784224139467,76.45102957835543,41.79337567127116,57.67580251302778,85.97669070992285,22.623834006963484,59.67244701587751,65.33799837126409,23.69833058241217,73.09826439364744,77.34523697472683,23.619112294030902,64.63611977710254,101.06512906570002,29.022734062546697,47.297360828391724,83.2204187762843,29.059981705908246,47.29903584411149,73.90665307359143,29.059979442207045,47.29652472160243,86.82132652092112,39.415862427018375,39.42191227154154,39.44863227983773,8.300978863541221,98.1490687627545,106.76782618864294,8.300978863330947,69.01284900887475,120.76917371518846,32.302215857478146,62.991676979865666,80.79410409920253,32.302585509106606,55.44139995943277,66.15043571829536,32.30258550079015,55.60112293693528,62.99979769723218,41.77219492234898,57.057345666040895,41.77252977085451,60.96043145901396,47.28681716965543,70.9666966182875,47.28713248126359,75.11668582052185,71.16472680613872,79.8325844848835,43.68972349250494,40.504368345792024,45.29241690558434,98.75154315758633,45.57611296756615,62.442438676070964,33.489938968214176,75.13008140256154,46.45856631843329,63.3293453475653,45.463743666465454,105.08141297379328,42.17274246337437,74.49847476354572
73.0,23.844221250437922,43.90553711055665,86.14292945030543,22.11725321157111,65.76952769713505,85.43562866260721,22.117970301031523,42.97703621379486,63.55172213417929,24.503698689969493,37.83635257680013,47.165038650559474,24.290044256855523,61.95476165051508,69.03848801481287,24.290044256855523,61.95326966876405,69.1815650050982,33.213325767999194,39.202827595627646,72.29746809426705,33.21332563899276,37.14558768720128,73.77264223263589,33.2133256389666,37.21821114295174,95.86085113720162,41.57206093038929,49.97893806918328,54.6361083252861,41.57206093038929,60.019883110453,75.52343833807909,41.57206093038929,58.30536496870218,87.28532291474687,23.566418125219286,44.41251206682661,82.84081929966021,23.58320102350114,77.39084418992515,86.13037056696497,23.583197386238332,63.22100809560621,73.33575665633906,29.42241004479241,83.40593309531043,83.48204834733984,29.493744425249492,47.03184660153147,74.7311923256126,29.493716242136777,47.03175790386468,75.07967742688395,39.19717703153257,39.20156796243231,39.362328971604626,8.872217894312291,39.25935195383936,107.36028787908658,8.872217894153584,40.55134655687481,127.45841515785771,34.15417829703796,62.636157790335346,92.31087111174784,34.158510509358024,54.339837212148154,63.131878934125574,34.158510504979,54.3981778837205,62.692129243653,42.63598325278293,71.49216443675388,43.13420688166763,58.801419959774215,46.30636043815335,71.64085103600085,46.306510313210964,74.94101036467401,60.73645631350256,79.40177717922823,37.88859334294339,55.588681006317934,45.33107232309932,98.22684105133325,45.72052381050417,62.76627610840239,23.8282270317514,61.87998819284143,46.148488181456045,64.06471173788903,46.42231290992605,104.38013886635869,46.45047962487164,77.85160561464794
74.0,23.505999032927576,44.52286271198954,85.72209623848471,22.071381652426414,85.17256054218797,85.72514256871186,22.070859479818864,24.970140263584703,62.44058865542225,25.725269133162026,37.37446431556108,46.25793009205229,25.725109329213744,61.91901331717991,69.39284214662581,25.725109329213744,61.9453231069084,69.8499969950758,33.07000160965701,38.94359223483383,72.99364245151344,33.07000151198717,37.026407985584896,67.62672798014036,33.07000151194433,37.117783799352836,75.84876540548996,41.36316295932892,51.834955210402086,56.40761423682794,41.36316295932892,59.20335435348366,76.55638793572074,41.36316295932892,58.787136065936075,88.6031002091556,23.45770029377607,44.16551867650483,76.39964161202455,23.457826039289365,80.74890186789057,85.72503333943533,23.45782589553148,40.30946119852961,85.75389867052635,29.546990153355246,83.0651872174563,83.0672996486922,29.916694120698445,46.78280942688521,73.89554854117364,29.916369775651276,46.7828095457192,75.78282983424538,38.92987176567004,38.942305493997615,40.935924590953626,9.303023837144863,38.94898330747217,104.28452693503671,9.303023836863622,40.601663262693435,134.64629863972885,36.120194916926486,61.216252329174395,102.81328137061683,36.162268330806214,51.70520918377556,63.698809979511175,36.16226879635387,51.71657496482335,62.3596911581565,43.170240577306785,79.04447111391625,43.45085485307899,56.57128446638873,39.46804504351907,71.81943432254823,39.4680450137136,74.5284020963793,38.023080297504855,74.26078691285159,37.87255827681607,61.609745625866665,45.494985789632196,63.49952103832195,45.83859307720362,63.547954038938286,22.096288133446595,63.69998375967937,45.95291854540793,64.68132232790397,34.74940115254879,103.25016618251321,35.104388441578614,77.14368549617609
75.0,23.340251815107234,46.06524414290518,85.2630197798815,21.9202891909608,84.67676159503343,85.29666524615703,21.92140966510643,23.352496997565034,61.91025942543419,25.654147389531683,36.56273521715532,45.10277322569202,25.653947064730605,61.459931765191264,69.98987291982885,25.653947064730605,61.02155165767901,71.05983172239137,32.804344225888386,38.83861377671103,72.98939761847804,32.8043442245856,36.93433797164695,68.91672569993071,32.80434422450783,37.12902250921786,72.90551999424453,41.16687078222001,53.5986320098191,58.314675924446824,41.16687078222001,59.21692808788737,78.0273481736919,41.16687078222001,59.45617780349686,88.83298639043065,23.33968387966868,43.93100441806437,64.70657577097964,23.33956339074838,81.9350186409858,87.63267798485795,23.339563504183165,64.26492870638079,86.91570484838398,13.965026874352352,82.67290919283498,82.6776950039202,19.58537709961901,46.587619296096236,73.50894755082095,19.581140929987868,46.58761934077926,73.44233015214891,38.45178208835133,38.838365808341486,41.004644690956624,9.8800949691159,38.838718953210744,74.39704122477724,9.88009496587651,39.16538972011798,142.32464718260397,38.14626524197253,58.540500011561456,107.67351593169568,38.57042131521813,50.77011025033619,64.72853674008526,38.57041210310301,50.74700128785808,62.08632096170418,43.57998031651776,78.64040846260514,43.57990087604425,78.63790600405754,38.98339657875012,72.97679507706795,38.98339656876904,72.7260270190567,37.847141503690445,86.64719772007248,41.456052795692166,61.270848316385894,45.37796359868461,69.0841146648168,45.70109597691875,65.2834111163472,29.60824955775914,60.960551461474985,25.794731089018814,64.70233568838312,33.69693923069716,95.7022341811078,33.69765087329633,77.3151303180644
76.0,23.22941885247244,55.4691682248478,92.93429758800845,21.742342280614018,23.37705365113208,84.75868690046293,21.78361386616287,26.252161564539023,61.96195337566488,25.529451266513547,35.47269942000012,43.68365902928016,25.526946546737626,60.38274800312298,71.78661206527245,25.526946546737626,59.990352674804114,73.09310451017258,32.68218168972535,35.649245091661605,42.20399929892724,32.682181690095746,37.019246466784004,69.6201572652437,32.68218168980604,37.24042462583116,73.80202333489763,40.98336552797976,55.24959851269065,58.93362527129777,40.98336552797976,59.80320999220199,77.07125488462658,40.98336552797976,59.99069932770264,89.55277486612303,23.23025941675548,43.7487287434049,62.497359944934026,23.22942638120881,86.70840298855364,94.75352896611197,23.22942638120881,24.646606198044577,83.92425513087039,10.393456485261492,82.30843199014086,82.31358501278383,15.67608853760228,46.368321899185204,73.40682538117404,15.668920203890973,46.36832226213358,73.49871190725354,25.783487958834833,38.65548603728145,42.277001614081506,10.605028237002164,38.655368059033385,70.62514313014945,10.60502816898768,38.669062188806485,143.37219285665995,39.18227542978706,56.78548951852966,108.8492608570801,40.74784055017109,61.1753704063683,61.79465396059422,40.747566391569926,61.16594561434715,61.7942655146913,40.20733306865901,78.3101033101671,40.206480222603204,78.3112879070917,38.945861906478825,73.14509711489525,38.94586189998605,72.32930654639871,37.77493872798768,89.23080228419714,38.72419983593332,59.167088870958686,45.071810892833014,64.47426061065376,45.21911214787001,65.1649029938456,30.204971125473904,46.988855539840614,23.908687890346144,63.76545950931127,33.561757440252144,68.83149563434144,33.56175608029815,76.3907761567117
77.0,23.127277567752486,60.146077557799806,94.30489921439167,21.62465838804375,23.17081666695634,88.7441612504324,21.669699589977462,27.805701048566966,62.977993252905485,26.472509640681153,33.95600968235398,41.9519595116805,25.409151894543825,59.74056266016317,75.41159483286488,25.409151894543825,59.74064857715409,76.7216367936897,32.567238138967696,35.723662970918646,71.43355636624983,32.56723814105884,37.20619731573299,68.14211379772252,32.5672381392163,37.449873908694194,70.15824964057089,40.81281967715536,56.665805811967644,61.55679706172136,40.81281967715536,58.7138702228867,75.64697562352438,40.81281967715536,59.38549657108254,90.25116516795786,23.128136289735902,43.578846842202786,44.63252804797657,23.12749986487947,85.7050298254569,99.85863125945221,23.12749986487947,43.30521900219068,99.86151257308775,10.097551748848176,81.94730724404421,81.97530885976091,10.126052922170414,46.19817454834042,77.8572321593387,10.125992369210161,46.198174706413,80.3609577183867,12.481203763671521,38.4512662262272,56.110925000086695,11.333503931843936,38.451268586226504,70.6031630271289,11.33350236653975,38.45984211562163,101.1148727098913,38.47996594930306,56.132528526083156,102.8077218404397,40.9837802077173,61.553247209375364,61.556775068784376,40.98355153488103,61.553240954212534,61.55677259694644,37.10706007496954,96.42135256017723,37.10970566981303,71.38237846968377,39.23881286143792,73.36315955267077,39.23881375765846,72.41977677204258,37.68636730407372,87.20369682339002,37.62259394987018,55.53761732157526,43.85939174560062,64.67140383162355,43.869498309555674,69.09146006138556,35.451359389156444,64.17349628406082,46.41555046378998,75.84862397131073,35.069579412412075,68.57667230624016,35.03046517124229,62.615595970585204
78.0,23.057814011558406,60.61393040056276,84.42297069605749,21.6060143122989,23.647147092708956,87.23165642687587,21.610381596924196,24.853184623894734,84.23499850844742,25.804892109006495,32.004730552039,39.89830822339453,25.300691690149502,60.34145455197036,79.39606718027596,25.300691690149502,60.34088150307547,80.67118130750143,32.45959026235745,35.71396317771425,70.79170339192216,32.459590262563296,37.46837605711973,71.03121855469692,32.45959026285256,37.8170685547069,42.22221520124237,40.65539632078379,56.84530517704303,61.305271055800375,40.65539632078379,57.76302383055544,65.63176653250824,40.65539632078379,58.153740938498615,91.46280262949868,23.06428326103423,43.48164739560151,62.15638294459736,23.06417676831343,88.16908923647311,101.55842358136704,23.064176768313423,43.420570836029526,102.33992729048984,10.031523897560552,81.01644887161268,86.18332398087797,10.031539501531242,37.66162493642294,81.6763233411169,10.031539501614994,37.65581737251261,81.6822701842458,12.232988894062993,38.357675392528186,42.15135220231075,12.218273975163452,38.36087064602515,71.27050889900732,12.218214326958687,38.40474647112885,92.42723873149129,22.45882470744855,51.71133197578482,87.77227867278836,41.17570983408385,61.305994609692746,61.306250134564586,41.175232319635654,61.305994331969416,61.306249701786456,36.99073166976123,96.0782619436556,37.00116531133397,71.12046208121859,40.30824372536393,73.91472629986842,39.69033717412358,72.97798559802254,37.69535476452145,76.38384385645041,37.67011539649369,60.46796364834329,42.24101009734064,66.59857305097181,42.24382823801456,66.19951927225036,18.172709682251934,48.0922986101712,26.226378954246396,76.70828868792803,43.576929704832,83.64868415580813,43.50434069031558,60.694790823788296
79.0,22.15091548396465,58.53973758497978,84.08963700339933,21.55729738182674,22.980254970315116,62.691562729508455,21.556937550949268,40.4985067946786,63.406927813325055,25.629703736726334,30.034313413785274,37.172719391873606,25.20168645150558,61.36449333878469,83.20808911397782,25.20168645150558,61.284788894886276,84.52614166142327,32.359310870288944,54.591932636221294,38.23936187963575,32.359310870616206,37.8337581254125,72.03309853044816,32.35931087088108,38.08614700947454,73.7769946926983,40.51124843793387,56.65173614805402,61.104848381506606,40.51124843793387,54.756202276922856,58.417224288644896,40.51124843793387,57.43509744452554,89.29210448835683,22.976214162075735,41.26976620903422,63.65731335929564,22.97621052306916,84.00548234780915,101.87650158220987,22.976210523069028,43.32570989752213,103.78691685151429,10.002312725158784,74.99971504471166,106.68365198360785,10.002313631992894,56.86541838475538,81.40472406000465,10.002313631880039,56.85135562516167,81.40479396876559,13.23817788920907,38.216997486479244,40.90598070419195,13.578577542667846,38.21690122341106,73.76467366288074,13.574309159525727,38.425755834437474,73.79645082627816,10.700598396449221,48.712413681141115,68.57461610760734,37.63035649544692,61.10551409484551,61.10553375913588,37.62511811389583,61.10551404984776,61.105533737128845,38.21608585615179,86.07948774513427,38.223153097414134,69.19968697749584,42.26776339965793,75.99802145419693,40.2056146843261,74.29744162115793,39.78726698154987,58.0833432258934,39.82224795428416,59.22809803509713,48.4733411799131,66.74447678278224,48.50317576414276,67.03831386396607,29.87591678425422,47.17999038047796,29.936163437010848,76.85302344450908,44.71396105889223,89.49149676965907,44.72219182011434,45.90331392925512
80.0,20.407470295447077,50.80693656755123,78.41642521027259,21.544037182028983,42.05676583533015,51.23333589515966,21.54365575549054,42.050430212709166,58.618920926213804,25.69995755997183,29.633618806538788,45.568639855870664,25.112248007695367,61.60902983620912,85.50823314711246,25.112248007695367,57.93871898132694,88.43145251909813,32.26646866330432,73.5481183442964,73.54888862415773,32.266468665816305,37.7745347094354,71.5084794973445,32.26646866362746,38.04269012409089,70.52975064139642,40.3805181987552,56.41847575481468,60.921991588493626,40.3805181987552,52.14379439418589,58.20292884909823,40.3805181987552,55.96635489287942,88.08475793639928,22.896752021124293,50.671685486019335,63.105405901508476,22.896751953327833,83.67976280379435,100.35163842684649,22.896751953324042,43.19887151600795,120.36886741910327,10.12305541181397,62.514822810624324,83.51560587310327,10.12305572334312,55.61074934428897,81.14322974319563,10.123055723271419,55.641521157852615,81.14325002820328,14.41600756160818,38.0597170029219,67.97241023635515,25.118418346358737,38.059172776823,73.54750761090233,24.999580588921017,38.571664179653226,73.54811132536672,10.151205458762375,44.199116389836945,61.69794479114169,15.372816265349979,60.921860533690015,60.92225579049659,15.367966345921808,60.92185951726728,60.92225579948084,39.421492791944864,72.96485556887485,39.42039808338358,60.99266158239408,43.068803155887515,77.96338104461687,41.394925829419954,75.51329024920955,40.692226750638866,63.89081502572322,40.70661522912939,59.47716559082342,50.72769130811299,66.8761524413313,50.727786853968794,67.51935647828564,32.44942014312881,48.91557895384062,32.44461150347931,69.59708841299033,44.6520110991222,92.84676193796962,44.64830097358112,63.511410333438
81.0,20.292801240311753,49.76400741060295,75.24863511679992,21.535284628054654,41.67059260811322,78.15432007889233,21.534910613856663,41.6842246059142,69.86821246057744,26.08888077637917,45.58877506713672,46.06794514299342,25.032478902417953,59.49305999536928,85.32610586004331,25.032478902417953,52.942194771126836,91.59367351663384,32.10334873498402,73.33581151129015,73.33581533390253,32.10334873519568,34.88904868114542,71.33344097325042,32.103348735245596,37.98735343670226,70.01514241679413,40.28568294071729,56.20043117667134,64.41313018410192,40.28568294071729,57.14353951393036,60.70449364593961,40.28568294071729,56.318988006296046,57.82491585319907,22.825889906530264,59.16418237492662,60.99287382078088,22.82588991766093,43.94336448088361,49.42391827170614,22.825889917489313,43.01523746024272,122.56141939618253,10.098576638347918,52.084445820784595,80.9567565602721,10.098576652236597,67.81162635416742,80.93087360506976,10.09857665222872,69.14883794223122,80.93087328086683,16.041236479383947,37.99436722823547,69.94924689903746,37.90836068108462,37.99370951825023,73.33580177949142,37.90701406376123,38.70372972454229,73.33581151116995,10.099897089805303,45.059516176133194,65.5764367787829,10.450947038089073,48.165077875926166,65.51214582765148,10.450564105059943,48.24966274334255,65.5121459159366,40.404531584452776,73.55703462746143,40.404487780154014,59.14454160180446,43.81962072500399,77.91670850579895,42.15428916415795,77.73863783063256,40.58198947225179,69.77085069086542,40.600007712470465,73.36729477918877,50.59450129509095,66.93096957318623,50.59450827303499,67.83345173057502,32.45504290225379,58.742617545182334,32.45497417439424,69.95300344153965,44.654664926668985,92.8320600185131,44.650002220614525,61.46588050588488
82.0,20.304723246059122,59.68242627419628,63.28627301315367,21.562464361319243,41.38524706695721,79.3177465532049,21.562078323582373,41.40068287417236,68.41694635659888,26.055530113987974,45.48436964814046,70.94344578256978,25.053368037052422,59.68707580537425,78.70769525159022,25.053368037052422,47.248516112248105,92.16325356245918,32.0331859171079,73.16748723076014,73.16748815612053,32.03318591711535,32.153022278485466,62.455758819968054,32.03318591737789,37.90023783089305,66.71036379340876,40.1794257052039,56.01934860891471,70.31621854462256,40.1794257052039,57.02687789297529,60.60591884524318,40.1794257052039,56.127787409498794,59.80763944514723,22.783464398551054,59.778986311961965,80.14323567006514,22.783465307274646,43.421705085322515,72.90259883289163,22.783465293193082,43.12319066753874,71.93288076124081,10.076271633106217,39.261929644346424,80.72887523693896,10.076271636236653,79.3642590368683,80.72069903360213,10.07627163623399,79.56381576205199,80.7206990184351,17.81953111178676,37.90191377922025,70.49040133493445,37.89462231870698,37.901305709016185,73.16748765674546,37.89450829918893,38.18540889444702,73.1674876567503,10.076356385379013,45.8275898834,76.08745363242241,10.098968763376153,74.11259597655857,78.47835044418682,10.098943690928321,74.11392757033965,81.51614227763409,39.94360350786776,67.00422811789655,39.94206284250352,66.69494669421337,44.44597449224072,78.24974076646068,42.29857588616028,75.94184955055998,40.47679568690237,73.56047137374519,40.476800597947594,73.74145952279117,50.46827807953964,67.72951638702142,50.46827910433507,68.00722645890093,32.11177914540172,50.87928039865041,32.112870089527355,75.8133470789076,44.721366627136554,78.36527868829444,44.71695548611485,63.90470197644627
83.0,21.004942911235613,57.91961208483921,64.14759421276244,21.57849138366526,41.0440449910466,79.24932048125577,21.578147704485183,60.706486316675274,63.11260565061901,24.97222993022616,50.85905423135364,70.09176539722861,24.962471832733435,47.161672200052614,71.65332987603169,24.962471832733232,46.41188716603285,92.05722472457374,31.970689702038186,73.00094146963312,85.76433819124472,31.970689701665215,31.97070733471334,37.77178350514069,31.970689701779776,37.769786368196854,69.39197221155788,40.08692118384748,55.90986388442368,65.2102184749595,40.08692118384748,56.800091618372186,57.89245518268597,40.08692118384748,55.713035105771866,57.61305747444994,22.72710386301116,60.152805438750114,80.86355543325548,22.727239172819488,44.56250181067841,79.93537324389025,22.727236820984817,45.096398716003925,70.36644424025575,10.056154832049122,39.76005212390511,64.4514556509584,10.056154832924618,63.17571559772167,80.55609139863338,10.05615483292378,63.178667348596576,80.56014483366222,20.35308064649245,37.76912054592678,71.13186760033301,37.76885314828133,37.86473570408717,73.00124142780035,37.768848816201306,41.381687274146316,73.00124142813078,10.056161641775594,46.52806306157827,84.83801749151087,10.057725278817497,85.39673933390252,85.48183308380456,10.05772373716069,85.40964872365491,85.43681434069221,39.28491100414687,67.66775461112475,39.34674261895534,69.88541254954404,46.189561203104354,79.19525708944268,44.045752054020205,75.38065728330822,40.38498356178749,73.3707555500077,40.3849803453657,73.56273543866149,50.07820590564403,69.85587188324808,50.08349507232269,72.1654844761446,33.65049694222691,51.03363402608071,36.33985658928225,78.30021180744039,44.83870313392517,93.22625512173742,44.834447982256854,75.92732025016791
84.0,21.54462500635612,42.73625900231491,63.210028917972295,21.666337427230246,40.909371324719395,78.94666063998957,21.665963597076992,60.48002575933565,62.29526718794265,24.904250095996435,55.87463544766746,67.82881918493877,24.90230912987859,46.16286741070942,69.1689629278187,24.902309129877896,45.291502260835735,90.53229044884836,31.91590512581462,37.90903271832421,108.07489418269545,31.915905125815804,35.39321783075668,37.753912904046324,31.91590512663423,37.75129164070456,58.45091399949938,40.02288407898661,55.85461398858327,94.19408366117598,40.02288407898661,55.97767667270558,57.6227227479745,40.02288407898661,54.08686096726044,57.36378958213109,23.323190286340413,54.33236280221289,81.10290970814482,23.35377280535356,54.75404800975129,79.92018986746916,23.353210903924047,57.74962072437135,76.74272890709075,10.022537104018104,40.54727479964966,64.47431495531106,10.022537104230034,64.96892426860097,71.14475685077288,10.022537104229816,64.97305848013342,71.55372707980767,30.013289338310507,37.754317519038565,71.95649869342311,37.754277356642156,68.81765885190396,72.87414665277763,37.75427695881405,72.78144364828336,72.87414665027474,10.022537838734413,47.06617517619733,77.5880855791607,10.022674220616926,90.48207402765462,91.48864484654143,10.022674107675956,90.63072447749592,91.76087998479882,39.076935466345034,72.94395803706968,39.04657695043532,69.25725654609394,47.13944013354063,78.58474800857496,44.50227680266451,75.02669728739522,40.32608624157273,73.3347452887791,40.326091036258575,73.51310498008584,42.63925839592345,72.40465921298073,42.63983911209524,72.40916282717791,46.01477587055443,48.48743047947796,46.33505851575163,77.14128137717648,44.667270241575885,93.02929726268782,44.71689062703159,76.58167942139784
85.0,21.872471808471488,61.81218932862091,82.71362861959393,21.6997303710764,41.25440810394695,41.96368096282725,21.75008385143239,59.7112219757463,61.58188744896587,24.852322876611616,57.99238017283731,80.23338226500505,24.852062288671338,46.39641456951952,80.24694071822259,24.852062288671338,45.192514124907966,76.29530033340691,31.868871961168505,37.65982483869689,107.08097316257884,31.868871959955538,37.662940226561005,72.56120315160813,31.86887196367267,37.1431627003835,68.75563957519283,39.95536572226563,55.88768532937156,95.91361881299443,39.95536572226563,55.53088626110341,56.86264649515804,39.95536572226563,53.752019408200525,57.529460583276894,27.6498789509729,56.867265505959935,80.98363271593637,29.077555441830047,45.99292111797901,79.78767038536441,29.05266223750106,53.784949950625226,77.35790780118097,10.009058397280825,41.29046938724596,54.736217108071436,10.009058397311914,64.69802487338715,73.13913801872567,10.009058397311911,64.71089406931675,73.36072265026239,36.87114587740536,37.66298406388949,72.67557723534736,37.662979170532964,72.73126830911644,72.7545617142183,37.662979170532964,72.74664028080427,72.75456172106539,10.009058495336346,47.25774638965839,57.461562534353675,10.009073572789815,91.84353172690959,94.3874517285181,10.009073565486569,92.42729687174274,94.96750605504715,38.88583815849553,72.56786884068731,38.76228414475709,69.70545671322164,46.932787283591885,78.39846851299657,44.474679326071445,71.69044789519641,46.75838987342572,74.02402446115784,46.7583923830783,73.57699419790615,43.7091956240722,72.09251885426633,43.71101189783379,72.42500918950392,46.00503335184826,58.29272192899127,45.00142700799734,77.2228422886295,38.78561252496425,74.52544363681889,44.37563107075548,76.49417603605403
86.0,22.21413537066179,65.30787060136504,82.74194663894438,21.427228673615694,41.882840280008345,62.66604168781019,21.583952170609216,59.85699386859662,62.362991192130515,24.81181162892256,80.1632553900001,80.18709617101518,24.81179155159901,44.21403942891486,80.18260588031531,24.81179155159901,44.404498332925044,74.72169236998722,31.82962457145652,37.58294297069399,72.78804464339542,31.82962623598338,37.58357611425081,72.6683759014692,31.829624566435065,36.35018988463757,70.39551602651409,39.901832664678444,56.025993055898454,78.72365572534629,39.901832664678444,55.600851775750066,55.95753702989965,39.901832664678444,53.91152304498537,55.258512776901,32.69926281869159,52.74270030586862,81.67866116597934,35.93715308558784,62.69016419578735,78.29502656020317,35.928447166552864,62.69289568393282,62.92548715491759,10.147475055401767,42.03646339535339,54.485440434962086,10.147475055402023,55.00692411947509,74.84865916589307,10.147475055402017,55.005155932430036,74.99896266970205,35.24180399975227,37.58324094593227,72.64489963004152,37.58323919911487,72.66858961821629,72.66915611463182,37.583239096625746,72.66893440539143,72.66917390633587,10.147475063362725,52.27117145396189,59.45954186647409,10.14747692839656,90.38661503954938,96.89288980363841,10.14747692754957,93.19951739906439,98.0851601354522,38.169754945775516,71.08210223133993,37.92288707680811,71.31554939650718,46.188136739753745,76.8826504398961,46.62522664828513,72.11847576211986,50.277434999622635,74.18481429545777,50.27765016542312,71.63658065740637,44.65577775821045,63.727465379006944,44.659274970307024,63.74636404146703,44.729668869815576,61.72140183011999,45.26283304846606,78.80595809229011,46.706063964816806,60.90919278954976,47.02683269804672,75.66957688370162
87.0,22.275973205885624,82.38987838051145,82.69874396132298,20.306559604273435,41.238553173720916,42.021306764014575,20.30591872128234,60.32096333945591,62.63999719898248,24.781546538796245,80.10068113741097,99.63717703165841,24.781545553092528,42.97151049588416,80.10367528439994,24.781545553092528,43.87816908735865,74.47620523901976,31.79819177652838,37.614500082079985,72.59830207200827,31.80243714123071,52.90171006508584,72.59666711196363,31.798191778847194,35.129307309823254,37.11075849906753,39.86911398564056,56.114169820303715,61.17247723438311,39.86911398578186,55.898897554826284,56.176953823283725,39.86911398564056,54.21378560397302,55.346261550326886,33.2704041629778,45.82094648166639,82.44490009265941,37.67159038133735,62.686010156875014,62.689246335764004,37.66886793190764,62.68605501450575,70.91751357642923,10.138601974631413,42.68671183920579,54.81118647891512,10.138601974631413,55.854112691422436,76.09880086567591,10.138601974631413,55.85075248282937,76.25755479866842,34.29024838158653,46.92043350630145,72.15075976536829,46.51830605022528,72.59666803014373,72.5966683126108,46.49865654509425,72.59666831198247,72.75220804685736,10.138601974631408,56.01533073457479,61.03650812048267,10.138602087689303,70.33132174131875,98.82265686690803,10.138602087651327,72.91194355478548,99.83724897079085,37.749906863163716,70.32117566166569,37.53029521451911,73.00415452147901,45.00883877930639,67.79873745479533,47.08990241520331,71.20810365437805,50.987247613415725,67.52143510399281,50.98784653908537,67.70319159176393,45.02288651575899,64.75861794112507,45.02849484642387,64.8758638605206,43.86132041158018,61.886290371730865,46.04668405082735,76.8564778237237,42.39651804563229,61.569734984621746,42.398847073673366,75.8472228193172
88.0,21.859869811470016,81.90119489917696,86.7126636744653,19.974435244638613,40.63448588000712,55.65433029983996,19.973760558644297,60.90761171769434,62.5931013594767,24.76136108882019,80.06652417295034,116.44583858146862,24.761361028835626,42.57887153897883,95.83797472129676,24.761361028828766,43.44319358974643,73.20383999384602,31.774596771719192,37.52998231486423,72.55462789152335,31.79328333687822,71.70025199101343,72.56341962486654,31.774597015913336,31.78184422722536,37.432685017197144,39.840886661820164,56.0646000325951,60.095864118791916,39.84088670743546,56.18647724639449,56.544840216938276,39.840886661820164,57.46687196874298,59.98647204238611,34.70119647724305,58.85047241936286,79.0726110875738,38.814888323151884,59.088446951191926,82.05197803885697,38.80942356631258,59.12950789204539,82.59107855112237,10.131942064579722,49.53290449526973,55.0022185016469,10.131942064579722,56.686259462196304,77.85132096252826,10.131942064579722,56.683440904911656,78.42030781491171,35.85173427466059,48.63918904894393,83.04367393495407,52.749190003943916,80.89753346953432,83.06648692526353,52.70540288566701,81.70903142764446,91.03455570700461,10.131942064579722,58.07702007493949,62.37560788527518,10.13194278159141,70.69409674970541,99.56947688566348,10.131942781529979,70.73446476994745,99.9884384588548,37.47493140127972,69.62126704833541,37.36957349716863,71.99817873328132,44.98625965034596,67.62166620822002,46.50780592342005,69.94551478013153,46.59786617449845,59.011361262140305,46.60671727530024,60.69981015992859,41.969178458587045,62.246113261924485,41.993616902728235,62.93011371560385,35.01978015219559,59.54950551977737,44.78314279161524,75.22026270393467,43.373333382974806,83.0580055500807,43.37780326099819,75.75694745549961
89.0,20.942783645659578,62.8473082099689,82.92504642766662,19.427540922728056,38.50093997842143,52.55190195176747,19.427104553816086,26.914990392882213,60.06448875530884,24.751262660188388,80.97260177627678,149.5496674029934,24.75129998907511,41.83523449096142,115.25241504472207,24.751262675771745,43.10700150877182,79.96587771872204,31.758857032356616,37.5033350211772,72.53186804542203,31.78516863955758,72.45258072137926,97.12943968013016,31.75885864860745,31.759958578592453,67.60939411666556,39.826765497589676,56.110557144615015,60.077290973601485,39.82750894781764,56.157835240908454,91.82226224296669,39.8267656404596,60.06966988262641,60.07728948422564,35.661133177939924,45.26867618844544,80.70032995714644,40.260567591961156,61.19324309481887,98.68557710738894,40.25507319023046,61.23430635436961,99.88380182782974,10.12749969143421,50.69852639288867,55.1707656715069,10.12749969143421,57.13646169353921,82.82719806005997,10.12749969143421,57.13417229595621,83.83195542082443,37.20453837835416,50.36382108353351,84.34853760165694,52.67851571990103,85.10201223983614,100.12300230486736,52.65298272785819,94.45119459687294,121.55402662193656,10.127499691434224,59.40227239506653,63.099825094235555,10.127566043315506,71.11593024339821,99.77842418883604,10.127566033784277,71.13120731056885,103.29045849759063,36.265588948842314,60.13411062327731,36.954980431697955,61.910779204180415,45.2647500763974,67.5983002436553,44.63367829985721,68.92390102673768,44.06981332677219,59.94195438481193,44.08220179688816,60.01676287794735,41.83730926172895,58.22464257283431,41.8695900624965,58.28693029829863,43.496455210430405,62.64024594627414,44.40497746291253,61.602345514537305,45.59649785266566,98.43737646056192,45.60679088657908,59.76324110059295
90.0,22.353646309732994,62.65348657079581,83.63801970815989,19.37539777785662,24.651672185589295,82.43971050680669,19.374476144863127,23.920551485387467,42.548086258231926,24.82511336605433,80.89488679038972,150.54809257697383,24.895121277491295,41.488911218841814,115.33318054191822,24.825186005847485,42.90792756874117,80.6556836441754,31.75098423682282,37.57507267103372,72.52655580567135,31.97241288882151,72.54423863125965,104.56652578239373,31.75098647872113,36.76956245054783,72.47231459186487,39.825070621406304,55.74565200259494,60.07501928391283,39.84725886334259,55.639111181993364,91.4478297146422,39.82507725089498,60.07500778785441,60.075046918388985,35.64713194207998,43.93191206470975,79.07352689470291,40.78749370126328,62.458467793378304,98.6880615602625,40.78133244189398,62.356449792909295,100.24389019578162,10.125277773967488,50.71373814671135,54.961869311335604,10.125277773967488,56.74479176718278,83.91754859939151,10.125277773967488,56.742581923670706,84.76586365552177,37.56391878069928,50.6629100309031,84.9734098821146,51.785570219331376,85.54220811479192,100.06845098031202,51.755943133648174,93.37797445988528,119.4504694127791,10.125277774021093,59.459987691258355,63.15956400394638,10.125402899743497,70.73687144604155,99.95413955545439,10.125402880557614,70.75060539963954,105.33564169845823,35.794641774458555,58.93509242826663,36.736834735270996,58.359812567064736,50.00235151534012,66.79530023713481,44.94996807521692,67.40302130630891,45.156744430253156,60.16653024034208,45.15267250201601,60.24604388969466,42.1349553042942,58.16627340350126,42.180445225577266,58.41661617047157,62.5953531305521,65.59883851859244,39.166649675076314,60.60469545768512,46.54397742777406,94.01228042284724,46.54462812202569,60.63746896460499
