Theta_deg,config_01_det1_b15_s5_h4_w50,config_02_det1_b15_s5_h4_w500,config_03_det1_b15_s5_h4_w1500,config_04_det1_b15_s5_h12_w50,config_05_det1_b15_s5_h12_w500,config_06_det1_b15_s5_h12_w1500,config_07_det1_b15_s5_h24_w50,config_08_det1_b15_s5_h24_w500,config_09_det1_b15_s5_h24_w1500,config_10_det1_b15_s20_h4_w50,config_11_det1_b15_s20_h4_w500,config_12_det1_b15_s20_h4_w1500,config_13_det1_b15_s20_h12_w50,config_14_det1_b15_s20_h12_w500,config_15_det1_b15_s20_h12_w1500,config_16_det1_b15_s20_h24_w50,config_17_det1_b15_s20_h24_w500,config_18_det1_b15_s20_h24_w1500,config_19_det1_b30_s5_h4_w50,config_20_det1_b30_s5_h4_w500,config_21_det1_b30_s5_h4_w1500,config_22_det1_b30_s5_h12_w50,config_23_det1_b30_s5_h12_w500,config_24_det1_b30_s5_h12_w1500,config_25_det1_b30_s5_h24_w50,config_26_det1_b30_s5_h24_w500,config_27_det1_b30_s5_h24_w1500,config_28_det1_b30_s20_h4_w50,config_29_det1_b30_s20_h4_w500,config_30_det1_b30_s20_h4_w1500,config_31_det1_b30_s20_h12_w50,config_32_det1_b30_s20_h12_w500,config_33_det1_b30_s20_h12_w1500,config_34_det1_b30_s20_h24_w50,config_35_det1_b30_s20_h24_w500,config_36_det1_b30_s20_h24_w1500,config_37_det2_b15_s5_h4_w50,config_38_det2_b15_s5_h4_w500,config_39_det2_b15_s5_h4_w1500,config_40_det2_b15_s5_h12_w50,config_41_det2_b15_s5_h12_w500,config_42_det2_b15_s5_h12_w1500,config_43_det2_b15_s5_h24_w50,config_44_det2_b15_s5_h24_w500,config_45_det2_b15_s5_h24_w1500,config_46_det2_b15_s20_h4_w50,config_47_det2_b15_s20_h4_w500,config_48_det2_b15_s20_h4_w1500,config_49_det2_b15_s20_h12_w50,config_50_det2_b15_s20_h12_w500,config_51_det2_b15_s20_h12_w1500,config_52_det2_b15_s20_h24_w50,config_53_det2_b15_s20_h24_w500,config_54_det2_b15_s20_h24_w1500,config_55_det2_b30_s5_h4_w50,config_56_det2_b30_s5_h4_w500,config_57_det2_b30_s5_h4_w1500,config_58_det2_b30_s5_h12_w50,config_59_det2_b30_s5_h12_w500,config_60_det2_b30_s5_h12_w1500,config_61_det2_b30_s5_h24_w50,config_62_det2_b30_s5_h24_w500,config_63_det2_b30_s5_h24_w1500,config_64_det2_b30_s20_h4_w50,config_65_det2_b30_s20_h4_w500,config_66_det2_b30_s20_h4_w1500,config_67_det2_b30_s20_h12_w50,config_68_det2_b30_s20_h12_w500,config_69_det2_b30_s20_h12_w1500,config_70_det2_b30_s20_h24_w50,config_71_det2_b30_s20_h24_w500,config_72_det2_b30_s20_h24_w1500,config_73_det1_b10_s8_h10_w250,config_74_det1_b10_s8_h10_w1000,config_75_det1_b10_s8_h15_w250,config_76_det1_b10_s8_h15_w1000,config_77_det1_b10_s12_h10_w250,config_78_det1_b10_s12_h10_w1000,config_79_det1_b10_s12_h15_w250,config_80_det1_b10_s12_h15_w1000,config_81_det2_b10_s8_h10_w250,config_82_det2_b10_s8_h10_w1000,config_83_det2_b10_s8_h15_w250,config_84_det2_b10_s8_h15_w1000,config_85_det2_b10_s12_h10_w250,config_86_det2_b10_s12_h10_w1000,config_87_det2_b10_s12_h15_w250,config_88_det2_b10_s12_h15_w1000,config_89_det1_b10_s5_h15_w250,config_90_det1_b10_s5_h15_w1000,config_91_det1_b10_s5_h24_w250,config_92_det1_b10_s5_h24_w1000,config_93_det2_b10_s5_h15_w250,config_94_det2_b10_s5_h15_w1000,config_95_det2_b10_s5_h24_w250,config_96_det2_b10_s5_h24_w1000
0.0,38.95497825983092,65.15567269421672,98.08583731651537,50.37870354412096,79.0998427141262,90.96390156799968,50.37216195029834,74.16416285118413,95.57582696241003,12.525224548885342,42.47294601038884,68.04431585137038,12.543935068473555,72.48157894992565,82.20189811609309,12.543935068473555,72.78274793566868,90.61793606613556,49.311726533115575,61.29437696721527,98.53495379811409,68.73609778054166,96.67015810157736,103.44436291653246,68.24940666938059,103.82558146271273,123.67147872233924,18.075155600989994,79.69232145079943,86.36653497623502,18.56059162107018,96.37650355300525,108.76556510424771,18.56059328502883,96.9377305236349,129.2433958582096,38.60693623672338,61.168017051391644,90.69490230491827,47.62511265869826,90.53102583886893,103.05091866878433,47.60897836762404,74.30460584022349,118.03260538126804,10.125277773967488,57.45409401693617,62.2623339266108,10.125277773967488,86.233350964621,92.79791292328385,10.125277773967488,86.48911226650844,94.09743194000319,39.90628001627761,56.62589025281899,84.86269539932817,68.53335007313062,98.08419343964928,101.0624053767851,68.54586796320231,103.32603843274612,135.59236556187744,10.326889304365803,65.58195567298414,66.92067881418436,50.3987212277595,95.619791474829,103.95159191808017,50.39782926278932,99.6363345682412,115.65697078496078,59.95629016203097,79.3528666593257,60.413777223248516,77.26827705617306,19.75246715320695,77.08457887731694,19.73721569299642,76.7079488181444,57.00737058475177,70.67437505436776,57.02250067608069,73.12394427689361,56.95590285549148,74.07524139998583,57.23799613036286,74.18387950298023,54.92098308489713,77.48135826159735,54.105037884213935,85.38705719284923,71.88945733677026,98.90752701115561,48.2833980142704,83.35023086337843
1.0,40.80550485320988,66.53728102782169,99.20661729780744,50.35268748465761,80.66879807793723,88.97154165994962,50.347462049194014,74.90656117724505,94.91238599091832,12.527020795065361,47.973763599268565,69.07812877415748,12.545626194196375,75.62701811181748,85.99079973731575,12.545626194196375,76.09195725134967,94.16209723116268,49.758612527668355,66.80676678734896,99.39130354310625,70.73434360792064,98.23535377603535,104.65912436766098,70.08733739555528,105.35742750286698,122.92835189512348,18.076400360691284,82.69229875858127,87.55024510555056,18.107533588751487,97.41396298347914,112.5826715776714,18.107532777232407,98.02624103200944,131.7578274580809,39.22353253492949,64.20871674021842,95.8603628095777,50.148797919074106,94.69468808764489,103.97457211675886,50.13370523736084,75.30396507282939,117.14322272149093,10.12749969143421,60.021139750907516,65.20897888977707,10.12749969143421,88.85452651420553,94.13115951192238,10.12749969143421,89.1228157888359,95.41283950248051,41.09088585762469,60.415834606219455,84.09530782767217,67.81823817240901,98.78734773103275,100.85310489650573,67.82566728442715,104.50406749267023,133.98457017884073,10.127755018107782,67.08591361003663,68.65301257304361,53.102988535479696,97.97859302523166,104.09493627827993,53.102457507740155,100.33655880887602,118.27051174880793,60.12663586758061,87.12376915863224,60.47320852991987,75.85547965797836,21.10017946836948,91.27116926414833,21.043953237677034,82.42077871292133,56.918410178273064,71.3576978858098,56.944189739354826,73.27172970452425,59.490074484617956,78.46950393428435,59.63518333981043,74.84613319325577,54.71695938071072,75.60289499640864,53.469498053057066,88.19887354563939,68.04865176335711,99.76669991594318,48.521925660168215,84.37971933580371
2.0,40.484355106983415,62.360037923353914,91.209539321605,52.593146211343665,72.66642447224085,83.07063115894138,50.43261052142604,71.91759903355927,87.65706593136453,12.509996003196804,31.827089910145073,68.33727797918924,12.540122121767855,74.93752838197534,88.97053255444312,12.540122121767855,75.59326413548733,94.23010082029938,48.59404436791303,59.40719236997163,88.69847195606968,68.71222953247131,89.9346639762431,90.1132382013787,68.15757744859593,90.07274633556032,94.39958700599271,18.08262287390853,79.57860676545408,84.54204826958625,18.08262287390853,96.88925143057601,109.69795210688731,18.08262287390853,99.34335182458128,129.43969462847426,37.85468924831133,65.70377587997763,98.07242098963407,49.41283574526523,71.13528190003194,84.17955545322023,49.3919514000471,69.79374314280307,85.49483749342369,10.131942064579722,60.016364478068105,65.59044135777613,10.131942064579722,85.71531351268032,93.72024206819317,10.131942064579722,86.07894721596108,95.59091354592967,41.82378905179779,56.70836493182501,82.68958426507533,65.67042414607998,81.60527150539683,83.13602827858251,65.67877327453212,81.95831030353897,91.66747567580137,10.131942064579722,66.6959674491992,68.3390902627215,25.426493181339804,98.76593267271444,101.3098633886652,25.425947985251547,99.50157186508187,117.36490001990977,60.099672489780936,87.32314492489445,60.37086485007631,80.47065788352306,21.009070887186063,90.640198157874,20.98482692991535,81.89003345416812,54.53408307134747,77.21148478015094,54.58220994983084,77.28050229048786,59.56822528797223,87.19493143331378,59.647141923051024,78.79288416158799,53.61236483003327,74.7737172004772,53.33534162924527,82.90281419517372,49.61736887865397,85.64912994481249,49.45370157387995,86.60941857707721
3.0000000000000004,40.15607714132777,50.56781417939278,90.68153878075663,46.44326788807013,68.29806804665438,78.61468095725992,46.4418907064516,69.6367443463758,89.75526422406283,12.543175435271564,32.09668923381943,68.69043599145277,12.567830719941286,72.9763912206665,90.37882236435021,12.567830719941286,73.9209863289675,93.40342020479055,46.216797541300714,53.50961934839684,87.96503950490695,54.63754977623832,88.9680721274217,90.16266549964016,54.549702859536985,90.06772032977719,91.38694762926059,18.09381800505355,75.27304425160945,81.51975113902486,18.09381800505355,97.06830198752343,110.96879746175523,18.09381800505355,101.18423419771526,134.55931057879394,36.817648122968855,56.87939621520877,82.441010970445,43.50048870622361,63.404510175604024,82.1861928244131,43.476868094887145,63.42680354974076,91.71964348624711,10.138601974631413,61.33736890892266,70.1997519000865,10.138601974631413,84.3582750992852,96.80436992807212,10.138601974631413,85.20855863027795,98.45008833562979,41.981833461424,49.38217801553673,72.2637863779888,48.13500655074656,72.5957996658988,72.6818381260536,48.13125303508696,72.59666831198247,80.78082674690901,10.138601974631413,67.98268176573659,72.7481711474668,18.79852522750965,99.0461626644119,101.0720485735374,18.797606796915815,99.32986307928654,122.49518289052483,59.70089252628772,83.0359220886529,59.77506066153011,83.28049671525766,24.293046292885514,87.81403859666085,24.235256689527898,84.80029498786399,55.74492533861852,86.57295745149163,55.88323455360452,89.8596751769062,60.32164606191062,91.597108493763,60.420615745212935,85.11474700323463,50.43582866012734,77.83964427417395,50.43313659845327,82.54663488355774,45.947076452875415,75.32391958255128,44.304657434672485,82.41172363797398
4.0,34.39015946814879,51.4307968459424,90.50863646297041,38.699938775971845,64.63287632867238,82.51631330025779,38.69695342065151,61.589264802602095,89.71868636974051,12.552141251595284,41.7756754350712,74.89536165544735,12.57848677459406,72.73516242596443,88.78808071345087,12.57848677459406,73.64014645680389,91.07736302520694,35.42690766474577,54.54790977997791,88.00607352731974,54.6289870727647,74.32527204119901,90.22469467513294,54.49886260909637,89.93464293192096,90.52650028524798,18.10997653228739,71.5335354076451,80.01439954154496,18.10997653228739,100.19431425370014,111.77203544125594,18.10997653228739,103.65311919746568,116.20709681140076,34.112762890733364,60.849759740764654,82.257646638983,38.78000788995679,63.278874773326756,81.30594507085293,38.770978166780594,62.95407121058197,97.48770798027716,10.14839888299625,62.89963841089202,73.847311093997,10.151665914270732,86.56199948639605,98.80743946264583,10.151664676645728,87.73512410637584,99.34759488419495,35.36001030727026,37.58324094593227,72.53496137260986,37.578151979598644,72.62480604009374,72.85504439519345,37.57792895964829,72.63323509162676,74.87247387994138,13.219357297053602,73.59817116443125,85.49324491918387,31.46935551349723,98.22353466831345,101.47112428499027,31.467721503904308,98.61410961892162,122.72761790445965,58.22092290316729,82.90548911599295,58.22069279689394,82.31438720957223,28.980556691552376,82.68003865529481,28.890356579034243,81.6076124294759,50.74141724753412,80.80939276459227,50.73540303219339,79.67608038985985,59.58522138100746,88.10091603119048,59.63734398476323,90.27926087570312,51.314365599327985,81.64681984228781,51.303946298528224,82.94040215825157,47.6345972168478,84.17623883692313,47.57756665082474,82.68648993907776
5.0,32.64358412536996,53.22441726509357,89.99617708476512,34.73497650552674,58.87552422787969,88.693424214789,34.73232005919656,59.87508784636876,90.25867674153744,12.575422458112492,49.526097487505105,87.20211686658216,12.599166868404355,68.74626023219422,86.02414720043176,12.599166868404355,69.5176007815352,87.66518451160051,27.64988697987751,53.191682626522315,88.26266917848264,52.40024111434568,59.58804460855876,90.28831805330996,51.95867927781178,87.62400541662421,90.38785437582051,18.13108518539362,70.3314843093254,85.75637374310168,18.13108518539362,100.57526595905564,107.49245721528968,18.13108518539362,102.12915020379357,111.40240423611192,27.96283165000628,61.4967792675172,82.81492572303205,36.170376185666974,61.688025373314815,85.63890049263497,36.15354625508912,61.219580247463725,89.76804816821043,10.089065267323523,64.16008118106647,78.23026849388185,10.226784400041598,86.1390893258942,96.8547083929413,10.226712705748668,86.96278402694021,97.31054195406783,34.8360228755584,39.81491506390974,72.60805538312123,37.662979170532964,72.65251732873936,72.96886587447293,37.662979170532964,72.67649548882272,73.17197831750795,19.354585208968576,82.00831231845005,97.40572070585378,39.70756315953465,95.31171793298816,96.22764446739362,39.72737956098974,95.848909643445,97.59336282885154,48.89509893686297,82.25147814073894,47.826667999441185,80.66186571436634,36.15799412908159,81.07137784445516,36.1451611160322,81.14333050127817,51.55500119393064,80.5883254688435,51.51830035933265,78.78037463636504,58.43112599149939,75.9059728227684,58.46619977762783,80.62462634751905,50.40203838385714,83.03841571072329,45.331026714132506,78.39377154938562,47.13774495543008,84.36249108485266,47.02259734817302,78.55820246675147
6.000000000000001,32.725956113255094,63.21494542990498,77.12132532887068,33.267913383370306,59.88117121934448,89.84148172934873,33.2670054157142,60.88279267740702,91.64054028884458,12.58972795575822,53.59007485217269,115.47136390390729,12.608424561253418,62.3917018109874,91.28796925182486,12.608424561253418,62.95661672415591,94.96704282487116,23.323191248197578,52.61611568245214,86.09248991843863,47.133912249589535,55.90550097420016,90.1118561659531,46.34024026140313,81.179783032923,90.5113350827104,18.03902020620854,67.15464473844935,88.35877806784393,18.03902020620854,93.73869252514748,100.05111433431689,18.03902020620854,95.98130086919711,102.66517570302385,23.423897176288367,60.17013386371145,82.51633638521356,30.743026637917428,59.712998946947046,81.76128714418469,30.725626577776957,59.51274892897931,118.49817701794181,10.371749876070735,64.76742949595386,91.83410332100955,10.797280266874969,84.71100558017395,97.55571969948353,10.797015384653958,85.24304312843273,97.46101419403712,31.768672704813184,45.915896976020505,72.3977555972331,37.73937846515586,72.4853069402307,73.30762746517416,37.73903235628576,72.70732765421131,72.94301254752034,25.754755733787555,85.51231729958765,100.46930052316883,44.48348687540979,91.10711314671413,93.02625082287337,44.48184309110954,91.30795650623212,94.92815860058785,49.43603243671571,82.20120165670211,49.439422534371815,79.43472061351329,44.21290844557839,80.87245271071717,44.22135928781675,80.72688748466607,50.521271233733074,84.98949711884313,50.551409701750345,79.9825918590347,54.213012182410516,76.9474429982877,54.38778878274116,79.5611672826326,45.97484385897786,82.37164518016567,44.37027422666256,80.5183104586749,46.46884090718002,94.43621361683839,45.870140621273414,81.4325137276331
7.0,32.51002716124722,62.73149149263427,75.83997071784681,32.84845886795909,61.977702867482634,89.23445541658906,32.84845886795909,60.30114451554593,94.16457642369281,12.843009504778305,75.30089741489213,130.10015715062428,13.70621153869619,64.80787966093997,99.74597001378251,13.705887428367284,66.5742010657486,98.1418752675096,20.269760073275993,52.45594158970545,74.68595400849881,38.25339778351362,55.59333120817855,85.4246546400202,37.34733773140047,75.60416686411179,90.6429967148676,18.056473908269023,69.15382359986782,97.31737091671486,18.056473908269023,77.47529244585205,85.75702557228013,18.056473908269023,79.28596597321379,87.1751972747425,22.736285917322338,61.00801495948114,82.49476834839675,26.584217202970844,58.00786846013931,92.09735177339626,26.5725004785508,57.87399993276145,155.56663315355416,10.903145696900706,63.255103296940455,104.80472023863639,11.787349954447105,68.95855739110921,82.47022103709546,11.78683125922195,69.04139882240955,84.43097452233312,26.965031427516916,47.52284093486978,71.72740532179937,37.73804947650193,67.45890673506611,73.00124142780038,37.73777644550284,72.17269157565042,73.10738682101955,32.59359702150557,80.24909717128575,102.63884567490885,46.71264172915918,85.04795846206923,97.85399056478019,46.71147784941132,85.29132714053982,98.37557008081242,49.2414376855171,85.63645500139643,49.32335595062168,82.50862169083904,49.38452138819414,80.62893780706695,49.39455878735908,80.70317138577884,42.4082222318449,85.99063850614884,42.161528306683145,80.80039326370753,49.22789275442358,84.26629910176726,49.678363197653034,76.62016097097919,45.6167642951965,82.89198349946486,45.54214950711231,82.13637068822753,46.388962463034424,101.21190980720334,45.28055282115421,87.34328766469912
8.0,31.27140654884251,61.77585646157778,72.39869732389084,32.9081323181004,63.41894007734532,89.06884319137984,32.90816723614014,60.48022996937993,95.88964559786749,15.04667490972577,89.5945777377921,131.77562994491745,16.58257748111509,55.04292821885505,105.55912630316693,16.58172670513159,56.29098567156189,98.30431164789972,23.350984995549894,53.155017544087514,66.44525780461207,31.623272595369684,55.698896492380115,78.81176101332035,30.880524935005717,72.01906688316825,90.8007955881945,18.095061480967672,83.62024774468102,103.9309301795132,24.838492175063955,84.46346328239696,86.39082353734105,24.799364076239065,85.28360142307608,86.35012391720718,22.79020409254376,60.86197495181082,82.20273649818722,24.35841547377421,56.95592789659149,106.98588003152746,24.352368457601663,55.85216900969463,151.9199217963803,11.68026485494345,75.67116777713372,112.42987896184631,13.05549152488868,79.49498829701113,81.32239595874849,13.0547538575798,79.56985350147879,80.82579152911694,20.91587343234421,54.289419099257344,71.03451967920405,37.75016392065041,55.58431369405746,73.16748765674546,37.74881302597129,69.58745362541303,73.19095450730141,38.25257242283788,66.75843784634999,104.85928401846677,46.867976992608384,73.8414421464309,99.19618018224169,46.86727739828756,73.85892082000977,100.421112524913,48.580967884435914,78.50156842002878,48.581324975211054,84.67061427808486,33.07628871786972,80.23667991371853,33.31909889098301,81.4687263284555,41.784521591783204,86.15529557495037,43.1225423324269,84.35847046782264,50.50922431654608,78.45810545206962,50.51976216218877,86.64657870120058,48.98039450514973,73.38693410323656,51.1673528162009,92.30647733653504,45.89299280692419,103.82621467675565,45.1519874307546,79.56906074177694
9.0,30.290583762338454,58.76010019271069,72.0894391707801,32.93724657040725,87.50586077704716,93.92849350414124,32.93737016615974,62.55327956806953,94.27191781722523,17.58954555030641,95.88999984314191,128.82614659738235,19.707597468499486,50.3756491981058,101.30735579167566,19.707137316529582,50.69869630113988,97.6471704942654,27.993702561991356,55.32608070931705,67.03378183730992,26.46891285382781,55.77549881092572,74.4330261302595,25.946139829351395,69.91049247093342,90.96037399058943,20.811216652355554,85.15771278571165,109.01735051566754,39.68433610155844,82.96660967597951,88.08150178509561,39.680255873693305,84.73505230091561,86.15593426972556,22.9860858358263,60.38309637544346,81.505442523064,23.382782371010826,59.85541915408567,96.89061512242854,23.380135735573507,55.00397332261995,139.9565025331994,12.932546080583698,81.31319226525628,110.09798412913011,14.914162216195312,79.9229676496895,83.61589275922329,14.913275477439479,80.05324632224793,80.96110682430461,17.94290240693818,54.74706963740958,70.58893421967831,37.48575484672127,47.517039508441854,73.49071322006442,37.4784963864611,66.5296649980333,73.37314572782137,41.702387038215136,55.73076470281031,105.34444154641038,46.030192999907996,61.02282133646515,65.82529687939017,46.02969272471757,61.19150246725469,67.25998458743773,62.61208040127023,95.10040872336972,48.47507413302577,97.00694755976802,37.216608274468356,80.17960144383616,37.40767923637642,82.41989515457254,42.65725898747116,81.64110132072017,47.4411693056372,80.07683852807713,50.5647763220686,88.73800625062434,50.533992233337415,89.32292499358586,48.963807488651256,83.36947904808943,56.51286105498027,83.50430080342794,47.82718374582584,100.32945860127583,45.40211950507904,75.89834375259915
10.0,29.840982349577,57.00846117177753,89.72574303626982,32.748533673807685,93.94319259752764,103.1890484582555,32.74963743246872,64.429925927737,73.84460001852578,21.657603275482728,98.17335691500489,127.73122694870017,24.150925803505423,62.7665519331991,110.60332416287962,24.150940177116414,62.79330062339091,94.57415974425598,32.743981180150186,55.871027357544385,63.903104088029835,20.646257247683607,55.907267991246,69.15169478383162,20.340824356251236,67.71089448154689,93.43032849127279,25.690547911041925,86.1785429715787,112.97911698715066,43.04679176221879,77.78737635469571,90.72916743652699,43.041829196240165,81.29193592649109,86.31572933943882,23.671729854327232,60.55070649497964,85.00637869862592,23.052774899409798,83.51871411485453,103.67083862307385,23.05181212364115,84.00953634211726,126.28672761124572,14.99604411820926,83.07007241893403,105.76835035077674,26.571916209191482,78.01562293489826,81.20330916716074,26.570547006411363,78.40152579428559,81.1799908412767,16.757289743540504,55.594534073750395,69.9839812181031,35.89393164938961,43.98507689355833,74.55183535243322,35.87092903251182,63.946848127758194,73.6795364316941,42.64666164386326,59.77130133927013,101.67117654588824,45.064269455492116,60.774589850032285,61.41480074636984,45.06384986665136,60.77728390891817,61.70688450457116,67.14931577005419,94.64131017539576,46.30309754484536,100.47147689903252,39.728545831806,87.25671301167523,39.75654867401025,87.93419132952685,43.80476875206267,83.90690425092205,47.693554143388056,80.4428876288577,50.50830581435813,88.45874605506539,50.4969809785205,90.33074058607525,50.32890563649133,84.27524027658762,64.7538549924748,80.97708110654533,48.70188239953433,97.74606506315335,45.861179047703224,76.82292672711822
11.0,24.231325530981238,54.25850764410493,77.82694042534868,31.905852427116738,97.77761549201246,103.69634449448581,31.908560947961234,64.68902953983086,63.77822716745974,27.06848809335296,98.53338860831387,103.59090142301574,29.339752967449993,63.41545657037161,97.43330114468795,29.33921617258581,63.4208826068738,92.08314508716398,34.60890284692487,56.0744259890371,62.88151233636775,20.387036322133728,56.091044874672846,67.79492809602478,20.528130420511182,66.00019666209897,113.40429719039346,28.31585476601756,85.9954927871827,114.24882239974085,38.92501087011321,61.321512443078305,101.84707441739397,38.92017140537252,65.2142420713923,86.56237556756953,25.079946077203637,59.05753525257238,86.49588506296872,23.007546937498834,98.19038154793274,103.5011825515894,23.00726404737396,99.19162852173842,116.6429359545027,20.321716352167766,84.68676140098206,110.08666453167127,25.5554759207602,76.05383587231155,83.1337475715504,25.554125209868197,76.47414654502589,81.64481555641665,18.685744195193763,52.340990056868115,67.86759475790974,32.72756472314013,42.998484034926136,74.21161002859732,32.685647633587635,62.85690282375456,96.74743954167855,42.258846748010086,64.07642631462247,101.0054831438064,45.94091342594137,61.0916499983999,63.27024086296136,45.94063389172045,61.091639443241604,61.66586630832907,81.74712562295018,100.58105361431926,52.072663744505086,99.03146872436773,43.09577231967099,83.48104378611662,39.978428206642974,90.77383959265406,48.86488141952738,83.09121018304002,49.66030923075716,84.54600790041853,50.01009297227155,86.31324503384813,49.99213432685971,90.66361523524196,53.18150611328167,76.09706859140312,63.28513955090165,85.20203723667628,55.149132138086145,91.75627806469252,46.115182408440454,71.2761268790427
12.000000000000002,23.0971613087138,53.977922330904974,88.02061392601861,30.198466713547937,98.67077204183835,103.99473773042244,30.2021932709296,53.0468437534598,69.21122070916576,33.4172671194336,99.26870736333305,99.85631181297681,35.021746368371424,62.935701113333245,95.80869173477384,35.02004887460203,63.01226097732631,91.01625061534038,32.980768967624414,56.27629385451746,61.20494124824527,20.445445703138876,56.76619660755335,80.89148403424056,20.63480464315071,64.05494865372074,141.69901154274052,27.20474436151759,86.42297941527977,113.2456001688521,34.38009293826207,53.5593325574991,101.70931142004555,34.37542198989554,53.94735701775109,86.80811682402529,27.33098382889724,58.09236936521356,90.07819557726367,23.066636038419542,98.78783257540489,101.96495835548654,23.06660195312937,93.84053393317797,102.67859224756637,22.46619654738467,82.79474184801647,101.53602478087558,25.77354372191781,55.178333301905624,98.59990204093039,25.77298141581216,55.62406068495393,81.7060385381419,21.703506364646387,57.086148366211454,69.83660726443641,27.179326763444127,43.240064835690994,73.66841280838209,27.14196886088211,60.93792000955199,154.38861422479383,41.530424275306274,65.59503176382745,105.41547783184782,43.7502690226562,61.26519479286171,66.4367877377382,43.75008186993944,61.2652007152816,61.84111801650312,91.96305326140778,99.94536781178417,68.60285874157486,97.11658477094453,41.93031522776772,77.87525880703032,39.44019975826419,85.40818513499462,54.2748374919743,94.29840765888609,51.307413230660806,84.79333270580064,49.00048007174526,77.54261328554927,48.87377772897722,85.77351247010229,47.37761881727343,72.61406495861935,47.71999860938496,84.81474826928769,49.535012238687266,90.62067739205554,46.31207478551305,87.4543316255768
13.0,28.932705988031756,56.77715272018934,90.40853639441903,27.127119519182834,97.04730717674605,102.16873149827126,27.130200181239054,40.74420151903993,81.89242065005092,38.32396562293088,99.72373310351739,99.96416095406009,39.10691545806363,63.13799152105891,100.37924458703216,39.10510255208376,62.0176547131428,90.53528104891632,28.21595668666754,56.484635428895835,60.25327417448955,20.540965167196987,60.63876682379859,97.70642835639099,20.893881204112823,69.45882494605783,158.5249865217181,25.47716137106009,86.92833882931455,108.79721281819201,29.582135014405885,49.681744156459075,109.70502479758082,29.57491886557421,46.97942676617483,87.74280124935781,29.146721106562858,52.64946649054854,84.26654702793978,23.12749986487947,97.49158335856217,99.97223607360549,23.12749986487947,90.99682510358194,100.95583919128127,29.194653065026415,81.84170149915097,87.26272490934255,32.75948593036694,51.9750873453584,86.040875028292,32.758443326005576,54.85555004732008,81.64338492801556,27.175123792837805,61.21791780752446,71.60685023683578,21.998523905165523,42.94937428145013,73.42049042319734,21.96962529343346,58.90387525329097,154.65344443446665,40.850474397604025,66.59732377042239,110.35758655354455,41.41127061303298,61.464468698022394,71.05751746115102,41.41108799910771,61.46652675087479,62.171122036770626,94.30117991921418,97.47381055511295,73.06503362836077,96.06998869351719,40.16381860713354,77.20486870208636,38.44888808875524,79.03785374533419,63.53916899778786,91.6063975927957,51.4157107993328,81.71460443950063,47.75491252128753,81.51898263664057,47.82163818687104,84.08574795051021,47.15079060917317,83.57251863071086,45.066673824403146,84.90112618121285,47.94121411315046,82.36634454287349,46.856949824681315,95.31422438822436
14.0,30.265456489643896,58.634499753609454,91.52946025609644,21.911208969095888,90.56877194557045,95.29873547719691,21.91003806512438,50.930321997831506,87.31568803075966,36.856799093914674,99.92331931415,100.40387982816998,36.99305577756515,64.47590264011937,107.19641946480053,36.98948261850866,60.450915323727955,90.60057878750139,20.68536333472722,56.73284285156614,60.1157566486733,20.609858078113977,70.51790062902786,103.67709352559993,20.94865626821555,100.61882271814342,152.91111889857282,22.880091058838445,87.31374815870602,106.01199159282442,24.49018906617612,47.64796771717571,118.02129957575502,24.484061850584844,42.57152571756253,113.1779457846527,29.98309807244575,47.347175793603284,81.88934800570595,23.22942638120881,92.69033589211647,94.8330961130512,23.22942638120881,84.9219693019432,95.55582805455917,36.738087194003775,82.22952555389503,86.42084303738069,40.22832362150665,49.55117594765079,87.40843514387018,40.227063174893566,53.24978787823256,80.73955337844549,33.12611492724926,61.02233949349185,72.00829959788193,18.08086806157297,50.74689916136616,74.21392301271109,18.061391896213998,96.02689044005992,148.03868159940015,40.25132427688092,67.46285541487924,109.75291914289171,40.64414820032482,61.95086237297123,77.55237588059973,40.644034659200955,61.547745648259834,62.225124591690005,85.74104059219967,92.5707686200953,61.007637336523054,91.62051958858227,39.18962403263697,89.38950637225334,38.083993924543314,82.09273495143736,80.38448671441368,94.09376042940374,48.58096555550861,81.32885896987499,46.76063977070693,86.90351021848429,47.00282505269217,83.06772195094126,41.87235215315544,83.68334902063243,42.15600534130118,67.9443260534194,40.510061572517266,89.14346816132034,39.07648925490164,92.16214777974695
14.999999999999998,32.702584263692756,66.43530492939755,93.99827490049255,33.34998357629528,87.72724874145315,96.17680434044495,18.912235541126584,53.25043305603541,111.17004330724407,33.74158511784723,69.27303092805911,100.98861543910802,33.57378097563728,61.03523382356548,115.83692792625992,33.567039823803924,59.57224013493973,96.07371179471639,20.72091334859542,56.990191845860394,59.14841929847259,20.72091334859542,82.32244923126797,95.69786104870695,20.99667456081838,122.28688776271207,142.0557897226389,19.918503008228797,87.70924883021169,106.7164946765812,20.26954464209309,48.30024212212092,126.06075934875479,20.267059485101242,39.38445076710428,92.14379919085043,29.16945546154826,47.11339809826206,78.83510583548446,23.315985687638197,85.50348404128283,87.78270644235685,23.316113289947825,79.74253638755432,91.91225122455185,38.54859120081002,82.6030542004956,83.83953124397404,41.515858015079694,49.29033629070992,100.4304525000706,41.51493105289644,52.105081289201436,97.37325115651329,36.39404557076883,59.084149388704205,72.68847251938112,14.471631637479344,54.68641122043916,87.12921466752101,14.4601622725227,131.78675235705848,143.65861326613629,38.01310129259107,66.93163082270712,110.27670323646939,38.25139123046908,62.116457396490766,103.17809784965148,38.251370107439264,61.128241348818214,62.67591183075957,84.82231791244402,90.28061621698546,53.614150825172175,83.2468353320014,39.75339440172611,101.5448098300573,37.948503174886945,87.9287726246417,73.33729454080527,90.463397419983,46.38051646764944,81.97106464829018,46.2765512192659,94.4172344788657,46.746789107280314,93.20954577885067,35.565528221947346,83.98062149764378,41.3008180265195,75.53620179624225,44.176020397614224,96.01411019245046,45.58770235397731,85.31782436949247
16.0,33.74071176671381,69.31979694444239,94.94393171470124,57.13359631878519,82.21825002805548,93.97433186752107,17.81731546440305,44.970823576604914,120.66657704530074,30.004793396927095,67.02978976653728,90.1711058241133,29.754707651278313,59.38273538599413,123.65812946374905,29.744500236590582,59.17935616511738,101.79491988670064,20.80003004805522,57.230089621795514,59.70409044089427,20.80003004805522,89.69914932969219,114.89354570120564,21.027166263773907,127.20177714889657,133.826751983592,20.615357487316658,87.99211549108107,103.46470812814522,21.014174234251193,50.46033079980573,125.31265163815657,21.011630972717484,37.13270301371813,91.35762129994608,27.950221315158032,52.66179844119516,84.09099371057613,25.31157578794717,84.3454668369332,87.98401349441276,23.41264663471337,77.22950675881687,116.39160876882997,36.557289680163855,83.01517361526737,83.64821635476308,39.01229347097368,49.28572768518555,102.38792706171375,39.011409678272805,51.71512000667327,97.46296355720897,37.7604243745107,56.63726674885702,72.35081826074915,11.960999341074503,64.80823988034109,111.59447119537916,11.952611754602259,127.93972480712192,136.65748105512188,35.83971098280842,66.49905384189336,110.52888511775625,35.951826938758835,61.73431573691135,104.23330882131184,35.9518264706929,59.81265646105561,64.20199095839791,84.01108131451929,89.56973195449652,55.697498354404466,84.54207394360772,42.328199501727404,99.66573229726994,38.103766986329134,95.99927832690682,72.14225400614094,80.46521716793984,43.27846172801736,74.22446825463487,46.21848976833112,97.19574586882852,46.804330389014275,88.94664832183021,34.725036333061695,103.09542290114888,35.655799350546104,79.44796881093335,48.162733115234246,104.0093302158292,49.17246462774501,85.5323319943493
17.0,34.00627054283384,68.51724158310215,97.0836969120462,48.49703758085098,77.32542561647942,84.06502046377145,16.15430835452493,58.558731793228944,135.9819914676366,25.278659042257146,66.25649429492752,99.38436045217807,24.986184137273824,58.71995938137211,123.8797708336451,24.97854528395851,59.0190272739374,106.0651250166056,20.926209642455557,57.45217824166127,60.916712003282704,20.926209642455557,92.61335121643458,120.73599616950668,20.926209642455557,125.2262655437961,130.66490555101328,32.45395061329131,88.11280346187155,89.37736873058635,33.153145422951425,56.10661740451958,97.23269861447393,33.14688545607963,37.163232301317386,146.45783248808382,25.708434986121485,51.46587010784181,94.82163597191887,34.67553227088678,80.86176601481716,92.71799981300488,23.337226018200234,73.3462347859802,127.19958095184599,35.1242654503548,83.4284729251598,94.01496640983429,37.010705719974894,51.6640320782406,103.81108556223909,37.00983886452456,48.60206791403677,102.00188935264163,38.69472518975049,55.233593567966665,71.30797236554042,10.587584931607125,73.37124639874325,114.9450319165684,10.579096756101054,120.81025262849472,127.85816974295196,33.963013651059406,66.21041240581759,110.6245586654952,34.023813451626026,62.04344233867562,106.07038988695818,34.023813623493446,58.562040431885094,67.45874550102783,78.42243527173368,90.61727561358583,51.15509403743389,86.34277753962779,43.87434581190839,96.75323389568622,38.40028968836911,96.20616000967902,74.22849627606244,85.24185773607967,47.66327439139667,86.02457413223567,51.478600198630964,97.99207609037431,46.905084764131104,88.3263559526655,49.50789094002616,102.94217375338846,44.08592854740475,88.2542172886506,49.71266179647262,104.76283133237636,48.19147975655456,80.82710371597554
18.0,34.24410186989675,72.39333058584543,97.8357096410913,53.81356022646151,76.02261831104204,97.06508866495824,15.144253503306066,80.27161087490839,133.18972057340636,19.771668052777464,66.12705688118815,104.48920905468142,19.50844834108679,59.00364359919213,121.5317904725684,19.50637879650635,58.77129748285078,100.94598980316702,21.01526231099674,57.63273101801351,62.78972873940817,21.01526231099674,94.44294319125594,117.38162058510635,21.01526231099674,119.55971603852272,130.18081689485987,36.123374727575346,87.1122789110965,89.28244888999812,36.34349823494089,62.64426597149547,90.06468697828535,36.34213184446058,37.48660871009407,168.58475083105918,23.427353320310203,61.077421234370156,90.42432611427321,59.05794383800785,74.33884165295702,93.19191943910738,22.881804883180724,77.76919138235692,127.89459975503827,33.92114258128043,73.06784023021459,97.04468248099629,35.12393436005575,63.87779983797223,108.11557126718688,35.123037654994114,49.12484327111661,101.58101441712925,39.04720473053855,53.275985831072745,74.0488677293762,9.431961190019713,99.15433084643074,111.0785075656667,9.424030671619258,113.97542036491738,120.27680353130512,32.20517071350748,65.78591866219087,110.33902093548775,32.23135854452293,62.01751528301801,108.13356689894728,32.231358114470375,57.555500973727305,67.49300781550795,70.58981425720262,92.02063088349387,53.30344900066507,96.88572276583176,41.6935271512237,90.03402981603351,38.741783325284025,76.16324918826524,72.9799637437926,83.70294360349804,53.17824867148218,85.20396571121408,75.67150778090361,99.01954941671394,47.875765389154964,92.40128119964045,57.37623510091168,100.36478100510635,44.756754481202776,83.60062059854799,81.67005864607353,105.00025053171295,46.59051267798284,81.19220107429435
19.0,34.437497731397386,70.53184303278239,97.7511378749782,59.502711047135136,76.33358763812902,97.2240206512856,14.559013945931166,95.91133775685847,130.50315986252605,16.97452727150505,66.17508791041097,105.22932078505548,14.85787801899922,61.37874979781475,136.37291352178283,14.85783907781742,59.09291926484292,97.67565993220968,21.156116136947254,58.733001872259955,80.88455359113922,21.855210220444615,96.44623099761841,112.40013326261177,21.156116136947254,112.68906889127231,127.19467625516455,36.55556228750761,74.5272781536095,92.92587263909978,36.706468649269254,66.08861548900538,114.31729217575813,36.70580020257245,36.951336241061696,176.0022584759658,21.8873871299984,60.8550537877734,85.2888641852758,59.02474591136433,69.52244024084118,111.96017156418391,22.302395044828,90.70434687031384,126.1242437670223,32.209610466229236,56.76855638450073,103.60998877003131,32.499167507996866,71.22218482949663,114.36604560983359,32.498533377575896,47.57684573403327,98.63775962255525,39.12366254161017,52.14920504351949,100.09557312184657,8.660075745057645,105.73902924524864,108.981149404114,8.652058423551361,106.17530680202857,114.33910203193439,30.442086577028668,65.49277276930664,110.6200589891574,30.446534651445305,62.82000197928717,110.5050246019119,30.446534642754536,57.237148458401144,65.16200244794267,70.73004919282923,108.26275354402028,45.385675882019434,107.17013529868112,41.79643309694627,87.9189209132561,39.08433653068637,76.05592666371606,68.79702902078208,94.37716842482766,54.79058427676959,89.7557703328859,74.21044851221804,98.90189845881424,50.218070818840225,94.28904980177826,80.87630295335023,99.49676702097382,47.19724471526207,77.19151802144219,87.49501827124872,101.42449875409281,38.46121182194893,69.06102640214036
20.0,34.63423507121767,68.96129286887275,98.47034582780155,61.361603971866174,76.63634419758228,103.22002021137374,14.183858065470663,108.94963932284165,125.5865895983716,17.179672572877696,67.18175700877381,105.28668855814001,13.848669957532637,67.22479091072614,138.17469057208712,13.84867457039674,60.00985727069965,97.93974059046401,21.25479357697929,62.26297816065102,96.84506132921094,24.19980024186085,99.86679977064827,107.77131346919094,21.25479357697929,107.25902923080022,122.57533769642876,36.693725248429054,59.08199816919154,110.73946319844808,36.88734197743967,70.04026953608712,133.68093987366177,36.88669065415467,37.19712690517911,173.89116895929388,21.280608274936032,61.31079547755574,88.85841491732559,56.32077056725638,67.41835859454471,116.75885637084262,21.615528662008956,90.71176432945614,123.5816117347193,31.101279804389424,60.63870781847237,112.56791548771241,30.6575750676544,69.32523714380761,88.32120376777783,30.657110797235376,51.30072316537378,100.37520775323955,38.64332912065011,49.220724812448935,98.75056129315385,8.208077101763456,106.0665959248982,108.15845201864411,8.199015008546294,90.02841181648824,114.67479526728944,30.707084339520165,63.71560755651529,105.32383593867111,29.044899694707457,58.253616105188954,108.25138753426091,29.044899647297736,57.3765299750874,69.13726298727742,72.57990048330069,106.93091028728365,40.923742139091196,107.175257670058,50.2193735266048,89.02617980229957,39.31505732980973,81.55502684042615,61.97849853921555,99.86684717285998,54.65288616044496,99.1882750722672,54.83930110355428,95.80696335445224,51.54041729289054,92.03079759651975,85.91764293170695,96.4570671695681,43.681952672689114,83.29659968032162,87.9457351981056,98.70998290701408,36.38897093398755,73.9928645779654
21.0,34.83660632993966,71.33486121740704,97.30761851280059,59.63490514482904,85.9693855198401,109.51270142297523,14.122726726174132,112.31903233403801,127.5360478232956,29.785927390164684,68.67594028594466,119.11815178022718,25.984103638518366,74.22548862618086,133.093697581744,25.984115409501555,60.599499658645215,100.70069966365634,21.40984002742664,63.20975972048826,98.839331517955,29.13089712327301,99.54428461950764,105.61058350715285,21.40984002742664,104.78218490780027,129.04254863349658,36.17078943779582,49.49470847639978,123.39039065925495,36.593290336540534,74.36217624325519,127.76855194245218,36.591876786560114,37.4034256452534,166.16131629216875,21.196574159014695,62.5845345614989,103.60041527076918,50.701865647384686,74.8022212169928,114.08228908578589,21.102367322590588,94.82008658401085,136.59999150093242,30.418837531791745,62.59482423125187,118.48923128189544,29.315261383651116,68.62151311609338,92.44701413910113,29.314947674595068,62.99003678027117,100.06781930137649,37.736817790933614,47.7767614789043,97.30882127572119,7.744204812652367,103.89302021343586,105.77119646638953,7.734323966869951,57.05981467436956,115.93932186965765,30.89091359612715,64.15320982360996,105.9121987121551,27.64581794774754,57.259897428479555,102.90769968093642,27.64581794774754,57.70248930745001,84.65440506260795,75.74233424395905,105.62668185477196,44.45204025224212,104.57605441423954,54.004766876678545,90.91254403557349,39.53517470716409,85.05805387686806,51.0588473668014,105.57362499719564,53.8132609042296,104.9850184703295,54.02748402277241,93.88054871838803,54.388564196006605,92.00416506934921,83.55663325212583,91.9232613065536,45.43495889737697,90.76597679035032,86.68661989594973,102.52177508386661,40.3696973246985,89.10273702105806
22.0,35.098653115686936,74.44279095048888,100.1843886548697,54.65450311232137,96.8839822960688,110.86229911651182,14.06460749198214,110.71678358938908,129.32592081510606,29.44210672459481,68.50861261459086,125.16112870673685,29.412014802648113,72.51041033185477,129.38088195044443,29.412012991463268,62.34204416986196,99.50342616836892,21.57316040824802,83.8954620986916,94.86744156426056,34.61452876399223,93.78837466694577,101.31734147144867,21.57316040824802,100.47045224739672,136.175152338573,36.29331519050753,46.59666228323593,122.73352488276063,36.73064202314625,78.82399413358107,115.7496248630701,36.72868423688385,37.67315025319757,157.8100476424331,21.78567732521726,69.7746948074425,109.67655349411162,52.03396492907321,103.31060620562825,110.81221285420239,20.92843017144726,107.43870403976767,148.39798007791492,29.990618067198398,58.26543795429857,109.18812395913282,28.378692844872525,66.74053449302365,108.96301335757892,28.378466692655866,65.2517060444265,100.80007499423417,35.021016106898195,46.89649888932411,96.78392145112336,7.434188987415719,99.98060113546379,101.1188081232273,7.424277368448421,51.94167158959162,120.75032433604466,29.962341352742925,64.59254694078757,117.43185401309954,26.532833433314277,57.65450088600023,104.0677180914907,26.532833433314277,58.18731225397048,120.36306188874889,94.11614663963141,105.4830736205545,82.79751540990148,103.88130087823018,50.79749201653017,89.52710549214692,39.85644190029939,85.68605991690386,56.165418764614216,107.23130221473366,52.562350726865084,106.3754629422739,54.89128236679124,99.76859008611383,55.94998347556951,93.53120795370599,83.14790686855548,92.4219595806063,47.33472544829329,100.93659174430805,83.9140030839385,102.95851713416876,47.22076222654968,93.82376760206887
23.0,35.304330498971986,74.30209236123261,101.72628485485697,38.48961960289698,97.64475437826425,108.20355300565112,14.262295960965488,107.84878736671608,146.0206537533791,29.797644804795304,61.977129953781116,123.58483884683434,29.793637590983973,67.77180231820536,112.72780676441212,29.79363759170327,64.99030646041174,103.89405100529856,21.686003565568537,85.97746843649809,94.77019859602593,40.47742080734049,91.66524260311287,98.23982702472021,21.686545368038683,97.61779391819282,130.91872752891814,36.12421253254596,44.544880443357215,121.84080368581897,36.616086437143295,83.36785981229147,112.60380599951267,36.61337092815739,37.95578019221842,119.88426828862832,22.51169647398654,68.94935083524189,110.10119170703909,52.62560449539486,103.64745392643715,108.46782899352279,20.822215660504778,105.86031674458518,149.6757698975974,29.939405537282052,70.52644096700668,116.45329567662763,28.005533739237308,72.57581840123775,109.57556354282178,28.005375688704536,54.74889051035863,101.63520466964633,29.19638399473396,44.23629981169729,95.3401683778697,7.115202027405075,95.84200166200685,96.96626244740152,7.105933206210691,50.61764904011313,148.06607189244147,29.637445591030435,65.05442725563805,124.71275742674572,25.42776533634051,58.11336423228802,133.3442592875785,25.42776533634051,58.84405657264213,132.79816397828424,100.92215240091741,104.34033296659248,97.89711835320902,103.0014046809746,49.45525333240497,93.7957971185042,43.80412786641144,91.3455401136768,58.746818798508784,99.04045045656537,50.47512974526967,97.64048635176027,59.40700912145491,91.91043328162125,55.95533785375832,85.33947881100802,81.7102515054672,93.72430012088842,42.19246616239187,98.80155864619051,80.32048452629085,109.2294814996441,48.01313341912727,102.99015478578312
24.000000000000004,36.26689099470959,73.2908406810046,98.90088989129521,33.02515264923084,92.8642044198995,104.36885592451966,14.384052183754797,103.72617627453565,146.3736661912187,30.0549835246402,58.78409095631909,124.7364432414995,30.053567248423573,67.12682528222312,132.58477075047963,30.053566891205048,66.73394035321718,110.98573052748604,21.792528838606962,87.57454968828694,96.89164780525289,43.6174288209442,91.80493166455952,99.00799954428653,21.83125802908954,98.34857049519387,128.25044453082353,35.57684051791859,43.95112182505353,122.76453741331406,36.11721456025987,86.65479647825188,117.31915892446816,36.11332842054839,38.25102939791294,115.97214063771897,24.44973000398305,74.35880485093465,113.09956597428248,52.6179841407051,102.9609603477671,113.89802542227677,24.302827641222777,102.4192812407579,149.29991656908203,31.200501612497895,101.81458833690947,121.2429611773453,28.97871879088457,81.75367249447177,111.30764556179285,28.97862008580531,64.26965523397833,98.34334343088496,20.445617204693313,46.02086517218811,93.36838198524967,6.82748895420897,92.30683555343812,94.21789296179706,6.818496659896766,48.96569699677113,159.49380108556824,30.49034300078378,65.52881226771588,128.50343352198314,24.468168096529006,58.50786750438224,134.93094413076287,24.468168096529006,59.65068920710353,128.07314883513348,96.36854641392533,100.23389927179016,85.303121760104,101.45623892373874,50.47202563830858,102.99654216604549,44.90151198816597,91.80548532566277,80.92310779897477,102.31173402516532,47.51898296923139,95.71629422453566,60.657294019582416,98.47441852474805,55.98860019870854,85.35115312538728,78.77316126160292,96.08686461858758,46.66199580361121,113.58856656129805,79.19131525438895,110.77176388811131,48.507217692279674,120.07095524826299
25.0,38.51690020069524,69.51764203341897,100.97509869420553,25.20651171700738,93.22869068101915,102.66272061071588,14.586276896634898,104.00883626934835,143.3288791587876,30.300526321642216,80.95470823653704,109.6677228681553,30.299229112336203,81.90700516987437,115.15954496911289,30.299228359284246,68.34825878843532,103.03285697750914,21.945797590723018,86.89422843602524,98.55591392313087,45.99435218494209,88.81565992044757,99.63571599143839,21.999054462092616,99.07217394954243,144.36373443148375,34.04079612745822,39.69929777111972,132.9827453347313,34.551520882459904,79.50686208725382,133.53497440882097,34.54620605842258,38.496119934351825,127.26648672817137,24.291283420228265,79.82265839051026,119.67820773502271,51.65510422090432,99.86807508688835,113.3024306036189,24.54099630790107,107.02689183468267,147.4457139239788,30.60315243136403,106.50909106246438,127.39612639657503,28.734237376705156,94.58480160033581,111.0315115808269,28.734181878155823,49.37860341258431,96.85692310558761,12.381681810427082,73.58764665904684,92.07722701955775,6.635121282254711,88.80596826790416,89.1087993222612,6.619617244672095,80.87008865824377,164.3653260224854,30.587729146017065,66.0804906912774,133.04565929684472,23.651770546832218,62.29393098550225,130.04632341927123,23.651770546832218,60.60495450419515,127.52388296695393,78.93173411755951,95.57731425818744,56.07400404716341,95.83236312995146,51.875858014672346,96.65972272257284,46.00415794377178,91.12966913021366,90.28450530668769,102.42557290065918,51.30223217091614,98.30731188074009,63.776916872665296,110.24933891997028,55.290299762696044,92.71645906504187,75.51888242557997,105.88029947014337,49.77665142773107,118.29726574298452,84.69253789022166,112.09826495634859,48.72167996057822,130.12428098828948
26.0,37.7432894646287,65.92443004540948,103.16671171543567,18.723569094899325,93.5772492327095,107.37975723105926,14.855432183091871,111.6799998310538,143.04134447671012,30.554525473430257,108.13400165421614,108.50492699501075,30.553008652731187,107.91690150626852,114.98555708440061,30.553008424685718,70.20300742608886,103.19399296697887,22.134943303204572,87.69234193504393,99.8935962678468,48.748305435018324,85.5470336750221,100.55265040517634,22.06654901343658,99.83568659526694,153.0128658216748,33.48805579927356,38.81335143993621,133.6965575259878,33.77482009547204,56.94706842376482,138.8496549769847,33.76896451418269,38.81335143993623,130.52705693170134,27.08690345216635,76.56691395345726,113.08983901911155,49.90363378119203,96.27300858015587,106.95607587077133,25.501154874716963,118.67476057814497,144.53608824117973,26.955208959398178,104.41631114063105,137.7584462115213,22.78822952891076,98.4641118328076,133.97418469188614,22.78820319284022,49.38164760934931,91.56828453086924,7.624721026518513,77.03837195289121,88.84015045752015,6.3867060027640905,85.5666187832615,85.90520810423422,6.317572329928655,83.39914661706919,161.01444875452927,27.02459270945944,66.60279244353703,135.29134671976522,22.707295083298668,60.36345554832884,126.48537938133377,22.707295083298668,61.681632574647715,123.59535807080348,89.26054474734086,95.2207601331769,54.336318416167536,101.30463299620024,55.09779003357248,105.82498880828277,47.64180279344123,94.96479479234615,89.97564849808538,97.7173918252341,52.51694341502398,102.95488351696359,64.54914969576672,112.66678874799881,53.92505133362992,111.71988813489743,79.22893515996807,105.29365203988259,50.79305590769127,120.30719859514187,83.27712457079365,109.89554480754303,49.5967542370426,133.3956414166021
27.0,36.00389820202158,65.7206272950933,110.3206207067669,16.50393595751688,92.6272404459588,105.9685741366274,15.233194188000887,122.13480952559178,139.7770486617523,30.738415647107566,109.12574154863469,118.11519636386276,30.735362247049945,108.66761618053788,127.59055347288887,30.735352475803076,71.89835682621946,102.91170046410329,22.400617049312388,88.56410791012564,100.85078347573688,49.95188715616008,82.33192540191966,102.75001333814252,21.896672653381717,106.64746458441371,153.08018630885513,31.871483576088718,39.142384316748,140.72430961246843,31.697040954761107,44.77622277111577,138.63684859153705,31.690160526226887,39.142384316748,130.3306490869412,28.615859117460474,86.00475176870654,117.26124701258064,44.42137826080971,93.01445654429011,107.2964208573905,24.53837164206112,126.40506735724705,147.96567605173058,26.991736426784772,99.96923937099815,127.03627920786643,22.038517418374585,97.5762380172673,111.19641594605464,22.038517418374585,49.02167852431629,89.80248755430773,6.496129730131055,76.96851768370658,95.90361244029062,6.43593160765775,82.4160254440846,85.83700289423673,6.164052251846377,84.55698454504105,157.2612555986094,23.952560600454216,67.32869190664951,128.47967969919853,22.038517418374585,59.922773301332604,120.17680312984022,22.038517418374585,62.815321102350744,121.3357115363074,89.09440882895274,98.01044847974526,64.35831757930997,111.71915305547446,54.53675313663373,107.06292933524881,48.637816427553744,94.23145254281842,87.0162205356393,93.01190307690518,45.76567010612196,105.84196580632772,67.67000156414777,111.1669493814974,52.46614031478522,109.99490585972846,87.61499529523311,104.04141981751067,47.562562611730435,128.27926590103624,91.65802586452234,107.80280571974232,49.88730885363454,132.43618837318272
28.0,27.17997300909652,78.12025929216874,106.41146956658527,17.03526486338658,90.07392920114758,103.09716634215646,15.202542654173438,123.03212743066692,136.22010118339625,31.072370703884314,109.97161520949801,129.61153374852427,31.070366252849997,108.03650266000523,152.32817339830646,31.07035751916914,73.71404943560724,106.79989871196352,22.569090548075312,87.59220332792124,101.90361922213553,51.36035286679825,79.53373876197286,104.80491547417165,21.401289260398787,107.60642726819525,150.80609641890015,31.673411998297926,39.55238614799365,143.36427397115747,30.9389921538392,47.023269043935784,136.58751511925226,30.93133469063081,39.55238614799365,127.8783131263735,33.32741736839816,86.64915002646435,122.18940519365802,36.70954403314728,93.83832501065767,114.5458576863441,22.713700692395815,128.42377205921278,154.14421154020644,27.313345451265796,82.9946487933145,108.20936365609813,21.243145953459905,93.56135903377607,98.46849705211775,21.243145953459905,58.984216452523405,88.50232438612271,6.053605911463545,77.84301787843248,102.17722814339542,6.548949410465825,82.02168158481024,91.0539783865568,5.844082415963346,95.50524045300816,154.64282503442053,21.243145953459905,67.8745856813225,119.22027041233035,21.243145953459905,60.69541633326357,112.41881234363186,21.243145953459905,63.867868768781335,105.58607203355535,86.35314008001168,109.63355367607882,72.38497558659371,113.21772939378542,57.71748565610936,106.96101772228832,48.47293435428336,105.37074029973664,72.09807733867477,102.03127949158427,44.720528409423636,108.46195024248706,59.24621086592314,107.19532472633155,50.970683252209845,105.49044120040719,81.76022802853484,100.97627681240532,41.56574997924838,127.5887078642654,93.56446379756234,114.40719545810083,49.54324904055355,136.00591861911346
29.000000000000004,19.36182413894761,75.49880319795537,108.12770931131729,19.03578748629881,87.58093544451313,103.65272643449535,15.346456263290058,120.46688351693582,141.89885116888,31.36159445917504,110.6473689087722,132.49737352872103,31.359107804642857,105.44775031760892,152.82344742078504,31.35908633954465,74.71948311564208,110.09317457365788,22.78741428947128,83.163043378587,103.4385500532099,54.5574440154651,76.80502699535177,103.1719182266881,21.073447257529512,102.69259524644026,148.7791938257453,30.31198726495951,39.90634348070492,144.0444914049805,28.977331748437468,55.19461461071734,133.7962031656539,28.962970282954586,39.90634348070492,122.87502030944158,38.32810133512655,86.70311237523181,121.78766879745967,40.265591379511015,93.50693679708863,121.51484960234474,22.07073631884196,126.79538798106314,158.3652910972579,29.63983693304644,61.94036566118936,88.79436147846845,20.586919390719924,71.88946575297852,98.08288030165374,20.586919390719924,70.79638131791012,87.03239646541184,5.972700423725454,78.77350120878829,103.84023157098312,17.522335010610682,82.79864939999085,96.59589638324104,5.675100276082728,111.67901608514917,153.352626539011,20.586919390719924,68.53394635867612,119.92840989444798,20.586919390719924,64.80956762062823,115.97347537291633,20.586919390719924,64.92505284705456,98.58750208351152,83.08458087243119,110.46359010679865,61.65830708952666,112.29173644374156,52.73649030490245,103.36140696723251,52.67482097465961,102.35037155517247,78.11346527218072,109.21629370448763,46.93218106448371,114.31838977976756,53.87460147239894,112.29352498572896,50.76582984852444,109.15347045272611,81.54498018504957,98.55633465165597,39.70457796449273,125.89696627149779,94.60606924628922,114.593370153582,49.146733179337204,132.29891638023662
29.999999999999996,16.731382230339445,74.34549544221076,111.52087742247411,21.93976587584873,86.54403623808845,105.8674384885573,15.050265238139508,121.2379734601913,144.60682122512847,31.64876794948929,111.47098463724983,114.54728627696612,31.645816452487026,99.36545637966536,124.91878545405336,31.645780674899306,63.727284066079456,104.42927608312893,23.079780111604183,77.45059961323892,105.65885283230755,58.286651171385216,76.01689894593231,104.21370841977964,20.725212775644355,103.41719584202394,148.52400520413298,29.98432811568763,43.1792100106309,146.36060765815273,27.978975060666095,44.659878546956996,132.57995426898762,27.956569405898453,42.24109980389831,119.35371118152337,41.70485547291127,87.42215302957322,124.99690623914807,40.94195092398123,91.62466613093763,120.1204572984732,21.441021269155236,124.62450250371246,153.75819111628292,27.885299962613647,77.31175031451848,120.5318345880102,20.066670127352968,70.06504554058111,114.85117902686667,20.066670127352968,66.82946935739496,88.64440107768802,5.990442981911268,79.56080578377349,106.98288502433273,52.41357933411114,83.45729249585233,113.46747675820953,5.491917032057782,121.6338434907403,152.0141908603745,20.066670127352968,71.83061347117481,121.4448486961006,20.066670127352968,74.71895290560455,122.35022182430053,20.066670127352968,65.71657368136262,101.15336621113401,80.46378663808683,105.39396387103022,54.68171654418328,109.91440842726469,50.61738057306274,99.98045275656983,53.155133313434895,93.07571030062603,78.83076110800118,115.21963099352035,48.18641293537918,115.01604169695057,69.58065544255508,121.28305726421095,53.72682497117474,113.52685800181153,80.32428719208274,101.64161602646051,39.604161443296434,128.3303669068201,92.75487689862416,114.70372583033839,53.19089079771123,139.39594122742255
31.0,20.451962631254897,76.93840144377032,112.8354971930771,27.203348994591785,93.99416706880668,108.99039956991157,14.739077775689163,119.33336512853367,143.22801876270853,31.935664583895687,112.82099166014163,113.98638441836445,31.931515957566628,93.48366601263456,111.96751883562364,31.931436498625335,62.72753741372923,102.79755342453109,23.306785492641406,73.68122999957606,106.92011813866064,59.22123868499786,76.40137863280829,105.84826020117353,20.11364827862312,107.51367816936565,142.60289893821658,29.86624975629596,72.40127749533383,146.70581343744925,27.378984138276056,50.336519310717925,132.0982207214434,27.358416947366177,40.76345127879171,115.85285164757096,42.799840104452,97.12139521547279,140.40004509486403,40.57667070504817,91.02628577534713,123.08578951997166,20.963978087551887,123.25887017793625,155.79116245895327,27.13494757323947,92.70937213458205,137.62665014092778,19.422828063904596,72.08584345290444,137.9230961219016,19.422828063904596,65.55788098112139,90.11428262098798,5.903030452532855,82.63623569973716,109.05930841237192,69.57635915203603,84.32302296765047,120.63486544886837,5.33755772618163,124.25477651621205,153.2661278698724,19.422828063904596,84.70321657718121,125.58153731278628,19.422828063904596,84.82925990255755,124.62957462382121,19.422828063904596,65.99145282961015,102.25963895683506,71.95996924064606,110.54165070512195,54.96359243861863,110.68964062371822,49.94941152131221,89.49899225390206,52.26947722713014,90.07318463791417,77.78060420068424,113.29942315987769,47.64589101877014,113.33631998245065,91.56757309618602,116.68807777231433,52.029820692608105,105.86014620151211,81.93171217093531,102.83375377342779,45.55147153708683,124.25306271730477,91.22195210920015,116.56093699266535,81.16081055219554,143.7533395647034
32.0,19.827994395469986,83.64107111452178,110.2540297094123,31.47411400903049,88.13996793044855,111.36206345081857,17.149458677062825,118.14913379669927,139.3387299789227,32.238092515442844,106.34553740304503,123.35269361401059,32.233748239548405,83.20527326112361,110.310779197602,32.23362684217211,61.72577253463846,104.05085990386709,23.54020496937102,68.86936453641158,106.56056979378903,61.38336003431994,75.39433250380172,107.13519684909342,19.629099758778032,118.97925035195055,141.9045956436735,29.598513382283617,67.83334625111186,151.68722692265013,26.74342406005601,43.505402550101955,133.82739954209546,26.69349476302365,41.90960664940472,113.01196623821309,42.06786469321397,103.13029130649878,135.83330503004382,38.36124347987623,94.32232366470082,120.67291206320314,20.44070320956231,123.30482221850421,154.68450026194716,25.014837684364355,93.86293952322751,146.73737103661352,18.91338811530076,70.64303303600234,147.4716506870291,18.91338811530076,66.68924701181184,92.30697214308191,3.5581748302734955,84.63038720911426,112.8954932592752,69.11049439402939,85.03644618122823,115.42210297630518,2.9009995982977346,130.73526847173,158.8131399744323,18.91338811530076,107.30671865466024,127.09630054624039,18.91338811530076,94.19322199154307,124.4013673843645,18.91338811530076,66.5228437658112,99.6330558912047,67.57178912609703,109.56828057061077,57.85098368816702,109.75225387308434,49.29903279609393,92.34743575499505,50.168695917122626,90.29219304055178,75.61595930995645,110.1744879496027,49.06396611076803,114.32453327162528,92.3279377135062,113.64915628058112,52.49288362264861,99.16383762758464,85.72249703519405,106.50995276266565,91.60603221589756,128.09926911237454,99.87345352067715,116.34667533702819,89.98704398556707,142.35658546079796
33.0,15.251740051146742,88.97231359034872,117.83638225328433,28.600195306956216,88.94746243465174,113.34919795320408,16.886429806412064,115.65108808461407,138.50440630886035,32.61678174665168,83.22491360972931,126.67434338168138,32.61143328005643,74.03211844277155,111.05155393367659,32.611225474633024,59.323992969539596,92.34182527113235,23.779849663107626,67.09639486220841,106.5367903693191,64.35928119197052,73.92187105408016,107.90445406880701,19.16131999966398,122.96007365607454,140.76502697451934,30.153764007293965,55.21552279843371,155.51400973317178,27.121885437845997,43.88096971837518,134.22436850910074,27.072157746163697,41.588835641311235,109.61013097617699,41.31865143136539,103.83530202872716,142.54411146122172,36.411627982855435,101.61438956721813,118.17782317103308,20.489413241297214,128.49431379031134,156.0737064468833,22.859436926939452,94.8774718124164,112.22674966906494,18.409406562950366,71.32065773765274,134.909667268378,18.409406562950366,70.9680079699404,94.7499179183053,3.5135986927625678,85.79215134559603,119.28550619902394,67.61834269690581,85.79441262258466,103.76639399424184,2.7457822523691764,131.47153927180324,164.27250484420222,18.409406562950366,110.19391272139696,127.88756375099572,18.409406562950366,101.71392205757563,123.34768633147712,18.409406562950366,68.53942202403387,98.31666838047889,73.51874330514686,107.25407403321607,61.71006160558013,107.03404678997568,48.72612449753689,95.24392439598773,48.791080213647895,88.95845749708865,73.72197985884573,112.49480552777777,47.31338718024487,117.41019618482618,86.00571737275266,113.30933742854687,54.79990213645111,97.55656284821914,87.57145456769776,109.77370735982373,74.84914135711394,133.7109520270185,89.43862833523991,116.88895871507398,111.17098287124074,144.61613484857244
34.0,15.426594932750946,80.34765871553094,111.85333839219022,17.377374309440707,86.25300037670519,110.57009159870567,15.727155935931867,114.85453792008079,140.73470903900375,32.88602353489006,80.14207674437704,128.69116756037667,32.87751819740248,72.43081219568226,109.4867613450331,32.877048408238466,58.16087144253925,88.24982443430355,24.025533292728383,49.995388325564626,105.65864581523596,59.69197834195009,71.71347753842335,109.03540420143769,19.01799601985381,124.56861624554658,139.12363194094164,30.619477900320703,45.08532070672959,152.75283462537223,27.972690481389623,42.19691139215389,125.07579001568676,27.91447737355559,42.080948777326775,101.91124123040062,40.570318962499414,97.98412863893357,138.8035536602059,32.10285821733973,101.95339301932984,115.38861512390753,21.41741644330142,121.56877998888115,159.4893760597578,21.38341940501713,95.86287046806248,99.67697771698984,17.911344170664577,73.41996558008175,114.98055601182831,17.911344170664577,71.94425652285081,94.85866761691867,3.8090743932492215,90.73032531976273,128.3137827876986,65.7763840516567,96.49757910563328,124.96094860544115,2.9311840319458415,127.58547286686198,146.94993112240078,17.911344170664577,109.43629351318583,128.96563779278898,17.911344170664577,104.24973785928734,124.00734914601277,17.911344170664577,69.65874867657995,90.27472942421674,70.7021554920469,104.22718608486387,54.48916685442253,103.62845845471846,48.45200136965387,93.52640322172114,47.65121731668668,89.01060614544654,87.60123692247369,109.27396165505775,47.54094205574665,111.96052932159891,68.78993004950804,119.42971135268593,50.3913480969096,99.6632633026474,87.75072665434615,110.46300926212122,52.684585253218415,132.0157900821788,87.78476203279688,118.47304893683732,107.83429436619517,140.0982896951132
35.0,15.289572116473426,78.74587997388969,115.21261219881114,16.221997267651403,86.66079519081046,108.12436159798122,17.822167957712526,118.70569584911007,141.81287052585688,33.27987005965219,60.15369030720512,142.35333338822608,33.270572276339614,72.49693954938884,123.76074107866205,33.26997981387246,58.128539322607935,77.24302658874426,24.362188941061923,60.24271552816393,104.36864290924602,57.91831074512444,70.1944281025583,111.48113558371763,18.955012161689204,123.39540281020787,138.1921985819035,31.314929588240588,65.87732178600766,129.40263027463772,28.981585355598295,42.50124998161819,101.40559988653979,28.913380729857984,42.50124998161819,105.00303231304414,40.014497757138024,97.18540935176226,146.15458269929914,34.8605018064556,102.00826892501516,112.0470263252145,21.689398090274686,125.62472000682581,153.46812947182758,20.516622638397163,96.93888312190784,123.8734840992413,17.54198534944092,77.28846750273375,141.33318131213335,17.54198534944092,69.5618129631862,95.93460757626087,4.216208916799124,104.96571827964787,127.35820836301215,63.8270059084534,119.39282029412486,129.89267008320576,3.1372069439088426,119.49485288900283,149.94773161696872,17.54198534944092,107.16665293181248,130.96094637972834,17.54198534944092,101.53284462581483,122.46079749395015,17.54198534944092,69.5415453352577,89.15998867414393,69.28903257222159,102.68109019683187,46.99650160610622,105.64021124356046,47.995240979979705,96.26813495140848,43.159119301157745,92.12995296578548,96.23684966370749,106.02421624235969,71.64848355098016,110.41437977940376,66.04160159128728,124.34783342339067,48.57200038731253,121.48364598065751,92.47462065741453,108.81897235719548,65.55484343514736,127.47786119678192,85.64251220649585,115.80872680197592,96.8876497512462,144.0988051586207
36.0,16.370364540524253,78.65947364943166,115.82432071536302,18.259624046310027,87.79772273906175,106.49531587153693,21.909044342578277,120.70028726870807,141.50279234431565,33.652260833049915,64.98122212983648,134.38381260849772,33.63909689893906,71.4494500352187,126.868032984028,33.638133786667844,57.58950216362627,76.85856314882314,24.621256060566854,66.1618872062191,112.79722913692248,58.28036377901728,69.68246231339718,111.76667900201477,18.98991223323707,122.59983796716104,131.0730363755432,32.587667668387084,77.50236111042682,133.60503068341433,29.473839656569037,45.11756357286367,108.6884686834661,29.372010506208674,43.10471261938768,125.09576916527493,39.451623816464455,99.77485986538066,143.09177885633372,42.23183360900039,101.31155710315693,119.4018694203048,22.34725553600342,128.13286910785197,151.4235498828711,20.081906167427917,98.24321218600295,122.72940755656984,17.055534292422504,87.47357064553526,143.43556171787574,17.055534292422504,66.75703218801068,101.93924447770156,4.158670960762546,113.0361307075431,132.5445118360842,61.65079084337413,122.11944439959224,127.94658321980083,2.812779165117709,77.69756464558421,134.98703662591552,17.055534292422504,104.77445411953312,141.2857511811658,17.055534292422504,99.63318609274319,121.6072901946802,17.055534292422504,67.26202811980616,86.85231816806922,67.94188009338288,103.77381142231425,48.12952439850912,116.83214812454844,44.25406236514195,90.48908496916137,39.352920873979215,88.98398716643608,97.34670478453808,110.42273669754988,84.91337585028097,119.15077144911866,85.61923053563847,124.23201350133901,46.07639489769642,122.75597467807663,82.75636547664385,106.67936359414165,94.08781338119852,129.1358992605432,94.01613930118312,117.78927080096301,81.163061781251,150.03647854837175
37.0,17.835095817404472,77.28015778180186,119.30787597813556,23.26383568374132,87.85042193248297,104.74834053675572,21.550776702296048,118.9312569270688,139.51503707554653,33.96781304007156,82.32363395567015,126.57230989486567,33.94301683980095,67.84861361399209,117.06988631287462,33.941322370590804,60.36546808254361,92.54576310765245,24.975112612358725,67.67747173156377,108.2602471374173,57.562481409884214,70.33048355005265,111.6874973028278,19.09641598265241,120.6571032042185,127.17596106737848,33.2973838075132,97.89853045245732,117.34651451135345,29.776581149080155,52.10912106334928,111.64392164936599,29.73883838528532,43.63296762906311,133.73486236163615,38.94355707103483,96.7084985601143,138.92802533657243,48.061576864248124,99.60887328004729,129.55874668778853,23.11335086086015,131.62187273972796,154.25584020689737,20.262386059386824,98.9768888822314,122.93438432219746,16.695545813180235,75.16323862586532,127.17052613733826,16.695545813180235,64.70319567055422,100.84668145504341,8.685422905330235,112.4736740804848,131.04106719781973,60.22574489456675,119.87250162101188,121.36616243496759,3.035445985702831,77.92464380811367,133.46408045169233,16.695545813180235,103.06787342438923,149.08329013676843,16.695545813180235,98.15742702778479,132.73481733704185,16.695545813180235,67.27721942904408,93.23918283435918,67.42486966109932,103.85736768864729,51.86041023307834,115.82378855784498,45.49823736878904,97.682644270554,45.402733423133554,89.46437031662352,86.8872310283193,123.15663696604321,77.3793977120066,125.0879660270796,59.34258432305695,128.24878338721317,41.137483625806205,124.59714468907008,78.83854010305633,106.76131597474887,83.73661061532273,130.47442305896485,100.26226545690274,122.81097868489849,65.08164247457954,148.1611287866173
38.0,20.795548224285294,75.83261985705249,118.5826442414258,46.89871067944021,86.4210579032636,104.06687340952968,22.757577479394964,123.34574981359538,138.10867653929216,34.19216242488492,81.52015997967051,141.04032627186143,34.1384973775775,62.58151288127155,116.28350310094588,34.135690300708184,61.16408553463537,77.10306558782244,25.24660868314792,75.3981499019714,113.13824873104477,55.346759310576736,75.52431681852829,112.75029124850732,19.312832303099338,118.16424285907124,123.29503776413215,33.60361968881084,105.54030726673801,110.21497610577974,30.19171249787442,53.8114870464228,110.6793245849488,30.15461766091628,44.17128798645507,117.9711686066548,38.39201898921953,98.33503726338274,145.63147067689698,45.4154236543613,98.79574553531756,141.37607534152303,24.41572712391727,132.29537886896753,159.03746092077756,29.963542034188237,88.86222784421807,135.74720992768647,16.340019889828774,74.10577447613706,127.48416757535585,16.340019889828774,65.83315829775867,99.3904997685185,13.036069442023582,111.02167606509578,138.40409634833682,59.45445970291977,116.89128276203034,124.30013060384783,2.74188147934988,78.32814099067545,135.47250232681233,16.340019889828774,101.11670144214251,166.7005767488264,16.340019889828774,96.70505277784316,149.60546385058768,16.340019889828774,67.29207501077988,106.98849246130854,72.6247097006562,96.93286115514053,50.611554481428975,102.49471256544483,46.54935037195341,110.28318064038662,46.50991592524637,91.0782309613113,87.37447048848513,123.47779597458634,71.36108442777939,124.40012112521768,56.2162834430212,125.3040803474303,40.93647181791684,123.86744944939512,79.51990777431412,108.01363594192168,49.47175250246936,134.56106752690886,99.9791508796629,124.96450615281812,113.48932489872398,145.36891387342632
39.0,26.379156537904947,77.27002348235894,123.1539874943258,38.428612395839345,91.38103980154919,106.4952580269656,22.78624395869581,126.93009717419737,137.86065568223208,34.297053444763314,82.94823419449781,141.86971803817073,34.18369749740223,62.80497770984545,122.08659981051103,34.179795420177214,61.77088112525967,77.72056536250281,25.616425394656453,74.73673941850826,112.10618793461035,50.652523595671376,77.41329507222873,113.03098815067202,19.44014913613583,116.304712931162,120.12304803715001,34.363458802420055,107.87097798780229,109.68982182810181,30.505325754159472,50.869762717404186,109.06764014627214,30.469697818876774,44.81193275553818,103.15532696496463,37.61506232403654,105.20881397776463,153.40993311384983,34.2751816215861,99.49853598158877,142.09017258614514,21.988666823076198,131.85203065298907,158.28666121897703,37.494262023545154,122.17597299657953,142.60862232243224,15.989254203995882,107.82438991015708,127.00772434528692,15.989254203995882,67.22706936320863,100.77643059465689,13.706644134083204,109.7858027948506,140.07695837409278,58.54678626160103,110.66761804270502,126.81676013582103,3.2070133621129857,78.76533618581004,142.13297695556327,15.989254203995882,96.32449320435556,168.8632283972135,15.989254203995882,95.19685426323957,150.90127647319332,15.989254203995882,67.4893080433913,117.10415551555337,81.5994461065773,99.55217437529575,50.44263266142611,104.54357190732729,47.088330664224415,113.83545098155636,47.076186220216314,87.70452378726547,80.70077447953747,121.46885717659335,63.069150002068746,126.01531131215134,63.05128776769202,123.31806448126157,41.50042127114722,122.73162907761318,103.31744516765245,109.52289841878034,38.95135357265167,135.02232997419262,98.66249011839388,124.41576034012579,122.20769936816508,146.62710110236233
40.0,32.337459648636454,86.79106324863477,123.69340128543818,26.253118050019367,89.7645157414087,109.08831115973545,24.46786605799539,126.93533757861098,136.8836400950721,34.08719235307991,94.4448982397954,133.27116516402015,33.82652201846619,62.891339014099174,114.01677702441965,33.82124274765148,63.19413589757162,78.44348128304486,26.191742037980152,76.15618660414265,111.20072524167401,45.76610236230684,74.53587164237555,114.90586062535316,19.645316466030597,117.79361820663259,118.66439642975462,34.70659683557458,109.16434954739448,113.62256590709646,30.039791913169353,47.84207350427594,109.41863844987012,29.9531669977015,45.45011909370533,102.95489218001482,36.61139221336278,104.30291103568834,155.52589845537247,28.835882080135768,110.30429881841319,165.48391479197508,16.14419440177108,130.63773285122997,157.66068601442532,41.47515031832883,123.39585101842161,137.45706114070225,15.643568966191825,121.88701992153332,124.08519543420067,15.643568966191825,68.50848492062576,103.17588181622804,12.878017919527023,108.29142620008287,144.00722753689385,57.57291617177141,104.36895104646496,139.62158654876035,3.20407241155587,73.5601943479577,160.13741742061,15.643568966191825,93.4406826735813,159.09078786013825,15.643568966191825,93.47588040006464,143.10627171464157,15.643568966191825,69.06849558437811,126.30532210626863,83.94112959542251,105.42694075254272,54.54088967613919,115.04178484202885,47.22960033680819,112.0860859370488,47.18868584487513,91.82644244020001,81.49881046681969,120.03735904514488,56.84230189632488,124.54663660537184,72.70698527595222,127.64396726537485,42.296579917623255,125.83062500926808,108.83605356042796,110.96952335812989,35.49055448048195,128.91438994673803,98.07931882773659,121.41613488505716,120.57982460146297,149.78301857691892
41.0,33.58042437087495,96.63171007310653,125.58067086865337,25.428331555039016,91.27131211681012,109.2486304835869,25.933848094047406,125.27539834679692,137.01520178621774,33.793128785774584,117.39324896949223,130.43770592930426,33.281581943655034,64.32860934427197,113.70772521445437,33.27576176841196,64.61938412523394,93.63980722482367,26.381456555694566,79.63243243505967,113.68614220043759,41.129766463393466,76.47935116522355,116.14272212215238,19.806133486162008,119.33488169421369,122.74092197980079,35.160202923149114,110.31129623362318,124.69174440309638,29.54654451182272,47.49851728763035,108.4657235244214,29.505610146718066,46.09723066797512,104.5962953591854,35.337540010384096,103.53654772658224,150.1680279093424,30.238248840699104,111.35981654290629,205.4239283686421,8.402641150574373,129.72287872717385,155.40122216127267,37.47395917279938,121.973420166593,135.9801669160058,15.303308465818755,121.42392159046662,128.96564725091116,15.303308465818755,68.04994083912112,108.79282582247313,11.06161071230353,105.67313251411694,143.5843061242527,56.63141547811882,104.13147887900789,174.72652672535835,9.583102176913636,66.64609166310676,154.65089767409498,15.303308465818755,91.52268540988364,150.38986964217221,15.303308465818755,91.68106715669562,133.4821465038187,15.303308465818755,70.31350669183121,137.5079750261661,73.1508325733992,108.97711334997898,54.702048144197335,114.26881233280923,47.396004168565746,99.50219060283968,47.40245379482148,88.6177432932287,85.80397075791171,117.53486600100453,63.8404992422696,124.60429129481453,75.12612466913924,128.72898358518697,42.991929150861736,125.05651520540283,112.82515810242246,111.61459347724235,100.94509519694823,128.84356497295317,95.97620699975879,122.11806362423921,121.28802275831164,150.04253746159029
42.0,33.36754743581267,101.94497314055145,130.76713948092086,27.531244466670294,95.95388022499182,120.22260704849324,27.835776507238204,124.53302647423904,138.89395858767548,33.593092231369845,120.8753332067662,139.66924648944513,32.7680965637017,65.57548236964021,109.38359321001987,32.76209613822418,65.6325367006291,93.91948386564145,26.77594536146203,84.01857192933623,119.0689651958654,35.89121684914757,82.18962798402164,113.4382937296137,20.005369121416777,121.02361642402519,125.19700095620246,36.25092814873359,112.32847714332088,129.97411883089185,28.964605388692352,51.96384562259614,106.65697891772868,28.89074013670986,46.792580354459055,105.90445240909115,34.15068662898221,105.3535441263958,149.61471700575947,45.519446948540846,106.46521240734647,220.22066325111288,5.24261194687641,129.06090773523312,153.86712568748206,30.970662814559265,119.81334067592694,149.2617331138657,15.079663457783134,119.67765726781573,137.2523217034896,15.079663457783134,67.00928459688114,109.83214545178025,8.886787960080142,101.44258776948101,140.92019649855553,55.7962964851833,99.24482340364956,178.60017596478795,15.313978299306193,58.481052941691765,150.6394467701864,15.079663457783134,89.74502686410307,127.22654849418677,15.079663457783134,89.93915064338148,128.53393288391754,15.079663457783134,72.44833697686587,150.57555115579856,78.68122922094297,109.94569265230531,56.537893700322094,111.64867768934273,43.76865136877359,111.51312548113057,43.770699709884276,96.6479755567224,85.91608135206192,115.81881938609325,68.78147671855326,121.40573316924929,88.81308010224446,133.4005306152223,41.72337538064908,124.451978150355,106.14809471742309,113.68684015141885,113.99469265925718,136.65192107612162,96.06933689745043,124.66542085575794,119.06837587572876,146.08976911961162
43.0,33.02811574740158,91.75544346011931,133.00291316555473,28.979124197108252,94.8815172948854,120.26236162602646,28.688934898001925,126.08198868468922,141.5754028943006,22.515412039965767,118.51216250593615,145.1585679480358,20.67394330427907,67.19344302259279,104.68132819611206,20.669100787652706,66.85758851225516,92.65118193916197,27.177955221097843,86.09496603982846,123.5592359401376,29.650251950208652,84.53957638422021,112.37594898167437,20.227852584472654,122.4639931358058,128.8225545935573,37.67617309857772,114.2781844558706,139.17645151015748,28.393517056723503,49.31896306898079,104.060890859404,28.129156828117917,47.53177467455809,107.55569552157455,32.6067571686273,105.18096436388326,151.25800099915455,57.623953790637245,107.82009814187028,215.15238609769182,7.259269460974368,130.43637330110516,154.66053471276507,22.29057908724414,117.63296081281975,148.12759256092068,14.749279643426657,117.68426004147126,134.94940224101794,14.749279643426657,65.89306488351495,109.33670124074574,5.602754873632508,97.43515274135392,137.82175209960198,54.89724285824728,98.90936373271718,167.02461321336443,25.191079523297812,54.96522764439351,150.49362216399078,14.749279643426657,88.05312163967045,109.69367985257253,14.749279643426657,88.27341958800426,126.07521787977531,14.749279643426657,73.53429585409849,153.5665286992865,75.36555934674124,115.04617451555234,59.62092207985899,122.14760283196252,40.41930882246139,113.16802600161594,40.41930094466676,99.67904429439645,85.16135960729218,121.96717859857442,72.06202355838843,131.5911161365059,96.22316280253689,137.7442123969823,43.56577766505818,136.82638464214614,90.30611245211962,116.32083768189152,109.22507390400034,137.744802117507,98.17306428833956,128.66108263172853,110.90845772931297,145.72232569682987
44.0,32.587511653269715,91.28290523625633,128.06420413563276,28.687718961942764,97.06904880143395,119.0167266853812,28.716271955956095,127.55545724881071,140.50674618246904,15.308926163939923,110.2118462254848,144.8616182420844,15.220983260434611,68.01306264549193,106.87129428928493,15.221831382633024,66.80070649235981,85.9398880375226,27.690544415016472,88.59623178625272,126.22614559748668,24.613389868031675,84.4814104870848,109.78504386681179,20.509402181247754,124.46882011706752,129.26889389387375,38.61960490660775,116.17205648759436,153.2551645879397,29.339247984039723,50.82257079966459,103.50148263186047,27.442660370280688,48.289720545662156,108.70632192654395,32.22656824249574,108.98657012943299,150.6899455401834,59.74725435994291,101.95756556180785,207.1951722553589,26.025318243240555,136.81368919638842,153.30671139920213,14.709367859514508,115.48626849181841,137.83067376287593,14.532592679904022,115.5855427702288,127.02970916038123,14.532592679904022,64.21979492193896,109.39089071579689,44.06083696515868,94.99283320750021,131.5674302774002,53.989806509402946,100.12085171259668,150.33004249963963,50.53197833608387,53.991353474422176,163.13250875034598,14.532592679904022,84.31125887830949,92.45176007388528,16.1713634987187,86.5756582973843,140.43567139406255,14.532592679904022,72.6362412213093,147.02064484889556,70.04379945806508,106.42824669733055,59.09185555823562,117.96081898863295,40.90873689157983,112.98918683979618,41.11071905857113,99.63794838370698,87.72410467393176,129.30540340783955,78.59772716627793,134.91782769855394,93.96149064142729,137.60032024269856,45.559591495571816,136.3510317496958,82.47632230527539,117.5940024023547,64.930766613047,136.80479780579938,101.03015738159367,130.50942639786254,130.13024519921152,147.65747012891282
45.0,32.33338724859638,90.5669682574327,127.76295542948291,29.104475031676404,94.29906596788518,111.00717482382952,29.019164185307773,129.1552133268028,137.09218384213614,15.824698027999109,84.75660990516019,134.13183417540512,16.38238436663996,65.77600434279915,107.60963222246863,16.3839648690398,65.80015482236216,87.57597095509983,28.10924990815168,90.2980970931881,126.99886193306573,21.469303335029814,82.18167763471209,107.78580074442668,20.879914265272394,126.75786866210017,132.39655623133294,38.845158265538146,117.85998583597555,152.38487105829435,32.162810891297944,52.271484548292484,104.11362017552766,26.909924274189084,48.8321633051974,109.09950386687642,36.3537748900869,112.15428800351233,166.5451375049988,58.93186571194544,110.95036934995328,227.6177531204008,26.46251800403392,141.134057264537,156.92796135106275,13.889989742491956,112.38260278767487,141.42928050384438,13.889987061424426,113.71691386879225,141.82580919136393,13.889987061424426,56.21295329833865,108.36165430597381,4.162838943194249,97.9466188487143,135.4576809730315,53.245246266685626,100.39811781001671,151.9892177450935,49.89202417402348,53.245246266685626,210.36455843122647,13.889989742491956,68.34189971890578,87.19126240317335,28.52845886069468,85.25760794951796,145.48866796367292,13.889987061424426,69.68927921658894,123.80641821252412,66.12203825767453,97.68335678809483,56.33881971703261,107.54305859039624,40.269696409255694,96.92393639858507,41.31959371612943,91.04912245840953,90.5316654995737,129.92087050878996,87.86017520921828,134.48987412118208,74.64933157385587,134.52224628497268,47.10189625004345,134.1917548064637,80.51155618484879,116.28900411998465,47.69602955078421,131.80713842018528,104.42723157198199,130.28732348671906,130.5701371967966,148.83363171493153
46.0,32.109971989484734,88.66132658275352,129.0684006387164,28.826316580477553,86.89012447720681,108.28264099591756,29.23643519190672,131.027172568247,136.79901066400265,17.973917082262624,103.02525887004964,125.77387836906114,18.920473717938584,64.11920355193263,106.16176298833182,18.92342393688403,64.51170219261203,87.2271829086433,28.684674442578068,96.44646963234688,128.66297542480677,21.27161947242047,81.11312139624971,109.96276704130499,21.21505886713516,129.1718485789273,135.04386925315498,40.14323818631914,120.62509862307542,150.8611548484376,39.827604963707344,55.87253630438589,106.93277668818168,27.738525580640104,49.6496985040946,110.70609794174867,32.22657018859125,108.98658104904557,150.68987092109958,59.747261725630494,101.9577060204097,207.1951445339424,26.025317108590343,136.81367232502262,153.30669805619848,14.70936693684257,115.48626909438849,137.83059985663897,14.532592679904022,115.58554285734573,127.02980866343023,14.532592679904022,64.21978975196924,109.39089906930103,44.060832523571136,94.99285494198126,131.56725581312614,53.98980636203893,100.12086253254238,150.3301072535208,50.531964748676316,53.991353474422176,163.13206305854374,14.532592679904022,84.31125039316778,92.45178581240799,16.171370963535328,86.57565751373241,140.4357073033394,14.532592679904022,72.63624451133705,147.02069719233145,59.6203800907634,95.93247473076555,55.01435398566513,98.84430499306688,37.94259917449388,93.16229060544576,41.35593580084299,91.29147555520093,87.7240952096515,129.30540008098387,78.59764757881162,134.9178289602784,93.96141711785648,137.60031520592085,45.55956174267426,136.35103755129253,78.71054395669435,114.5061687042177,50.01508632971904,130.31423872464697,101.03014510047038,130.50943916178764,130.13025224171216,147.657453795394
47.0,31.866438526895116,86.35535705726096,130.57752056256206,29.104916000833022,84.01943963466923,109.21794540072734,29.261488190321362,130.7930183969185,139.10413140234172,20.25107571484997,105.08955373701521,123.37452545139219,21.224109287116022,60.19877985514406,104.03140531506176,21.227544032285362,64.93395145840564,86.44743043614393,29.428814799726894,97.9921898432141,130.09082537700212,21.743817820189268,81.46901825982876,117.13408936340066,21.649553008629404,131.35661940577262,136.6977007673881,41.32992297138797,111.35778638968769,138.56443989512195,45.75084682593689,59.178328504683726,107.11771013386037,28.24255359744708,50.350286026529695,105.56059238014134,32.60675711605604,105.1809097804155,151.2580415282226,57.62395797961875,107.82003882614583,215.15241186973319,7.259242089831699,130.4364280663484,154.6605734777087,22.29065203261892,117.63296158477593,148.1276484340671,14.749279643426657,117.68425968290397,134.949391012996,14.749279643426657,65.89306278755005,109.33670018066438,5.602784042541567,97.43515464866172,137.82162993928816,54.89724413935076,98.90935976535768,167.02473159596178,25.19108272670614,54.96522764439351,150.49362187657962,14.749279643426657,88.05312202190837,109.69367349895629,14.749279643426657,88.27341904113129,126.07525058075518,14.749279643426657,73.53428764284853,153.56662152344006,53.58478708078475,103.0204840581751,53.895499898321646,110.91142821998817,37.0880237281293,96.27180490670229,41.33897448861139,95.65575968651244,85.16135505950967,121.96718805580635,72.06203324723842,131.59115127088305,96.22316003307527,137.74421483630545,43.56581185740043,136.82638655364522,81.18176797269804,118.35845137431812,80.42330094254854,133.6402466411723,98.17303809060611,128.6610966625506,110.9084343800767,145.72231501808815
48.00000000000001,31.573590161024597,84.75086880356447,139.06212516592672,29.796801845722943,85.05087421212545,109.56785641807579,28.716112955132125,126.96253862659901,142.1489899782815,23.20688294967813,105.2403882313409,118.4444191978253,23.557209812251227,57.879382341408245,102.62687867192115,23.56033010519116,67.02360295438746,88.28762072100088,30.321847247706813,96.02378183164436,131.18159235686633,22.21967030284829,82.65423802014601,122.63250835930144,22.042772068854227,132.78282356150223,136.62890116526955,42.468734839484696,81.0088215926163,134.13879687603867,45.9800186425918,64.62222043954692,106.6643069056847,26.206210371696685,55.64704327146401,102.50242871633297,34.1506852010514,105.3534514322989,149.61468559150006,45.51939850870396,106.47521776541471,220.2207095065435,5.242623509380591,129.06090214200148,153.86713160566765,30.970725030266177,119.8133390728582,149.26167907155696,15.079663457783134,119.67765758671723,137.2522757289495,15.079663457783134,67.0092847645364,109.83216693601672,8.886803372075883,101.44255751101264,140.92014368608235,55.79629716311953,99.24482291310449,178.60039423065183,15.314096135466123,58.48106657271855,150.63950774893306,15.079663457783134,89.74502811006283,127.22623091100469,15.079663457783134,89.9391510110773,128.5338407998785,15.079663457783134,72.44830435611328,150.57567051880164,51.87427213553322,112.23100395434875,53.37393850302919,120.82024549918437,47.029375601182416,92.88676282008764,41.885873849124025,92.83590974042076,85.916085258466,115.8170902388596,68.7814596367277,121.40587628372158,88.81307473229626,133.40054176115828,41.72337571088986,124.45208162785084,83.03981383365314,118.84046277438684,113.07298736849255,135.66326291742337,96.0693322033479,124.66787766918937,119.0683381961997,146.08976512714491
49.0,31.119231415814042,91.53368698783028,127.74643392374158,30.564607142831942,90.60863076342152,109.94646679660329,28.21272175705118,115.92435905471555,145.20181107422323,26.15516898854028,104.42617335833275,111.51276824074152,25.63482875775135,58.110998592866316,100.69838405234287,25.637505972206345,67.80717347454765,96.35267018473039,32.17820715851564,92.40648387897265,127.30290824810388,22.848101922051004,84.30189878099728,120.31760027900278,22.57276290789946,125.14592800298959,136.11412128378362,41.79495220072809,79.44623775139166,116.0921108690456,35.90387539345886,66.82783889252508,108.60696629794347,24.001631903475875,62.42600302091922,103.94073903367894,35.33752611635389,103.5365012538145,150.16794461495218,30.238243825373672,111.36003183882282,205.42390909849246,8.402628229613896,129.72286406667675,155.40122147730213,37.47392993185477,121.97342147665694,135.98017023600494,15.303308465818755,121.42392485023788,128.96570600402342,15.303308465818755,68.04993790158923,108.79279683021943,11.061562934717646,105.67312269130275,143.58437697103236,56.63141253506199,104.13149436045617,174.7266653886646,9.583126174002054,66.64614297102128,154.65084166715405,15.303308465818755,91.52268520234715,150.39006920091924,15.303308465818755,91.68106774063116,133.4820572984048,15.303308465818755,70.31352908875586,137.50814727132612,54.18415429825914,118.335651838382,53.41476278339612,123.90384181318353,47.908614638692555,87.78990363861604,42.332592093365825,90.38469151440646,85.80396589619444,117.53488588902616,63.84042484928231,124.60430173545258,75.1261156780483,128.72894788235214,42.991929090131464,125.05652317209116,87.49754541337953,121.54888329527289,88.63413738939433,132.97936594739835,95.97619397357225,122.11805616219182,121.28803677141242,150.04256643391307
50.0,28.967472274186928,97.81778265622282,119.32966006732015,30.795632155952568,103.67478897979197,113.47008606017546,27.655300450625685,115.41589285925009,143.7124225733849,28.704806369885123,102.60453009550419,117.2656029465617,27.118235617139888,58.01004863204946,99.38907943931774,27.120486334005395,66.23607486055076,102.23479947978282,35.878028649717535,88.857286537144,97.86474889640996,23.532930210813184,85.70401084582168,94.39182013163092,23.13117723426681,87.16496806642682,146.7805742508613,33.509756103541285,78.17318473994393,113.48971563866583,23.024382587394683,68.13830187502033,92.24098393992361,22.769634384416452,66.13951870829968,99.9085413444434,36.6113774839443,104.29995281484652,155.52579223742018,28.835927456814503,110.30414979162265,165.4838328941691,16.144225149836153,130.63835186544824,157.6606762731177,41.475208351313974,123.39317581062329,137.4576031505485,15.643568966191825,121.88537314754566,124.08513916128717,15.643568966191825,68.50847917879192,103.17575472957354,12.87803333023542,108.29166482101546,144.0072312708325,57.572915524687666,104.3744360915862,139.62172355294067,3.2040788126021575,73.56001475484366,160.13730248566253,15.643568966191825,93.44068368139524,159.09081964651423,15.643568966191825,93.47587962634725,143.10620684947176,15.643568966191825,69.068511352353,126.3055622511348,53.10180027213845,108.19959574027094,51.87637922929916,118.98528903314832,48.59968122034594,89.75049624619447,39.05923234997172,91.00107870529213,81.49879816063994,120.03769889895221,56.842307132061826,124.54662706719722,72.70697781442675,127.64393294425682,42.29657112076442,125.83060684379862,90.56441755574868,119.26290279277485,83.60255163268752,130.864311651558,98.07930376426162,121.41613370477906,120.57983321882239,149.78301119205122
51.0,26.98447656453322,87.18530456308508,120.36570294689281,30.87622170745697,96.33326376353699,115.70065870255836,27.09647781708021,115.377397965343,136.64900698447406,30.389541496817923,91.27197112938269,112.47124912208233,28.057304784669498,57.51024869659744,99.6083553228487,28.059204427206485,57.508404155450314,99.45950597574505,39.657950012819185,86.40519599492761,98.13472911193367,24.463769407457555,86.1171389787105,95.0421046834631,23.858576907912976,101.37767507621119,143.8158864253704,31.74931129701426,77.10331061892064,103.63237907419182,23.229426381208814,68.37742385965645,89.20875473839963,23.229426381208814,67.82950735354842,94.07073248168842,37.61502538751688,105.20878908517761,153.40986619829923,34.275240199543575,99.49853560128457,142.09022527053517,21.98869092383823,131.8520233484856,158.28664980622233,37.49438372927497,122.17598300938484,142.60864303251444,15.989254203995882,107.82434823245882,127.00771033458052,15.989254203995882,67.22709317484328,100.77642291359797,13.706664767711436,109.78580377978214,140.07696259725986,58.54678675915774,110.66756444927898,126.81682879581173,3.207020739404049,78.76516329297087,142.13296615278458,15.989254203995882,96.32449673629716,168.86315106885812,15.989254203995882,95.19685507963842,150.9011652721336,15.989254203995882,67.48931575798164,117.10424469802955,51.40134955140057,107.1955856942905,51.01536559795078,107.10142725343759,46.30590799552034,90.25262248637908,34.61295705248805,90.63973841804173,80.70076815781849,121.46882438515605,63.06918080638846,126.01532180092903,63.051247703925526,123.31804135770324,41.50041717994348,122.73162035352449,83.18829648185508,112.07481113200227,93.21234603106332,131.3176381270798,98.66248514420194,124.41577094690923,122.20769921013687,146.62712333396405
52.0,25.523049936371038,86.1235010057979,123.37817700605854,32.07829307333827,89.53735944848502,115.46486008192839,26.493497473633102,117.61391799147397,130.03053603152028,31.789177487584702,63.01250811849327,104.77869329134955,28.884656279378063,56.84075207254346,100.1174845069276,28.886234988939055,56.83993041044736,94.82764986476761,41.4926864230122,81.69740195899995,97.2011330339614,25.82115088714282,85.72438130418607,99.53721128882972,24.923296397894763,109.67033054256838,143.63055899148455,31.765224458276947,75.80282986789965,103.98215580404859,23.812942909266802,68.29835906297636,92.85397573229525,23.812942909266802,68.65560158333703,89.99786622704957,38.39201184020338,98.33505240579903,145.63147066823882,45.41548540557122,98.79574589190102,141.3763501532931,24.41577389126067,132.29538838397445,159.03747337020718,29.96353121422481,88.86221120110747,135.74724670845688,16.340019889828774,74.10576315309874,127.48419148115198,16.340019889828774,65.83316361320394,99.39050925834587,13.036130844741109,111.02169104740946,138.4041339923278,59.45446296510263,116.89123893824178,124.30017004348443,2.7418855493845804,78.32804755229074,135.47250442261313,16.340019889828774,101.11672025428348,166.70058168286204,16.340019889828774,96.70505367784654,149.6054623659162,16.340019889828774,67.29208187080454,106.98851298043854,58.401246804855845,108.46556683304732,51.221132673768196,108.50378669494658,34.11274195704658,91.38247128411933,34.114307219485745,92.28898257008919,87.37450107766345,123.47779126974713,71.36113786945229,124.40011904912357,56.21627200747061,125.30405981443349,40.936472410708845,123.86741142047845,79.56180998823959,106.56751030507118,95.22372948197092,131.69100936109297,99.97913980074314,124.96452266616349,113.4893969267575,145.36894387943343
53.0,24.857170802778203,83.62011605084682,131.89082791391684,33.72679950275471,87.10479993855104,113.60118766993575,26.22326388826522,120.14720342195302,133.9813612030493,32.55190004096291,83.29542972612033,127.26307429238845,29.345475638019074,56.156959378184766,100.83446821347165,29.346772379808154,56.156422503719014,96.37890484283913,41.77996501712362,74.06995889207646,94.97611049552074,26.99874064879298,87.46408034120363,105.57226843348883,25.986773752122424,100.35932220766581,144.6148309103929,31.691815519083782,74.81661326932753,109.82663321184909,24.286338752475636,67.93788278693198,81.21678376057251,24.286338752475636,68.89952222848339,95.07247438578469,38.94354603930704,96.71985670441597,138.92445875854992,48.05427803767602,99.58963781221557,129.55882291577353,23.113342891838364,131.62174488928537,154.2558518475409,20.26239709337676,98.97688407023591,122.93969682222132,16.695545813180235,75.18680159138864,127.17113898081114,16.695545813180235,64.70426813655685,100.83973283524166,8.68541906397519,112.46712816402086,131.04104806131645,60.225736408192446,119.87186594258614,121.36563390495168,3.0354502776397827,77.92458326618272,133.46408005078422,16.695545813180235,103.06784511272522,149.08337463864208,16.695545813180235,98.15733823804887,132.73492362131407,16.695545813180235,67.27720205077286,93.23768967451271,57.83213956463709,105.91681778223654,52.07000003814298,108.9645896605587,42.3994920630221,88.87954789944243,33.67401874162407,90.26835377172655,86.99321537198516,123.17205030263311,77.38007777849683,125.08799306912776,59.328761017578486,128.2488028563129,41.13748302643054,124.59726493760304,77.7793250289939,113.44876569943442,94.22441152264233,130.68539918814196,100.26606561640367,122.80682346821415,65.07963217474985,148.1611667281571
54.0,24.550740747739926,81.41792207373729,134.62435179058514,36.31963519452131,87.82222696959177,104.06957337352887,25.79691960516199,121.02051164208866,148.8390776521139,33.26321611991355,104.66406561117797,116.99579617580932,29.814235095867236,55.41599955356578,99.9896998480852,29.815245623715878,55.3974989826543,91.25290550883432,41.20748978653599,79.06816954577985,97.61769300290239,28.356012421530025,89.7885292126772,98.62630592069637,27.292208826708567,93.51628990642013,140.98379526349783,31.556447470240755,73.88612706105482,91.57767492500679,24.885764002738593,67.62443032617651,73.29299381889525,24.885764002738593,68.3906364200046,71.25082768848972,39.45160585986851,99.77485954940786,143.09183666462198,42.23177870762193,101.3115636397973,119.4019013525132,22.347241963750403,128.1328887047002,151.42356557155068,20.08191671208192,98.24321006606539,122.72935754429841,17.055534292422504,87.47358047227128,143.43558723582692,17.055534292422504,66.75702039795512,101.9393041956462,4.1586834669130655,113.0360971563211,132.5445262954233,61.65078190302602,122.11945408969669,127.94665465459305,2.8127803233077477,77.69737700197616,134.9870731130711,17.055534292422504,104.77445289133745,141.2857869896675,17.055534292422504,99.63318884580399,121.60730509504529,17.055534292422504,67.26202149644902,86.85229632684664,53.11957923415035,99.55789981743372,51.32640490264686,110.07492819185786,48.4284624526672,88.41880934315857,33.293271103752126,82.64258572149303,97.34671218298367,110.4227272401643,84.9133521063712,119.15080504265454,85.61933094642765,124.23200174999756,46.07639598487022,122.75597944367149,81.50080138183228,116.53267849976437,74.35086355962098,126.07093854889632,94.01613694901279,117.78928325467986,81.16312199672164,150.03649556178232
55.0,24.219655691685855,80.6446767106514,125.43182094140694,32.913497122280276,89.16581060188278,99.3763876781723,25.48791128747058,122.76195783894262,144.29667459487598,33.539866595010785,109.16185043295405,116.41150355045768,29.994442653455692,55.88250315570743,103.43189610628289,29.995201222209076,54.732663417539705,101.44601411164348,40.22336894079836,73.62515489306827,100.66929433165353,29.833116750460608,91.87304143566092,101.39971189939914,28.775480809941236,95.99466937377626,137.45292964691967,31.36153997722063,73.03684633092425,97.84599359539953,25.493160847568507,67.75308145001925,69.3268659599594,25.493160847568507,68.13741417271055,69.37826778614317,40.01450093149779,97.18547689927576,146.154608520607,34.86054712921991,102.00841348862095,112.04704521126651,21.68939575427794,125.62464969507911,153.46817501438505,20.516635844115484,96.93888474832363,123.87331859232378,17.54198534944092,77.2884638920607,141.36051181665152,17.54198534944092,69.56180662609464,95.93460455415861,4.216188460729416,104.96566751215808,127.35821986676201,63.82700374335075,119.39286310015136,129.89268107476698,3.1372047417002764,119.494802379137,149.94784259351994,17.54198534944092,107.16663589941655,130.96093711039322,17.54198534944092,101.53285991342604,122.45969445058199,17.54198534944092,69.54154745911282,89.16000252902161,46.41482483148216,109.8884475494279,52.73937454687871,117.48887062539947,32.98877010826992,88.4948897497779,32.9902386139545,83.37265448614095,96.23691819346121,106.02383564435617,71.64850877553978,110.41425877929541,66.04167495577056,124.34783509454293,48.571997115218316,121.48174815847017,79.44773227210406,114.88767324840202,43.04057256305493,122.92327386826338,85.64249396462652,115.80872224429332,96.88777460270236,144.09874530989347
56.0,23.804678271339586,81.59783397181496,120.47898918899921,27.36449295453747,89.78083823377314,103.98907253872609,25.20473172489976,119.7177473708794,139.158747050437,32.26225314014518,112.22849190637966,121.8294252610134,29.95974781380754,64.37098229574373,112.1101188108696,29.955044597115478,54.03199950664881,103.10378756344511,39.16128972348816,76.4626221777779,104.26020131185491,31.37142020629939,92.61845217620245,103.55137971081062,30.397964177190133,98.5648467088886,133.0903137229512,30.98207516040592,72.2119605219884,101.44917080875769,26.10797292016368,67.66416580270074,70.7042379493063,26.10797292016368,67.99143908593008,68.97295250146136,40.57031500532605,97.98799217707572,138.80363808847338,32.10292316553128,101.95383943166793,115.38861624258644,21.41741587070936,121.56880760088028,159.48935732451213,21.383463786475634,95.86367036535272,99.67707507045118,17.911344170664577,73.39052685905051,114.9813953841563,17.911344170664577,71.94424293343918,94.86013954099401,3.809061247645218,90.73028077796467,128.31382966455976,65.77638102012621,96.49758512519865,124.96091491383288,2.9311812534743824,127.5854600083737,146.94986858680178,17.911344170664577,109.50784844147442,128.97285279553049,17.911344170664577,104.26620334266256,124.02453532889326,17.911344170664577,69.65874505902279,90.28067182143712,45.607170356089284,118.01223533414135,53.01781440171696,119.90872403658665,46.644339883348245,89.42830942092232,32.75203487151219,85.17347023940336,87.59838462648483,109.27396971943233,47.5409363966799,111.96044113265465,68.78895193581955,119.43034921061333,50.391229545926734,99.65761706967987,84.75472466670907,113.54229696164485,41.08082895851271,125.81648286680549,87.78056044728345,118.47304774025798,107.83405040703501,140.09823826026604
57.00000000000001,23.32737743527942,79.39624904878896,112.04813600953443,27.59947519360199,88.43778620057311,114.8739815466192,24.908665482634586,112.64035456910051,133.88549806816937,30.50617503359859,113.51991262201139,124.246666926374,29.802769760982354,58.60591941952314,113.47996034406845,29.79885764692193,53.31502352647715,87.27564214457207,38.755973371870226,77.44141720912518,107.6013132021955,32.92364580073308,91.63130085029633,104.48062111008305,32.09974968825882,101.48110656886217,111.32382993942973,31.470574122705308,71.41213209839042,100.30842543507852,26.854818003479377,67.46834848693807,71.14021374066809,26.854818003479377,67.70878479775659,69.57975194603704,41.31865048481343,103.835313349795,142.5441468224623,36.4117513321576,101.61440904621631,118.17783322004833,20.489389527715257,128.49433220908531,156.07368827830987,22.859463761361695,94.87747186983827,112.22679169763336,18.409406562950366,71.3206342890664,134.90970362170088,18.409406562950366,70.96799004748053,94.74992138304724,3.51357621888853,85.79215551388582,119.28559971575915,67.61834541867917,85.79441587410372,103.76642962504914,2.74578484504992,131.47149579268594,164.27250923879976,18.409406562950366,110.1939161947835,127.88758340355285,18.409406562950366,101.71394781326575,123.34771396006118,18.409406562950366,68.53942223988815,98.31668581182053,48.17738962412298,111.40747214388448,52.190890029461464,115.8407829483262,32.59911328211876,86.71074170877522,32.60013220764864,83.69903691598284,73.72197996824208,112.49481652407167,47.313348826622764,117.41018164642006,86.00572928841565,113.309382375925,54.79992356315239,97.55660569305422,83.18344703096564,103.62308696603371,52.329264038556204,124.3556742819484,89.43864977236714,116.88896165228046,111.1709616081243,144.61611371144454
58.00000000000001,23.3160163031704,75.08450894899133,117.09634395074426,25.51826251540078,93.00137153011713,110.18563175228556,24.568166448411432,107.01606908853235,140.81079112867573,28.374625239145722,101.40429202392698,122.94811980987734,29.66597852335474,51.25817534889705,99.85932086474762,29.674444150264282,51.256090203855706,83.31026410357836,38.77665518967998,83.5448688875141,108.41354861336043,34.57528011338027,88.8899241420723,105.69087347781935,33.95153612045999,104.49136244016368,108.09187431864068,28.259512991983875,70.61705626855107,98.02319183658926,27.610799517580073,67.26477253351078,70.58752080997249,27.610799517580073,67.55105549070564,70.01790227248249,42.067866843615214,103.13167057678275,135.8333655104728,38.36129356608994,94.32223894314527,120.67291649613928,20.440707866053714,123.30484951530417,154.68450069010356,25.01484855829478,93.86300211654338,146.7373942908044,18.91338811530076,70.64321486987973,147.47164200129163,18.91338811530076,66.68921134398006,92.30741140645233,3.558168400039685,84.6303871928204,112.89549931880951,69.11049951073302,85.03644526623452,115.42211190249435,2.9009996426557696,130.735287991802,158.81319619794726,18.91338811530076,107.30664771390775,127.09631353776723,18.91338811530076,94.191795552571,124.4013453313807,18.91338811530076,66.5228384941507,99.63277298392023,50.108909081244036,108.43757854385638,52.045286709368426,108.62430324726783,32.5240274526307,90.10092963047114,32.52484402207941,83.22733372442804,75.61596033799596,110.17451286703108,49.06399322447462,114.3245311550769,92.32457066139624,113.64912380307433,52.486762808459375,99.16390478870129,76.17892840481323,106.66042945954253,45.93361296403532,116.7712753484168,99.87151356340355,116.34664539671228,89.9827871908198,142.35654565956906
59.00000000000001,23.83181898196171,74.38099464657631,125.41689351847141,23.52656024495505,97.2078932556464,106.4518145558512,23.493928257834614,104.78933287108241,141.261104180671,27.864819222418447,56.84923191146,116.76084463096171,29.46418341000723,51.32977747637816,103.57246576288925,29.490569372233303,51.32967830620634,83.48834528390626,38.99692678160298,88.22875734722462,113.39689988187398,34.04533849732798,85.95181526430294,107.9591559493748,33.79515323276467,107.65315290771427,156.42560723093246,28.37518722405193,69.86765713279776,94.3252741105321,28.37518722405193,66.84424951016072,69.83077907199637,28.37518722405193,67.47906115712765,69.24340434350741,42.799842116122555,97.0621545912148,140.42499937549493,40.576674775276054,90.99132878956173,123.08577279046509,20.963981491575357,123.25883058690131,155.79115962426468,27.13494664027554,92.70945642022379,137.62641071833218,19.422828063904596,72.086533416466,137.9231515667123,19.422828063904596,65.478455362235,90.11452593078312,5.903026199594932,82.63622290132606,109.0593143019058,69.5762406038838,84.32302335899111,120.63489200569245,5.337556297990005,124.25483514006315,153.26616584824563,19.422828063904596,84.70178956065989,125.5815415588081,19.422828063904596,84.824486079616,124.6295363786003,19.422828063904596,65.99141078018528,102.25890642474849,51.61269017375758,99.68178796854644,44.71394160661451,109.04002638509846,32.707287759047155,85.75457183920454,32.70764374429626,82.41071414720753,77.78003888623527,113.29942503571053,47.64238274935657,113.33631853936186,91.58260670264308,116.68804128038833,52.02803217716571,105.85346264600629,75.15027140947554,107.86780478431201,48.11114334446803,115.46381202319006,91.22392121561803,116.56097983428734,81.16100208528796,143.7533317855342
59.99999999999999,23.160521308957968,82.81321340446658,118.82212340788561,21.715206312754205,99.56286613548434,111.27289020212983,21.718161746871264,104.50842910131313,128.6070596756516,27.560764158474754,58.00483786932416,84.2849798632722,29.127737959767273,51.98194309598724,109.49577651716424,29.186728598802862,51.98226227614701,92.4873520850428,39.20396526452729,90.99122897275062,112.67856492258251,33.361029355815944,83.11924375232793,112.12077059455055,33.586745970639555,110.74682191168148,157.82008839500648,29.147319773866002,47.06613384175658,99.3105834531189,29.147319773866002,66.90989499034262,68.04769927491003,29.147319773866002,67.80137950831103,68.58114643842937,41.704866061885745,87.42217641621322,124.99689627460488,40.941893430924615,91.62467607223165,120.1204393656403,21.440996206213832,124.62450157144643,153.75816631933696,27.885288485951378,77.3116941595407,120.53198299022502,20.066670127352968,70.0650380085814,114.85134667349936,20.066670127352968,66.8294024472505,88.64439479717197,5.990431291526705,79.56080509472527,106.98287496097021,52.41370519305073,83.45729243921643,113.46752628762376,5.491916712495191,121.63372706414512,152.01417656304238,20.066670127352968,71.83062751707838,121.44483552864187,20.066670127352968,74.71894977910375,122.3502260906305,20.066670127352968,65.71657726993953,101.15339412901912,54.81731668454683,105.49904499777695,46.985531169237014,102.49207785637721,33.44480985350278,82.39903543416881,33.44589096806244,76.25601165041616,78.83076085367921,115.21963299473418,48.186436278715746,115.01604208185422,69.58068743284771,121.28308652644873,53.72684052898052,113.52690269383842,75.39024254028166,111.83251789796435,50.38092507949267,114.79905155358234,92.75487972166512,114.70364657870526,53.19087409618651,139.39589713644045
61.0,23.445227437272248,76.05789819282002,125.13873201625728,19.69323768636043,99.83215249487597,123.959593109455,19.69836674358521,107.94412587781441,138.10617201721715,27.479788494737225,62.73732598731242,95.98474064453805,28.83649835103687,52.724493285536866,109.81023063462887,28.94919953093805,52.725166027466194,95.41205048219084,39.0507552498544,92.93002054237324,113.98694788540459,33.33235474461311,72.03725397691588,121.56445116292619,33.85218108483687,113.9231624889254,152.11896024941908,30.057133096820795,67.706153709666,111.73456612547427,30.057133096820795,67.40267034878664,68.39845329674131,30.057133096820795,68.83964042960032,69.50323124812445,38.32808214966083,86.70311409915276,121.78788703751167,40.265690139403404,93.50694312147193,121.51583082461526,22.0707266496294,126.79542159757514,158.36531188819237,29.639829868629676,61.940391524148495,88.79414865375745,20.586919390719924,71.88940300089958,98.08282838182245,20.586919390719924,70.79637471230812,87.03238908890627,5.9726903485423914,78.77349784123642,103.84016636726152,17.522359041148796,82.79864949861549,96.595850636233,5.6750997075603875,111.6789376639885,153.3526393526716,20.586919390719924,68.53394601302575,119.9274544420449,20.586919390719924,64.80519365118866,115.97278555185545,20.586919390719924,64.92506670367217,98.58684339715249,53.031633997493095,113.94719281326203,45.70592434426294,110.71708558219333,34.28605579993044,84.25476593219008,34.28852003701728,75.27615397920202,78.11349936349939,109.21814261682626,46.93217645484953,114.31946087432287,53.87457004559562,112.29351307755276,50.76584113561467,109.15348672853655,79.32885940007412,113.6688764194874,48.2965439044441,114.54068590024508,94.60607298460596,114.59335848731418,49.146750724060034,132.2988790786103
62.0,27.040859193462467,74.82439965105793,138.2691814160373,18.162890557141417,95.05144719657103,124.7102406460958,18.167719908415144,110.69621296702866,143.1790824023739,28.057735810243102,87.246924011839,100.12297225343902,28.67985483427315,53.89509500152983,103.61188941902395,28.878866452730062,53.89488387035838,99.7337676459548,38.43096357620188,76.18720707750995,111.63026944286885,33.729419291705426,55.087224532506596,115.34467348204485,34.35495083912532,115.24847399872638,121.0405074747483,30.97581718050389,77.15381821861199,118.2496513305033,30.97581718050389,67.92056523955924,69.29867141098997,30.97581718050389,67.62331224581034,70.60112280102719,33.32740141282904,86.64914754195549,122.18946314755718,36.70952673500389,93.83832679617419,114.54590810717694,22.713703731189756,128.42376478770143,154.14422370556207,27.313350860587427,82.9945983632253,108.20936617449821,21.243145953459905,93.56134960246183,98.46851143787613,21.243145953459905,58.9842263395891,88.50230926179779,6.053604082105256,77.84301054879978,102.17720359510405,6.548927803694707,82.02168158481024,91.05399128141192,5.844078981543795,95.50530781702017,154.6428316948393,21.243145953459905,67.87458559285048,119.22036723329462,21.243145953459905,60.69542501426496,112.41878719750146,21.243145953459905,63.86786949651902,105.5860689311526,54.24005507700918,112.0530548988108,44.257523877106486,106.49073996748218,35.0351561325092,87.24043075302188,35.53666614201421,77.1804413408162,72.09815722674165,102.03126769240168,44.720540894090405,108.4619549834858,59.24620786869327,107.19533564311865,50.97069747362782,105.49044931193644,80.29603017088871,113.73975106135165,47.92044984439844,114.54453868584748,93.56447584041538,114.40724145270676,49.538670488061406,136.005882139919
63.0,31.77101978154917,82.15914442663598,121.55436021319885,17.491796452361818,76.90018735746796,114.02787259167344,17.49539404206587,111.99949359362405,131.085441329348,28.02451083489355,88.8419114127524,111.548998508096,28.85097908900711,55.408918756866534,98.01914024242448,29.144274510558773,55.412247019611556,100.94079967677641,38.11665500467577,66.63973827474591,103.64111017146378,34.70600186681715,46.181772673144025,112.94152361448425,35.36254800740943,115.67653638953247,118.6312153441384,32.03562470126032,80.54914460905256,117.62480476839602,32.03562470126032,68.8954146409696,72.27447037362533,32.03562470126032,67.48404063338212,71.8635979341117,28.615866652623776,86.00476147376811,117.26125304742304,44.421453079930785,93.0144589540237,107.29637323543136,24.538376167404394,126.40515314421263,147.9657202225115,26.991789255216432,99.96925072231105,127.03626064539188,22.038517418374585,97.576236847878,111.19652273172844,22.038517418374585,49.02166809442908,89.80246132150538,6.4961409652558615,76.96851545915017,95.90349475526162,6.435927044718792,82.4160254440846,85.83701824717008,6.1640502437472025,84.55696347474779,157.26125623341744,23.952558601573642,67.3286913263968,128.47988430918127,22.038517418374585,59.922775979242076,120.1767750456369,22.038517418374585,62.815323969448144,121.33566182896745,53.9043300293831,106.14499230937528,43.751084308757896,104.12798062133986,42.81503684526406,86.45638375559264,41.87386727730463,82.67843003433819,87.0162153980385,93.01189729186946,45.765638696565226,105.8419512902877,67.66997565565866,111.1669607575577,52.46614464206168,109.99490619158307,80.968548026198,107.18631871762348,38.73010803951397,112.62181733596465,91.65802798458574,107.80282697761956,49.88731191892333,132.43619640607918
64.0,35.9428027957796,82.85654892761433,113.20751609098285,18.014199277233615,74.60588881961166,93.7251410355175,17.877019470971952,111.18452439759287,117.30704331938259,27.269197106207464,87.1199867377672,110.28304946150605,28.964219194335236,57.075924766082665,91.42860672530323,29.274673246701454,57.01983512353009,101.37026511043419,38.561248737572804,57.84942115007052,66.43270640871076,34.89511694135722,45.59295111560548,67.58062499681122,35.44646806604744,76.40278365965456,107.58909024210726,33.23930279052195,83.38118498847942,116.04820491921575,33.23930279052195,70.40468950347986,76.62586210197782,33.23930279052195,66.58644930698797,73.40827526214082,27.08690201851784,76.56694409444543,113.08992187884448,49.903644235604,96.27300652938129,106.95606448675296,25.50123179130917,118.67473465500483,144.53606813213335,26.9552411551767,104.41633887675671,137.75837177402906,22.788232037987154,98.46409825425117,133.9741177901676,22.788202641976337,49.38164608369984,91.56827488348632,7.624738287299288,77.03837218055952,88.84013344078934,6.386703839122094,85.5666187832615,85.90520685195403,6.317564371089972,83.39913240637073,161.01447672897405,27.02460100480016,66.6027925920355,135.29165100726013,22.707295083298668,60.363459003367836,126.48542297977818,22.707295083298668,61.681621303870564,123.59535910251383,49.98387098064152,110.54706634448411,43.2871015094208,110.43662828548479,44.62889836752532,87.48943304425644,42.63910003831472,85.43369393743939,89.97564958616725,97.71739586913924,52.516962926510324,102.95487238835231,64.54917108223653,112.66679234443434,53.92504771005886,111.71988636637995,82.5478235209593,103.8388535077459,35.947120358023376,85.9662027409408,83.27715282707965,109.89554738238331,49.59675309764813,133.3956093701802
65.0,36.46837072711121,79.4249728168184,123.1057679303034,18.53107610665406,80.30620917221943,125.17803234764483,18.533819690092443,91.02699349594839,118.55634286594119,25.763549168478182,83.50932636427422,102.9462630567495,28.962682958215968,58.87610754476053,93.56181414095629,29.32788853846121,58.91420313710908,98.85956006570015,39.065293431175675,60.1082082177144,74.80327510559403,34.80257767696214,46.55346573730855,68.34248478954245,34.98069982804093,94.07794405209881,122.58111957521999,34.45382779895436,85.59677307499143,114.8686179937316,34.45382779895436,69.37117840453318,79.96572568162027,34.45382779895436,64.47119835277974,75.22322585994291,24.291286638455144,79.82269611268725,119.67823260938313,51.65510817841744,99.86806859813233,113.30236693037763,24.54104583093468,107.02690162914077,147.44571518593585,30.603171387070304,106.50908601833335,127.39609139751286,28.734243018908032,94.58478787050814,111.03153840666354,28.73418855283376,49.3786045760869,96.85689791509797,12.38164982787334,73.5876038187259,92.07723157566895,6.635120200120491,88.80596826790416,89.10879860769803,6.619611704074877,80.87008884937994,164.36538410139573,30.587683660240046,66.0804906912774,133.04578967864956,23.651770546832218,62.293965778822766,130.04624783113331,23.651770546832218,60.60496201614793,127.52388465978044,45.81892414881586,116.51273093126945,42.6644353862235,109.50957615314054,38.0735025167064,87.44982137046696,48.94904340331503,88.63473869202498,90.28455296047922,102.4255875188577,51.302261425625765,98.3073152740172,63.776902767932306,110.24932900528232,55.29030807224399,92.71645404745975,81.74046682202051,102.04418185875899,39.26682327888454,92.44540240754412,84.6925694198537,112.09824622312709,48.7216844704384,130.12425081885735
66.0,34.549010335025805,77.41396866252082,114.37650649986735,19.289817545742352,85.31695452836183,123.26252640155067,19.291646997813622,85.78369812005876,114.1505432057478,25.439353349835017,81.88229368687558,102.62181735249871,29.24923713485433,62.30861112676189,86.96725695585941,29.488942309174263,62.297898532916165,85.14011669096107,39.31060064761891,68.63512089664749,84.89139578485224,35.00475468952432,49.14889228536572,97.83682386398922,35.079354782959676,68.18608480378776,145.7975437241213,35.67809201737111,88.70389236680754,114.79175859221019,35.67809201737111,69.01936965467345,82.94567014151278,35.67809201737111,62.410618329950324,77.31526515679343,24.44972264989121,74.35774766512523,113.09959512680501,52.617980160576245,102.96096523577947,113.89806771821752,24.302879708929584,102.41951539045188,149.299909772428,31.20050560274152,101.80833888854265,121.24293588350223,28.978724516771248,81.75399385449144,111.30739949973892,28.978628373846192,64.26966341570706,98.34271705199703,20.4455437112079,46.0209091807533,93.36836751808832,6.827477533162651,92.30683613000639,94.21786510950008,6.818478395052851,48.96574393718523,159.49380316411802,30.49031097876423,65.52881226773681,128.5030688248802,24.468168096529006,58.50787316092359,134.9307838566018,24.468168096529006,59.650690771279706,128.0822544114752,47.76360316606295,112.44168535226444,44.542902639847995,106.87745187873449,39.33458553664152,90.36158748909392,46.18698575461694,87.70691858166305,80.92319109301422,102.31172794435741,47.518972438206596,95.71630241260728,60.65725928532177,98.47791152615092,55.98859598250046,85.35775868280857,73.83398704910343,102.34063662826324,40.45971756886569,93.80202644939514,79.1913287643779,110.77173602547437,48.50722362854092,120.07096174444811
67.0,31.53567787370957,73.40698533344694,105.3003964514847,20.812915525083895,86.13260848779099,111.04775966627867,20.825781186663512,64.52750567407845,92.14889991264376,25.162857182132868,81.09921223996818,95.25555809627346,29.347281972534663,64.4669812610713,84.78189008047188,29.399217505544055,64.45189561087203,84.68459059266146,39.62235229738273,77.09206765880363,86.08086468587906,34.554255444015375,55.222981458528984,106.24020565873825,34.59591718452086,50.570163952520794,130.1695455471095,37.186237373523014,90.8915641598709,112.78715895651224,37.186237373523014,67.642843168123,85.11605114359638,37.186237373523014,59.74090461346311,79.59393882267145,22.511687818622974,68.94938719895387,110.10119417032502,52.62559777724579,103.64745278990317,108.46783798287524,20.822215617440285,105.86031310359279,149.6757961378161,29.939403851416948,70.52650902650075,116.45332450294462,28.005537559794274,72.57576385945536,109.57556302318935,28.0053890109022,54.74891938132429,101.63517658320687,29.196285123551846,44.23627664266459,95.34015923717206,7.115193606954051,95.8420026343879,96.96626003007856,7.105918173421815,50.61764634441702,148.06613208193758,29.637421867106124,65.05442737676927,124.71292137378201,25.42776533634051,58.11336912274317,133.34429628435308,25.42776533634051,58.84405727858901,132.79813880571635,49.256740872860156,105.78276185704442,45.215522324618064,107.1282148794953,44.590857063182455,92.51327585734478,46.56519450525957,73.14881775665133,58.74683528480677,99.04046050247248,50.475106232389,97.64052724167139,59.40697627885882,91.91040146659384,55.95533212336121,85.3394840572694,71.95008086363542,103.44226067111214,46.95897435059408,82.57557660278667,80.32051042242236,109.22949562853516,48.01313543999325,102.99018316053827
68.0,28.558034495717013,62.90991560299275,121.37707776119306,21.898512272042748,87.04199760638951,103.38942401107658,21.899731276445102,66.80176359644585,72.38563402907516,25.000702619750484,80.2776272682721,90.59326171300762,29.103395479132168,66.24686496486079,83.79450913155098,29.14846523966384,66.23804186914565,83.88182758891114,40.279348437768384,77.85320876137392,82.13820250310137,34.38255329718194,58.93292242969158,103.57856804164868,34.36822913509318,58.79416478056553,138.46926135939466,38.70595884356826,94.34853938196902,111.87938323228161,38.70595884356826,65.56922538349734,86.61370312272922,38.70595884356826,56.72098966653894,82.12750254582888,21.785684781329575,69.77451211974906,109.67553540887747,52.03397175044616,103.31061176955583,110.81220702626723,20.928429222652706,107.43767670115174,148.39800018752203,29.990626118914648,58.2654158553248,109.18827978928498,28.378713399111767,66.74042752189672,108.96333266429612,28.37847881978035,65.25168259256161,100.80015979015063,35.021005940677895,46.89592703076424,96.78436034717922,7.4341941271242895,99.98060035661504,101.11880982710588,7.424268856439429,51.94759209324884,120.7503623803968,29.96234675158161,64.59254712899669,117.43148265669204,26.532833433314277,57.6545035207492,104.06812883890167,26.532833433314277,58.18730920052507,120.33019296737695,51.341064850246525,87.85309241117571,44.69575034910925,96.53939857209961,45.5014993531434,90.09780956562969,46.0493788008087,73.47678903722837,56.16546020267548,107.23113053972746,52.56233420914471,106.37572753991604,54.8912764209658,99.77023068797187,55.94999276792157,93.53130996788751,62.81437392513537,106.98387532026725,50.258367773765286,87.89855819322804,83.91415356589667,102.96014653455036,47.22075439218542,93.94014879281197
69.0,25.57134023958692,53.509429235913984,114.34348243755649,22.49635993528965,89.28924722207145,124.3559157424439,22.497722023060952,70.78806672564126,74.41838558899893,24.974372119890855,79.42365966869812,96.66471375179798,28.345543730843342,67.91245591820099,83.28670446691449,27.896612675119457,67.91062702164598,83.280209281829,40.377432746463654,77.41532583467948,79.65354253109591,34.091647837924576,58.155162211183764,82.26719760901743,34.10016502876651,64.78982191044551,137.79874396434096,40.37550309284083,96.71900823014197,111.6915573330402,40.37550309284083,61.83861416791226,88.6208916790742,40.37550309284083,54.91241184011719,85.18574817139634,21.196581134893055,62.58453211024029,103.60047144252111,50.70193217354542,74.80220713878222,114.08226671351687,21.102365984587227,94.82022642851582,136.59998283009392,30.41883406339146,62.594846507826496,118.48914825745044,29.315256613716723,68.6215130705573,92.4471511941754,29.314934902475308,62.99003637786524,100.06778913651874,37.73678994825095,47.77671331589371,97.30880209697433,7.744203801107204,103.89302069360657,105.77119189994987,7.734327221867309,57.05982273077654,115.93932847368819,30.890901872511673,64.15320990944002,105.9121945987464,27.64581794774754,57.259897562427916,102.90773599072017,27.64581794774754,57.70248557653963,84.65436132738044,49.68024546787038,98.91865570239588,46.91870756899042,89.87449288290377,47.100045442630886,78.91760577242816,47.13955633935153,73.91377880490192,51.05884659019039,105.57361548201234,53.813258891435574,104.98503400154418,54.02748719039446,93.88052812019272,54.38857191179384,92.00417797145722,50.18933827445205,104.69460929516553,48.15260665182688,81.25931062387711,86.68660116688079,102.52178785943242,40.369711253679824,89.102755085742
70.0,26.615549315763186,49.83781095863498,120.20622954955431,22.024910057845155,91.26855609100794,127.37133236792242,22.02721576078386,75.0495628765871,102.20617434920311,25.20463568471152,74.61089769932325,103.18028270420955,27.364480850835612,69.7569677058693,83.36798251013154,27.364478624867044,69.74865146778131,83.29360089626394,38.284651066142516,76.90945718271361,77.22672662290444,33.701619215064,60.79454328461809,76.32960372182433,33.724026417288016,69.71079827966551,111.492957368316,42.19628241918949,92.52097079343488,108.84717132932016,42.19628241918949,58.12255248630348,95.18891570313421,42.19628241918949,55.357071206516366,93.8159073019933,21.28060859422691,61.3108014168498,88.85838208999498,56.32078565300761,67.41836723124368,116.75875231772925,21.615532173726567,90.71180746057965,123.58158871983659,31.101253031670264,60.63867050740135,112.56788652257043,30.657556420835956,69.32523970559765,88.32119534313696,30.657113627790675,51.30071146846193,100.37497856610574,38.6433246686818,49.220750933371974,98.75056150374087,8.208080528462833,106.06659780434124,108.15844580108342,8.199015311307264,90.02829297982932,114.67479787263545,30.70707473636106,63.715606981034846,105.32384181864333,29.04489921775559,58.25361497175305,108.25139684220106,29.04489948991934,57.376528880858416,69.13721657619607,51.306762489134115,105.91654717440275,50.38483067471778,91.35649554538996,47.36749507228493,75.88701267095828,47.36862714093316,76.10869742470436,61.97850787461498,99.86684540837837,54.652879877742045,99.18828075881866,54.839310987537154,95.80699439509299,51.54042514215854,92.03079202058242,61.70816878539747,104.57370659278648,48.414909791407524,85.49847075248337,87.94574679583228,98.70998541935461,36.38898255189191,73.99283696263419
71.0,31.723346167819194,57.34535570569953,103.74800228585956,21.884167034557883,94.86680980333487,102.51104228986787,21.886356772322305,59.53047504315058,87.08533585130573,26.155848431381195,53.52865705806003,101.43157091819728,26.637690861670123,71.90571236053404,83.66658291072237,26.637691426762615,71.87807856404584,83.6135014167947,37.34997124488952,76.40410663553884,82.96594023573631,33.52717173994414,62.475518565916595,75.47789036676602,33.530944318261106,64.73035121010851,114.99125080217887,42.02691102139199,75.71877015504114,107.6686878374545,42.02691102139199,56.0954637339738,95.42620313522282,42.02691102139199,56.00619716486161,98.02043093612059,21.88739445181714,60.85506058573995,85.28881350663282,59.02474255634158,69.5224447489814,111.96023202865439,22.302395772857523,90.70442105269171,126.12423412766589,32.209636101551354,56.76853832842244,103.61011472761685,32.49916324866493,71.22218452755762,114.36595243054452,32.498544455423456,47.57684573403327,98.63775803301864,39.12366334557513,52.14921393299832,100.09554687176944,8.660069556621348,105.73902954750635,108.98114990118442,8.652051501492839,106.1752928689525,114.33910256059184,30.442086602291013,65.4927954521892,110.62003810578605,30.446534864897146,62.82001189657847,110.50497781927328,30.446534831237678,57.23714415783251,65.16198161277111,47.158167059958046,97.65755162667848,48.219435774486215,86.90231965272761,47.21355392174007,75.34416401797189,47.214117679478456,75.7176814895516,68.79703754126585,94.37720856433155,54.790571057943154,89.75581138780653,74.2104337853717,98.90190057280466,50.21805684671218,94.28907569801581,45.760907962760015,96.80920601068782,48.3067686014332,85.01922793637938,87.49506666573933,101.424506423006,38.46124846654586,69.06104959327655
72.0,34.98214506717728,74.71262549972407,116.1871607321143,22.22232916716537,99.821361292523,118.24062005628123,22.222876791208563,54.516955319438566,98.91733949065154,28.055367199594127,52.760398647307056,106.23456562130555,25.845484516084575,72.61947789738291,86.50067056515587,25.845484121975183,72.64693344517492,86.35732228832227,37.18763633921778,74.10527288690106,88.54723711843279,33.37992826383721,63.46188791290058,82.46638889850516,33.37840280675289,64.67203907192757,110.28610549797284,41.79337567127116,63.50667788489092,100.66304317644918,41.79337567127116,60.36300008139089,85.77165779807453,41.79337567127116,57.47326036747652,100.41792453295756,23.427368844743743,61.07742679986039,90.42429531119869,59.05795099750735,74.33884564817484,93.19189361024753,22.88180901380284,77.7692693865699,127.89457514684388,33.92112677845963,73.06782927885223,97.04466982785839,35.123912190717725,63.87772048510266,108.1155257575496,35.12303613342447,49.12483686815702,101.58098401255643,39.047199836463314,53.275995645382565,74.0488775582939,9.431964811436957,99.15432714671545,111.07849924594106,9.424030227949013,113.97539309162337,120.27680992694305,32.205171553916244,65.78593777650343,110.33908158949822,32.23135971358458,62.01757067322242,108.13355933117597,32.23135886353538,57.5554906847972,67.49301288452668,43.676722799854865,96.14760296628653,43.722507319596176,75.22473065081087,47.168423586811784,87.51668926764657,47.1685662222308,75.36078549668537,72.9799663836602,83.70292631004837,53.1782323410864,85.20400107558291,75.67157727170991,99.01954013227116,47.875754820821946,92.40129169715004,39.70876294177372,96.87085387465015,47.885160511346804,80.1182268429041,81.67005531667716,105.00025024536862,46.59052713152496,81.19220349947727
73.0,35.73533315815298,69.58892951073878,122.55158829722707,22.41390798619892,100.10309098580501,117.17486194782468,22.413723222421712,50.04196603953385,102.28211576906304,29.912816979115398,64.10522550627655,93.97302620263832,24.290044256855523,63.88533052868521,90.03792789956103,24.290044256855523,63.94960685577553,89.83713912899441,37.086537002713555,66.28773880010168,82.8597552636313,33.239910989559974,66.66771381779128,91.53019111214986,33.21621764364912,68.14277691698881,106.43629463947677,41.57206093038929,60.74953297536386,80.34198940357898,41.57206093038929,60.001945410538184,87.23121884795131,41.57206093038929,58.16788897014517,98.8581838840237,25.708482110751252,51.46588227990266,94.8216384588838,34.67556987521842,80.86175643344599,92.71798872502119,23.33722824698928,73.34622183834021,127.19955230640821,35.124256008699675,83.42847361266057,94.01494123376034,37.01069140101023,51.663977732182715,103.81110442011837,37.009801541671884,48.60208418465084,102.00189487803783,38.69472290845843,55.23364640180088,71.30797007770435,10.587568835176409,73.3712220632548,114.94506976187517,10.579100321242048,120.8102464745249,127.8581962878717,33.96301424714973,66.21047517361315,110.62456497329153,34.02381353066916,62.04342421687689,106.0703874887018,34.023813812558124,58.56201799061045,67.45875981776112,44.29372556273853,105.40792102253921,45.24242778760109,80.06404320507652,45.88377518855759,84.87115565415489,45.88401635411361,74.98155294962623,74.22850278722282,85.2418761878503,47.66331802010653,86.0246148234429,51.478612631612584,97.99207987769464,46.90508150286334,88.32642919536046,41.49339381672911,96.07915933402941,47.349037898048024,78.23877709902517,49.712668186059126,104.76283132956361,48.19147900324098,80.82709758784854
74.0,36.16639913932442,71.66897192670012,99.9416603950428,22.38371394334696,88.1608660522354,99.13963433820078,22.383696973023447,55.483871746895986,92.50349037427823,28.682157718700772,72.68270704565538,98.74555791817293,25.725109329213744,62.52124259331564,93.59309194062702,25.725109329213744,62.521097046998946,93.44499530379754,35.341431314962904,68.75347645092548,83.42760476138011,33.08642929385441,69.50845752186045,98.93394118531059,33.07000151194433,69.6498717657636,119.91546031607294,41.36316295932892,63.85914582632967,74.05547678820791,41.36316295932892,59.07488625931816,88.56791326555565,41.36316295932892,58.669603865048174,99.71601443806638,27.950261634048523,52.66224940484292,84.09117190154251,25.311549100589016,84.34558885565743,87.98397082332038,23.412646502379182,77.22967561466443,116.3914529965286,36.55725897540084,83.0152814027864,83.64821538858388,39.012299360854186,49.285751938528236,102.38768647627519,39.01139706660422,51.71511465119661,97.48513540861823,37.7604240941306,56.63738596957138,72.35082881656727,11.96098355236513,64.8124703339306,111.59446976286318,11.95260869540303,127.93976532509879,136.65749983454936,35.839710672670634,66.49912162973027,110.52884783481815,35.95182634459521,61.734337934677434,104.23332264857625,35.95182826765915,59.81266290292483,64.2019822296185,46.47632130968971,92.767531851236,47.34555332043337,89.99544167695609,39.4289056366861,78.91035774354772,39.428897280932375,74.62080263247849,72.14207029415394,80.46478216705846,43.27843084922408,74.22527801064352,46.21827164716926,97.18871924815252,46.80432680737746,88.93702567687909,47.486609813628654,93.76066490769485,47.15315792679995,86.46980093441924,48.16272475519116,104.0093294824495,49.17242369729848,85.56061583398997
75.0,36.085063833076525,67.13502152270883,112.91747702464681,22.10131187119566,85.1534120297011,91.06687774657128,22.115887210896553,59.627672646157976,88.48657191101557,28.567108686084172,54.069613912091306,94.90673152235756,25.653947064730605,62.3011220073358,97.29450664314513,25.653947064730605,61.02789642634608,97.0706323160715,32.86195127391397,69.19174501357209,92.00358311210881,32.833663679310646,69.28216975349191,76.56625777369915,32.80434422450783,69.89604745577252,130.6977937502069,41.16687078222001,66.91632131521335,75.70215084062734,41.16687078222001,59.08733245133807,89.42297368804762,41.16687078222001,59.36702647695726,100.71221178881747,29.16949369453631,47.113423136306125,78.83506899971235,23.31598571355738,85.50348135956065,87.78270996374249,23.316113395903916,79.74252769885365,91.91225554902564,38.548544610526896,82.60305395602252,83.83954458699596,41.5158733070813,49.29032308190333,100.43044574611292,41.51491911596738,52.10512763377789,97.37321169736929,36.394030107489584,59.084148325839024,72.6884664940994,14.471644173446037,54.68646020069269,87.12925529899584,14.460169298998482,131.78674344186368,143.65863089748746,38.01310416278816,66.93170644620265,110.27666601307703,38.25139359406203,62.1164382431104,103.17810240196174,38.25137259495211,61.12824773287596,62.67590327557756,48.92826669734997,91.62720048010623,49.774187513755955,80.28900274726286,38.96829502664965,85.12382572214865,38.968289953218964,75.70815343515284,73.3373011952452,90.46338326992866,46.380481633787845,81.9710609949856,46.276542905628006,94.4172857421142,46.7467886738527,93.20964848513273,49.17845735738614,89.63240155262096,45.40207811316723,91.36764405061206,44.17600222040671,96.01411111228357,45.58767323706219,85.3177564982342
76.0,34.68062155875221,73.3739227608811,103.2825592290152,21.870196899246682,81.5351896290963,86.20555894239527,21.914374264655518,60.936135685822094,69.31003645357198,28.73595294879641,44.415656734563726,75.2922797641336,25.526946546737626,60.518560651921604,98.60756367376865,25.526946546737626,59.86833695234341,98.61042663740231,32.69261878001585,68.95229307899092,96.57356542489065,32.73444320095165,69.76453384436141,75.37950750120518,32.68882307483939,71.08662102835304,122.46095772156329,40.98336552797976,69.16984530740271,76.01735740253567,40.98336552797976,61.247571417667295,91.03638456091488,40.98336552797976,60.821021413644324,100.84512894188029,29.98512870742726,47.33669980650624,81.89406310570311,23.22942638120881,92.682712316832,94.83309739697867,23.22942638120881,84.91782261844418,95.56683067294351,36.737376818179925,82.22953903926009,86.41552047782235,40.227899829106676,49.55006637024538,87.39753703725053,40.226636056752795,53.24901805821196,80.7364379443749,32.47581838252253,61.022249467111656,72.00826520946606,17.953488242305895,50.741628270091184,74.21885071094542,17.934044774119204,95.90645466411543,147.90420871999984,40.249824055821925,67.46285896537982,109.75261763716146,40.64175949266192,61.95068912362254,77.56682970097225,40.6416442165483,61.547640195896165,62.225121599288784,51.51141898996639,93.63437312853112,51.12371861221446,85.23745414991133,38.93010517529401,85.32348123967812,38.93010160201631,78.0314062748865,80.39748126359733,94.0940216965728,48.596186694818435,81.33446312480513,46.76042383501555,86.89965049808816,47.002715506192025,83.06172934617241,54.50249058371669,88.94669646328607,40.34710462495669,94.5332310730892,40.48659475894687,89.16414283251066,39.05384322070772,92.16220345671897
77.0,30.401110656260094,80.72529741007796,102.68446182719747,21.670066245828234,81.67005538470816,96.82123558509946,21.712221751047725,62.22673900131224,77.96269651279995,28.971835452425594,41.978747624929504,72.82301928303936,25.409151894543825,59.635638598002075,98.94787006115159,25.409151894543825,59.6357108756574,99.35081576759943,32.577080053705686,49.5639270100991,95.80314403844172,32.71374189438794,54.53456407405649,99.41889477645265,32.603358159889254,56.5899604883747,108.70826708330941,40.81281967715536,69.39399857195906,73.59383834684266,40.81281967715536,60.115817944272855,92.84367283812205,40.81281967715536,60.36522343148828,97.76514766990007,29.146703097490693,52.649458991065,84.2665757328246,23.12749986487947,97.49158141447478,99.97223448512091,23.12749986487947,90.99671577309314,100.95583989705966,29.19471289407282,81.84170133159533,87.26274368526599,32.75952636506957,51.975046338939066,86.04091662883404,32.75848094472502,54.85556270612494,81.6433836194603,27.175101649527384,61.217901148211084,71.60685870653384,21.998552205266705,42.94936260925312,73.42048655917789,21.96963682982595,58.90389588606355,154.65350352286237,40.85047653885513,66.59733644160895,110.357619612823,41.41127081671625,61.464467687619795,71.05752338077764,41.41108740440626,61.46652659851113,62.17110878336543,51.7385901898976,96.87709032225808,51.457020027548985,78.6133460860381,39.220100394462186,86.69630760423892,39.22050419017113,77.88339098497264,63.539152273984065,91.60639621182108,51.415691062893465,81.71459134449208,47.75491427456779,81.51898598981042,47.82163671705279,84.08575347029041,60.40927231186061,90.51331588893734,47.20414216549586,92.88476212428264,47.94121079011558,82.36633005210702,46.856922884411816,95.31426743063042
78.0,24.51916759076806,80.02048207199455,101.22416951623093,21.554902322065526,67.0605165434162,96.5218485765482,21.572784251207917,62.215756884362435,84.41103569078382,28.436290244676584,40.47368457061358,90.1125937829104,25.300691690149502,60.2264896326623,99.68903924697328,25.300691690149502,60.226300968027495,100.05876374391806,32.46516200872626,46.15964480834657,95.57658559745234,32.50306107878067,45.92806007159514,87.71579433364876,32.51338363851783,52.43829369608849,106.61869770258325,40.65539632078379,66.65822210046238,72.89147009246929,40.65539632078379,58.9888007644187,94.86516835064617,40.65539632078379,59.37758112670322,92.32589328078392,27.330954185938737,58.092400097713025,90.07826787168264,23.06663605355361,98.78782773782585,101.96495517879545,23.06660199285166,93.84037517230146,102.67858055550627,22.466251175231662,82.79474664699552,101.53607153508403,25.77355123022952,55.17831349784457,98.59993379238684,25.772988267956055,55.62411720168446,81.70603684443583,21.70347428428201,57.086116213113584,69.83660218432988,27.179346728867714,43.24008418910594,73.66840917288233,27.141951588861573,60.937904683742715,154.38875556962714,41.530422336402324,65.59506658818262,105.41556400170121,43.75027149039523,61.265194781047896,66.43686232806499,43.75011875702744,61.26520076969176,61.84111516833685,52.61981939111339,96.0695896614282,52.51541815236311,95.05863892589069,40.24046752958252,84.33356960788393,39.66388930588011,80.96963406190821,54.274818717742605,94.29843237585405,51.30736563531887,84.79335634247921,49.00048759730221,77.54257723448862,48.873775188017596,85.77351229013222,54.364087587585246,83.6738408088334,47.50236324402082,90.84289340958283,49.53503237963885,90.62063010848205,46.31206461396649,87.45439243426809
79.0,21.536161932427987,74.99703375221446,108.65200167410048,21.56064104472237,52.56565937273469,81.96556949092012,21.563143785606396,60.743263592057325,97.89522463269758,28.231792020650897,41.00845649034337,87.79541069472197,25.20168645150558,61.460892754426666,99.87577259231949,25.20168645150558,61.49373389192941,100.21167882710098,32.359310870288944,73.77649025092701,95.41885419028259,32.40298852119909,40.20269320306117,93.15744943530865,32.40236164851656,59.29485239469405,83.50175024291133,40.51124843793387,61.31857798389683,71.724312284941,40.51124843793387,58.28921765330477,98.1457531632716,40.51124843793387,58.24329634411158,89.37871497987618,25.079937170356263,59.05753263287007,86.49597013336974,23.00754636439853,98.19038313480954,103.50118848572507,23.00726427209212,99.1915678070011,116.64293542516997,20.321706484468375,84.68672905549887,110.08670753351234,25.555447069029384,76.05384232056022,83.13372765396666,25.554086090166084,76.47415041049457,81.64481494168409,18.68576790390094,52.34096187995204,67.86759579663071,32.727570291165364,42.99847437583743,74.21161531729443,32.685673425590956,62.85688278104765,96.74738776823703,42.25884829281206,64.07645414391135,101.00562970036819,45.940945587404556,61.09165008615689,63.27027874871925,45.94067785899287,61.09163932663756,61.66587174997022,53.411156005003335,97.2306043084508,53.53792227491163,93.7701204943933,42.08795194647094,84.571438383991,40.168322296142165,84.07825095100722,48.86488023260527,83.09124096765535,49.6602886345239,84.54597995240968,50.01010890134215,86.31323913290981,49.99213612791345,90.6635918080234,54.28385496498607,79.73174385186864,46.51073636885344,85.5277402723649,55.14910624117955,91.75627092026036,46.115182705309564,71.27615166037755
80.0,21.158795108272567,66.1867652072688,112.94162706727516,21.54018890709228,56.152923019967865,94.70668660219299,21.53962458108383,66.1806473127447,95.61435729322268,28.376864414751388,50.429605451454755,87.55347776241621,25.112248007695367,62.49780712580307,99.86261729187848,25.112248007695367,64.25994670440093,100.07627292810193,32.26646866330432,74.80306721646919,91.19235924463717,32.403907587864495,41.484933562703546,90.94162393448997,32.31193098245254,60.26315976644729,76.29986738435144,40.3805181987552,57.83282638672574,91.96167881012133,40.3805181987552,58.15888245486012,97.19046551499342,40.3805181987552,57.981971366291305,89.49447761896319,23.671729037566656,60.550719585388734,85.00643922248537,23.05277803043396,83.51870995306449,103.67079961260379,23.0518132399606,84.00943571264222,126.28673878351034,14.996052108157322,83.07005200512731,105.76837125075772,26.571874660906573,78.01565392407483,81.20331103130675,26.570555288389976,78.40152932347517,81.17998878918759,16.75727710106859,55.59452985384476,69.98398031389017,35.89388767286371,43.985075379349055,74.55184393343959,35.87092865918198,63.94689492459662,73.67954368023126,42.646667213193766,59.77131735534714,101.67119545223558,45.064276477010495,60.774587961209676,61.414793928278094,45.06386264312521,60.77728249554294,61.70688903981382,53.634386333542324,93.15734893503216,53.34706451714514,84.23672951051768,42.973049207366834,78.26833648735756,41.29213140860477,84.95292162330568,43.804780470628266,83.90692476771682,47.693565606496776,80.44289899637856,50.50830938077838,88.45873174055163,50.496975729236055,90.33068464325653,49.197631102950325,73.11243983602613,49.00757503977004,83.68881866678724,48.701869498968975,97.7460731174075,45.861175113451466,76.8229182588813
81.0,22.209281899460528,64.57876298127952,114.65812060869702,21.550499319229882,64.78714248975723,86.35980999560638,21.550088499384213,71.95823920758272,82.20232693231559,31.27009251221772,68.25682282394214,86.78402259078315,25.032478902417953,64.23727553016084,99.79987240230055,25.032478902417953,65.09781115436803,99.78388178167117,32.10334873498402,73.76914840720013,82.31512998431299,32.153248110728576,54.58999534925445,81.1037793727106,32.14431716094845,52.54152605882,71.46227487813249,40.28568294071729,57.731258058768276,99.10925026973736,40.28568294071729,59.29060845596381,60.66224895229273,40.28568294071729,57.82083925780021,58.445973707678284,22.98608570671318,60.38310184913294,81.5054406192361,23.38278533226066,59.85536790763662,96.89056267508494,23.380133930172633,55.00395572716434,139.95652472070995,12.932563766467172,81.31317560751778,110.0978733576933,14.914158563022891,79.92296303836564,83.61594268595951,14.913273500162553,80.05324254293699,80.96110798243473,17.94290275706124,54.747130919541284,70.58893618425276,37.48574657383316,47.5171019970504,73.49071053910927,37.478493866934706,66.52968558683786,73.37314542595834,41.702418704540115,55.73076449093229,105.34451733496378,46.030193567100234,61.022870211230924,65.82529888301733,46.02969486658113,61.19151377739251,67.26000961882797,53.47986871729411,88.99717525073451,54.179702053996124,84.92980097665553,43.67129594595402,77.96516679890348,42.041880686104435,84.49529561093867,42.65726342556513,81.641123162772,47.44110773260473,80.07686702627032,50.56477974876533,88.73799205781981,50.53399242670576,89.32292474545807,50.38541082723214,68.01060070369641,53.10271065707367,86.67021428253983,47.82718855905278,100.3294622846424,45.402120365506775,75.89832913293147
82.0,25.226473145961595,64.85677516406325,113.30398355899617,21.619039532559583,69.20355387623474,88.70977919986998,21.618700064022104,72.79618880506212,78.35528917133617,35.415617330809255,73.92472361292585,83.43748980417023,25.053368037052422,67.25877230769024,99.43492082555731,25.053368037052422,64.72759269909916,99.48191407005723,32.03318591710789,73.16616103088577,76.4499939318065,32.04260758639201,51.46115884440445,71.98219641552508,32.078572651475554,57.06340987063734,70.49612787386218,40.1794257052039,57.67598081510556,98.85172535724429,40.1794257052039,58.01487954626594,60.59331757143548,40.1794257052039,57.45417374282646,59.860982141860575,22.790203861718783,60.86197370501442,82.2027240817378,24.358409799971565,56.9559193754998,106.98582766398292,24.352371656709167,55.852144663495416,151.91991100848938,11.680274940710474,75.6711776042217,112.42996749301149,13.055502972837628,79.49498198303837,81.32238283101606,13.0547572598301,79.56986368456879,80.82579494615639,20.915849756496563,54.28933383801864,71.03452245671676,37.750162810773745,55.58438425889239,73.16748765674546,37.74881158567764,69.58745045591942,73.19095627783726,38.25262556682432,66.75842783502371,104.86319162809171,46.86797675192277,73.84144145974153,99.19579076526476,46.86728071451269,73.85892118957092,100.42113786777598,52.263478919251156,90.55843671780973,52.52052312991993,79.91513686857687,44.21524092419793,78.92338814142289,42.18199176051866,75.79825147767582,41.78452699324758,86.1537958413444,43.12256469929616,84.35844750467105,50.50922573051727,78.45967099643887,50.51976230416883,86.6509687759579,56.72114226877188,68.63821328480124,53.27324663253259,85.48066853946231,45.892981959125784,103.82588878203664,45.15198794716223,79.5690581562047
83.0,27.040873732485636,64.7923246768847,91.5753210443485,21.64472398123383,65.6245868413874,99.46185521864709,21.64440709882155,73.19384238581563,86.01532490383359,32.711719808160055,73.27797832404401,79.16978857937407,24.963598014387085,71.49169982849025,98.9224345485553,24.962471832733232,66.70793665430514,97.82436318669761,31.9844746541977,74.3281351314783,91.98778768802593,31.97641289090424,39.25849701701006,52.9096683073418,32.016365230178856,60.83246076316416,71.14903897854508,40.08692118384748,58.02187028656483,102.09994130701419,40.08692118384748,57.81088818211942,58.597188324697676,40.08692118384748,57.04048809055561,58.95570420533824,22.736285724699822,61.00801302833451,82.49476169959864,26.584197674920325,58.007891442122784,92.09727189573954,26.57250218344492,57.87400267769249,155.56668929391063,10.903154258514505,63.25509790222683,104.80473574529427,11.787341804687646,68.95856026773981,82.47021780824588,11.78683124578453,69.0413947749609,84.43097443876863,26.965041190904763,47.52285006170392,71.72740387824237,37.73804968650977,67.45887150402442,73.00124142780037,37.73777666021594,72.17268314391794,73.10739011522766,32.59359792419113,80.24909556605752,102.63885562777871,46.71263683115667,85.04795926077821,97.85423301133835,46.711493622222164,85.29132867811441,98.37545358189689,50.638078179579345,92.26828130913495,49.38794337510484,80.58546741446455,46.00664377609881,80.29627732300183,43.721674110201185,75.19919951324688,42.40823567998189,85.99062996378704,42.161531702184355,80.80039682764084,49.22791105675564,84.26624324325769,49.67834500878415,76.62016621703359,61.71699479390865,77.5792448442252,53.866305928144435,85.5676126520773,46.38896583123138,101.21191975015641,45.28054815889338,87.34377124694166
84.0,27.479308319955603,57.9272308981123,81.704485744136,21.756656111765256,45.54626901240993,99.15368334446403,21.75629457496999,68.22581335984941,97.35798041008161,30.797892023923744,70.53861813158592,76.37458324087059,24.905815783256624,72.59428894527153,95.67378052183783,24.902309129877896,52.03611130398252,92.61294176996377,31.91590512581462,67.46068689460654,102.68060263607369,31.92387986282586,36.754345110799704,45.32925938943476,31.997892312323152,64.18205005061259,71.87608684104956,40.02288407898661,59.54659182934389,105.49005098295459,40.02288407898661,57.62065332876203,58.82639419809474,40.02288407898661,56.69846115601624,58.18517545594363,23.423895219180608,60.17013031271394,82.51634402335543,30.743045797873517,59.71299690676956,81.76129407577079,30.725656451769147,59.51275712761974,118.4982469144977,10.3717508664738,64.76741315652082,91.83419197494135,10.797274606367528,84.71102701799654,97.55572133929849,10.797020957530092,85.24307895127455,97.46102325164124,31.76865649105458,45.915882889003925,72.39775628048555,37.739378323198075,72.485305241816,73.30762360370127,37.73903277919834,72.70732894981738,72.94301386319911,25.754732487984427,85.51230726353242,100.46928291606994,44.483459473853756,91.1071152788212,93.02625971526516,44.48185194121699,91.30795654741462,94.92853719423152,52.32344010936413,94.90138752925215,46.69749827518569,83.37857665989324,47.999870689387414,79.25647238738347,44.22761508786637,74.66365448817139,50.52127375216687,84.98948945965606,50.551405185132104,79.98256129645692,54.21301667999768,76.94743276321086,54.387797016466976,79.56112145246253,64.75828671044732,87.90348807457333,51.88474107986497,89.80129437824257,46.46881515884284,94.43621423475892,45.8701397348082,81.43246759164771
85.0,26.965947894989018,66.34123258315799,84.12128908629283,21.79983383338345,44.24565666353217,99.49635328327456,21.8156485718968,63.552755982547296,96.11922992849156,29.870805402994094,76.5942891427119,96.03612956144617,24.852062288671338,72.41014071092401,96.82025974349813,24.852062288671338,45.04527016953516,94.01269512714451,31.873139869348773,54.908111165598136,112.80492536003453,31.87151366484993,39.095206178334166,71.5388601093282,32.01834147506827,61.49549017494118,72.25982447374504,39.95536572226563,59.117701395275624,106.29953910701214,39.95536572226563,57.443136578184095,60.50583758260269,39.95536572226563,56.00770093581011,58.27261537467971,27.962827504412452,61.49678049575489,82.81494870554758,36.17038548766345,61.688014639566696,85.63891160373215,36.15357251560498,61.219587894120316,89.76804536014886,10.089064660904668,64.16008814002946,78.23118649097886,10.226782972405546,86.13915030575802,96.85470249704292,10.226716504839045,86.9628487938996,97.31054053400968,34.83601147069653,39.81490003740244,72.6080556274139,37.662979170532964,72.65251727746201,72.96886351765136,37.662979170532964,72.67649541776245,73.17197647441616,19.354560349997865,82.00829294992378,97.40573384807733,39.70756696087433,95.3117259858741,96.22764275178868,39.72741927204563,95.84891152938316,97.5933580685603,48.681196440570275,94.33641224794779,47.77416495367159,84.90943714748317,48.93548464581699,78.96189170092313,43.84521163812349,77.13278381616682,51.55499649845128,80.58831130527535,51.51828522628427,78.7803824216002,58.431118049836286,75.905969273808,58.46619607123895,80.62462329078586,61.78612034975692,90.86644697339803,46.23837519930576,91.37965570160932,47.1377393076225,84.36244342759927,47.02258491908846,78.55820188753786
86.0,25.479431813659666,81.15882984605895,95.78098853974296,21.383311141667726,47.468019699983394,72.92353413172647,21.696034657828054,64.0699847837148,78.0353156422546,27.87232254361861,80.08574445115522,98.08149149733303,24.81179155159901,71.44624610611486,80.19248023203579,24.81179155159901,45.267963290839106,76.94040246728112,31.84730454770807,47.81748147912827,114.1325321774857,32.29336174852613,48.82098584174055,75.35170011289122,31.89540245513123,51.93980745969826,72.3591594533697,39.901832664678444,58.3288098974382,112.61273070036619,39.901832664678444,57.18467396073807,61.54928839987568,39.901832664678444,55.14354039456017,57.42095346473622,34.11276137310612,60.8497819891065,82.25764506654541,38.7800169079314,63.27886574687133,81.305936524135,38.77097887349519,62.95407736088994,97.48775468154095,10.148398889542227,62.899648293187326,73.84732131651428,10.151666010512006,86.56206792770584,98.80743391541932,10.151665015812453,87.73518620437427,99.34759056165208,35.360011102148896,37.58324094593227,72.53496159870605,37.57815211928782,72.62480578696314,72.8550447479169,37.57792908993198,72.63323523767343,74.87249378047557,13.219356716959982,73.59821125577508,85.49323105246192,31.469405295353294,98.22353628126376,101.4711128275229,31.467750345315185,98.61411194531819,122.727628132755,47.98606373926185,91.34123191382875,47.156976619902885,89.46037421185093,48.20598981267505,91.68992027923655,48.05500492363263,89.94635975021751,50.74141399567508,80.80939062815366,50.73540337693379,79.67604065418787,59.58522071584255,88.10090426778085,59.63733142476914,90.27925533090199,49.61060478143697,92.02620248012425,45.92512243696154,93.50331854402906,47.634628112915706,84.17623010211645,47.57758700614249,82.68642814686119
87.0,23.676841017645827,82.85339951742372,90.21043361471877,20.63612299949868,49.71355811429991,70.44600244380949,20.63840297154737,62.979774644460505,84.5746577486231,26.583495773522117,81.7145582409859,107.0264357575916,24.781545553092528,48.443031714590546,87.1271823998069,24.781545553092528,53.20811941751622,76.19513617307095,31.90205093042864,45.00854679057861,111.51784316491825,33.948578478046045,71.79464461400653,83.22472485193613,31.97472349461798,47.706471538299056,54.07284044716641,39.86911398564056,57.60076034103969,106.39334772433263,39.90562545004108,57.05818561518794,60.8133720911406,39.86911398564056,55.095268680464436,57.381461366407166,36.817651328243144,56.879355778938425,82.44101295261463,43.500479600149745,63.40452168786594,82.18637224429824,43.47686579069487,63.42680043776987,91.71978072373861,10.138601974631413,61.337384842132934,70.19976198722898,10.138601974631413,84.35829029444434,96.80433796051108,10.138601974631413,85.20856206648814,98.45006762700848,41.98183342308882,49.38217687902948,72.2637866587353,48.135004168251996,72.59579958189849,72.68183980052115,48.13125032189203,72.59666831198247,80.78084204801326,10.138601974631408,67.98270521534904,72.74815671024542,18.798509556137358,99.04615926794509,101.07204433990202,18.797654488805055,99.32986109124656,122.49518656090805,50.346565734866346,88.06825403517136,49.189134503021364,85.62050978925839,46.72254555904718,89.28240759785942,48.40968006968348,84.52163449422302,55.744893209497505,86.57295170293203,55.883224017400416,89.8596865925035,60.321566453871824,91.59708561937192,60.42060831885426,85.11471415343303,47.3310683513104,82.32531245192168,47.39191118062721,89.76745878308787,45.94709521287015,75.32389101553102,44.304651806147895,82.41170021981642
88.0,22.714812664096684,83.39228081688806,100.82057241099463,20.113667510588606,43.77776545303658,69.64228676195842,20.113280218679886,63.50717377310109,70.40015388255877,25.918750068538053,88.27117953793959,133.22364093504467,24.769448430238352,48.47528495062773,110.61750479280836,24.761361028828766,55.73826723874718,74.85412421954496,31.826662549337712,45.30729621625812,95.35152954288444,34.772525526376185,74.37167702203375,97.33850441097192,32.27458617751982,39.64243330930479,45.21114517154322,39.840886661820164,57.55921830640374,83.88611444705563,40.616501002434916,56.85871025781531,67.22685119445562,39.840886661820164,59.04121308988456,60.987350214543454,37.854697060945796,65.70377760600068,98.07245665364186,49.4128343964631,71.13525477959834,84.17953675180046,49.39196126345633,69.79374291534411,85.49480062936053,10.131942064579722,60.01638357563874,65.5904580503757,10.131942064579722,85.71532655562454,93.72022356530985,10.131942064579722,86.07896053214526,95.59088020281348,41.82379913240052,56.70835428358527,82.68958322596522,65.67042010949733,81.60527232932387,83.1360275009203,65.6787791047951,81.95831087472372,91.66747304186603,10.131942064579722,66.69597661360521,68.33908603525413,25.426581547184167,98.76593630700204,101.30986082862216,25.42598881582336,99.50157556024928,117.36490826077737,50.17019882394289,87.96970680740597,44.177186250342345,87.40873012756715,46.55126792267018,88.74254792000345,48.42156593451161,84.01899340880101,54.53406190767422,77.21149365079913,54.58219478346851,77.28049872250656,59.56821949762645,87.19492628272337,59.64712236729345,78.79289811547267,49.78375183055288,75.81543303759754,46.2724570954421,82.61756786966656,49.61737505735069,85.64911605566245,49.453726390820044,86.60941556536027
89.0,30.159117633783335,81.19462636596306,109.85409102566416,19.673489928510598,47.96307764774909,78.64406128541833,19.673169285842988,61.79107061808446,83.463827665805,25.968620123260713,93.81815363158847,167.9357940303131,27.12488712232178,54.75947844050543,124.34096632931576,25.25576368892128,54.57583262853855,94.99817659363632,31.78172564999181,46.23572584046734,86.13738891398401,35.57026117386198,80.23373271945938,111.61205455035295,32.483706598466284,40.58694868231527,75.15263706665485,39.826765497589676,57.51325568185818,75.13880834211213,48.882206061682,57.303340812992246,116.45516140390097,40.04350062556673,59.97723111192718,60.836050007444186,39.22353727826319,64.20871650510242,95.8602955258591,50.14880944742676,94.69467228286815,103.97450867641615,50.13373896149316,75.3039802024847,117.14324173274066,10.12749969143421,60.02116177370337,65.2089983318278,10.12749969143421,88.8545186590287,94.13114314889238,10.12749969143421,89.12280590282356,95.41282196830737,41.090889973667345,60.41582734077379,84.09530656230172,67.81823063246642,98.78734629153614,100.85310165034015,67.82566894844088,104.50410096093434,133.98462822721072,10.12775496863574,67.08590846909624,68.65302792434164,53.103024636801756,97.97859715750336,104.09492501773194,53.102495784940594,100.33655524390693,118.27055263981582,45.737321562593664,90.15586934619024,47.12190694012685,90.21501289648228,47.4491281453913,88.79559033065048,48.01689456449642,88.13227611223695,56.91839666772453,71.35767996765935,56.94417746354199,73.27167045919006,59.490068237951284,78.46947614514659,59.63515036514153,74.84613951573216,61.58705216675965,74.13375498598563,45.31973368346694,84.38403557305935,68.04864571279174,99.76670222414725,48.521916459930836,84.37972112649946
90.0,36.53709746556397,76.1427737502862,109.90414307760167,19.4339017661538,64.86557304150276,84.49146801194422,19.433274638965127,41.59934269563358,86.73207942509008,25.675648417136195,91.09874827274464,166.53716179325826,31.603591204670572,51.51878093770444,126.55056745940874,27.194986818531113,59.23615920751747,97.7589795911788,31.791048086842963,41.855183951022205,78.56414694274228,45.0102046887419,80.64859240057447,114.06903882463637,32.1751688087943,66.94735134492693,76.11417813676688,39.825070621406304,56.8162025182586,67.43710977239297,50.5465758643849,57.2150050961203,118.55940393822573,41.480471593522964,60.03899316117385,60.67310017475687,38.60694218231497,61.168029679601744,90.69490835940944,47.62512880366795,90.53095783535879,103.0508495904721,47.609003436978234,74.30460833840382,118.03265138062623,10.125277773967488,57.45411159411155,62.26233045914649,10.125277773967488,86.23334160984074,92.79791535583793,10.125277773967488,86.48910174876723,94.09742252560807,39.90628793134077,56.62588107765312,84.86269564357043,68.53333349733704,98.08419018597256,101.06239819552493,68.5458589318835,103.32605335714831,135.59247665148632,10.326888771529799,65.58195190474011,66.92068078084074,50.398704885008186,95.61976932623239,103.95158342061504,50.39788904243538,99.6363314214506,115.65697904378031,41.87926134156344,85.01750446607502,51.67427073048977,90.15423722283319,48.9146574629029,85.62660381350156,46.028319404348785,80.58951198831991,57.00736181231481,70.67441071143493,57.02248712002507,73.12388833825939,56.95589371075979,74.07523867869362,57.237959084548734,74.18390169347478,68.36875932730528,76.72901297811202,43.626448066829674,72.35335467558886,71.88936733993997,98.9075325329856,48.28340479504399,83.35018592252413
