Theta_deg,config_01_det1_b15_s5_h4_w50,config_02_det1_b15_s5_h4_w500,config_03_det1_b15_s5_h4_w1500,config_04_det1_b15_s5_h12_w50,config_05_det1_b15_s5_h12_w500,config_06_det1_b15_s5_h12_w1500,config_07_det1_b15_s5_h24_w50,config_08_det1_b15_s5_h24_w500,config_09_det1_b15_s5_h24_w1500,config_10_det1_b15_s20_h4_w50,config_11_det1_b15_s20_h4_w500,config_12_det1_b15_s20_h4_w1500,config_13_det1_b15_s20_h12_w50,config_14_det1_b15_s20_h12_w500,config_15_det1_b15_s20_h12_w1500,config_16_det1_b15_s20_h24_w50,config_17_det1_b15_s20_h24_w500,config_18_det1_b15_s20_h24_w1500,config_19_det1_b30_s5_h4_w50,config_20_det1_b30_s5_h4_w500,config_21_det1_b30_s5_h4_w1500,config_22_det1_b30_s5_h12_w50,config_23_det1_b30_s5_h12_w500,config_24_det1_b30_s5_h12_w1500,config_25_det1_b30_s5_h24_w50,config_26_det1_b30_s5_h24_w500,config_27_det1_b30_s5_h24_w1500,config_28_det1_b30_s20_h4_w50,config_29_det1_b30_s20_h4_w500,config_30_det1_b30_s20_h4_w1500,config_31_det1_b30_s20_h12_w50,config_32_det1_b30_s20_h12_w500,config_33_det1_b30_s20_h12_w1500,config_34_det1_b30_s20_h24_w50,config_35_det1_b30_s20_h24_w500,config_36_det1_b30_s20_h24_w1500,config_37_det2_b15_s5_h4_w50,config_38_det2_b15_s5_h4_w500,config_39_det2_b15_s5_h4_w1500,config_40_det2_b15_s5_h12_w50,config_41_det2_b15_s5_h12_w500,config_42_det2_b15_s5_h12_w1500,config_43_det2_b15_s5_h24_w50,config_44_det2_b15_s5_h24_w500,config_45_det2_b15_s5_h24_w1500,config_46_det2_b15_s20_h4_w50,config_47_det2_b15_s20_h4_w500,config_48_det2_b15_s20_h4_w1500,config_49_det2_b15_s20_h12_w50,config_50_det2_b15_s20_h12_w500,config_51_det2_b15_s20_h12_w1500,config_52_det2_b15_s20_h24_w50,config_53_det2_b15_s20_h24_w500,config_54_det2_b15_s20_h24_w1500,config_55_det2_b30_s5_h4_w50,config_56_det2_b30_s5_h4_w500,config_57_det2_b30_s5_h4_w1500,config_58_det2_b30_s5_h12_w50,config_59_det2_b30_s5_h12_w500,config_60_det2_b30_s5_h12_w1500,config_61_det2_b30_s5_h24_w50,config_62_det2_b30_s5_h24_w500,config_63_det2_b30_s5_h24_w1500,config_64_det2_b30_s20_h4_w50,config_65_det2_b30_s20_h4_w500,config_66_det2_b30_s20_h4_w1500,config_67_det2_b30_s20_h12_w50,config_68_det2_b30_s20_h12_w500,config_69_det2_b30_s20_h12_w1500,config_70_det2_b30_s20_h24_w50,config_71_det2_b30_s20_h24_w500,config_72_det2_b30_s20_h24_w1500,config_73_det1_b10_s8_h10_w250,config_74_det1_b10_s8_h10_w1000,config_75_det1_b10_s8_h15_w250,config_76_det1_b10_s8_h15_w1000,config_77_det1_b10_s12_h10_w250,config_78_det1_b10_s12_h10_w1000,config_79_det1_b10_s12_h15_w250,config_80_det1_b10_s12_h15_w1000,config_81_det2_b10_s8_h10_w250,config_82_det2_b10_s8_h10_w1000,config_83_det2_b10_s8_h15_w250,config_84_det2_b10_s8_h15_w1000,config_85_det2_b10_s12_h10_w250,config_86_det2_b10_s12_h10_w1000,config_87_det2_b10_s12_h15_w250,config_88_det2_b10_s12_h15_w1000,config_89_det1_b10_s5_h15_w250,config_90_det1_b10_s5_h15_w1000,config_91_det1_b10_s5_h24_w250,config_92_det1_b10_s5_h24_w1000,config_93_det2_b10_s5_h15_w250,config_94_det2_b10_s5_h15_w1000,config_95_det2_b10_s5_h24_w250,config_96_det2_b10_s5_h24_w1000
0.0,28.575098425027342,30.075093516064086,39.375071428506644,45.67506157631317,48.52644897372978,67.12705304122922,45.67506157631317,64.27504375727798,86.92658540400629,12.525224548885342,12.525224548885342,43.1266304039627,12.525224548885342,48.37505813949994,51.525054585123925,12.525224548885342,48.675057781167546,52.1250539568066,33.075085033904294,40.575069316022116,44.17557300137713,51.675489838026685,80.02503514525938,84.0750334522681,51.67636064972068,86.02660199031459,117.75026539248223,18.075155600989994,33.075085033904294,37.27507545263993,19.875141508930195,68.50182479321262,72.97503854058591,19.875141508930195,71.77503918494227,76.87503658535715,21.07513345153477,32.77508581224464,37.125075757498465,37.575074850224844,74.02503799391121,76.50163396947806,37.575074850224844,55.57626516778542,93.6750300240144,10.125277773967488,33.375758418349086,36.225077639668356,10.125277773967488,39.67507088840548,62.77540322451143,10.125277773967488,39.67507088840548,64.12539473562717,32.625086206782655,33.82508314845656,35.1750799572652,65.50190836914601,67.50185182644992,68.50182479321262,66.37504237286782,93.2250301689412,131.75023719143735,10.125277773967488,38.475073099345764,42.37506637162944,47.77505886966545,52.875053191462605,54.67505144030501,47.77505886966545,53.325052742589946,90.50138120492969,41.17506830595427,43.125586952527385,41.17506830595427,43.27506499128568,10.275273718981893,31.275089927928263,10.275273718981893,31.275089927928263,33.97508278135611,35.4757135234797,33.97508278135611,35.4757135234797,39.97507035641088,42.37506637162944,39.97507035641088,42.37506637162944,36.075077962493715,65.0253892721912,36.075077962493715,63.37717451890704,29.325095907771555,58.126209664831926,29.325095907771555,54.67628599310673
1.0,28.429847871559215,29.92960490885237,39.08370824269365,45.678017141728034,48.234855136094275,66.38453321369369,45.678017141728034,64.1348676618265,86.48934182892133,12.527020795065361,12.527020795065361,42.836097511327985,12.527020795065361,48.084885879036875,51.23735209785924,12.527020795065361,48.38482458374733,51.83417067919578,32.93191840752676,40.42840894717475,155.25986281070843,51.53422406517828,79.73519455046184,155.25986281070843,51.53422406517828,85.28453112962514,155.25986281070843,18.076400360691284,32.785381650973655,37.12871193564355,19.42861935393249,68.33689523237062,72.68370690877013,19.42861935393249,71.63383453368945,76.59119564284136,20.928359945299107,32.335526128393205,36.981160744357396,37.287749328700436,74.02807744362944,76.13567659120132,37.287749328700436,55.502252206554644,93.67863283588206,10.12749969143421,32.9353343690329,35.78451131425438,10.12749969143421,39.53360911933035,62.33515260268478,10.12749969143421,39.53360911933035,63.834914036129156,32.33204679571028,33.53514947036914,34.734798833446554,65.48019738821806,67.2870808550943,68.33426117256262,66.23455480336528,93.37864450718912,131.7559296578336,10.12749969143421,38.18391349770214,42.23305873365082,47.18507444097126,52.734014165432164,54.536604679792816,47.18507444097126,53.040326639265714,90.08627115160223,40.73666959877796,42.836097511327985,40.88332484033069,42.98291811871316,7.8753571347590325,31.12942739595446,7.8753571347590325,31.12942739595446,33.68510427473841,35.331448456014364,33.68510427473841,35.331448456014364,39.683576577722924,42.0830874580276,39.683576577722924,42.0830874580276,35.931340776542136,64.5847989081022,35.931340776542136,63.23251734669433,29.182807438627282,57.683240633653725,29.182807438627282,54.67752051803373
2.0,27.997611505269514,96.86057634559067,107.79900277831888,45.692792101161864,96.86057634559067,107.79900277831888,45.692792101161864,96.86057634559067,107.79900277831888,12.509996003196804,12.509996003196804,42.410096085719964,12.509996003196804,47.65622991802856,50.80960785127159,12.509996003196804,47.95603455249401,51.40920394248485,32.794302096553295,96.86057634559067,155.3081614082145,50.95950598269178,96.86057634559067,155.3081614082145,50.95950598269178,96.86057634559067,155.3081614082145,18.08262287390853,32.64439078923054,36.70880344004691,18.987002133038274,67.46507429774313,71.9728855194788,18.987002133038274,71.21801913841749,76.31514430308049,20.791374413443666,96.86057634559067,97.61030299102651,37.1523384190013,96.86057634559067,97.61030299102651,37.1523384190013,96.86057634559067,97.61030299102651,10.131942064579722,32.35013523928454,35.353730354801314,10.131942064579722,39.10672896062773,61.01377918142753,10.131942064579722,39.10672896062773,62.96257817148214,32.05037051267894,102.7867938988273,137.80103410352189,65.37771982870005,102.7867938988273,137.80103410352189,66.12712189412147,102.28697375521479,137.80103410352189,10.131942064579722,37.757863419425625,41.81059973260369,45.85745577329819,52.31420696139816,54.257407328400795,45.85745577329819,52.76387258342587,88.77320119270229,40.16206232254514,131.30356050008697,40.30578432433737,131.30356050008697,7.878213630005218,30.70148612038186,7.878213630005218,30.70148612038186,33.105683046872784,130.80376523632643,33.25554465047897,130.80376523632643,38.80697424432881,41.649384749357345,38.80697424432881,41.649384749357345,85.29434330598953,139.80030400539192,85.29434330598953,139.80030400539192,77.7986182396577,132.80295553940056,77.7986182396577,132.80295553940056
3.0000000000000004,27.54087870784082,107.85464755864719,107.85464755864719,45.71986712579116,107.85464755864719,107.85464755864719,45.71986712579116,107.85464755864719,107.85464755864719,12.543175435271564,12.543175435271564,41.98941830985516,12.543175435271564,46.499153218096346,50.10190864627813,12.543175435271564,47.098208564657746,50.85077433038754,50.07900008985802,119.86502826095692,155.41919122167636,50.07900008985802,119.86502826095692,155.41919122167636,50.07900008985802,119.86502826095692,155.41919122167636,18.09381800505355,32.07984180135556,36.43996775519978,18.2510616129583,66.31094366693932,70.9702138224199,18.2510616129583,70.51316366466618,75.62179745285084,20.648032593930104,97.36889261976845,97.66860421855121,37.02251004456613,97.36889261976845,97.66860421855121,37.02251004456613,97.36889261976845,97.66860421855121,10.138601974631413,31.031697504326118,34.63424966705645,10.138601974631413,38.68618939621735,59.55443938112422,10.138601974631413,38.68618939621735,61.35980972917044,31.913888042668823,102.8597345903634,137.8917147619827,50.54321171037709,102.8597345903634,137.8917147619827,50.54321171037709,102.3602706131632,137.8917147619827,10.138601974631413,37.188657545009605,41.390352136699676,44.09451496501577,51.74945651888529,53.704713480289605,44.09451496501577,52.34860313322601,87.79428369774423,85.35587267435089,131.37589200458356,85.35587267435089,131.37589200458356,7.883923515610739,136.89274999064048,7.883923515610739,136.89274999064048,86.10999506445229,139.88968868361957,86.10999506445229,139.88968868361957,37.93739909377025,126.38087276166438,37.93739909377025,126.38087276166438,85.3324381463462,139.88968868361957,85.3324381463462,139.88968868361957,77.8403815509662,132.89704661880188,77.8403815509662,132.89704661880188
4.0,47.714738289128235,107.96121988936584,107.96121988936584,47.714738289128235,107.96121988936584,107.96121988936584,47.714738289128235,107.96121988936584,107.96121988936584,12.552141251595284,12.552141251595284,41.28966274989419,12.552141251595284,45.33984175093689,49.10169294433747,12.552141251595284,45.79952237742223,50.14904036968205,50.11941988890135,120.00052083220305,155.55585813462636,50.11941988890135,120.00052083220305,155.55585813462636,50.11941988890135,120.00052083220305,155.55585813462636,18.10997653228739,31.510890974391693,38.25514671256666,18.10997653228739,65.48500782621927,69.53571923838855,18.10997653228739,69.23641563512658,74.79399207155612,57.4831823231804,97.46451277259841,97.76393123233127,57.4831823231804,97.46451277259841,97.76393123233127,57.4831823231804,97.46451277259841,97.76393123233127,10.147475055401713,29.25596093106497,151.0335227689535,10.147475055401713,37.97652235263255,151.0335227689535,10.147475055401713,37.97652235263255,151.0335227689535,67.40134457115822,102.97147663309485,138.02762404678276,67.40134457115822,102.97147663309485,138.02762404678276,67.40134457115822,102.47255730194304,138.02762404678276,10.147475055401713,36.33113334318102,40.691353504153675,42.63603229663848,50.9078211083523,53.0131705333684,42.63603229663848,51.655892693864075,87.28666135212184,85.41150390901684,131.50903010820207,85.41150390901684,131.50903010820207,83.48554515603286,137.02965007617877,83.48554515603286,137.02965007617877,86.18965280124986,140.02365871523284,86.18965280124986,140.02365871523284,82.27858925625792,126.4876476182556,82.27858925625792,126.4876476182556,85.41150390901684,140.02365871523284,85.41150390901684,140.02365871523284,77.92704921912545,133.0061088822615,77.92704921912545,133.0061088822615
5.0,47.778355455164004,108.10469462516417,108.10469462516417,47.778355455164004,108.10469462516417,108.10469462516417,47.778355455164004,108.10469462516417,108.10469462516417,12.575422458112492,12.575422458112492,40.59170173816318,12.575422458112492,44.054696117440194,47.96588631517196,12.575422458112492,44.65228157664511,49.32389126985015,50.182678784616506,120.1462650272575,155.73254316294972,50.182678784616506,120.1462650272575,155.73254316294972,50.182678784616506,120.1462650272575,155.73254316294972,18.13108518539362,30.602287496198713,165.28195606296532,18.13108518539362,64.8195283074476,165.28195606296532,18.13108518539362,67.52241294562864,165.28195606296532,57.55711294010498,97.5812546035354,97.88031594758979,57.55711294010498,97.5812546035354,97.88031594758979,57.55711294010498,97.5812546035354,97.88031594758979,10.009058397271943,10.009058397271943,165.28195606296532,10.009058397271943,36.82996402387599,165.28195606296532,10.009058397271943,36.82996402387599,165.28195606296532,38.38782359030009,103.08067229117202,138.20862852948076,38.38782359030009,103.08067229117202,138.20862852948076,38.38782359030009,102.58228404554073,138.20862852948076,10.009058397271943,35.32253176090298,140.70047974331857,41.039873903315055,49.77209308437811,140.70047974331857,41.039873903315055,50.681912454050114,140.70047974331857,85.51681121276681,131.68950223916863,85.51681121276681,131.68950223916863,93.07164578968182,137.2119710520915,93.07164578968182,137.2119710520915,86.2953141833321,140.20208628975533,86.2953141833321,140.20208628975533,82.38380453705692,126.66540569547787,82.38380453705692,126.66540569547787,85.51681121276681,133.36088257056488,85.51681121276681,133.36088257056488,78.0008012779356,133.18455240755213,78.0008012779356,133.18455240755213
6.000000000000001,47.858815802315874,108.28492508193372,108.28492508193372,47.858815802315874,108.28492508193372,108.28492508193372,47.858815802315874,108.28492508193372,108.28492508193372,12.58972795575822,112.31484763823526,113.30986276578045,12.58972795575822,112.31484763823526,113.30986276578045,12.58972795575822,112.31484763823526,113.30986276578045,50.26197618478604,120.3250805110888,155.99719548761126,50.26197618478604,120.3250805110888,155.99719548761126,50.26197618478604,120.3250805110888,155.99719548761126,18.03902020620854,115.30015177787061,165.54946390731683,18.03902020620854,115.30015177787061,165.54946390731683,18.03902020620854,115.30015177787061,165.54946390731683,57.650075888935305,97.725719490828,98.03879971725479,57.650075888935305,97.725719490828,98.03879971725479,57.650075888935305,97.725719490828,98.03879971725479,10.022537103947284,95.47173010896994,165.54946390731683,10.022537103947284,95.47173010896994,165.54946390731683,10.022537103947284,95.47173010896994,165.54946390731683,38.43338392595687,103.25998741041953,138.43455132299883,38.43338392595687,103.25998741041953,138.43455132299883,38.43338392595687,103.25998741041953,138.43455132299883,10.022537103947284,33.576721847136895,140.92240772850852,10.022537103947284,47.75621687278003,140.92240772850852,10.022537103947284,49.26364024308395,140.92240772850852,85.6482632631859,131.5242373100867,85.6482632631859,131.5242373100867,93.21778934302185,137.3904108735395,93.21778934302185,137.3904108735395,86.3690699845726,131.02719183436696,86.3690699845726,131.02719183436696,82.51615750869644,126.84291466219152,82.51615750869644,126.84291466219152,85.6482632631859,115.95311552519837,85.6482632631859,115.95311552519837,78.13529932111351,112.97178851377011,78.13529932111351,112.97178851377011
7.0,47.93867175882119,108.50172809683724,108.50172809683724,47.93867175882119,108.50172809683724,108.50172809683724,47.93867175882119,108.50172809683724,108.50172809683724,12.589678312014172,112.47499722160477,113.5258781071523,12.589678312014172,112.47499722160477,113.5258781071523,12.589678312014172,112.47499722160477,113.5258781071523,50.35723632210171,120.53682010074763,156.26139958415834,50.35723632210171,120.53682010074763,156.26139958415834,50.35723632210171,120.53682010074763,156.26139958415834,18.056473908269023,89.33994067604925,165.87080816105046,18.056473908269023,89.33994067604925,165.87080816105046,18.056473908269023,89.33994067604925,165.87080816105046,57.761979277029624,97.91479076217239,98.2128364828142,57.761979277029624,97.91479076217239,98.2128364828142,57.761979277029624,97.91479076217239,98.2128364828142,10.056154831743592,95.6452625591043,165.87080816105046,10.056154831743592,95.6452625591043,165.87080816105046,10.056154831743592,95.6452625591043,165.87080816105046,38.543806246918585,103.41965480507078,138.6474846508223,38.543806246918585,103.41965480507078,138.6474846508223,38.543806246918585,103.41965480507078,138.6474846508223,10.056154831743592,90.6591487385581,141.18826084345682,10.056154831743592,90.6591487385581,141.18826084345682,10.056154831743592,90.6591487385581,141.18826084345682,85.86399128854889,109.18390449145882,85.86399128854889,109.18390449145882,93.37575300901192,128.28337772291468,93.37575300901192,128.28337772291468,76.75040716504375,104.96725679944198,76.75040716504375,104.96725679944198,82.65837071948611,126.7956032360744,82.65837071948611,126.7956032360744,85.86399128854889,95.6452625591043,85.86399128854889,95.6452625591043,78.29830777226287,100.01238048361813,78.29830777226287,100.01238048361813
8.0,48.04977887566185,108.688200831553,108.688200831553,48.04977887566185,108.688200831553,108.688200831553,48.04977887566185,108.688200831553,108.688200831553,12.643229413405422,112.71923083484911,113.77664523090844,12.643229413405422,112.71923083484911,113.77664523090844,12.643229413405422,112.71923083484911,113.77664523090844,50.468368806609945,120.84752790189793,156.63053661403322,50.468368806609945,120.84752790189793,156.63053661403322,50.468368806609945,120.84752790189793,156.63053661403322,18.095061480967676,86.0559411080955,166.1794963285182,18.095061480967676,86.0559411080955,166.1794963285182,18.095061480967676,86.0559411080955,166.1794963285182,57.87288873038912,98.11679902035124,98.43389279105037,57.87288873038912,98.11679902035124,98.43389279105037,57.87288873038912,98.11679902035124,98.43389279105037,10.076271631908302,95.84688962089484,166.1794963285182,10.076271631908302,95.84688962089484,166.1794963285182,10.076271631908302,95.84688962089484,166.1794963285182,38.60861302870125,103.66592979373696,138.9536793323588,38.60861302870125,103.66592979373696,138.9536793323588,38.60861302870125,103.66592979373696,138.9536793323588,10.076271631908302,90.86094458016602,141.4977915021998,10.076271631908302,90.86094458016602,141.4977915021998,10.076271631908302,90.86094458016602,141.4977915021998,86.0559411080955,95.84688962089484,86.0559411080955,95.84688962089484,93.57698034238975,109.95737810624624,93.57698034238975,109.95737810624624,76.93584990107017,95.10849068300895,76.93584990107017,95.10849068300895,82.84190515675023,105.15286491579771,82.84190515675023,105.15286491579771,85.98909814621851,136.97125610871794,85.98909814621851,136.97125610871794,84.57023708137515,133.93141901734634,84.57023708137515,133.93141901734634
9.0,48.15502310247603,107.72244427230567,107.72244427230567,48.15502310247603,107.72244427230567,107.72244427230567,48.15502310247603,107.72244427230567,107.72244427230567,12.516239451208977,112.9983406957819,114.06193493010716,12.516239451208977,112.9983406957819,114.06193493010716,12.516239451208977,112.9983406957819,114.06193493010716,50.516494830896576,121.13267519542363,156.98128869390771,50.516494830896576,121.13267519542363,156.98128869390771,50.54054065797081,121.13267519542363,156.98128869390771,18.138529433225838,86.2735475102305,166.59869447267587,18.138529433225838,86.2735475102305,166.59869447267587,18.138529433225838,86.2735475102305,166.59869447267587,58.01966261535825,98.36826851175128,98.66494438249079,58.01966261535825,98.36826851175128,98.66494438249079,58.01966261535825,98.36826851175128,98.66494438249079,10.098576632377457,96.0501171264252,153.3431609169447,10.098576632377457,96.0501171264252,153.3431609169447,10.098576632377457,96.0501171264252,153.3431609169447,38.6797750769055,103.95010822505189,139.30407388156314,38.6797750769055,103.95010822505189,139.30407388156314,38.6797750769055,103.95010822505189,139.30407388156314,10.098576632377457,91.09218544968608,141.8507137803684,10.098576632377457,91.09218544968608,141.8507137803684,10.098576632377457,91.09218544968608,141.8507137803684,86.27262746665365,86.27262746665365,86.27262746665365,86.27262746665365,93.80680279169522,94.12574700898793,93.80680279169522,94.12574700898793,84.87122598383978,86.99799566656694,84.87122598383978,86.99799566656694,83.05212971381287,97.71466752744954,83.05212971381287,97.71466752744954,75.66785975564527,141.3563758731809,75.66785975564527,141.3563758731809,78.62897843670615,134.28560980239095,78.62897843670615,134.28560980239095
10.0,48.296389616616274,96.79318803510917,96.79318803510917,48.296389616616274,96.79318803510917,96.79318803510917,48.296389616616274,96.79318803510917,96.79318803510917,12.564682646211166,113.31206908357115,138.56992819511743,12.564682646211166,113.31206908357115,138.56992819511743,12.564682646211166,113.31206908357115,138.56992819511743,50.51361202685866,121.4500926306769,157.21839905049282,50.51361202685866,121.4500926306769,157.21839905049282,50.51361202685866,121.4500926306769,157.21839905049282,18.039020206208537,86.51661690103236,167.07071855953694,18.039020206208537,86.51661690103236,167.07071855953694,18.039020206208537,86.51661690103236,167.07071855953694,58.18501740138951,96.79318803510917,98.85881978862584,58.18501740138951,96.79318803510917,98.85881978862584,58.18501740138951,96.79318803510917,98.85881978862584,10.123055368810347,96.30745038676915,132.13676626889279,10.123055368810347,96.30745038676915,132.13676626889279,10.123055368810347,96.30745038676915,132.13676626889279,38.84102212867216,104.1879311628751,139.6983357094851,38.84102212867216,104.1879311628751,139.6983357094851,38.84102212867216,104.1879311628751,139.6983357094851,10.123055368810347,91.32776823069752,142.2467047069984,10.123055368810347,91.32776823069752,142.2467047069984,10.123055368810347,91.32776823069752,142.2467047069984,78.11018659560352,133.12259387496925,78.11018659560352,133.12259387496925,86.87842798992165,88.55546990446157,86.87842798992165,88.55546990446157,77.39266761134417,141.7537477458709,77.39266761134417,141.7537477458709,83.28884228994902,83.28884228994902,83.28884228994902,83.28884228994902,71.23476152834372,141.7537477458709,71.23476152834372,141.7537477458709,68.76136269737533,134.601727329184,68.76136269737533,134.601727329184
11.0,48.454063297106465,88.9878713645854,88.9878713645854,48.454063297106465,88.9878713645854,88.9878713645854,48.454063297106465,88.9878713645854,88.9878713645854,12.591515000189611,113.66012933302513,114.73502080881843,12.591515000189611,113.66012933302513,114.73502080881843,12.591515000189611,113.66012933302513,114.73502080881843,50.60261850932222,121.79952791369924,157.39798283332604,50.60261850932222,121.79952791369924,157.39798283332604,50.60261850932222,121.79952791369924,157.39798283332604,18.09257444367716,86.78493532866173,167.59512224405577,18.09257444367716,86.78493532866173,167.59512224405577,18.09257444367716,86.78493532866173,167.59512224405577,58.36879517344863,88.54683082979311,88.54683082979311,58.36879517344863,88.54683082979311,88.54683082979311,58.36879517344863,88.54683082979311,88.54683082979311,10.002312232679001,96.58739565802568,126.78968806649853,10.002312232679001,96.58739565802568,126.78968806649853,10.002312232679001,96.58739565802568,126.78968806649853,38.931028755993594,104.53767263527537,140.13609456524753,38.931028755993594,104.53767263527537,140.13609456524753,38.931028755993594,104.53767263527537,140.13609456524753,10.002312232679001,91.61457989861658,142.68540570079338,10.002312232679001,91.61457989861658,142.68540570079338,10.002312232679001,91.61457989861658,142.68540570079338,70.4844397721937,133.5631872935054,70.4844397721937,133.5631872935054,72.25493927753313,72.25493927753313,72.25493927753313,72.25493927753313,69.19578202462921,142.1939696330333,69.19578202462921,142.1939696330333,83.39871851533452,83.39871851533452,83.39871851533452,83.39871851533452,62.8359471162805,139.53718142488043,62.8359471162805,139.53718142488043,63.84062186413914,135.03749479311293,63.84062186413914,135.03749479311293
12.000000000000002,48.627885518496484,81.50350452587914,81.50350452587914,48.627885518496484,81.50350452587914,81.50350452587914,48.627885518496484,81.50350452587914,84.58171344918475,12.503649467255551,114.04220709895087,115.1222176645325,12.503649467255551,114.04220709895087,115.1222176645325,12.503649467255551,114.04220709895087,115.1222176645325,50.79493084944599,122.28092655847846,151.33613249980985,50.79493084944599,122.28092655847846,151.33613249980985,50.79493084944599,122.28092655847846,151.33613249980985,50.30531781034685,87.18156341796126,168.17141552594484,50.30531781034685,87.18156341796126,168.17141552594484,50.30531781034685,87.18156341796126,168.17141552594484,58.57082251428607,79.22165897025889,79.22165897025889,58.57082251428607,79.22165897025889,79.22165897025889,58.57082251428607,79.22165897025889,79.22165897025889,50.30531781034685,96.99010903179767,117.98357936594397,50.30531781034685,96.99010903179767,117.98357936594397,50.30531781034685,96.99010903179767,117.98357936594397,39.129592382236744,104.92437752972376,151.33613249980985,39.129592382236744,104.92437752972376,151.33613249980985,39.129592382236744,104.92437752972376,151.33613249980985,10.031512847023622,91.93011612088827,143.16642413638752,35.154604961512504,91.93011612088827,143.16642413638752,35.154604961512504,91.93011612088827,143.16642413638752,60.24745845261856,133.94821760665573,60.24745845261856,133.94821760665573,72.48500707042801,72.48500707042801,72.48500707042801,72.48500707042801,64.72731262766901,142.67664490027792,64.72731262766901,142.67664490027792,76.34727401813375,76.34727401813375,76.34727401813375,76.34727401813375,56.38372992273569,127.86956244548583,56.38372992273569,127.86956244548583,58.717767753892005,120.22115038544591,58.717767753892005,120.22115038544591
13.0,48.78494901093984,75.51073599164557,75.51073599164557,48.78494901093984,75.51073599164557,75.51073599164557,48.78494901093984,75.51073599164557,84.24506662113811,12.535998165283848,108.1208814244501,108.23643102024383,12.535998165283848,108.1208814244501,108.23643102024383,12.535998165283848,108.1208814244501,108.23643102024383,51.00612708292995,122.70136511058058,140.61694421370422,51.00612708292995,122.70136511058058,140.61694421370422,51.00612708292995,122.70136511058058,140.61694421370422,46.396389945770565,87.50785679011913,168.79906694054918,46.396389945770565,87.50785679011913,168.79906694054918,46.396389945770565,87.50785679011913,168.79906694054918,58.790911287375025,75.51073599164557,75.51073599164557,58.790911287375025,75.51073599164557,75.51073599164557,58.790911287375025,75.51073599164557,75.51073599164557,46.8841657705456,97.32741134952681,97.3339932911416,46.8841657705456,97.32741134952681,97.3339932911416,46.8841657705456,97.32741134952681,97.3339932911416,39.23805550737702,105.3476387965103,140.61694421370422,39.23805550737702,105.3476387965103,140.61694421370422,39.23805550737702,105.3476387965103,140.61694421370422,10.096348349774782,92.27408222247459,143.6893350252551,36.810409533174166,92.27408222247459,143.6893350252551,36.810409533174166,92.27408222247459,143.6893350252551,60.46665403344227,134.46979214678663,60.46665403344227,134.46979214678663,69.18049761312793,140.1646353400172,69.18049761312793,140.1646353400172,59.737969500142874,136.98038180703105,59.737969500142874,136.98038180703105,61.556772576216176,129.37204102896422,61.556772576216176,129.37204102896422,81.9245079326083,119.02993321009636,81.9245079326083,119.02993321009636,81.21345331901605,119.02993321009636,81.21345331901605,119.02993321009636
14.0,48.98791942918172,110.90142018928341,110.90142018928341,48.98791942918172,110.90142018928341,110.90142018928341,48.98791942918172,110.90142018928341,110.90142018928341,43.748728552953395,79.8398161946782,101.339016425067,43.748728552953395,79.8398161946782,101.339016425067,43.748728552953395,79.8398161946782,101.339016425067,51.2359736903672,123.15285217972014,130.9126617252892,51.2359736903672,123.15285217972014,130.9126617252892,51.2359736903672,123.15285217972014,130.9126617252892,42.989824377403544,66.88763899256722,158.80530532699467,42.989824377403544,87.8585510920821,158.80530532699467,42.989824377403544,66.88763899256722,158.80530532699467,59.02885946721315,100.06748347989969,100.35913635539117,59.02885946721315,100.06748347989969,100.35913635539117,59.02885946721315,100.06748347989969,100.35913635539117,61.50265238182822,97.73953268764896,97.73953268764896,61.50265238182822,97.73953268764896,97.73953268764896,61.50265238182822,97.73953268764896,97.73953268764896,39.3525729781421,105.68881208529122,130.9126617252892,39.3525729781421,105.68881208529122,130.9126617252892,39.3525729781421,105.68881208529122,130.9126617252892,10.131942064579722,92.64616155027687,144.25368279527564,37.745347395407556,92.64616155027687,144.25368279527564,37.745347395407556,92.64616155027687,144.25368279527564,55.96539109128069,128.85117384020992,55.96539109128069,128.85117384020992,64.5224088979945,140.73423535160163,64.5224088979945,140.73423535160163,51.46169692110822,125.81782465135852,51.46169692110822,125.81782465135852,61.794265510644266,129.940851928868,61.794265510644266,129.940851928868,82.28076932066205,111.26601008394253,82.28076932066205,111.26601008394253,50.11537937599595,136.6112184265992,50.11537937599595,136.6112184265992
14.999999999999998,49.20651633676174,111.39176360934411,111.39176360934411,49.20651633676174,111.39176360934411,111.39176360934411,49.20651633676174,111.39176360934411,111.39176360934411,43.930925895091264,80.20393537726189,80.20393537726189,43.930925895091264,80.20393537726189,80.20393537726189,43.930925895091264,80.20393537726189,80.20393537726189,51.48422088368435,119.06143372225954,159.89879611804463,51.48422088368435,119.06143372225954,159.89879611804463,51.48422088368435,119.06143372225954,159.89879611804463,40.0827269531403,67.13884866453996,150.72367100094132,40.0827269531403,88.23335537085734,150.72367100094132,40.0827269531403,67.13884866453996,150.72367100094132,59.284452008937386,100.50498121983804,100.79536819715477,59.284452008937386,100.50498121983804,100.79536819715477,59.284452008937386,100.50498121983804,100.79536819715477,61.75820795651376,94.06447257067889,95.10384455951294,61.75820795651376,94.06447257067889,95.10384455951294,61.75820795651376,94.06447257067889,95.10384455951294,39.59955807834224,106.17497351071015,177.48415422228544,39.59955807834224,106.17497351071015,177.48415422228544,39.59955807834224,106.17497351071015,177.48415422228544,41.45716162498344,93.04601684113082,144.98491300821613,41.45716162498344,93.04601684113082,144.98491300821613,41.45716162498344,93.04601684113082,144.98491300821613,52.53181179057125,117.09237806108474,52.53181179057125,117.09237806108474,50.77151021980733,141.34576399736923,50.77151021980733,141.34576399736923,51.61516250095509,121.12235549228721,51.61516250095509,121.12235549228721,61.76695111465354,130.42862032544852,61.76695111465354,130.42862032544852,82.6627183196875,144.37494588743576,82.6627183196875,144.37494588743576,80.60164390383115,136.99680653212323,80.60164390383115,136.99680653212323
16.0,49.440532460724974,111.91570488541811,111.91570488541811,49.440532460724974,111.91570488541811,111.91570488541811,49.440532460724974,111.91570488541811,111.91570488541811,44.16538520153538,80.59433137634433,80.59433137634433,44.16538520153538,80.59433137634433,80.59433137634433,44.16538520153538,80.59433137634433,80.59433137634433,51.750603861211125,111.85090522655595,160.6801947969942,51.750603861211125,111.85090522655595,160.6801947969942,51.750603861211125,122.83576433596203,160.6801947969942,37.67127552924111,88.77006815362935,142.07084500347,37.67127552924111,88.77006815362935,142.07084500347,37.67127552924111,88.77006815362935,142.07084500347,59.557461749137694,100.97267575933598,101.26172154373043,59.557461749137694,100.97267575933598,101.26172154373043,59.557461749137694,100.97267575933598,101.26172154373043,62.07073585837371,88.2900050968398,88.2900050968398,62.07073585837371,88.2900050968398,88.2900050968398,62.07073585837371,88.2900050968398,88.2900050968398,39.73191412454225,106.69641512253352,142.96197046767367,39.73191412454225,106.69641512253352,142.96197046767367,39.73191412454225,106.69641512253352,142.96197046767367,41.652085782107,93.51348164836983,142.07084500347,41.652085782107,93.51348164836983,142.07084500347,41.652085782107,93.51348164836983,142.07084500347,42.599603871397676,113.9106009114165,42.599603871397676,113.9106009114165,51.00628637726923,134.79104198721814,51.00628637726923,134.79104198721814,82.7956822545717,108.27568979230749,82.7956822545717,108.27568979230749,56.85939895918704,131.0786977353681,56.85939895918704,131.0786977353681,83.06729952273638,145.15724232707095,83.06729952273638,145.15724232707095,75.27885659333568,96.91584622753908,75.27885659333568,96.91584622753908
17.0,49.68974994905891,112.47277448342777,112.47277448342777,54.86197453610286,112.47277448342777,112.47277448342777,49.68974994905891,112.47277448342777,112.47277448342777,35.75087411518773,80.96784083819946,80.96784083819946,35.75087411518773,80.96784083819946,80.96784083819946,35.75087411518773,80.96784083819946,80.96784083819946,51.890509729622046,108.02140991488677,161.51354432368822,51.890509729622046,108.02140991488677,161.51354432368822,51.890509729622046,123.39215939434726,161.51354432368822,36.85274752308164,89.19991591924288,120.23154744076115,36.85274752308164,89.19991591924288,120.23154744076115,36.85274752308164,89.19991591924288,120.23154744076115,57.64031792070547,101.47014955148138,101.80044818172462,57.64031792070547,101.47014955148138,101.80044818172462,57.64031792070547,101.47014955148138,101.80044818172462,62.36185733282805,84.01961824478852,157.2517885430878,62.36185733282805,84.01961824478852,157.2517885430878,62.36185733282805,84.01961824478852,157.2517885430878,40.014060028944826,107.25262234556318,143.7936890131135,40.014060028944826,107.25262234556318,143.7936890131135,40.014060028944826,107.25262234556318,143.7936890131135,41.85954192295945,93.97024130010522,133.94075182706717,41.85954192295945,93.97024130010522,133.94075182706717,41.85954192295945,93.97024130010522,133.94075182706717,80.34068085347548,108.16942728886013,80.34068085347548,108.16942728886013,51.25579235559626,120.23154744076115,51.25579235559626,120.23154744076115,46.77703763600256,108.64679010444809,46.77703763600256,108.64679010444809,53.70303762358327,127.61710308575414,53.70303762358327,127.61710308575414,83.4820414819858,139.16042900192568,83.4820414819858,139.16042900192568,75.59844575121899,113.43114651628979,75.59844575121899,113.43114651628979
18.0,49.953941285948595,113.06248272526126,113.06248272526126,55.17115414779719,113.06248272526126,113.06248272526126,49.953941285948595,113.06248272526126,113.06248272526126,44.59379160824968,79.21568657784896,154.96975511369953,44.59379160824968,79.21568657784896,154.96975511369953,44.59379160824968,79.21568657784896,154.96975511369953,52.18357021132226,101.93606452085541,162.39804493897086,52.18357021132226,101.93606452085541,162.39804493897086,52.18357021132226,120.79993791389133,162.39804493897086,37.00168915063203,68.1478172797926,120.96745430073331,37.00168915063203,89.65280252172823,120.96745430073331,37.00168915063203,68.1478172797926,135.0448999407234,54.64417855545089,101.99696686666717,102.3282035902126,58.588874797183124,101.99696686666717,102.3282035902126,54.64417855545089,101.99696686666717,102.3282035902126,62.71444211662892,63.0004464269897,63.0004464269897,62.71444211662892,63.0004464269897,63.0004464269897,62.71444211662892,63.0004464269897,63.0004464269897,40.16372741666291,101.93606452085541,144.5307060800576,40.16372741666291,103.78726439212086,144.5307060800576,40.16372741666291,107.04496718669215,144.5307060800576,42.07934469546787,94.45361957066548,127.28167582177727,42.07934469546787,94.45361957066548,127.28167582177727,42.07934469546787,94.45361957066548,127.28167582177727,80.78979669487973,137.10260756090673,80.78979669487973,137.10260756090673,51.41883166700698,120.95712050144051,51.41883166700698,120.95712050144051,80.16623354006349,104.68737388052104,80.16623354006349,104.68737388052104,39.89619342744368,122.38106471182542,39.89619342744368,122.38106471182542,83.92154818638654,131.40633546370586,83.92154818638654,131.40633546370586,76.04696739515651,135.1873699721982,76.04696739515651,135.1873699721982
19.0,50.232870214631376,113.2281987845784,113.2281987845784,50.232870214631376,113.2281987845784,113.2281987845784,50.232870214631376,113.2281987845784,113.2281987845784,31.939395736300334,75.33801331333339,155.90101025971578,31.939395736300334,75.33801331333339,155.90101025971578,31.939395736300334,75.33801331333339,155.90101025971578,52.49404728157279,98.04335775563789,163.33286564558892,52.49404728157279,98.04335775563789,163.33286564558892,52.49404728157279,114.1714719183387,163.33286564558892,37.31789115156428,90.29188778622363,120.6611992315674,37.31789115156428,90.29188778622363,120.6611992315674,37.31789115156428,90.29188778622363,120.6611992315674,51.949073620229264,102.60027412244081,102.93241107639517,58.96097226131876,102.60027412244081,102.93241107639517,51.949073620229264,102.60027412244081,102.93241107639517,63.04007653865912,63.37220408033793,63.37220408033793,63.04007653865912,63.37220408033793,63.37220408033793,63.04007653865912,63.37220408033793,63.37220408033793,40.479933300340306,98.04335775563789,145.3070025841838,40.479933300340306,104.16552332705865,145.3070025841838,101.6053209728703,107.35979228742947,145.3070025841838,42.35913419795074,95.01082175205097,120.6611992315674,42.35913419795074,95.01082175205097,120.6611992315674,42.35913419795074,95.01082175205097,120.6611992315674,49.61634055429723,137.8753966449417,42.06096765410896,137.8753966449417,48.43780806353648,114.80908065131433,48.43780806353648,114.80908065131433,80.80609506714205,129.02180048348418,80.80609506714205,129.02180048348418,29.88519700453721,110.04828485714805,29.88519700453721,110.04828485714805,82.50197724903325,128.0942036159326,82.50197724903325,128.0942036159326,75.73721014138295,124.27841727347513,75.73721014138295,124.27841727347513
20.0,50.50045791871594,106.55729092840151,108.05843326645079,53.23045415924985,106.55729092840151,108.05843326645079,50.50045791871594,106.55729092840151,108.05843326645079,45.090187402582394,71.6597864914486,71.6597864914486,45.090187402582394,71.6597864914486,71.6597864914486,45.090187402582394,71.6597864914486,71.6597864914486,52.82163382554538,90.32787498884272,164.31714761399675,52.82163382554538,94.35590204115479,164.31714761399675,52.82163382554538,108.5270703557412,164.31714761399675,37.4849969987994,68.96828981495771,115.02228045035449,37.4849969987994,90.79716405262887,115.02228045035449,37.4849969987994,68.96828981495771,115.02228045035449,50.35991709683406,103.23689384130073,103.51961770601744,59.44591028826121,103.23689384130073,103.51961770601744,50.35991709683406,103.23689384130073,103.51961770601744,63.4314689251321,63.76438073093786,138.21767253140968,63.4314689251321,63.76438073093786,138.21767253140968,63.4314689251321,63.76438073093786,138.21767253140968,40.646340548689004,93.26725711631065,146.2895245737028,40.646340548689004,104.42742096786648,146.2895245737028,102.05628961509429,108.01446662368889,146.2895245737028,42.60541338844162,95.59867284643653,95.59867284643653,42.60541338844162,95.59867284643653,95.59867284643653,42.60541338844162,95.59867284643653,95.59867284643653,71.6597864914486,138.85649066572293,71.6597864914486,138.85649066572293,46.18161160028957,98.77707856582923,46.18161160028957,98.77707856582923,81.31497402077922,129.84269328691545,81.31497402077922,129.84269328691545,84.13456483514965,109.63861089962788,84.13456483514965,109.63861089962788,78.69562408418906,117.02830854113888,78.69562408418906,117.02830854113888,76.23073527128018,122.45458341769,76.23073527128018,122.45458341769
21.0,48.11903209749755,102.49342052053878,102.60290566060982,53.050506595130635,102.49342052053878,102.60290566060982,48.11903209749755,102.49342052053878,102.60290566060982,45.42660288861583,68.59224628192315,68.59224628192315,45.42660288861583,68.59224628192315,68.59224628192315,45.42660288861583,68.59224628192315,68.59224628192315,53.166013580105854,108.23412123725124,165.35000755972163,53.166013580105854,108.23412123725124,165.35000755972163,53.166013580105854,108.23412123725124,165.35000755972163,37.658000477986086,91.50478129584268,109.88687364740159,37.658000477986086,91.50478129584268,109.88687364740159,37.658000477986086,91.50478129584268,109.88687364740159,48.11903209749755,102.49342052053878,104.1089153242891,59.66465662349864,102.49342052053878,104.1089153242891,48.11903209749755,102.49342052053878,104.1089153242891,63.8430203702801,64.17660204467045,139.0741708585746,63.8430203702801,64.17660204467045,139.0741708585746,63.8430203702801,64.17660204467045,139.0741708585746,40.99542657419239,108.23412123725124,147.15000849473302,40.99542657419239,108.23412123725124,147.15000849473302,102.53709694544702,108.23412123725124,147.15000849473302,42.86340222147561,96.21661109184838,96.21661109184838,42.86340222147561,96.21661109184838,96.21661109184838,42.86340222147561,96.21661109184838,96.21661109184838,47.39632105976158,137.0953135595816,38.286306298727744,137.0953135595816,44.08022515822713,99.39427171623122,44.08022515822713,99.39427171623122,81.84818263101509,130.53016892657422,81.84818263101509,130.53016892657422,30.22623033062509,103.88434073526192,30.22623033062509,103.88434073526192,59.19565017803251,117.31634583467046,59.19565017803251,117.31634583467046,75.19392428913389,137.49409078211326,75.19392428913389,137.49409078211326
22.0,46.17137912170265,94.10662171175841,94.10662171175841,51.68680924568666,94.10662171175841,94.10662171175841,46.17137912170265,94.10662171175841,99.65312965481817,30.407647064513228,30.407647064513228,157.5218238848192,30.407647064513228,30.407647064513228,157.5218238848192,30.407647064513228,30.407647064513228,157.5218238848192,53.526862415052875,128.7347078297069,166.4305410674375,59.288247148992355,128.7347078297069,166.4305410674375,90.2073237048966,128.7347078297069,166.4305410674375,38.021375566909725,69.86862672186996,104.94839803446263,38.021375566909725,92.06044210191476,104.94839803446263,38.021375566909725,69.86862672186996,104.94839803446263,46.17137912170265,98.2906976778576,98.2906976778576,59.42963276009704,98.2906976778576,98.2906976778576,46.17137912170265,98.2906976778576,100.9031280486388,64.27434363725544,64.60848434996753,140.1539332305733,64.27434363725544,64.60848434996753,140.1539332305733,64.27434363725544,64.60848434996753,140.1539332305733,41.177967409769025,109.42177571214972,148.23165991109997,41.177967409769025,109.42177571214972,148.23165991109997,100.93010576631731,109.42177571214972,148.23165991109997,43.13289058247778,96.86406067267674,96.86406067267674,43.13289058247778,96.86406067267674,96.86406067267674,43.13289058247778,96.86406067267674,96.86406067267674,33.75092591322496,131.71228112822283,33.75092591322496,131.71228112822283,76.3683507743882,99.98763048497548,76.3683507743882,99.98763048497548,82.40524861924754,131.42726125123357,82.40524861924754,131.42726125123357,87.88131200659217,88.25318691129516,87.88131200659217,88.25318691129516,69.86862672186996,134.7687834774804,69.86862672186996,134.7687834774804,71.99445291131809,110.53562774056155,71.99445291131809,110.53562774056155
23.0,44.23766777306416,94.2857690746594,94.2857690746594,50.75688376959326,94.2857690746594,94.2857690746594,44.23766777306416,94.2857690746594,98.69686545174574,46.02309202997991,46.02309202997991,151.26673461141417,46.02309202997991,46.02309202997991,151.26673461141417,46.02309202997991,46.02309202997991,151.26673461141417,53.90384958423656,129.67314679608882,167.55782583932032,59.68275504699829,129.67314679608882,167.55782583932032,90.40963029456542,129.67314679608882,167.55782583932032,38.211582013834494,100.66737927451972,178.3272974056412,38.211582013834494,100.66737927451972,178.3272974056412,38.211582013834494,100.66737927451972,178.3272974056412,40.71346521729635,94.2857690746594,94.2857690746594,56.94125262057377,94.2857690746594,94.2857690746594,40.71346521729635,94.2857690746594,101.55592671035994,62.37086659651283,63.047571325150976,141.0961551566874,62.37086659651283,63.047571325150976,141.0961551566874,62.37086659651283,63.047571325150976,141.0961551566874,41.5586934347075,110.1731591632009,149.17313766224802,41.5586934347075,110.1731591632009,149.17313766224802,95.50966574122222,110.1731591632009,149.17313766224802,43.4711542289827,97.54043392357858,97.54043392357858,43.4711542289827,97.54043392357858,97.54043392357858,43.4711542289827,97.54043392357858,110.82700483185495,73.13771257019185,122.71155202343421,73.13771257019185,122.71155202343421,76.89815504938983,95.42812085543757,76.89815504938983,95.42812085543757,73.59772414959582,126.18686540206949,73.59772414959582,126.18686540206949,88.59814473226852,136.82698929670272,88.59814473226852,136.82698929670272,86.40384829392728,135.71155072432117,86.40384829392728,135.71155072432117,84.5596313260648,127.63473273368812,84.5596313260648,127.63473273368812
24.000000000000004,42.59273705692087,90.7221651527343,117.65468541456391,50.800307577809015,90.7221651527343,117.65468541456391,42.25755849549285,94.52648438400742,117.65468541456391,46.38481702022764,46.38481702022764,123.0370879044201,46.38481702022764,46.38481702022764,123.0370879044201,46.38481702022764,46.38481702022764,123.0370879044201,54.29663893833577,130.6526884530127,163.45221014106846,60.15289893263665,130.6526884530127,163.45221014106846,90.70405861922606,130.6526884530127,163.45221014106846,38.60861302870125,96.82990886084733,179.6959237155924,38.60861302870125,96.82990886084733,179.6959237155924,38.60861302870125,96.82990886084733,179.6959237155924,41.00806323151582,90.7221651527343,106.43897899735792,54.74619849816058,90.66014146249718,106.43897899735792,41.00806323151582,90.7221651527343,106.43897899735792,59.910401851431445,60.540275850048786,142.07612396176918,59.910401851431445,60.540275850048786,142.07612396176918,59.910401851431445,60.540275850048786,142.07612396176918,41.7567359835512,94.35107312585268,150.35000831393393,41.7567359835512,94.35107312585268,150.35000831393393,92.36352770439206,94.35107312585268,163.45221014106846,43.765183079703895,98.18327887171012,153.04125260856955,43.765183079703895,98.18327887171012,153.04125260856955,43.765183079703895,98.18327887171012,153.04125260856955,73.74025359327156,121.61671348955291,73.74025359327156,121.61671348955291,77.4854905772687,125.72837786275619,77.4854905772687,125.72837786275619,74.19596518679434,113.84693671768248,74.19596518679434,113.84693671768248,89.22513659277861,137.1518319236021,89.22513659277861,137.1518319236021,86.99209734222988,136.69354410505275,86.99209734222988,136.69354410505275,62.77253579392822,128.4197220056172,62.77253579392822,128.4197220056172
25.0,40.960850210902606,118.47204311566506,118.47204311566506,50.9104728911449,118.47204311566506,118.47204311566506,40.62549999692311,118.47204311566506,134.30050260516526,31.202964602742476,31.202964602742476,124.05895775799505,31.202964602742476,31.202964602742476,124.05895775799505,31.202964602742476,31.202964602742476,124.05895775799505,54.70489009220291,131.6724154863121,157.55990924089795,60.58078284406698,131.6724154863121,157.55990924089795,88.80596826790416,131.6724154863121,162.0883246874987,39.0272340808313,71.46765002432919,181.121851249373,39.0272340808313,71.46765002432919,181.121851249373,39.0272340808313,71.46765002432919,181.121851249373,41.23185964760745,106.9600451103121,107.23295319070533,52.84014808836175,106.9600451103121,107.23295319070533,41.23185964760745,106.9600451103121,107.23295319070533,57.73470576698213,58.26770117311992,140.3411023186009,57.73470576698213,58.26770117311992,140.3411023186009,57.73470576698213,58.26770117311992,140.3411023186009,42.1678194835825,90.70901278263368,151.577125582985,77.73336638792892,90.70901278263368,151.577125582985,88.80596826790416,90.70901278263368,157.55990924089795,44.132258609774325,93.29451350427848,154.26640917581506,44.132258609774325,93.29451350427848,154.26640917581506,44.132258609774325,93.29451350427848,154.26640917581506,74.36817195548106,117.08170224249389,74.36817195548106,117.08170224249389,67.66184301362179,126.74827414998596,67.66184301362179,126.74827414998596,74.77955101496666,114.66527373184961,74.77955101496666,114.66527373184961,87.78168943464235,138.37675021476693,87.78168943464235,138.37675021476693,87.81016455969092,134.30050260516526,87.81016455969092,134.30050260516526,85.99781973980504,129.4377263397345,85.99781973980504,129.4377263397345
26.0,39.61207202356373,119.53294524941649,119.53294524941649,50.9493498486487,119.53294524941649,119.53294524941649,39.27666291832848,119.53294524941649,129.8041794396467,31.41854547874551,31.41854547874551,125.12244003375254,31.41854547874551,31.41854547874551,125.12244003375254,31.41854547874551,31.41854547874551,125.12244003375254,55.1282595408199,132.73140171037147,152.16479553431537,61.08822513381773,132.73140171037147,152.16479553431537,85.5666187832615,132.73140171037147,163.1490882597877,39.244426355853385,72.09033395677952,182.60373763973178,39.244426355853385,72.09033395677952,182.60373763973178,39.244426355853385,72.09033395677952,182.60373763973178,39.61207202356373,107.78546400141346,108.12081783819433,50.9493498486487,107.78546400141346,108.12081783819433,39.61207202356373,107.78546400141346,108.12081783819433,55.56640171902442,104.96726275367953,135.39433149138853,55.56640171902442,104.96726275367953,135.39433149138853,55.56640171902442,104.96726275367953,135.39433149138853,42.38071495385608,87.54784406254674,152.16479553431537,74.90851920843183,87.54784406254674,152.16479553431537,42.38071495385608,87.54784406254674,156.41491297187747,44.514506062630865,90.05779394366708,155.5397859070148,44.514506062630865,90.05779394366708,155.5397859070148,44.514506062630865,90.05779394366708,155.5397859070148,65.40737725975565,145.02801453512353,65.40737725975565,145.02801453512353,68.31270013694379,127.80893943695801,68.31270013694379,127.80893943695801,64.95864068774839,135.63415867693507,64.95864068774839,135.63415867693507,84.63524679470132,135.39433149138853,84.63524679470132,135.39433149138853,78.37490031891588,129.8041794396467,78.37490031891588,129.8041794396467,80.39045341332515,129.8041794396467,80.39045341332515,129.8041794396467
27.0,50.74757383363268,97.83916010473516,97.83916010473516,50.74757383363268,97.83916010473516,97.83916010473516,50.74757383363268,97.83916010473516,125.79000357739083,31.64055941351227,31.64055941351227,126.00248013432116,31.64055941351227,31.64055941351227,126.00248013432116,31.64055941351227,31.64055941351227,126.00248013432116,55.77872578322312,133.82871515485755,134.4995353151824,61.68201723355033,133.82871515485755,134.4995353151824,82.4160254440846,140.08970340463998,172.9598941951573,39.6941431448016,39.6941431448016,184.14023188863428,39.6941431448016,39.6941431448016,184.14023188863428,39.6941431448016,39.6941431448016,184.14023188863428,50.74757383363268,108.70649129651825,109.04190134989393,50.74757383363268,108.70649129651825,125.34602107765528,50.74757383363268,108.70649129651825,126.23440497740701,28.14109539445826,106.02321090214161,130.4918579835539,28.14109539445826,106.02321090214161,130.4918579835539,28.14109539445826,106.02321090214161,130.4918579835539,42.820847726312,84.41341717997204,146.8166373405957,75.16579175396213,84.41341717997204,146.8166373405957,73.4887491388988,149.4845309722715,151.94118928058975,44.844355832144586,86.98273535593141,156.86020846600962,44.844355832144586,86.98273535593141,156.86020846600962,44.844355832144586,86.98273535593141,156.86020846600962,31.964609335951533,106.22441456652044,14.870272357963051,106.22441456652044,30.287559327222127,128.90936738654798,30.287559327222127,128.90936738654798,69.4051961311255,136.73560253277125,69.4051961311255,136.73560253277125,82.40524861924754,116.61099862362899,82.40524861924754,116.61099862362899,69.46384851129399,123.31919964060747,39.27723577340951,123.31919964060747,80.38734353118033,125.34602107765528,80.38734353118033,125.34602107765528
28.0,53.371446017510145,98.72604139739423,98.72604139739423,53.371446017510145,98.72604139739423,121.36978619079791,53.371446017510145,98.72604139739423,124.04485075971513,47.985674945758554,47.985674945758554,126.95717781992478,47.985674945758554,47.985674945758554,126.95717781992478,47.985674945758554,47.985674945758554,126.95717781992478,56.250555552812095,135.1947669105576,135.6378450138456,62.22966535343092,135.1947669105576,135.6378450138456,56.250555552812095,141.22721055094163,174.5512102507456,39.92649496261849,39.92649496261849,185.96135351195957,39.92649496261849,39.92649496261849,185.96135351195957,39.92649496261849,39.92649496261849,185.96135351195957,64.71009388032132,109.72933176685257,110.06469120476376,64.71009388032132,109.72933176685257,121.36978619079791,64.71009388032132,121.36978619079791,126.69500779430892,28.346626783446386,106.97708282618291,107.17943482776907,28.346626783446386,106.97708282618291,107.17943482776907,28.346626783446386,106.97708282618291,107.17943482776907,43.27961413876053,82.63549479491243,142.39952598235712,75.58042901439498,82.63549479491243,145.0452515596426,73.9733482411064,150.40154586971505,152.8696340023093,45.25341147361158,84.20045278975641,84.20045278975641,45.25341147361158,84.20045278975641,84.20045278975641,45.25341147361158,84.20045278975641,105.32205965513586,66.54415827103082,127.81285146650943,66.54415827103082,127.81285146650943,79.75039184856712,126.51729130834251,79.75039184856712,126.51729130834251,67.15319240363782,137.43043694902522,67.15319240363782,137.43043694902522,67.72836370384272,117.75238851080687,67.72836370384272,117.75238851080687,73.01797723848559,107.17943482776907,73.01797723848559,107.17943482776907,87.78168943464235,115.95958347631299,81.07481113144821,115.95958347631299
29.000000000000004,53.86493525476476,99.64319469988905,99.64319469988905,53.86493525476476,99.64319469988905,117.43136293171429,53.86493525476476,117.43136293171429,128.8434127148144,48.42991069576735,48.42991069576735,122.57905612297722,48.42991069576735,48.42991069576735,122.57905612297722,48.42991069576735,48.42991069576735,122.57905612297722,56.72411303846011,136.37310951943567,137.0515413995771,62.79547157239923,136.37310951943567,137.0515413995771,56.72411303846011,142.63809098554285,176.1976872719957,40.40575454065918,40.40575454065918,182.3639904147746,40.40575454065918,40.40575454065918,182.3639904147746,40.40575454065918,40.40575454065918,182.3639904147746,65.34536135029019,110.71671621756128,111.05193041996164,65.34536135029019,110.71671621756128,117.43136293171429,65.34536135029019,117.43136293171429,127.87347262039927,28.6293773945575,107.9633792079518,108.16679827932413,28.6293773945575,107.9633792079518,108.16679827932413,28.6293773945575,107.9633792079518,108.16679827932413,43.75642809919475,115.78266277815517,137.58679079039527,75.82028917117105,115.78266277815517,146.66841855014323,74.33593511889119,156.9637697049864,156.9637697049864,45.67653938292611,81.57552482209354,159.1983825294717,45.67653938292611,81.57552482209354,159.1983825294717,45.67653938292611,81.57552482209354,159.1983825294717,46.42870879100559,128.99079424517083,46.42870879100559,128.99079424517083,30.98888913788295,122.57905612297722,30.844063448255323,122.57905612297722,46.23445684768017,137.58679079039527,46.23445684768017,137.58679079039527,68.36224286841384,118.69551381581361,68.36224286841384,118.69551381581361,80.47126816448215,108.16679827932413,73.72330025168434,108.16679827932413,87.27067806543043,117.13934010399751,54.73230307597151,117.13934010399751
29.999999999999996,54.448243773330276,113.06423506131371,113.39885912124511,54.448243773330276,113.06423506131371,113.39885912124511,54.448243773330276,113.06423506131371,121.70918206939031,32.59025928095694,32.59025928095694,119.1118172139104,32.59025928095694,32.59025928095694,119.1118172139104,32.59025928095694,32.59025928095694,119.1118172139104,57.21123141481924,133.68853727975335,133.68853727975335,63.45310276101556,133.68853727975335,133.68853727975335,57.21123141481924,144.16180145933248,177.89779369064698,40.65249069860296,40.65249069860296,132.43913696487152,40.65249069860296,40.65249069860296,132.43913696487152,40.65249069860296,40.65249069860296,132.43913696487152,65.928114260913,111.80872618002586,112.14368573397256,71.56972998412108,111.80872618002586,116.99626062400456,65.928114260913,111.80872618002586,153.41161950778044,28.921812702526097,108.93403967539255,109.18562748823673,28.921812702526097,108.93403967539255,109.18562748823673,28.921812702526097,108.93403967539255,109.18562748823673,44.00142043161789,116.99626062400456,133.68853727975335,74.78707274656496,116.99626062400456,158.42387761950533,74.78707274656496,158.42387761950533,158.42387761950533,46.113352187842516,79.10654998165448,160.65685481796288,46.113352187842516,79.10654998165448,160.65685481796288,46.113352187842516,79.10654998165448,160.65685481796288,57.02740569235111,130.20608664728388,57.02740569235111,130.20608664728388,70.91984912561503,106.97140388907683,70.91984912561503,106.97140388907683,60.75583305329621,134.80402442063811,17.982804286317524,134.80402442063811,69.0906741174234,119.54340216005231,69.0906741174234,119.54340216005231,81.21345331901605,141.75022045838236,54.358911412941296,141.75022045838236,86.21053444910314,113.39885912124511,82.51439268394333,113.39885912124511
31.0,54.9750511595942,101.64118874747578,110.18360245517478,54.9750511595942,101.64118874747578,110.18360245517478,54.9750511595942,118.68076929309146,122.28092655847846,48.10535313247373,90.14195055577619,115.09707316000697,48.10535313247373,90.14195055577619,115.09707316000697,48.10535313247373,90.14195055577619,115.09707316000697,57.933507143966345,129.8292147399806,179.65000695797372,70.97655422743485,129.8292147399806,179.65000695797372,57.933507143966345,139.77347745548866,179.65000695797372,41.15974975628496,41.15974975628496,133.94261831097674,41.15974975628496,41.15974975628496,133.94261831097674,41.15974975628496,41.15974975628496,133.94261831097674,66.60346274781814,109.8494253512507,110.18360245517478,71.41205255417323,109.8494253512507,120.4808076002149,66.60346274781814,113.26961750619624,149.1228520381769,29.22364197015834,110.18196880615267,110.31115650739956,29.22364197015834,110.18196880615267,110.31115650739956,29.22364197015834,110.18196880615267,110.31115650739956,44.504213283688095,118.2502642703178,129.8292147399806,72.59666831198247,118.2502642703178,159.92693644286445,72.59666831198247,159.92693644286445,194.91568690077256,46.63974967771589,76.91980401691102,76.91980401691102,46.63974967771589,76.91980401691102,76.91980401691102,46.63974967771589,76.91980401691102,76.91980401691102,43.38922677347454,131.37018307058875,26.728846776469798,131.37018307058875,71.68769071465478,108.09813250005756,71.68769071465478,108.09813250005756,62.383140751328,121.16569233904455,62.58874699177161,121.16569233904455,69.76733655515308,115.09707316000697,69.76733655515308,115.09707316000697,80.72487999371694,128.11176760938082,52.68663255513679,128.11176760938082,85.53795210314541,136.85804689531412,80.00703094103667,136.85804689531412
32.0,55.51672045429196,102.72475967360546,102.72475967360546,55.51672045429196,102.72475967360546,108.33764927300204,55.51672045429196,126.4876476182556,126.4876476182556,46.8254738363639,91.07019957153932,91.07019957153932,46.8254738363639,91.07019957153932,91.07019957153932,46.8254738363639,91.07019957153932,91.07019957153932,58.486109461991056,126.43427146149892,181.71440504263828,70.68398863957806,126.43427146149892,181.71440504263828,58.486109461991056,140.6382771509947,181.71440504263828,41.684829374725766,74.75607834818517,135.23359419907467,41.684829374725766,74.75607834818517,135.23359419907467,41.684829374725766,74.75607834818517,135.23359419907467,67.2991177505322,107.1296702599238,107.1296702599238,71.82925065737496,108.90707621637814,144.87969146847325,67.2991177505322,113.89688318825937,144.87969146847325,29.53457719352014,111.2233114054783,111.75558710865421,29.53457719352014,111.2233114054783,111.75558710865421,29.53457719352014,111.2233114054783,111.75558710865421,45.023604920086086,119.54340216005231,120.65705532624273,70.68398863957806,119.54340216005231,161.73319078037136,70.68398863957806,161.73319078037136,189.40201952460802,47.10489624232284,74.75607834818517,74.75607834818517,47.10489624232284,74.75607834818517,74.75607834818517,47.10489624232284,74.75607834818517,74.75607834818517,58.3277378268693,127.12444690145165,58.3277378268693,127.12444690145165,57.67855970809257,109.18109383038805,57.67855970809257,109.18109383038805,79.82826097316664,122.45866649608757,79.82826097316664,122.45866649608757,70.54187586107984,111.91553176391558,70.54187586107984,111.91553176391558,80.76389199388548,107.1296702599238,51.28695009454159,107.1296702599238,84.66148032015504,135.44602245913313,77.88533238036543,135.44602245913313
33.0,56.15341708213312,103.83949754308328,103.83949754308328,56.15341708213312,103.83949754308328,114.65422473681464,56.15341708213312,114.3661717904381,141.10324234403686,45.55902764546232,92.10494693554739,92.10494693554739,45.55902764546232,92.10494693554739,92.10494693554739,45.55902764546232,92.10494693554739,92.10494693554739,57.75919840163989,123.0756880947655,183.573214277029,68.79172370278273,123.0756880947655,183.573214277029,57.75919840163989,142.23440160523754,183.573214277029,42.227064780777745,72.7424996133622,136.82698929670272,42.227064780777745,72.7424996133622,136.82698929670272,42.227064780777745,72.7424996133622,136.82698929670272,44.62607141570945,104.23570045814438,104.23570045814438,71.9112734555577,109.91392655164313,141.66553921119984,44.62607141570945,114.49260347288815,145.57000034347737,29.854333856242715,108.68744752730187,154.58209792857645,29.854333856242715,108.60481688212543,154.58209792857645,29.854333856242715,108.68744752730187,154.58209792857645,45.55902764546232,120.87441830263342,121.98616724858601,68.79172370278273,120.87441830263342,163.59439171316356,45.55902764546232,163.59439171316356,189.67109690197924,47.582520425046845,72.7424996133622,162.73636655646456,47.582520425046845,72.7424996133622,162.73636655646456,47.582520425046845,72.7424996133622,162.73636655646456,41.262876778043484,112.74398542716148,41.262876778043484,112.74398542716148,58.3163463361689,136.82698929670272,58.3163463361689,136.82698929670272,62.59198231403124,123.76843297060846,63.13280644799501,123.76843297060846,68.956698369339,97.43149516455138,68.956698369339,97.43149516455138,80.43923949168092,130.72920484727197,49.902567569214305,130.72920484727197,84.35476424008309,132.08945832275944,68.22156000854862,132.08945832275944
34.0,56.808329054813775,101.62369925366818,129.4531768632968,56.808329054813775,101.62369925366818,129.4531768632968,56.808329054813775,112.68050519056081,137.3703934623469,44.30716646322579,93.16901979735539,93.16901979735539,44.30716646322579,93.16901979735539,93.16901979735539,44.30716646322579,93.16901979735539,93.16901979735539,56.099242419127194,102.28025835907924,179.80857877198184,66.79776380987614,108.44538371917912,179.80857877198184,56.099242419127194,143.87538010375508,179.80857877198184,42.50441153574532,70.87662696545314,138.4670538431435,42.50441153574532,70.87662696545314,138.4670538431435,42.50441153574532,70.87662696545314,138.4670538431435,45.11797036658453,101.62369925366818,117.09058992933633,70.12728605899417,111.43238420674663,137.3703934623469,45.11797036658453,112.68050519056081,148.1861160837951,30.18263159500841,106.15851944144661,156.21819676337324,30.18263159500841,106.15851944144661,156.21819676337324,30.18263159500841,106.15851944144661,156.21819676337324,46.10992301012874,118.88997539742364,165.23203381911148,66.92160525570199,120.33800833485653,165.23203381911148,46.10992301012874,130.0100957618292,191.3194318410966,48.15502310247603,48.15502310247603,158.58948578011092,48.15502310247603,48.15502310247603,158.58948578011092,48.15502310247603,48.15502310247603,158.58948578011092,49.236686017643386,113.97063766602342,49.236686017643386,113.97063766602342,58.971656327425634,106.15851944144661,58.971656327425634,106.15851944144661,62.05442167968371,120.1800992261198,62.80371207181945,120.1800992261198,60.81221094484232,98.49444781306204,60.81221094484232,98.49444781306204,79.9462710199794,128.76965869334282,66.91505809606684,128.76965869334282,84.80672880143415,123.35163152548895,103.36975500599776,126.96702327769995
35.0,57.48083376222025,99.16514634688943,99.16514634688943,57.48083376222025,99.16514634688943,130.85535908016914,57.48083376222025,133.1056910879471,136.13642054938862,43.348832164200225,94.26142503696833,94.26142503696833,43.348832164200225,94.26142503696833,94.26142503696833,43.348832164200225,94.26142503696833,94.26142503696833,54.86916255967463,103.41610730442332,175.30152594886331,67.13844837349163,109.70595357591128,175.30152594886331,54.86916255967463,145.55969565782968,175.30152594886331,43.071162046083685,139.45653444711726,139.8682415704151,43.071162046083685,139.45653444711726,139.8682415704151,43.071162046083685,139.45653444711726,139.8682415704151,45.62232183920498,94.26142503696833,118.4341430922688,69.89074509547025,109.70595357591128,136.5471530278094,45.62232183920498,136.95847910954618,141.7078861602275,30.519194779679232,103.4546096121386,157.48214184471837,30.519194779679232,103.4546096121386,157.48214184471837,30.519194779679232,103.4546096121386,157.48214184471837,46.67574316494596,115.9396664218075,167.19038548911837,65.32022083551156,122.70136511058058,167.19038548911837,118.76633045606823,130.85535908016914,186.81039853284398,48.74342263321278,108.94735540617769,155.59763815688206,48.74342263321278,108.94735540617769,155.59763815688206,48.74342263321278,108.94735540617769,155.59763815688206,82.47802737699296,136.95847910954618,82.47802737699296,136.95847910954618,59.643912095032796,139.45653444711726,59.643912095032796,139.45653444711726,82.59918280467429,117.23001428815061,86.14996372605157,117.23001428815061,61.66948191772005,99.8394523722962,61.66948191772005,102.54324087915302,79.18245544310936,125.48954139688296,30.65454697104493,125.48954139688296,94.6889183062094,136.95847910954618,102.61781643554885,136.95847910954618
36.0,58.17032104088819,96.73715030948554,130.8534485598297,58.17032104088819,99.39268710523929,130.8534485598297,58.17032104088819,114.6550097030217,156.99243612352794,42.25596111792986,95.38118918319272,138.68354264295385,42.25596111792986,95.38118918319272,138.68354264295385,42.25596111792986,95.38118918319272,138.68354264295385,53.652819124441166,104.62287632253282,147.98352948892656,68.00585452738609,108.22814444496403,147.98352948892656,53.652819124441166,123.35623717510192,171.25456198303158,43.65346492547871,141.18294868715557,141.58963592014777,43.65346492547871,141.18294868715557,141.58963592014777,43.65346492547871,141.18294868715557,141.58963592014777,46.225926167033144,95.38118918319272,119.89781586834683,69.85886665270199,119.56651391589536,138.68354264295385,46.225926167033144,139.38122183421984,164.45402092986356,30.75101624336991,101.02725498596901,159.45414701411815,30.75101624336991,101.02725498596901,159.45414701411815,30.75101624336991,101.02725498596901,159.45414701411815,47.25595200607009,113.14758614305477,169.48930644733903,63.61742096312928,123.23506501803777,169.48930644733903,119.9505366807502,132.58063584098548,182.3557649212111,49.34715037365379,110.32482154982168,151.95435169813334,49.34715037365379,110.32482154982168,151.95435169813334,49.34715037365379,110.32482154982168,151.95435169813334,52.13713887431876,138.68354264295385,50.428228701789635,138.68354264295385,86.37201514379527,137.6540046638673,86.37201514379527,137.6540046638673,59.53705778756622,105.7039793479886,86.77762528440151,113.1225275972916,64.03691318294473,128.27948004260074,64.03691318294473,128.27948004260074,78.40718238783995,135.48662295592138,68.65220316930841,135.48662295592138,95.90696663955127,144.78648072247628,70.742534941858,144.78648072247628
37.0,58.876194255403426,94.58002563966664,128.05516389431548,62.2650885328207,103.33557591652547,128.05516389431548,58.876194255403426,116.2667891102184,159.05227128211655,41.2972910733864,96.61659407161899,140.45150408592997,41.2972910733864,96.61659407161899,140.45150408592997,41.2972910733864,96.61659407161899,140.45150408592997,52.451167765837205,106.36644795235009,149.75187811843963,61.51508961222441,106.36644795235009,149.75187811843963,52.451167765837205,120.94507534414123,174.3505807274527,44.25070620905388,142.9514777817984,143.65105290251094,44.25070620905388,142.9514777817984,143.65105290251094,44.25070620905388,142.9514777817984,143.65105290251094,46.75586861560803,94.58002563966664,121.39741039247913,70.09519420045856,121.06705270221126,160.85746796465497,96.88519623760897,146.5524650082693,160.85746796465497,31.305291086332357,31.305291086332357,156.55869506354477,31.305291086332357,31.305291086332357,156.55869506354477,31.305291086332357,35.17571960884383,156.55869506354477,47.85002612329485,110.51167924703705,167.259155205328,62.2965187630898,120.94507534414123,167.259155205328,120.94507534414123,134.05269486287847,179.15251882125466,49.965650701256756,111.73686164377446,148.35809718380727,49.965650701256756,111.73686164377446,148.35809718380727,49.965650701256756,111.73686164377446,148.35809718380727,67.55090672966574,111.80128018050597,67.55090672966574,111.80128018050597,84.35120034712014,135.15777817055147,84.35120034712014,135.15777817055147,58.75684002735341,129.75216761195168,85.27899067179442,129.75216761195168,47.38540123286918,129.75216761195168,47.38540123286918,129.75216761195168,78.13524332847501,137.15000911410834,69.55303731685626,137.15000911410834,96.30420551564714,144.4563082734707,116.2667891102184,144.4563082734707
38.0,59.68916358938195,85.25128298154814,124.8031099372127,63.08253522172361,110.18237722067899,127.48186145487522,59.68916358938195,117.8255967521489,157.30742194823486,40.46901592576721,96.5040478425646,142.26076409186055,40.46901592576721,96.5040478425646,142.26076409186055,40.46901592576721,96.5040478425646,142.26076409186055,51.2652416360247,107.57609516058854,151.86383703831535,60.99164901853368,110.54893147380484,151.86383703831535,51.2652416360247,118.32390396703448,174.40936041394107,44.86228928621454,64.48054939282078,145.20373617782704,44.86228928621454,64.48054939282078,145.20373617782704,44.86228928621454,64.48054939282078,145.20373617782704,47.388250125954215,122.6936275851358,123.02290945185779,69.12160479907855,122.6936275851358,157.30742194823486,47.388250125954215,148.66278956080436,162.56421808011748,31.758404399465665,75.73982604944376,153.0118459466456,31.758404399465665,75.73982604944376,153.0118459466456,31.758404399465665,75.73982604944376,153.0118459466456,48.457455566713364,108.5685555305955,163.71049141701334,60.99164901853368,118.32390396703448,163.71049141701334,118.32390396703448,135.8588421855567,216.76744451139336,50.59838189112375,113.18218168068681,145.20373617782704,50.59838189112375,113.18218168068681,145.20373617782704,50.59838189112375,113.18218168068681,145.20373617782704,74.45026024131816,138.0982440149041,74.45026024131816,138.0982440149041,82.35669371702582,82.35669371702582,82.35669371702582,82.35669371702582,51.2652416360247,131.5603473695627,51.2652416360247,131.5603473695627,48.01933204450057,131.5603473695627,48.01933204450057,131.5603473695627,77.9719500846298,138.35868241639193,44.16021965525081,138.35868241639193,102.08957463913737,129.76180100476412,116.99600954733457,136.86535354135464
39.0,58.606537604605165,86.36047272913692,122.12049889351091,62.65916732609842,111.66071936898848,129.35658081442938,58.606537604605165,119.513247173692,153.8071032169841,39.4730921008223,94.521723693551,144.1097671915405,39.4730921008223,94.521723693551,144.1097671915405,39.4730921008223,94.521723693551,144.1097671915405,50.09615753728024,106.35269742700466,153.7144267790112,59.587676997849144,110.2895337282736,153.7144267790112,50.09615753728024,116.304712931162,170.51722786862328,45.48763568267755,63.197280400346344,142.0919596599329,45.48763568267755,63.197280400346344,142.0919596599329,45.48763568267755,63.197280400346344,142.0919596599329,48.035260486438496,121.58242574484193,122.12049889351091,67.59834502412022,121.58242574484193,154.89714329192776,48.035260486438496,150.51287320359012,176.12531050362978,32.12890054141287,76.84927618396935,149.9020513535422,32.12890054141287,76.84927618396935,149.9020513535422,32.12890054141287,76.84927618396935,149.9020513535422,49.07774444694866,106.35269742700466,160.2096282999246,59.587676997849144,115.73746692406915,160.2096282999246,115.73746692406915,137.70666287438672,216.674006285941,16.359248148982886,114.75289212041672,115.17446005951146,16.359248148982886,114.75289212041672,115.17446005951146,16.359248148982886,114.75289212041672,129.35658081442938,54.313361615720304,135.68944321501212,54.03634193762564,135.68944321501212,80.39045341332515,119.01632766137594,80.39045341332515,119.01632766137594,46.41875967752693,133.41148751138337,6.754628043053148,133.41148751138337,48.66766123412959,128.72731353524009,48.66766123412959,128.72731353524009,83.1509545946407,114.13102667548382,83.1509545946407,114.13102667548382,100.02047915302145,131.30356050008697,121.40612113892776,137.70666287438672
40.0,57.456951276586196,87.58799147143404,113.47720586091287,62.14282943349136,113.26604191018595,129.66738699457161,57.456951276586196,124.49986445775754,150.7402567332297,38.69916019760635,92.5671985640702,146.31515642612013,38.69916019760635,92.5671985640702,146.31515642612013,38.69916019760635,92.5671985640702,146.31515642612013,50.33086776521939,104.05357394150381,155.9186486601266,58.319818672557616,109.19654870919686,155.9186486601266,50.33086776521939,117.8376266308856,167.0647329630045,46.12618562161844,61.81720027629851,139.02562713399283,46.12618562161844,61.81720027629851,139.02562713399283,46.12618562161844,61.81720027629851,139.02562713399283,48.69631659581656,108.54492733426099,119.59135106687272,66.09751319073963,108.5279284331918,153.9987824627195,48.69631659581656,150.7402567332297,178.64524902722715,32.601629560498964,77.88893535027937,77.88893535027937,32.601629560498964,77.88893535027937,77.88893535027937,32.601629560498964,77.88893535027937,77.88893535027937,50.33086776521939,104.05357394150381,157.1404626440943,58.319818672557616,113.30318287674004,157.1404626440943,113.30318287674004,139.9129193462848,212.45734866085476,15.972632844963288,116.35828827376243,116.7806116185388,15.972632844963288,116.35828827376243,116.7806116185388,15.972632844963288,116.35828827376243,129.83905903078627,54.17108315328391,123.17626090282168,23.11387570270291,123.17626090282168,58.16463702285092,120.71752668937515,58.16463702285092,120.71752668937515,64.8864874222669,133.0061088822615,64.8864874222669,133.0061088822615,49.326716898654425,126.71746623887331,49.326716898654425,126.71746623887331,88.16332145512668,123.17626090282168,64.8864874222669,123.17626090282168,101.06911620272535,135.17812323005523,121.52837631598638,137.35219328427195
41.0,36.2734923876927,115.0030053955113,141.84542643314236,61.8550422358598,115.0030053955113,141.84542643314236,36.2734923876927,126.32854487407032,148.09329829536514,37.9358010327975,90.75464864126795,143.81455072418785,37.9358010327975,90.75464864126795,143.81455072418785,37.9358010327975,90.75464864126795,143.81455072418785,49.31066061208266,102.01549514657076,155.1503303251398,57.18414334411245,109.86232862086985,155.1503303251398,49.31066061208266,119.69497169889803,165.21992918531348,46.777398388538025,60.57149700973223,136.38227524132304,46.777398388538025,60.57149700973223,136.38227524132304,46.777398388538025,60.57149700973223,136.38227524132304,49.46828529472191,102.13364406501904,128.40933085255136,64.73338589939506,120.04878695763651,152.37330802998272,49.46828529472191,147.7180591532396,177.8218912282737,33.084607448177465,79.04679784785719,125.00900467566325,33.084607448177465,79.04679784785719,125.00900467566325,33.084607448177465,79.04679784785719,125.00900467566325,42.9766360945107,102.01549514657076,155.1503303251398,57.18414334411245,111.01829241165619,155.1503303251398,111.01829241165619,162.39958435907403,207.925768003872,15.592466129512676,118.09435316728737,118.51732468293402,15.592466129512676,118.09435316728737,118.51732468293402,15.592466129512676,118.09435316728737,130.2656948317553,53.24735908944217,125.00900467566325,23.40408618169058,125.00900467566325,57.407534348724646,122.45462935307918,57.407534348724646,122.45462935307918,65.85196466317463,129.64482731678885,65.85196466317463,129.64482731678885,79.04679784785719,125.18544743699245,79.04679784785719,125.18544743699245,88.99014692649968,125.00900467566325,18.086597247685923,125.00900467566325,103.01609704313205,131.87452843517585,115.93073902119316,136.75754092553726
42.0,55.208253459061716,114.55841850339938,144.14619315125876,55.208253459061716,114.55841850339938,144.14619315125876,55.208253459061716,124.99118468916117,152.2846840624493,37.26783130261271,88.96991766883906,141.21127787822047,37.26783130261271,88.96991766883906,141.21127787822047,37.26783130261271,88.96991766883906,141.21127787822047,48.130032204435516,100.11940995631167,152.17629578879885,56.06559774050394,108.76815365721714,152.17629578879885,48.130032204435516,121.59075314348539,167.85596504146048,47.77682492589896,59.45612878417161,132.9227266121185,47.77682492589896,59.45612878417161,132.9227266121185,47.77682492589896,59.45612878417161,132.9227266121185,50.25705174400902,103.70940772176841,130.37947020140862,63.50201768447991,121.71263800444059,152.6585241642274,50.25705174400902,144.74330727187353,174.47528478268777,33.577391947559,80.22833819792105,126.87929795675889,33.577391947559,80.22833819792105,126.87929795675889,33.577391947559,80.22833819792105,126.87929795675889,43.56783503916622,100.11940995631167,152.17629578879885,56.06559774050394,108.76815365721714,152.17629578879885,108.76815365721714,160.31570415901245,204.2073088799713,15.219231255224424,119.96554192767188,120.28957249071924,15.219231255224424,119.96554192767188,120.28957249071924,15.219231255224424,119.96554192767188,130.63221750395266,23.58699323779951,127.47745388891323,23.79876572429755,127.47745388891323,82.82285312641675,123.26609935420201,82.82285312641675,123.26609935420201,66.83716219289984,126.76752837379136,74.34985709468445,126.76752837379136,80.22833819792105,110.46280482587792,80.22833819792105,110.46280482587792,89.33485462013132,126.87929795675889,108.75698253445614,126.87929795675889,104.60954186879894,129.6331988728196,124.99118468916117,136.34010781864595
43.0,54.220072390213566,112.3631667852059,142.18166196806112,54.220072390213566,112.3631667852059,142.18166196806112,54.220072390213566,127.02498277897935,149.97708158248713,12.527020795065361,87.32351487428801,138.6474846508223,12.527020795065361,87.32351487428801,138.6474846508223,12.527020795065361,87.32351487428801,138.6474846508223,47.39725730461627,115.01141247719724,149.6132514184489,54.96522764439351,115.01141247719724,149.6132514184489,47.39725730461627,123.52320126194917,170.54508201645686,48.457455566713364,58.35800073683128,130.93225824830182,48.457455566713364,58.35800073683128,130.93225824830182,48.457455566713364,58.35800073683128,130.93225824830182,50.73959252891177,105.31629147477611,131.96441281648623,62.29001725798444,121.52726545923757,159.94725693177736,50.73959252891177,142.18166196806112,171.18155566532278,34.07955765557998,81.53386566329355,128.88679625935313,34.07955765557998,81.53386566329355,137.59769256786248,34.07955765557998,81.53386566329355,137.59769256786248,44.27071549003924,138.0167562290898,149.6132514184489,54.96522764439351,106.89270905913087,157.3884525624418,106.66471417483854,157.3884525624418,200.18148016237666,54.03800745771443,121.7732575321856,122.19712046525483,54.03800745771443,121.7732575321856,137.59769256786248,54.03800745771443,121.7732575321856,130.87037957460043,72.50948213854517,124.98902451815519,72.50948213854517,124.98902451815519,55.18265125924995,120.00285934093405,55.18265125924995,120.00285934093405,73.34348130543027,117.4917071541647,75.14154144013816,117.4917071541647,82.14503180351201,112.49124965969575,82.14503180351201,112.49124965969575,89.12884634056473,128.8117085128522,108.75822382698237,128.8117085128522,105.0444013262963,127.21843911163192,126.81987718808121,146.49445381993135
44.0,53.2477816439333,110.41981819401806,140.01830237508238,53.2477816439333,110.41981819401806,140.01830237508238,53.2477816439333,129.20099167576078,148.88796123259934,12.519834264078737,34.57898567049068,86.87221218548541,12.519834264078737,35.21535531554382,86.87221218548541,12.519834264078737,35.21535531554382,48.47402655030836,46.56491436693511,117.0285061427343,157.02587366418314,53.991353474422176,117.0285061427343,157.02587366418314,46.56491436693511,125.59510838404495,173.28480891295695,49.14900812834375,89.47415828047784,128.5573072602254,49.14900812834375,89.47415828047784,128.5573072602254,49.14900812834375,89.47415828047784,128.5573072602254,51.4577618051932,107.05613597547783,140.01830237508238,61.20597397313435,119.34708312313292,162.3364561643502,111.0675301336984,162.3364561643502,169.0166411925169,34.6500360750173,82.86471655656585,131.03017305185855,34.6500360750173,82.86471655656585,140.01830237508238,34.6500360750173,82.86471655656585,140.01830237508238,44.98712315763256,140.4052171395351,157.02587366418314,53.991353474422176,104.9252412434682,157.02587366418314,104.70456651932618,154.5093039269804,196.24251578085725,14.853450777512949,123.81993478434721,124.24405921411294,14.853450777512949,123.81993478434721,140.01830237508238,14.853450777512949,123.81993478434721,131.12441134281596,68.9465372589516,122.82998921273257,68.9465372589516,122.82998921273257,85.81160323639222,118.48048890007163,85.81160323639222,118.48048890007163,73.63189696048853,120.28676672851424,75.42755630404581,120.28676672851424,83.48716218676977,114.5623465629087,83.48716218676977,117.00312495826766,88.8940169527736,124.95121548028254,56.21943614089348,124.95121548028254,105.00969598089503,133.4715559585637,131.10999675844704,146.73147242497092
45.0,38.609341486225844,108.50885332543146,141.42179817835722,52.29226759282867,108.50885332543146,141.42179817835722,38.609341486225844,131.207950406978,151.32456839522126,12.728363995423763,13.788990173323063,35.31998372026805,12.516239451208977,34.47210829061663,47.19985434299559,12.516239451208977,34.47210829061663,47.94289571980399,45.82162426191372,119.0098997982941,167.94381500966327,52.82183497380605,119.0098997982941,167.94381500966327,45.82162426191372,127.916012484755,172.88905402020106,50.2058263551154,90.86597272906948,126.32907919398447,50.2058263551154,90.86597272906948,126.32907919398447,50.2058263551154,90.86597272906948,126.32907919398447,52.29226759282867,108.50885332543146,141.42179817835722,60.24559112499436,117.41584752494018,165.1154898851104,111.4772005837965,165.1154898851104,173.60047522976427,35.320620747659575,84.53568033676666,141.42179817835722,35.320620747659575,84.53568033676666,141.42179817835722,35.320620747659575,84.53568033676666,141.42179817835722,45.82162426191372,142.83950784009303,193.3988753845275,53.245246266685626,142.83950784009303,193.3988753845275,103.09665974220503,152.381511345701,195.86889747992151,14.495689014324224,125.9048301297452,141.42179817835722,14.495689014324224,125.9048301297452,141.42179817835722,14.495689014324224,125.9048301297452,131.30977210398316,70.21770610038467,70.21770610038467,70.21770610038467,81.88358351953094,38.8214663556131,39.77532212314565,32.66850547545755,32.77508581224464,83.08805569996207,121.33994086861918,97.15791913168994,122.18920267355867,84.53568033676666,115.71880249121142,84.53568033676666,117.62797817696264,88.77750982090002,122.72296545471836,80.71874782229962,122.72296545471836,105.00541057488418,131.7360856029964,131.7360856029964,146.7246570962086
46.0,39.35277944440519,107.05613597547783,140.01830237508238,51.4577618051932,107.05613597547783,140.01830237508238,39.35277944440519,130.04943771504742,153.80222690195353,12.835741116117914,13.580178570254516,34.90603457856535,12.519834264078737,13.580178570254516,62.68824650602376,12.519834264078737,13.580178570254516,47.42337240222378,44.98712315763256,120.91991151171092,171.12897183118935,51.98544267388708,120.91991151171092,171.12897183118935,79.45732345101992,130.27605785408153,171.12897183118935,21.532446447164336,92.63706061830761,164.05829756522527,21.532446447164336,92.63706061830761,164.05829756522527,21.532446447164336,92.63706061830761,164.05829756522527,51.4577618051932,107.05613597547783,140.01830237508238,61.20597397313435,119.34708312313292,162.3364561643502,111.0675301336984,162.3364561643502,169.0166411925169,34.6500360750173,82.86471655656585,131.03017305185855,34.6500360750173,82.86471655656585,140.01830237508238,34.6500360750173,82.86471655656585,140.01830237508238,44.98712315763256,140.4052171395351,157.02587366418314,53.991353474422176,104.9252412434682,157.02587366418314,104.70456651932618,154.5093039269804,196.24251578085725,14.853450777512949,123.81993478434721,124.24405921411294,14.853450777512949,123.81993478434721,140.01830237508238,14.853450777512949,123.81993478434721,131.12441134281596,84.15239152870227,109.99557377458422,84.15239152870227,109.99557377458422,70.11252562844959,101.40360570512273,70.11252562844959,101.40360570512273,73.63189696048853,120.28676672851424,75.42755630404581,120.28676672851424,83.48716218676977,114.5623465629087,83.48716218676977,117.00312495826766,75.74784650404261,135.45228403389882,66.82533202311829,135.45228403389882,105.00969598089503,133.4715559585637,131.10999675844704,146.73147242497092
47.0,50.73959252891177,98.25291980394273,127.21843911163192,50.73959252891177,98.25291980394273,127.21843911163192,50.73959252891177,113.2298823191122,156.68160389784117,12.840998792928843,62.077985228259465,112.78728319274296,12.527020795065361,62.077985228259465,112.78728319274296,12.527020795065361,62.077985228259465,112.78728319274296,44.27071549003924,123.29256364436583,174.00897965335008,51.16352460493706,123.29256364436583,174.00897965335008,80.98284540567835,132.67620830427737,147.1737918244957,21.964886751358403,94.07776039000929,166.94048340651227,21.964886751358403,94.07776039000929,166.94048340651227,21.964886751358403,94.07776039000929,166.94048340651227,50.73959252891177,105.31629147477611,131.96441281648623,62.29001725798444,121.52726545923757,159.94725693177736,50.73959252891177,142.18166196806112,171.18155566532278,34.07955765557998,81.53386566329355,128.88679625935313,34.07955765557998,81.53386566329355,137.59769256786248,34.07955765557998,81.53386566329355,137.59769256786248,44.27071549003924,138.0167562290898,149.6132514184489,54.96522764439351,106.89270905913087,157.3884525624418,106.66471417483854,157.3884525624418,200.18148016237666,54.03800745771443,121.7732575321856,122.19712046525483,54.03800745771443,121.7732575321856,137.59769256786248,54.03800745771443,121.7732575321856,130.87037957460043,23.873337638461866,137.94065753069324,23.455942743790967,137.94065753069324,71.40795648945571,134.85813379251545,71.40795648945571,134.85813379251545,73.34348130543027,117.4917071541647,75.14154144013816,117.4917071541647,82.14503180351201,112.49124965969575,82.14503180351201,112.49124965969575,94.07776039000929,137.94065753069324,94.07776039000929,137.94065753069324,105.0444013262963,127.21843911163192,126.81987718808121,146.49445381993135
48.00000000000001,50.25705174400902,100.11940995631167,130.47900693214982,50.25705174400902,104.25663647941076,130.47900693214982,50.25705174400902,111.39987096042796,160.01289010576616,12.537792867965239,108.61517504474224,165.6294810714566,12.537792867965239,108.51403711041259,165.6294810714566,12.537792867965239,108.51403711041259,165.6294810714566,43.56783503916622,125.59725813090029,177.3009447239354,50.75821362104856,125.59725813090029,177.3009447239354,82.48712020673288,134.3345683359276,177.3009447239354,22.405049654040045,95.90685585504302,169.8679634304244,22.405049654040045,95.90685585504302,169.8679634304244,22.405049654040045,95.90685585504302,169.8679634304244,50.25705174400902,103.70940772176841,130.37947020140862,63.50201768447991,121.71263800444059,152.6585241642274,50.25705174400902,144.74330727187353,174.47528478268777,33.577391947559,80.22833819792105,126.87929795675889,33.577391947559,80.22833819792105,126.87929795675889,33.577391947559,80.22833819792105,126.87929795675889,43.56783503916622,100.11940995631167,152.17629578879885,56.06559774050394,108.76815365721714,152.17629578879885,108.76815365721714,160.31570415901245,204.2073088799713,15.219231255224424,119.96554192767188,120.28957249071924,15.219231255224424,119.96554192767188,120.28957249071924,15.219231255224424,119.96554192767188,130.63221750395266,23.88841246294948,138.8312824978578,23.37733945512192,138.8312824978578,72.72486679259028,137.31032371966793,72.72486679259028,137.31032371966793,66.83716219289984,126.76752837379136,74.34985709468445,126.76752837379136,80.22833819792105,110.46280482587792,80.22833819792105,110.46280482587792,95.90685585504302,137.007755254949,95.90685585504302,137.007755254949,104.60954186879894,129.6331988728196,124.99118468916117,136.34010781864595
49.0,41.549864620718076,102.52458851417059,128.40933085255136,47.54846212024106,110.90494240564755,128.40933085255136,41.549864620718076,111.01829241165619,161.54604606736743,12.552141251595282,116.7894740548137,168.97817906463544,12.552141251595282,116.7894740548137,168.97817906463544,12.552141251595282,116.7894740548137,168.97817906463544,50.35498982226091,128.05032702027745,181.0196812504099,50.35498982226091,128.05032702027745,181.0196812504099,84.22156048186235,133.55944369455872,181.0196812504099,22.852488923528657,98.19129925813182,173.21265831341543,22.852488923528657,98.19129925813182,173.21265831341543,22.852488923528657,98.19129925813182,173.21265831341543,49.46828529472191,102.13364406501904,128.40933085255136,64.73338589939506,120.04878695763651,152.37330802998272,49.46828529472191,147.7180591532396,177.8218912282737,33.084607448177465,79.04679784785719,125.00900467566325,33.084607448177465,79.04679784785719,125.00900467566325,33.084607448177465,79.04679784785719,125.00900467566325,42.9766360945107,102.01549514657076,155.1503303251398,57.18414334411245,111.01829241165619,155.1503303251398,111.01829241165619,162.39958435907403,207.925768003872,15.592466129512676,118.09435316728737,118.51732468293402,15.592466129512676,118.09435316728737,118.51732468293402,15.592466129512676,118.09435316728737,130.2656948317553,77.58624233715666,113.1970902894593,77.58624233715666,113.1970902894593,74.17443124149992,127.9863518114334,74.17443124149992,127.9863518114334,65.85196466317463,129.64482731678885,65.85196466317463,129.64482731678885,79.04679784785719,125.18544743699245,79.04679784785719,125.18544743699245,78.53449083046252,135.44602245913313,52.79796397589589,135.44602245913313,103.01609704313205,131.87452843517585,115.93073902119316,136.75754092553726
50.0,42.456227458407085,100.68592875869001,126.4796673382722,47.19794751893349,106.38907956176705,135.1207793050351,42.456227458407085,133.71097561531738,165.9792908769043,12.570053699169307,119.16841548833314,168.33782997294458,12.570053699169307,119.16841548833314,168.33782997294458,12.570053699169307,119.16841548833314,168.33782997294458,49.71041138433678,130.5110148608155,178.64524902722715,49.71041138433678,130.5110148608155,178.64524902722715,84.86003918217337,134.4158658789951,183.38927176909777,23.306785492641406,100.23036590774274,176.98905333381498,23.306785492641406,100.23036590774274,176.98905333381498,23.306785492641406,100.23036590774274,176.98905333381498,48.69631659581656,108.54492733426099,119.59135106687272,66.09751319073963,108.5279284331918,153.9987824627195,48.69631659581656,150.7402567332297,178.64524902722715,32.601629560498964,77.88893535027937,77.88893535027937,32.601629560498964,77.88893535027937,77.88893535027937,32.601629560498964,77.88893535027937,77.88893535027937,50.33086776521939,104.05357394150381,157.1404626440943,58.319818672557616,113.30318287674004,157.1404626440943,113.30318287674004,139.9129193462848,212.45734866085476,15.972632844963288,116.35828827376243,116.7806116185388,15.972632844963288,116.35828827376243,116.7806116185388,15.972632844963288,116.35828827376243,129.83905903078627,29.09682113221305,135.30382477964176,29.09682113221305,135.30382477964176,75.64648868255551,135.30382477964176,75.64648868255551,135.30382477964176,64.8864874222669,133.0061088822615,64.8864874222669,133.0061088822615,49.326716898654425,126.71746623887331,49.326716898654425,126.71746623887331,79.16085680435754,123.31719770575391,74.58552976281659,123.31719770575391,101.06911620272535,135.17812323005523,121.52837631598638,137.35219328427195
51.0,43.37685154549601,99.26810288305101,124.68568983648444,47.05136820539866,106.56383650188275,138.1869205098659,43.37685154549601,138.1869205098659,138.1869205098659,12.591515000189611,121.2653753138133,157.22793962906212,12.591515000189611,121.2653753138133,157.22793962906212,12.591515000189611,121.2653753138133,157.22793962906212,49.07774444694866,130.20992665691813,131.30356050008697,49.07774444694866,130.20992665691813,135.37217217729795,83.87703052683732,136.39327329454338,188.63489867996324,23.767546150160307,102.30005498532245,178.62425647151062,23.767546150160307,102.30005498532245,178.62425647151062,23.767546150160307,102.30005498532245,178.62425647151062,48.035260486438496,121.58242574484193,122.12049889351091,67.59834502412022,121.58242574484193,154.89714329192776,48.035260486438496,150.51287320359012,176.12531050362978,32.12890054141287,76.84927618396935,149.9020513535422,32.12890054141287,76.84927618396935,149.9020513535422,32.12890054141287,76.84927618396935,149.9020513535422,49.07774444694866,106.35269742700466,160.2096282999246,59.587676997849144,115.73746692406915,160.2096282999246,115.73746692406915,137.70666287438672,216.674006285941,16.359248148982886,114.75289212041672,115.17446005951146,16.359248148982886,114.75289212041672,115.17446005951146,16.359248148982886,114.75289212041672,129.35658081442938,78.98496692409259,109.95056275435792,78.98496692409259,109.95056275435792,77.13070886488727,105.03090616575675,77.13070886488727,105.03090616575675,46.41875967752693,133.41148751138337,6.754628043053148,133.41148751138337,48.66766123412959,128.72731353524009,48.66766123412959,128.72731353524009,79.38734943301735,125.84620077698015,73.54628644601982,125.84620077698015,100.02047915302145,131.30356050008697,121.40612113892776,137.70666287438672
52.0,44.31084799459383,108.5685555305955,123.02290945185779,46.821749753720226,108.5685555305955,123.02290945185779,44.31084799459383,116.75864529018826,141.29976999273566,12.616507044344722,102.23493165254231,119.81277582127875,12.616507044344722,102.23493165254231,119.81277582127875,12.616507044344722,102.23493165254231,119.81277582127875,48.457455566713364,128.35935883292655,129.76180100476412,48.457455566713364,128.35935883292655,137.00410577789265,83.2766849124051,135.8588421855567,192.52434910940485,24.234402200178156,104.51593777984293,104.51593777984293,24.234402200178156,104.51593777984293,104.51593777984293,24.234402200178156,104.51593777984293,104.51593777984293,47.388250125954215,122.6936275851358,123.02290945185779,69.12160479907855,122.6936275851358,157.30742194823486,47.388250125954215,148.66278956080436,162.56421808011748,31.758404399465665,75.73982604944376,153.0118459466456,31.758404399465665,75.73982604944376,153.0118459466456,31.758404399465665,75.73982604944376,153.0118459466456,48.457455566713364,108.5685555305955,163.71049141701334,60.99164901853368,118.32390396703448,163.71049141701334,118.32390396703448,135.8588421855567,216.76744451139336,50.59838189112375,113.18218168068681,145.20373617782704,50.59838189112375,113.18218168068681,145.20373617782704,50.59838189112375,113.18218168068681,145.20373617782704,85.79088675378054,123.84264713740578,85.79088675378054,123.84264713740578,75.73982604944376,103.73478804142803,75.73982604944376,103.73478804142803,51.2652416360247,131.5603473695627,51.2652416360247,131.5603473695627,48.01933204450057,131.5603473695627,48.01933204450057,131.5603473695627,80.07886737460764,129.1960719217113,80.07886737460764,129.1960719217113,102.08957463913737,129.76180100476412,116.99600954733457,136.86535354135464
53.0,45.25738889949353,110.51167924703705,111.05132259455536,46.095295313079404,110.51167924703705,114.61634372985381,45.25738889949353,110.51167924703705,144.4563082734707,13.275211862716166,68.85219676960206,118.27692610987148,13.275211862716166,68.85219676960206,118.27692610987148,13.275211862716166,68.85219676960206,118.27692610987148,47.85002612329485,47.85002612329485,140.1575006911867,47.85002612329485,92.55066180206384,140.1575006911867,47.85002612329485,134.05269486287847,196.86067408195066,24.826019616523304,106.88092088862258,106.88092088862258,24.826019616523304,106.88092088862258,106.88092088862258,24.826019616523304,106.88092088862258,106.88092088862258,46.75586861560803,94.58002563966664,121.39741039247913,70.09519420045856,121.06705270221126,160.85746796465497,96.88519623760897,146.5524650082693,160.85746796465497,31.305291086332357,31.305291086332357,156.55869506354477,31.305291086332357,31.305291086332357,156.55869506354477,31.305291086332357,35.17571960884383,156.55869506354477,47.85002612329485,110.51167924703705,167.259155205328,62.2965187630898,120.94507534414123,167.259155205328,120.94507534414123,134.05269486287847,179.15251882125466,49.965650701256756,111.73686164377446,148.35809718380727,49.965650701256756,111.73686164377446,148.35809718380727,49.965650701256756,111.73686164377446,148.35809718380727,27.850044883267245,126.95717781992478,27.850044883267245,126.95717781992478,74.74644640382579,74.74644640382579,74.74644640382579,74.74644640382579,58.75684002735341,129.75216761195168,85.27899067179442,129.75216761195168,47.38540123286918,129.75216761195168,47.38540123286918,129.75216761195168,82.05257460921015,127.95165102490863,82.05257460921015,127.95165102490863,96.30420551564714,144.4563082734707,116.2667891102184,144.4563082734707
54.0,46.225926167033144,113.14758614305477,113.68777968629698,46.225926167033144,113.14758614305477,113.68777968629698,46.225926167033144,113.14758614305477,146.65819104298265,13.515407873978498,70.45299851674164,116.77656550010366,13.426885342476117,70.45299851674164,116.77656550010366,13.426885342476117,70.45299851674164,116.77656550010366,47.25595200607009,83.01825853389121,143.35314785521803,47.25595200607009,94.97433863944512,143.35314785521803,47.25595200607009,132.58063584098548,201.6559570159037,25.425995555729966,109.05331265028128,109.39767479247445,25.425995555729966,109.05331265028128,109.39767479247445,25.425995555729966,109.05331265028128,109.39767479247445,46.225926167033144,95.38118918319272,119.89781586834683,69.85886665270199,119.56651391589536,138.68354264295385,46.225926167033144,139.38122183421984,164.45402092986356,30.75101624336991,101.02725498596901,159.45414701411815,30.75101624336991,101.02725498596901,159.45414701411815,30.75101624336991,101.02725498596901,159.45414701411815,47.25595200607009,113.14758614305477,169.48930644733903,63.61742096312928,123.23506501803777,169.48930644733903,119.9505366807502,132.58063584098548,182.3557649212111,49.34715037365379,110.32482154982168,151.95435169813334,49.34715037365379,110.32482154982168,151.95435169813334,49.34715037365379,110.32482154982168,151.95435169813334,61.500823165222755,128.27948004260074,61.500823165222755,128.27948004260074,73.86376818170055,119.47784836529321,73.86376818170055,119.47784836529321,59.53705778756622,105.7039793479886,86.77762528440151,113.1225275972916,64.03691318294473,128.27948004260074,64.03691318294473,128.27948004260074,83.65180810956808,135.15407873978498,83.65180810956808,135.15407873978498,95.90696663955127,144.78648072247628,70.742534941858,144.78648072247628
55.0,45.62232183920498,115.9396664218075,116.48023974048131,45.62232183920498,115.9396664218075,116.48023974048131,45.62232183920498,115.9396664218075,149.49456511860222,13.585148140524636,73.08656682318578,115.31307926683772,13.585148140524636,73.08656682318578,115.31307926683772,13.585148140524636,73.08656682318578,115.31307926683772,46.67574316494596,123.64515760837543,146.99532305485096,46.67574316494596,123.64515760837543,146.99532305485096,46.67574316494596,123.64515760837543,157.23111969327192,26.033752130647628,108.94735540617769,109.36455664428033,26.033752130647628,108.94735540617769,109.36455664428033,26.033752130647628,108.94735540617769,109.36455664428033,45.62232183920498,94.26142503696833,118.4341430922688,69.89074509547025,109.70595357591128,136.5471530278094,45.62232183920498,136.95847910954618,141.7078861602275,30.519194779679232,103.4546096121386,157.48214184471837,30.519194779679232,103.4546096121386,157.48214184471837,30.519194779679232,103.4546096121386,157.48214184471837,46.67574316494596,115.9396664218075,167.19038548911837,65.32022083551156,122.70136511058058,167.19038548911837,118.76633045606823,130.85535908016914,186.81039853284398,48.74342263321278,108.94735540617769,155.59763815688206,48.74342263321278,108.94735540617769,155.59763815688206,48.74342263321278,108.94735540617769,155.59763815688206,54.99204487923685,126.55483001450399,54.99204487923685,126.55483001450399,72.91612475989106,122.06005181876665,72.91612475989106,122.06005181876665,82.59918280467429,117.23001428815061,86.14996372605157,117.23001428815061,61.66948191772005,99.8394523722962,61.66948191772005,102.54324087915302,85.67452947054917,137.6957697244182,85.67452947054917,137.6957697244182,94.6889183062094,136.95847910954618,102.61781643554885,136.95847910954618
56.0,45.11797036658453,116.67478840777899,117.09058992933633,45.11797036658453,116.67478840777899,117.09058992933633,45.11797036658453,116.67478840777899,154.9842733957223,13.500416660236823,72.07659987818515,113.97063766602342,13.500416660236823,72.07659987818515,113.97063766602342,13.500416660236823,72.07659987818515,113.97063766602342,46.10992301012874,122.2420754077744,150.68385779505383,46.10992301012874,122.2420754077744,150.68385779505383,46.10992301012874,122.2420754077744,155.80155647489534,26.648757006659803,108.02150827497273,167.72783012964783,26.648757006659803,108.02150827497273,167.72783012964783,26.648757006659803,108.02150827497273,167.72783012964783,45.11797036658453,101.62369925366818,117.09058992933633,70.12728605899417,111.43238420674663,137.3703934623469,45.11797036658453,112.68050519056081,148.1861160837951,30.18263159500841,106.15851944144661,156.21819676337324,30.18263159500841,106.15851944144661,156.21819676337324,30.18263159500841,106.15851944144661,156.21819676337324,46.10992301012874,118.88997539742364,165.23203381911148,66.92160525570199,120.33800833485653,165.23203381911148,46.10992301012874,130.0100957618292,191.3194318410966,48.15502310247603,48.15502310247603,158.58948578011092,48.15502310247603,48.15502310247603,158.58948578011092,48.15502310247603,48.15502310247603,158.58948578011092,60.05332005809504,136.67525379526464,60.05332005809504,136.67525379526464,72.07659987818515,125.1544046368325,72.07659987818515,125.1544046368325,62.05442167968371,120.1800992261198,62.80371207181945,120.1800992261198,60.81221094484232,98.70233659848179,60.81221094484232,98.70233659848179,86.18657087969099,140.9756184593634,86.18657087969099,140.9756184593634,84.80672880143415,123.35163152548895,103.36975500599776,126.96702327769995
57.00000000000001,44.62607141570945,115.3669200854387,115.70052398325602,44.62607141570945,115.3669200854387,123.0756880947655,44.62607141570945,115.3669200854387,159.1308423907823,13.749772725394408,71.2587626190632,141.10324234403686,13.749772725394408,71.2587626190632,141.10324234403686,13.749772725394408,71.2587626190632,141.10324234403686,45.55902764546232,120.87441830263342,154.83257086285172,45.55902764546232,120.87441830263342,154.83257086285172,45.55902764546232,120.87441830263342,155.25020128811428,27.395642901746257,106.87671051262758,106.87671051262758,27.395642901746257,106.87671051262758,106.87671051262758,27.395642901746257,106.87671051262758,106.87671051262758,44.62607141570945,104.23570045814438,104.23570045814438,71.9112734555577,109.91392655164313,141.66553921119984,44.62607141570945,114.49260347288815,145.57000034347737,29.854333856242715,108.68744752730187,154.58209792857645,29.854333856242715,108.60481688212543,154.58209792857645,29.854333856242715,108.60481688212543,154.58209792857645,45.55902764546232,120.87441830263342,121.98616724858601,68.79172370278273,120.87441830263342,163.59439171316356,45.55902764546232,163.59439171316356,189.67109690197924,47.582520425046845,72.7424996133622,162.73636655646456,47.582520425046845,72.7424996133622,162.73636655646456,47.582520425046845,72.7424996133622,162.73636655646456,57.906174109502345,139.30048456484278,57.906174109502345,139.30048456484278,86.51353217849794,123.78863033413045,86.51353217849794,123.78863033413045,62.59198231403124,123.76843297060846,63.13280644799501,123.76843297060846,68.956698369339,97.43149516455138,68.956698369339,97.43149516455138,63.54841658137518,139.7412787976409,63.54841658137518,139.7412787976409,84.35476424008309,132.08945832275944,68.22156000854862,132.08945832275944
58.00000000000001,50.95332422914132,114.094549606894,114.50714497357795,50.95332422914132,114.094549606894,126.43427146149892,50.95332422914132,114.094549606894,126.43427146149892,14.127499778800209,70.46336814260299,144.87969146847325,14.127499778800209,70.46336814260299,144.87969146847325,14.127499778800209,70.46336814260299,144.87969146847325,45.023604920086086,119.54340216005231,157.91809585984754,45.023604920086086,119.54340216005231,157.91809585984754,45.023604920086086,119.54340216005231,157.91809585984754,28.151487527304837,105.6826913453665,105.6826913453665,28.151487527304837,105.6826913453665,105.6826913453665,28.151487527304837,105.6826913453665,105.6826913453665,67.2991177505322,107.1296702599238,107.1296702599238,71.82925065737496,108.90707621637814,144.87969146847325,67.2991177505322,113.89688318825937,144.87969146847325,29.53457719352014,111.2233114054783,111.75558710865421,29.53457719352014,111.2233114054783,111.75558710865421,29.53457719352014,111.2233114054783,111.75558710865421,45.023604920086086,119.54340216005231,120.65705532624273,70.68398863957806,119.54340216005231,161.73319078037136,70.68398863957806,161.73319078037136,189.40201952460802,47.10489624232284,74.75607834818517,74.75607834818517,47.10489624232284,74.75607834818517,74.75607834818517,47.10489624232284,74.75607834818517,74.75607834818517,37.61218220204725,142.8657586687587,37.61218220204725,142.8657586687587,90.94287355257694,122.45866649608757,90.94287355257694,122.45866649608757,79.82826097316664,122.45866649608757,79.82826097316664,122.45866649608757,70.54187586107984,111.91553176391558,70.54187586107984,111.91553176391558,65.26963306163135,120.65705532624273,65.26963306163135,120.65705532624273,84.66148032015504,135.44602245913313,77.88533238036543,135.44602245913313
59.00000000000001,52.480389194441,112.93500896533368,113.26961750619624,52.480389194441,112.93500896533368,129.8292147399806,52.480389194441,112.93500896533368,129.8292147399806,14.509350433427404,69.76733655515308,69.76733655515308,14.509350433427404,69.76733655515308,69.76733655515308,14.509350433427404,69.76733655515308,69.76733655515308,44.504213283688095,95.27132307258044,159.92693644286445,44.504213283688095,103.80135475994521,159.92693644286445,44.504213283688095,108.30358373571947,162.32567572630032,28.91558835645576,104.59964746594513,104.59964746594513,28.91558835645576,104.59964746594513,104.59964746594513,28.91558835645576,104.59964746594513,104.59964746594513,66.60346274781814,109.8494253512507,110.18360245517478,71.41205255417323,109.8494253512507,120.4808076002149,66.60346274781814,113.26961750619624,149.1228520381769,29.22364197015834,110.18196880615267,110.31115650739956,29.22364197015834,110.18196880615267,110.31115650739956,29.22364197015834,110.18196880615267,110.31115650739956,44.504213283688095,118.2502642703178,129.8292147399806,72.59666831198247,118.2502642703178,159.92693644286445,72.59666831198247,159.92693644286445,194.91568690077256,46.63974967771589,76.91980401691102,76.91980401691102,46.63974967771589,76.91980401691102,76.91980401691102,46.63974967771589,76.91980401691102,76.91980401691102,25.89642832515712,141.31923082156936,25.89642832515712,141.31923082156936,93.48773315253717,136.7739924108381,93.48773315253717,136.7739924108381,62.383140751328,121.16569233904455,62.58874699177161,121.16569233904455,69.76733655515308,115.09707316000697,69.76733655515308,115.09707316000697,66.80887852673474,119.36551009399658,66.80887852673474,119.36551009399658,85.53795210314541,136.85804689531412,80.00703094103667,136.85804689531412
59.99999999999999,54.0242653814006,111.80872618002586,112.14368573397256,54.0242653814006,111.80872618002586,112.14368573397256,54.0242653814006,111.80872618002586,133.68853727975335,15.024355227429893,69.0906741174234,149.680075494369,15.024355227429893,69.0906741174234,149.680075494369,15.024355227429893,69.0906741174234,149.680075494369,44.00142043161789,98.6065477034867,158.42387761950533,44.00142043161789,98.6065477034867,158.42387761950533,44.00142043161789,110.8964212677758,167.30398979103876,29.81662707282633,103.5478693648498,128.97334996036972,29.81662707282633,103.5478693648498,128.97334996036972,29.81662707282633,103.5478693648498,128.97334996036972,65.928114260913,111.80872618002586,112.14368573397256,71.56972998412108,111.80872618002586,116.99626062400456,65.928114260913,111.80872618002586,153.41161950778044,28.921812702526097,108.93403967539255,109.18562748823673,28.921812702526097,108.93403967539255,109.18562748823673,28.921812702526097,108.93403967539255,109.18562748823673,44.00142043161789,116.99626062400456,133.68853727975335,74.78707274656496,116.99626062400456,158.42387761950533,74.78707274656496,158.42387761950533,158.42387761950533,46.113352187842516,79.10654998165448,160.65685481796288,46.113352187842516,79.10654998165448,160.65685481796288,46.113352187842516,79.10654998165448,160.65685481796288,36.84767631751017,140.0665020624132,36.84767631751017,140.0665020624132,94.07768731213581,139.5192639028747,94.07768731213581,139.5192639028747,60.75583305329621,134.80402442063811,17.982804286317524,134.80402442063811,69.0906741174234,119.54340216005231,69.0906741174234,119.54340216005231,66.13256572975223,128.97334996036972,66.13256572975223,128.97334996036972,86.21053444910314,113.39885912124511,82.51439268394333,113.39885912124511
61.0,55.71414766466413,96.75738343919807,111.05193041996164,55.71414766466413,96.75738343919807,111.05193041996164,55.71414766466413,96.75738343919807,134.13845459076975,15.414644011458712,68.36224286841384,148.2249135604403,15.414644011458712,68.36224286841384,148.2249135604403,15.414644011458712,68.36224286841384,148.2249135604403,43.75642809919475,101.59469105223953,156.9637697049864,43.75642809919475,101.59469105223953,156.9637697049864,43.75642809919475,112.4046095585052,172.50398546120607,30.72712563843224,102.52831925863215,132.87447083619938,30.72712563843224,102.52831925863215,132.87447083619938,30.72712563843224,102.52831925863215,132.87447083619938,65.34536135029019,110.71671621756128,111.05193041996164,65.34536135029019,110.71671621756128,117.43136293171429,65.34536135029019,117.43136293171429,127.87347262039927,28.6293773945575,107.9633792079518,108.16679827932413,28.6293773945575,107.9633792079518,108.16679827932413,28.6293773945575,107.9633792079518,108.16679827932413,43.75642809919475,115.78266277815517,137.58679079039527,75.82028917117105,115.78266277815517,146.66841855014323,74.33593511889119,156.9637697049864,156.9637697049864,45.67653938292611,81.57552482209354,159.1983825294717,45.67653938292611,81.57552482209354,159.1983825294717,45.67653938292611,81.57552482209354,159.1983825294717,10.242375212810746,118.69551381581361,10.242375212810746,118.69551381581361,93.13085552060606,143.31652033174683,93.13085552060606,143.31652033174683,46.23445684768017,137.58679079039527,46.23445684768017,137.58679079039527,68.36224286841384,118.69551381581361,68.36224286841384,118.69551381581361,54.73230307597151,132.87447083619938,54.73230307597151,132.87447083619938,87.27067806543043,117.13934010399751,54.73230307597151,117.13934010399751
62.0,57.42052115750953,99.90681283075745,99.90681283075745,57.42052115750953,99.90681283075745,99.90681283075745,57.42052115750953,99.90681283075745,99.90681283075745,15.939926285902327,67.72836370384272,147.04803636907226,15.939926285902327,67.72836370384272,147.04803636907226,15.939926285902327,67.72836370384272,147.04803636907226,43.515801727648316,104.87483611429388,155.31620971424715,43.515801727648316,104.87483611429388,155.31620971424715,43.515801727648316,111.34269733574807,177.75439516366396,31.646267552430253,101.61129981453834,136.81237151661395,31.646267552430253,101.61129981453834,136.81237151661395,31.646267552430253,101.61129981453834,136.81237151661395,64.71009388032132,109.72933176685257,110.06469120476376,64.71009388032132,109.72933176685257,121.36978619079791,64.71009388032132,121.36978619079791,126.69500779430892,28.346626783446386,106.97708282618291,107.17943482776907,28.346626783446386,106.97708282618291,107.17943482776907,28.346626783446386,106.97708282618291,107.17943482776907,43.27961413876053,82.63549479491243,142.39952598235712,75.58042901439498,82.63549479491243,145.0452515596426,73.9733482411064,150.40154586971505,152.8696340023093,45.25341147361158,84.20045278975641,84.20045278975641,45.25341147361158,84.20045278975641,84.20045278975641,45.25341147361158,84.20045278975641,105.32205965513586,67.42866601082955,117.75238851080687,67.42866601082955,117.75238851080687,92.25304873010973,141.90181464660697,92.25304873010973,141.90181464660697,67.15319240363782,137.43043694902522,67.15319240363782,137.43043694902522,67.72836370384272,117.75238851080687,67.72836370384272,117.75238851080687,73.46210757935005,132.95911025574742,73.46210757935005,132.95911025574742,87.78168943464235,115.95958347631299,81.07481113144821,115.95958347631299
63.0,59.40804869712521,103.21880279290203,103.21880279290203,59.40804869712521,103.21880279290203,103.21880279290203,59.40804869712521,103.21880279290203,103.21880279290203,16.47031420465317,90.90448283775669,145.67987163640692,16.47031420465317,90.90448283775669,145.67987163640692,16.47031420465317,90.90448283775669,145.67987163640692,75.23251457980119,108.116239529499,153.95332084758678,75.23251457980119,108.116239529499,153.95332084758678,75.23251457980119,110.51880496096581,153.95332084758678,32.70636405961384,100.65665030190503,141.67083327206063,32.70636405961384,100.65665030190503,141.67083327206063,32.70636405961384,100.65665030190503,141.67083327206063,50.74757383363268,108.70649129651825,109.04190134989393,50.74757383363268,108.70649129651825,125.34602107765528,50.74757383363268,108.70649129651825,126.23440497740701,28.14109539445826,106.02321090214161,130.4918579835539,28.14109539445826,106.02321090214161,130.4918579835539,28.14109539445826,106.02321090214161,130.4918579835539,42.820847726312,84.41341717997204,146.8166373405957,75.16579175396213,84.41341717997204,146.8166373405957,73.4887491388988,149.4845309722715,151.94118928058975,44.844355832144586,86.98273535593141,156.86020846600962,44.844355832144586,86.98273535593141,156.86020846600962,44.844355832144586,86.98273535593141,156.86020846600962,29.404506457344254,128.69974747449973,29.404506457344254,128.69974747449973,58.73730713950036,106.43940177396713,58.73730713950036,106.43940177396713,69.4051961311255,136.73560253277125,69.4051961311255,136.73560253277125,82.40524861924754,116.61099862362899,82.40524861924754,116.61099862362899,75.69758912937716,131.59264797092578,75.69758912937716,131.59264797092578,80.38734353118033,125.34602107765528,80.38734353118033,125.34602107765528
64.0,61.41368943484832,106.15745970020194,108.12081783819433,61.41368943484832,106.15745970020194,108.12081783819433,61.41368943484832,106.15745970020194,108.12081783819433,17.00533004678239,93.57951164651374,95.42434830796593,17.00533004678239,93.57951164651374,95.42434830796593,17.00533004678239,93.57951164651374,95.42434830796593,74.57316038629448,111.91570488541811,152.6372333344653,74.57316038629448,111.91570488541811,152.6372333344653,74.57316038629448,111.91570488541811,152.6372333344653,33.91012017082806,99.80158440626082,146.57463968913586,33.91012017082806,99.80158440626082,146.57463968913586,33.91012017082806,99.80158440626082,146.57463968913586,39.61207202356373,107.78546400141346,108.12081783819433,50.9493498486487,107.78546400141346,108.12081783819433,39.61207202356373,107.78546400141346,108.12081783819433,55.56640171902442,104.96726275367953,135.39433149138853,55.56640171902442,104.96726275367953,135.39433149138853,55.56640171902442,104.96726275367953,135.39433149138853,42.38071495385608,87.54784406254674,152.16479553431537,74.90851920843183,87.54784406254674,152.16479553431537,42.38071495385608,87.54784406254674,156.41491297187747,44.514506062630865,90.05779394366708,155.5397859070148,44.514506062630865,90.05779394366708,155.5397859070148,44.514506062630865,90.05779394366708,155.5397859070148,85.08304766520767,133.15827049042053,85.08304766520767,133.15827049042053,60.742869951954034,110.18237722067899,60.742869951954034,110.18237722067899,64.95864068774839,135.63415867693507,64.95864068774839,135.63415867693507,84.63524679470132,135.39433149138853,84.63524679470132,135.39433149138853,77.92704921912545,130.49568958398586,77.92704921912545,130.49568958398586,80.39045341332515,129.8041794396467,80.39045341332515,129.8041794396467
65.0,63.063628582567304,106.9600451103121,107.23295319070533,63.063628582567304,106.9600451103121,107.23295319070533,63.063628582567304,106.9600451103121,107.23295319070533,17.679967477345652,98.79552747973969,98.79552747973969,17.679967477345652,98.79552747973969,98.79552747973969,17.679967477345652,98.79552747973969,98.79552747973969,73.93836115305774,111.97600189326283,151.577125582985,73.93836115305774,111.97600189326283,151.577125582985,73.93836115305774,111.97600189326283,151.577125582985,35.124510672748166,99.03982153659203,151.97080311691454,35.124510672748166,99.03982153659203,151.97080311691454,35.124510672748166,99.03982153659203,151.97080311691454,41.23185964760745,106.9600451103121,107.23295319070533,52.84014808836175,106.9600451103121,107.23295319070533,41.23185964760745,106.9600451103121,107.23295319070533,57.73470576698213,58.26770117311992,140.3411023186009,57.73470576698213,58.26770117311992,140.3411023186009,57.73470576698213,58.26770117311992,140.3411023186009,42.1678194835825,90.70901278263368,151.577125582985,77.73336638792892,90.70901278263368,151.577125582985,88.80596826790416,90.70901278263368,157.55990924089795,44.132258609774325,93.29451350427848,154.26640917581506,44.132258609774325,93.29451350427848,154.26640917581506,44.132258609774325,93.29451350427848,154.26640917581506,74.80752803027245,134.36191796785278,74.80752803027245,134.36191796785278,62.90036764598439,114.66527373184961,62.90036764598439,114.66527373184961,74.77955101496666,114.66527373184961,74.77955101496666,114.66527373184961,87.78168943464235,138.37675021476693,87.78168943464235,138.37675021476693,79.71092302815217,113.09343482271639,79.71092302815217,113.09343482271639,85.99781973980504,129.4377263397345,85.99781973980504,129.4377263397345
66.0,62.57508489806466,106.10403503166125,106.43897899735792,62.57508489806466,106.10403503166125,106.43897899735792,62.57508489806466,106.10403503166125,106.43897899735792,18.360453425773557,103.5459137291279,103.5459137291279,18.360453425773557,103.5459137291279,103.5459137291279,18.360453425773557,103.5459137291279,103.5459137291279,73.38856348233013,110.95550910162144,150.35000831393393,73.38856348233013,110.95550910162144,150.35000831393393,73.38856348233013,110.95550910162144,150.35000831393393,36.48501404686587,98.24513346726137,153.04125260856955,36.48501404686587,98.24513346726137,153.04125260856955,36.48501404686587,98.24513346726137,153.04125260856955,41.00806323151582,90.7221651527343,106.43897899735792,54.74619849816058,90.66014146249718,106.43897899735792,41.00806323151582,90.7221651527343,106.43897899735792,59.910401851431445,60.540275850048786,142.07612396176918,59.910401851431445,60.540275850048786,142.07612396176918,59.910401851431445,60.540275850048786,142.07612396176918,41.7567359835512,94.35107312585268,150.35000831393393,41.7567359835512,94.35107312585268,150.35000831393393,92.36352770439206,94.35107312585268,163.45221014106846,43.765183079703895,98.18327887171012,153.04125260856955,43.765183079703895,98.18327887171012,153.04125260856955,43.765183079703895,98.18327887171012,153.04125260856955,34.961425171179734,133.3440099892005,34.961425171179734,133.3440099892005,65.48432064242554,113.84693671768248,65.48432064242554,113.84693671768248,74.19596518679434,113.84693671768248,74.19596518679434,113.84693671768248,89.22513659277861,137.1518319236021,89.22513659277861,137.1518319236021,79.10029235091359,121.61671348955291,79.10029235091359,121.61671348955291,62.77253579392822,128.4197220056172,62.77253579392822,128.4197220056172
67.0,62.105887402081294,105.34043027252166,105.61752340402609,62.105887402081294,105.34043027252166,105.61752340402609,62.105887402081294,105.34043027252166,105.61752340402609,19.046161030506905,102.85981358139824,102.85981358139824,19.046161030506905,102.85981358139824,102.85981358139824,19.046161030506905,102.85981358139824,102.85981358139824,35.33654270015673,110.1731591632009,149.17313766224802,35.33654270015673,110.1731591632009,149.17313766224802,35.33654270015673,110.1731591632009,149.17313766224802,37.85605962062085,97.54043392357858,151.86548324092607,37.85605962062085,97.54043392357858,151.86548324092607,37.85605962062085,97.54043392357858,151.86548324092607,40.71346521729635,94.2857690746594,94.2857690746594,56.94125262057377,94.2857690746594,94.2857690746594,40.71346521729635,94.2857690746594,101.55592671035994,62.37086659651283,63.047571325150976,141.0961551566874,62.37086659651283,63.047571325150976,141.0961551566874,62.37086659651283,63.047571325150976,141.0961551566874,41.5586934347075,110.1731591632009,149.17313766224802,41.5586934347075,110.1731591632009,149.17313766224802,95.50966574122222,110.1731591632009,149.17313766224802,43.4711542289827,97.54043392357858,97.54043392357858,43.4711542289827,97.54043392357858,97.54043392357858,43.4711542289827,97.54043392357858,110.82700483185495,82.98569153775848,132.36549777037823,82.98569153775848,132.36549777037823,65.05963610411604,112.8655173203933,65.05963610411604,112.8655173203933,73.59772414959582,126.18686540206949,73.59772414959582,126.18686540206949,88.59814473226852,136.82698929670272,88.59814473226852,136.82698929670272,78.51357366723285,126.18686540206949,78.51357366723285,126.18686540206949,84.5596313260648,127.63473273368812,84.5596313260648,127.63473273368812
68.0,61.7115568593112,104.55252866382523,104.88663523061457,61.7115568593112,104.55252866382523,104.88663523061457,61.7115568593112,104.55252866382523,109.51997534696582,19.875141508930195,102.18430040862441,102.18430040862441,19.875141508930195,102.18430040862441,102.18430040862441,19.875141508930195,102.18430040862441,102.18430040862441,35.110415121442244,109.42177571214972,131.71228112822283,35.110415121442244,109.42177571214972,131.71228112822283,35.110415121442244,109.42177571214972,131.71228112822283,39.513684338466845,96.86406067267674,150.7402567332297,39.513684338466845,96.86406067267674,150.7402567332297,39.513684338466845,96.86406067267674,150.7402567332297,46.17137912170265,98.2906976778576,98.2906976778576,59.42963276009704,98.2906976778576,98.2906976778576,46.17137912170265,98.2906976778576,100.9031280486388,64.27434363725544,64.60848434996753,140.1539332305733,64.27434363725544,64.60848434996753,140.1539332305733,64.27434363725544,64.60848434996753,140.1539332305733,41.177967409769025,109.42177571214972,148.23165991109997,41.177967409769025,109.42177571214972,148.23165991109997,100.93010576631731,109.42177571214972,148.23165991109997,43.13289058247778,96.86406067267674,96.86406067267674,43.13289058247778,96.86406067267674,96.86406067267674,43.13289058247778,96.86406067267674,96.86406067267674,43.40650872853056,107.23295319070533,43.40650872853056,107.23295319070533,64.60848434996753,129.0198628118942,64.60848434996753,129.0198628118942,82.40524861924754,131.42726125123357,82.40524861924754,131.42726125123357,87.88131200659217,88.25318691129516,87.88131200659217,88.25318691129516,83.98288516120412,126.69106124742977,83.98288516120412,126.69106124742977,71.99445291131809,110.53562774056155,71.99445291131809,110.53562774056155
69.0,61.279819271926705,103.85358082415839,104.18712132504669,61.279819271926705,103.85358082415839,104.18712132504669,61.279819271926705,103.85358082415839,125.79000357739083,20.710051907226113,101.48345308472706,101.48345308472706,20.710051907226113,101.48345308472706,101.48345308472706,20.710051907226113,101.48345308472706,101.48345308472706,41.183264197972456,108.70200090154735,157.7422739787911,41.183264197972456,108.70200090154735,157.7422739787911,41.183264197972456,108.70200090154735,157.7422739787911,41.183264197972456,41.183264197972456,149.84200012012653,41.183264197972456,41.183264197972456,149.84200012012653,41.183264197972456,41.183264197972456,149.84200012012653,48.11903209749755,102.49342052053878,104.1089153242891,59.66465662349864,102.49342052053878,104.1089153242891,48.11903209749755,102.49342052053878,104.1089153242891,63.8430203702801,64.17660204467045,139.0741708585746,63.8430203702801,64.17660204467045,139.0741708585746,63.8430203702801,64.17660204467045,139.0741708585746,40.99542657419239,108.23412123725124,147.15000849473302,40.99542657419239,108.23412123725124,147.15000849473302,102.53709694544702,108.23412123725124,147.15000849473302,42.86340222147561,96.21661109184838,96.21661109184838,42.86340222147561,96.21661109184838,96.21661109184838,42.86340222147561,96.21661109184838,96.21661109184838,62.937915837752364,111.3940079178409,62.937915837752364,111.3940079178409,64.17660204467045,134.58501030946945,64.17660204467045,134.58501030946945,81.84818263101509,130.53016892657422,81.84818263101509,130.53016892657422,30.22623033062509,103.88434073526192,30.22623033062509,103.88434073526192,83.42736361650175,125.79000357739083,83.42736361650175,125.79000357739083,75.19392428913389,137.49409078211326,75.19392428913389,137.49409078211326
70.0,60.86868037012138,103.23689384130073,103.51961770601744,60.86868037012138,103.23689384130073,103.51961770601744,60.86868037012138,103.23689384130073,124.93248176515185,21.69069500961184,100.81545640426371,100.81545640426371,21.69069500961184,100.81545640426371,100.81545640426371,21.69069500961184,100.81545640426371,100.81545640426371,43.14436521725635,108.18329353463038,143.81455072418785,43.14436521725635,108.18329353463038,143.81455072418785,43.14436521725635,108.01446662368889,143.81455072418785,42.60541338844162,42.60541338844162,148.81238187731557,42.60541338844162,42.60541338844162,148.81238187731557,42.60541338844162,42.88806652205249,148.81238187731557,50.35991709683406,103.23689384130073,103.51961770601744,59.44591028826121,103.23689384130073,103.51961770601744,50.35991709683406,103.23689384130073,103.51961770601744,63.4314689251321,63.76438073093786,138.21767253140968,63.4314689251321,63.76438073093786,138.21767253140968,63.4314689251321,63.76438073093786,138.21767253140968,40.646340548689004,93.26725711631065,146.2895245737028,40.646340548689004,104.42742096786648,146.2895245737028,102.05628961509429,108.01446662368889,146.2895245737028,42.60541338844162,95.59867284643653,95.59867284643653,42.60541338844162,95.59867284643653,95.59867284643653,42.60541338844162,95.59867284643653,95.59867284643653,65.8074843767789,110.70512634923462,65.8074843767789,110.70512634923462,77.41402489213436,133.94635120076993,77.41402489213436,133.94635120076993,81.31497402077922,129.84269328691545,81.31497402077922,129.84269328691545,84.13456483514965,109.63861089962788,84.13456483514965,109.63861089962788,75.12073615187754,124.93248176515185,75.12073615187754,124.93248176515185,76.23073527128018,122.45458341769,76.23073527128018,122.45458341769
71.0,60.52616169888852,81.87149229127316,102.93241107639517,60.52616169888852,81.87149229127316,102.93241107639517,60.52616169888852,81.87149229127316,124.27841727347513,22.818988803187576,100.22857002870987,128.0942036159326,22.818988803187576,100.22857002870987,128.0942036159326,22.818988803187576,100.22857002870987,128.0942036159326,45.25937748135738,108.15555926534707,145.3070025841838,45.25937748135738,108.15555926534707,145.3070025841838,45.25937748135738,107.99363407164331,145.3070025841838,42.35913419795074,42.35913419795074,147.99535465682698,42.35913419795074,42.35913419795074,147.99535465682698,42.35913419795074,42.35913419795074,147.99535465682698,51.949073620229264,102.60027412244081,102.93241107639517,58.96097226131876,102.60027412244081,102.93241107639517,51.949073620229264,102.60027412244081,102.93241107639517,63.04007653865912,63.37220408033793,63.37220408033793,63.04007653865912,63.37220408033793,63.37220408033793,63.04007653865912,63.37220408033793,63.37220408033793,40.479933300340306,98.04335775563789,145.3070025841838,40.479933300340306,104.16552332705865,145.3070025841838,101.6053209728703,107.35979228742947,145.3070025841838,42.35913419795074,95.01082175205097,120.6611992315674,42.35913419795074,95.01082175205097,120.6611992315674,42.35913419795074,95.01082175205097,120.6611992315674,68.98116590780413,123.82295829126357,68.98116590780413,123.82295829126357,81.22060237402823,133.13198338491017,81.22060237402823,133.13198338491017,80.80609506714205,129.02180048348418,80.80609506714205,129.02180048348418,29.88519700453721,110.04828485714805,29.88519700453721,110.04828485714805,60.62756180154369,104.94239491263767,60.62756180154369,104.94239491263767,75.73721014138295,124.27841727347513,75.73721014138295,124.27841727347513
72.0,60.200010382058906,87.18400799458578,87.18400799458578,60.200010382058906,87.18400799458578,87.18400799458578,60.200010382058906,87.18400799458578,123.50151820929166,23.95425327577547,99.67073918658373,136.6112184265992,23.95425327577547,99.67073918658373,136.6112184265992,23.95425327577547,99.67073918658373,136.6112184265992,47.52905690206781,107.84305726378496,144.5307060800576,47.52905690206781,107.84305726378496,144.5307060800576,47.52905690206781,113.06248272526126,144.5307060800576,42.07934469546787,42.07934469546787,147.06503663345683,42.07934469546787,42.07934469546787,147.06503663345683,42.07934469546787,42.07934469546787,147.06503663345683,54.64417855545089,101.99696686666717,102.3282035902126,58.588874797183124,101.99696686666717,102.3282035902126,54.64417855545089,101.99696686666717,102.3282035902126,62.71444211662892,63.0004464269897,63.0004464269897,62.71444211662892,63.0004464269897,63.0004464269897,62.71444211662892,63.0004464269897,63.0004464269897,40.16372741666291,101.93606452085541,144.5307060800576,40.16372741666291,103.78726439212086,144.5307060800576,40.16372741666291,107.04496718669215,144.5307060800576,42.07934469546787,94.45361957066548,127.28167582177727,42.07934469546787,94.45361957066548,127.28167582177727,42.07934469546787,94.45361957066548,127.28167582177727,71.31006240356265,128.2443955890471,71.31006240356265,128.2443955890471,86.14996372605157,132.51084861248154,86.14996372605157,132.51084861248154,80.16623354006349,104.68737388052104,80.16623354006349,104.68737388052104,39.89619342744368,122.38106471182542,39.89619342744368,122.38106471182542,60.342988407933525,138.2068196580762,60.342988407933525,138.2068196580762,76.04696739515651,135.1873699721982,76.04696739515651,135.1873699721982
73.0,59.847650329816624,91.60794861801023,91.60794861801023,59.847650329816624,91.60794861801023,91.60794861801023,59.847650329816624,91.60794861801023,91.60794861801023,25.238586529360155,99.1424543270944,135.89196076295315,25.238586529360155,99.1424543270944,135.89196076295315,25.238586529360155,99.1424543270944,135.89196076295315,50.240036325623805,107.25262234556318,143.7936890131135,50.240036325623805,107.25262234556318,143.7936890131135,50.240036325623805,112.47277448342777,143.7936890131135,41.85954192295945,41.85954192295945,146.33224183343876,41.85954192295945,41.85954192295945,146.33224183343876,41.85954192295945,42.13331520305517,146.33224183343876,57.64031792070547,101.47014955148138,101.80044818172462,57.64031792070547,101.47014955148138,101.80044818172462,57.64031792070547,101.47014955148138,101.80044818172462,62.36185733282805,84.01961824478852,157.2517885430878,62.36185733282805,84.01961824478852,157.2517885430878,62.36185733282805,84.01961824478852,157.2517885430878,40.014060028944826,107.25262234556318,143.7936890131135,40.014060028944826,107.25262234556318,143.7936890131135,40.014060028944826,107.25262234556318,143.7936890131135,41.85954192295945,93.97024130010522,133.94075182706717,41.85954192295945,93.97024130010522,133.94075182706717,41.85954192295945,93.97024130010522,133.94075182706717,60.89437576656813,137.43043694902522,60.89437576656813,137.43043694902522,85.6659573576342,85.6659573576342,85.6659573576342,85.6659573576342,46.77703763600256,108.64679010444809,46.77703763600256,108.64679010444809,53.70303762358327,127.61710308575414,53.70303762358327,127.61710308575414,66.60650306088738,117.65468541456391,66.60650306088738,117.65468541456391,75.59844575121899,113.43114651628979,75.59844575121899,113.43114651628979
74.0,59.557461749137694,96.91584622753908,96.91584622753908,59.557461749137694,96.91584622753908,96.91584622753908,59.557461749137694,96.91584622753908,96.91584622753908,26.075203738417844,27.82590968863372,135.20031434874699,26.54894065683224,28.197007819979763,135.20031434874699,26.580067720004024,30.56707787800463,135.20031434874699,39.73191412454225,106.69641512253352,142.96197046767367,39.73191412454225,106.69641512253352,142.96197046767367,39.73191412454225,106.69641512253352,142.96197046767367,41.652085782107,41.652085782107,145.63867961499787,41.652085782107,41.652085782107,145.63867961499787,41.652085782107,42.101068870041765,145.63867961499787,59.557461749137694,100.97267575933598,101.26172154373043,59.557461749137694,100.97267575933598,101.26172154373043,59.557461749137694,100.97267575933598,101.26172154373043,62.07073585837371,88.2900050968398,88.2900050968398,62.07073585837371,88.2900050968398,88.2900050968398,62.07073585837371,88.2900050968398,88.2900050968398,39.73191412454225,106.69641512253352,142.96197046767367,39.73191412454225,106.69641512253352,142.96197046767367,39.73191412454225,106.69641512253352,142.96197046767367,41.652085782107,93.51348164836983,142.07084500347,41.652085782107,93.51348164836983,142.07084500347,41.652085782107,93.51348164836983,142.07084500347,81.01003024317421,143.65105290251094,81.01003024317421,143.65105290251094,85.25128298154814,85.25128298154814,85.25128298154814,85.25128298154814,82.7956822545717,108.27568979230749,82.7956822545717,108.27568979230749,56.85939895918704,131.0786977353681,56.85939895918704,131.0786977353681,70.57000070851636,122.21957699157693,70.57000070851636,122.21957699157693,75.27885659333568,96.91584622753908,75.27885659333568,96.91584622753908
75.0,50.58859802366538,100.50498121983804,100.79536819715477,50.58859802366538,100.50498121983804,100.79536819715477,50.58859802366538,100.50498121983804,100.79536819715477,25.9584523806794,27.74574291670706,157.3884525624418,26.653822427561867,28.325187554542335,157.3884525624418,27.27216988066773,30.732250975156376,157.3884525624418,39.59955807834224,106.17497351071015,142.31347441475808,39.59955807834224,106.17497351071015,142.31347441475808,39.59955807834224,106.17497351071015,144.89004451652295,41.45716162498344,41.45716162498344,144.98491300821613,41.45716162498344,41.45716162498344,144.98491300821613,41.45716162498344,41.45716162498344,144.98491300821613,59.284452008937386,100.50498121983804,100.79536819715477,59.284452008937386,100.50498121983804,100.79536819715477,59.284452008937386,100.50498121983804,100.79536819715477,61.75820795651376,94.06447257067889,95.10384455951294,61.75820795651376,94.06447257067889,95.10384455951294,61.75820795651376,94.06447257067889,95.10384455951294,39.59955807834224,106.17497351071015,177.48415422228544,39.59955807834224,106.17497351071015,177.48415422228544,39.59955807834224,106.17497351071015,177.48415422228544,41.45716162498344,93.04601684113082,144.98491300821613,41.45716162498344,93.04601684113082,144.98491300821613,41.45716162498344,93.04601684113082,144.98491300821613,86.30252024130002,144.37494588743576,86.30252024130002,144.37494588743576,84.8610997454075,101.40626829737892,84.8610997454075,101.40626829737892,51.61516250095509,121.12235549228721,51.61516250095509,121.12235549228721,61.76695111465354,130.42862032544852,61.76695111465354,130.42862032544852,74.90076768631948,132.04213342717543,74.90076768631948,132.04213342717543,80.60164390383115,136.99680653212323,80.60164390383115,136.99680653212323
76.0,30.287559327222127,100.06748347989969,100.35913635539117,30.287559327222127,100.06748347989969,100.35913635539117,30.287559327222127,100.06748347989969,100.35913635539117,25.849008685054056,27.558596662384677,167.05126458665316,27.158078908494247,28.54043184676784,167.05126458665316,27.285527299284507,31.051268090047465,167.05126458665316,39.3525729781421,105.68881208529122,141.70612195667482,39.3525729781421,105.68881208529122,141.70612195667482,39.3525729781421,105.68881208529122,176.63415581364777,41.274947001783055,41.274947001783055,61.97423859959878,41.274947001783055,41.274947001783055,41.274947001783055,41.274947001783055,41.274947001783055,41.274947001783055,59.02885946721315,100.06748347989969,100.35913635539117,59.02885946721315,100.06748347989969,100.35913635539117,59.02885946721315,100.06748347989969,100.35913635539117,61.50265238182822,97.73953268764896,97.73953268764896,61.50265238182822,97.73953268764896,97.73953268764896,61.50265238182822,97.73953268764896,97.73953268764896,39.3525729781421,105.68881208529122,130.9126617252892,39.3525729781421,105.68881208529122,130.9126617252892,39.3525729781421,105.68881208529122,130.9126617252892,10.131942064579722,92.64616155027687,144.25368279527564,37.745347395407556,92.64616155027687,144.25368279527564,37.745347395407556,92.64616155027687,144.25368279527564,78.6423867898222,143.76760761729327,78.6423867898222,143.76760761729327,84.46058992216429,107.26427643908292,84.46058992216429,107.26427643908292,51.46169692110822,125.81782465135852,51.46169692110822,125.81782465135852,61.794265510644266,129.940851928868,61.794265510644266,129.940851928868,74.60061159266725,136.6112184265992,74.60061159266725,136.6112184265992,50.11537937599595,136.6112184265992,50.11537937599595,136.6112184265992
77.0,32.470929306073145,99.66058022106834,99.95342040170512,32.470929306073145,99.66058022106834,99.95342040170512,32.470929306073145,99.66058022106834,99.95342040170512,25.746965840657808,26.983536647370745,168.79906694054918,27.523467259776698,28.614441284078918,168.79906694054918,27.66941000455196,31.34551403311166,168.79906694054918,39.23805550737702,105.3476387965103,141.14044423906282,39.23805550737702,105.3476387965103,141.14044423906282,39.23805550737702,105.3476387965103,175.95773640280783,41.105610930869275,64.70557356209741,64.70557356209741,41.105610930869275,64.70557356209741,64.70557356209741,41.105610930869275,64.70557356209741,64.70557356209741,58.790911287375025,75.51073599164557,75.51073599164557,58.790911287375025,75.51073599164557,75.51073599164557,58.790911287375025,75.51073599164557,75.51073599164557,46.8841657705456,97.32741134952681,97.3339932911416,46.8841657705456,97.32741134952681,97.3339932911416,46.8841657705456,97.32741134952681,97.3339932911416,39.23805550737702,105.3476387965103,140.61694421370422,39.23805550737702,105.3476387965103,140.61694421370422,39.23805550737702,105.3476387965103,140.61694421370422,10.096348349774782,92.27408222247459,143.6893350252551,36.810409533174166,92.27408222247459,143.6893350252551,36.810409533174166,92.27408222247459,143.6893350252551,78.28872843519684,98.64966421635707,78.28872843519684,98.64966421635707,84.12292345133994,106.8111651467205,84.12292345133994,106.8111651467205,59.737969500142874,136.98038180703105,59.737969500142874,136.98038180703105,61.556772576216176,129.37204102896422,61.556772576216176,129.37204102896422,85.56065100266594,136.04273225718455,85.56065100266594,136.04273225718455,81.21345331901605,119.02993321009636,81.21345331901605,119.02993321009636
78.0,35.102083271509684,99.28464760475306,99.57859333210125,35.102083271509684,99.28464760475306,99.57859333210125,35.102083271509684,99.28464760475306,99.57859333210125,25.652412167279707,26.564191122637254,168.17141552594484,28.155483480132247,28.627019579411336,168.17141552594484,28.155483480132247,31.392853486104123,168.17141552594484,39.129592382236744,104.92437752972376,140.61694421370422,39.129592382236744,104.92437752972376,140.61694421370422,39.129592382236744,104.92437752972376,175.3300459134144,40.949313181053476,69.67536329291724,69.67536329291724,40.949313181053476,69.67536329291724,69.67536329291724,40.949313181053476,69.67536329291724,69.67536329291724,58.57082251428607,79.22165897025889,79.22165897025889,58.57082251428607,79.22165897025889,79.22165897025889,58.57082251428607,79.22165897025889,79.22165897025889,50.30531781034685,96.99010903179767,117.98357936594397,50.30531781034685,96.99010903179767,117.98357936594397,50.30531781034685,96.99010903179767,117.98357936594397,39.129592382236744,104.92437752972376,151.33613249980985,39.129592382236744,104.92437752972376,151.33613249980985,39.129592382236744,104.92437752972376,151.33613249980985,10.031512847023622,91.93011612088827,143.16642413638752,35.154604961512504,91.93011612088827,143.16642413638752,35.154604961512504,91.93011612088827,143.16642413638752,77.96233064756338,106.39372631880134,77.96233064756338,106.39372631880134,83.81074662595483,128.6686636287173,83.81074662595483,128.6686636287173,64.72731262766901,142.67664490027792,64.72731262766901,142.67664490027792,76.34727401813375,76.34727401813375,76.34727401813375,76.34727401813375,79.53379784720455,135.51798773594595,79.53379784720455,135.51798773594595,58.717767753892005,120.22115038544591,58.717767753892005,120.22115038544591
79.0,38.18391349770214,98.94003865978625,99.26243624856284,38.18391349770214,98.94003865978625,99.26243624856284,38.18391349770214,98.94003865978625,99.26243624856284,25.5654307610883,26.33023452231294,167.59512224405577,28.53491282622044,28.652944874829185,167.59512224405577,28.35853046263152,31.41792879869709,167.59512224405577,38.931028755993594,75.69138821556915,140.13609456524753,38.931028755993594,75.69138821556915,140.13609456524753,38.931028755993594,75.69138821556915,140.13609456524753,40.83376360317525,75.69138821556915,75.69138821556915,40.83376360317525,75.69138821556915,75.69138821556915,40.83376360317525,75.69138821556915,75.69138821556915,58.36879517344863,88.54683082979311,88.54683082979311,58.36879517344863,88.54683082979311,88.54683082979311,58.36879517344863,88.54683082979311,88.54683082979311,10.002312232679001,96.58739565802568,126.78968806649853,10.002312232679001,96.58739565802568,126.78968806649853,10.002312232679001,96.58739565802568,126.78968806649853,38.931028755993594,104.53767263527537,140.13609456524753,38.931028755993594,104.53767263527537,140.13609456524753,38.931028755993594,104.53767263527537,140.13609456524753,10.002312232679001,91.61457989861658,142.68540570079338,10.002312232679001,91.61457989861658,142.68540570079338,10.002312232679001,91.61457989861658,142.68540570079338,77.66353713294289,117.08170224249389,77.66353713294289,117.08170224249389,22.94558781116753,128.4644892567592,43.10053653958382,128.4644892567592,69.19578202462921,142.1939696330333,69.19578202462921,142.1939696330333,83.39871851533452,83.39871851533452,83.39871851533452,83.39871851533452,79.1367487328106,135.03749479311293,79.1367487328106,135.03749479311293,63.84062186413914,135.03749479311293,63.84062186413914,135.03749479311293
80.0,43.19440067879169,98.65194498842888,98.94777031343354,43.19440067879169,98.65194498842888,98.94777031343354,43.19440067879169,98.65194498842888,98.94777031343354,25.486099152282996,26.25064284927133,27.779781316633866,28.519138310965847,28.71804746148317,45.072566490050235,28.449626535334342,31.429385135570183,30.66482104953492,38.84102212867216,82.75956893314512,139.6983357094851,38.84102212867216,82.75956893314512,139.6983357094851,38.84102212867216,82.75956893314512,139.6983357094851,40.70130526162521,82.75956893314512,82.75956893314512,40.70130526162521,82.75956893314512,82.75956893314512,40.70130526162521,82.75956893314512,82.75956893314512,58.18501740138951,96.79318803510917,98.85881978862584,58.18501740138951,96.79318803510917,98.85881978862584,58.18501740138951,96.79318803510917,98.85881978862584,10.123055368810347,96.30745038676915,132.13676626889279,10.123055368810347,96.30745038676915,132.13676626889279,10.123055368810347,96.30745038676915,132.13676626889279,38.84102212867216,104.1879311628751,139.6983357094851,38.84102212867216,104.1879311628751,139.6983357094851,38.84102212867216,104.1879311628751,139.6983357094851,10.123055368810347,91.32776823069752,142.2467047069984,10.123055368810347,91.32776823069752,142.2467047069984,10.123055368810347,91.32776823069752,142.2467047069984,79.36387717343452,123.99848789400619,79.36387717343452,123.99848789400619,22.748873598488345,128.02587629069367,42.172265767919086,128.02587629069367,77.39266761134417,141.7537477458709,77.39266761134417,141.7537477458709,83.28884228994902,83.28884228994902,83.28884228994902,83.28884228994902,78.95647535193045,111.60253133329907,78.95647535193045,111.60253133329907,68.76136269737533,134.601727329184,68.76136269737533,134.601727329184
81.0,46.00294827508341,98.36826851175128,98.66494438249079,46.00294827508341,98.36826851175128,98.66494438249079,46.00294827508341,98.36826851175128,98.66494438249079,46.00294827508341,46.00294827508341,46.15090735836078,46.00294827508341,46.00294827508341,46.00294827508341,46.00294827508341,46.00294827508341,46.00294827508341,38.6797750769055,91.47571399010778,139.30407388156314,38.6797750769055,91.47571399010778,139.30407388156314,38.6797750769055,91.47571399010778,139.30407388156314,40.58227753588997,91.09218544968608,91.09218544968608,40.58227753588997,91.09218544968608,91.09218544968608,40.58227753588997,91.09218544968608,91.09218544968608,58.01966261535825,98.36826851175128,98.66494438249079,58.01966261535825,98.36826851175128,98.66494438249079,58.01966261535825,98.36826851175128,98.66494438249079,10.098576632377457,96.0501171264252,153.3431609169447,10.098576632377457,96.0501171264252,153.3431609169447,10.098576632377457,96.0501171264252,153.3431609169447,38.6797750769055,103.95010822505189,139.30407388156314,38.6797750769055,103.95010822505189,139.30407388156314,38.6797750769055,103.95010822505189,139.30407388156314,10.098576632377457,91.09218544968608,141.8507137803684,10.098576632377457,91.09218544968608,141.8507137803684,10.098576632377457,91.09218544968608,141.8507137803684,32.612670083879976,138.13625519754038,32.713242731346575,138.13625519754038,30.49190466336926,127.70914219428458,41.19801269478906,127.70914219428458,84.87122598383978,86.99799566656694,84.87122598383978,86.99799566656694,83.05212971381287,97.71466752744954,83.05212971381287,97.71466752744954,78.70911637161225,119.08033002977444,78.70911637161225,119.08033002977444,78.62897843670615,134.28560980239095,78.62897843670615,134.28560980239095
82.0,50.55122402078905,98.11679902035124,98.43389279105037,50.55122402078905,98.11679902035124,98.43389279105037,50.55122402078905,98.11679902035124,98.43389279105037,50.69966715867077,51.33693845565783,51.33693845565783,50.55122402078905,51.33693845565783,51.33693845565783,50.55122402078905,51.33693845565783,51.33693845565783,38.60861302870125,103.3809702024507,173.25018037508647,38.60861302870125,103.3809702024507,173.25018037508647,38.60861302870125,103.3809702024507,173.25018037508647,40.47679890999287,90.86094458016602,90.86094458016602,40.47679890999287,90.86094458016602,90.86094458016602,40.47679890999287,90.86094458016602,90.86094458016602,57.87288873038912,98.11679902035124,98.43389279105037,57.87288873038912,98.11679902035124,98.43389279105037,57.87288873038912,98.11679902035124,98.43389279105037,10.076271631908302,95.84688962089484,166.1794963285182,10.076271631908302,95.84688962089484,166.1794963285182,10.076271631908302,95.84688962089484,166.1794963285182,38.60861302870125,103.66592979373696,138.9536793323588,38.60861302870125,103.66592979373696,138.9536793323588,38.60861302870125,103.66592979373696,138.9536793323588,10.076271631908302,90.86094458016602,141.4977915021998,10.076271631908302,90.86094458016602,141.4977915021998,10.076271631908302,90.86094458016602,141.4977915021998,32.309073802880825,141.00221629463843,32.309073802880825,141.00221629463843,39.329330657919925,127.35629156033086,40.62549999692311,127.35629156033086,76.93584990107017,95.10849068300895,76.93584990107017,95.10849068300895,82.84190515675023,105.15286491579771,82.84190515675023,105.15286491579771,78.48964899908778,133.93141901734634,78.48964899908778,133.93141901734634,84.57023708137515,133.93141901734634,84.57023708137515,133.93141901734634
83.0,55.75169279941193,57.910976938746245,57.910976938746245,55.75169279941193,57.910976938746245,57.910976938746245,55.75169279941193,57.910976938746245,57.910976938746245,55.75169279941193,60.401872901425826,60.401872901425826,55.75169279941193,60.401872901425826,60.84834632099709,55.75169279941193,60.401872901425826,61.42541208652978,38.543806246918585,103.41965480507078,117.24600206403628,38.543806246918585,103.41965480507078,117.24600206403628,38.543806246918585,103.41965480507078,117.24600206403628,40.38497554784452,90.6591487385581,117.24600206403628,40.38497554784452,90.6591487385581,117.24600206403628,40.38497554784452,90.6591487385581,117.24600206403628,57.761979277029624,97.91479076217239,98.2128364828142,57.761979277029624,97.91479076217239,98.2128364828142,57.761979277029624,97.91479076217239,98.2128364828142,10.056154831743592,95.6452625591043,165.87080816105046,10.056154831743592,95.6452625591043,165.87080816105046,10.056154831743592,95.6452625591043,165.87080816105046,38.543806246918585,103.41965480507078,138.6474846508223,38.543806246918585,103.41965480507078,138.6474846508223,38.543806246918585,103.41965480507078,138.6474846508223,10.056154831743592,90.6591487385581,141.18826084345682,10.056154831743592,90.6591487385581,141.18826084345682,10.056154831743592,90.6591487385581,141.18826084345682,40.43842541444956,140.69159534243687,40.43842541444956,140.69159534243687,39.248009503667824,40.998185935477686,40.08692118384748,41.90950071284553,76.75040716504375,104.96725679944198,76.75040716504375,104.96725679944198,82.65837071948611,126.7956032360744,82.65837071948611,126.7956032360744,38.5043017077313,133.62307061282493,38.5043017077313,133.62307061282493,78.29830777226287,100.01238048361813,78.29830777226287,100.01238048361813
84.0,57.650075888935305,66.95488219689433,66.95488219689433,57.650075888935305,66.95488219689433,66.95488219689433,57.650075888935305,66.95488219689433,66.95488219689433,60.05332005809504,60.3664745533479,60.3664745533479,60.05332005809504,60.3664745533479,60.3664745533479,60.05332005809504,60.3664745533479,60.96360594649893,38.43338392595687,103.25998741041953,135.11337831613864,38.43338392595687,103.25998741041953,135.11337831613864,38.43338392595687,102.76246882982133,135.11337831613864,40.32141180563994,90.50141573478285,140.57960378376373,40.32141180563994,90.50141573478285,140.57960378376373,40.32141180563994,90.50141573478285,140.57960378376373,57.650075888935305,97.725719490828,98.03879971725479,57.650075888935305,97.725719490828,98.03879971725479,57.650075888935305,97.725719490828,98.03879971725479,10.022537103947284,95.47173010896994,165.54946390731683,10.022537103947284,95.47173010896994,165.54946390731683,10.022537103947284,95.47173010896994,165.54946390731683,38.43338392595687,103.25998741041953,138.43455132299883,38.43338392595687,103.25998741041953,138.43455132299883,38.43338392595687,103.25998741041953,138.43455132299883,10.022537103947284,33.576721847136895,140.92240772850852,10.022537103947284,47.75621687278003,140.92240772850852,10.022537103947284,49.26364024308395,140.92240772850852,44.459883603086496,136.89274999064048,44.459883603086496,136.89274999064048,38.6646641004419,40.619961225978535,39.70964933111346,41.36642660419195,86.3690699845726,131.02719183436696,86.3690699845726,131.02719183436696,82.51615750869644,126.84291466219152,82.51615750869644,126.84291466219152,42.72459771606984,133.40961359662205,42.72459771606984,133.40961359662205,78.13529932111351,112.97178851377011,78.13529932111351,112.97178851377011
85.0,57.55711294010498,83.07109154212432,83.07109154212432,57.55711294010498,83.07109154212432,83.07109154212432,57.55711294010498,83.07109154212432,83.07109154212432,59.96145636990482,80.53205107284924,80.53205107284924,59.96145636990482,80.53205107284924,80.53205107284924,59.96145636990482,80.53205107284924,80.53205107284924,38.38782359030009,103.08067229117202,157.44244980309472,38.38782359030009,103.08067229117202,157.44244980309472,38.38782359030009,102.66754599190534,157.44244980309472,40.25439417007788,90.35635699827655,140.70047974331857,40.25439417007788,90.35635699827655,140.70047974331857,40.25439417007788,90.35635699827655,140.70047974331857,57.55711294010498,97.5812546035354,97.88031594758979,57.55711294010498,97.5812546035354,97.88031594758979,57.55711294010498,97.5812546035354,97.88031594758979,10.009058397271943,10.009058397271943,165.28195606296532,10.009058397271943,36.82996402387599,165.28195606296532,10.009058397271943,36.82996402387599,165.28195606296532,38.38782359030009,103.08067229117202,138.20862852948076,38.38782359030009,103.08067229117202,138.20862852948076,38.38782359030009,102.58228404554073,138.20862852948076,10.009058397271943,35.32253176090298,140.70047974331857,41.039873903315055,49.77209308437811,140.70047974331857,41.039873903315055,50.681912454050114,140.70047974331857,58.34180533716796,58.34180533716796,58.34180533716796,58.34180533716796,52.46546483163949,52.46546483163949,52.46546483163949,52.46546483163949,86.2953141833321,140.20208628975533,86.2953141833321,140.20208628975533,82.38380453705692,126.66540569547787,82.38380453705692,126.66540569547787,57.59462865580436,133.18455240755213,57.59462865580436,133.18455240755213,78.0008012779356,133.18455240755213,78.0008012779356,133.18455240755213
86.0,57.4831823231804,96.67223619012854,97.71904241241826,57.4831823231804,96.67223619012854,97.71904241241826,57.4831823231804,96.67223619012854,97.71904241241826,59.88786396257592,95.2095386502844,95.2095386502844,59.88786396257592,95.2095386502844,95.2095386502844,59.88786396257592,95.2095386502844,95.2095386502844,38.34872879249063,102.97147663309485,138.02762404678276,38.34872879249063,102.97147663309485,138.02762404678276,38.34872879249063,102.97147663309485,138.02762404678276,40.2012593086336,90.25046398772696,140.52268500139044,40.2012593086336,90.25046398772696,140.52268500139044,40.2012593086336,90.25046398772696,140.52268500139044,57.4831823231804,97.46451277259841,97.76393123233127,57.4831823231804,97.46451277259841,97.76393123233127,57.4831823231804,97.46451277259841,97.76393123233127,10.147475055401713,29.25596093106497,151.0335227689535,10.147475055401713,37.97652235263255,151.0335227689535,10.147475055401713,37.97652235263255,151.0335227689535,67.40134457115822,102.97147663309485,138.02762404678276,67.40134457115822,102.97147663309485,138.02762404678276,67.40134457115822,102.47255730194304,138.02762404678276,10.147475055401713,36.33113334318102,40.691353504153675,42.63603229663848,50.9078211083523,53.0131705333684,42.63603229663848,51.655892693864075,87.28666135212184,68.06075410983925,68.06075410983925,68.06075410983925,68.06075410983925,72.39959426681892,72.39959426681892,72.39959426681892,72.39959426681892,86.18965280124986,140.02365871523284,86.18965280124986,140.02365871523284,82.27858925625792,126.4876476182556,82.27858925625792,126.4876476182556,72.54923328333663,72.54923328333663,72.54923328333663,72.54923328333663,77.92704921912545,133.0061088822615,77.92704921912545,133.0061088822615
87.0,57.435017628620955,97.36889261976845,97.66860421855121,57.435017628620955,97.36889261976845,97.66860421855121,57.435017628620955,97.36889261976845,97.66860421855121,59.83261025561228,95.12111358683728,129.98124864764148,59.83261025561228,95.12111358683728,129.98124864764148,59.83261025561228,95.12111358683728,129.98124864764148,38.29001175241397,102.8597345903634,137.8917147619827,38.29001175241397,102.8597345903634,137.8917147619827,38.29001175241397,102.8597345903634,137.8917147619827,40.16878452231285,90.16266549964016,140.3891911793782,40.16878452231285,90.16266549964016,140.3891911793782,40.16878452231285,90.16266549964016,140.3891911793782,20.648032593930104,97.36889261976845,97.66860421855121,37.02251004456613,97.36889261976845,97.66860421855121,37.02251004456613,97.36889261976845,97.66860421855121,10.138601974631413,31.031697504326118,34.63424966705645,10.138601974631413,38.68618939621735,59.55443938112422,10.138601974631413,38.68618939621735,61.35980972917044,31.913888042668823,102.8597345903634,137.8917147619827,50.54321171037709,102.8597345903634,137.8917147619827,50.54321171037709,102.3602706131632,137.8917147619827,10.138601974631413,37.188657545009605,41.390352136699676,44.09451496501577,51.74945651888529,53.704713480289605,44.09451496501577,52.34860313322601,87.79428369774423,86.02189401541912,94.25903802819123,86.02189401541912,94.25903802819123,82.20718490497045,94.25903802819123,82.20718490497045,94.25903802819123,86.10999506445229,139.88968868361957,86.10999506445229,139.88968868361957,37.93739909377025,126.38087276166438,37.93739909377025,126.38087276166438,82.387043884339,92.76120552256747,82.387043884339,92.76120552256747,77.8403815509662,132.89704661880188,77.8403815509662,132.89704661880188
88.0,57.39661357606388,97.31041182730652,97.61030299102651,57.39661357606388,97.31041182730652,97.61030299102651,57.39661357606388,97.31041182730652,97.61030299102651,59.79574608615566,95.06124999178161,164.81846073786758,59.79574608615566,95.06124999178161,164.81846073786758,59.79574608615566,95.06124999178161,164.81846073786758,38.27041938625706,102.7867938988273,137.80103410352189,72.55326491619795,102.7867938988273,137.80103410352189,38.27041938625706,102.7867938988273,137.80103410352189,40.14076792987399,90.10899649868486,140.30012473266015,40.14076792987399,90.10899649868486,140.30012473266015,59.959204881319096,90.10899649868486,140.30012473266015,20.791374413443666,96.86057634559067,97.61030299102651,37.1523384190013,96.86057634559067,97.61030299102651,37.1523384190013,96.86057634559067,97.61030299102651,10.131942064579722,32.35013523928454,35.353730354801314,10.131942064579722,39.10672896062773,61.01377918142753,10.131942064579722,39.10672896062773,62.96257817148214,32.05037051267894,102.7867938988273,137.80103410352189,65.37771982870005,102.7867938988273,137.80103410352189,66.12712189412147,102.28697375521479,137.80103410352189,10.131942064579722,37.757863419425625,41.81059973260369,45.85745577329819,52.31420696139816,54.257407328400795,45.85745577329819,52.76387258342587,88.77320119270229,86.05641318344613,130.35576320209245,86.05641318344613,130.35576320209245,82.15379632128999,125.85954473141877,82.15379632128999,125.85954473141877,33.105683046872784,130.80376523632643,33.25554465047897,130.80376523632643,38.80697424432881,41.649384749357345,38.80697424432881,41.649384749357345,77.78254945680297,132.35416502702134,77.78254945680297,132.35416502702134,77.7986182396577,132.80295553940056,77.7986182396577,132.80295553940056
89.0,57.37740191050829,97.27988615330509,97.57987113129428,57.37740191050829,97.27988615330509,97.57987113129428,57.37740191050829,97.27988615330509,97.57987113129428,59.777305476242404,95.0300018415237,164.75929412327548,59.777305476242404,95.0300018415237,164.75929412327548,59.777305476242404,95.0300018415237,164.75929412327548,38.25735223457055,102.75760312502427,137.75567138960196,72.52814109020028,102.75760312502427,137.75567138960196,38.25735223457055,102.75760312502427,137.75567138960196,40.126752298186304,90.07877802235109,140.2555702993646,40.126752298186304,90.07877802235109,140.2555702993646,60.07729396369314,90.07877802235109,140.2555702993646,20.928359945299107,32.335526128393205,36.981160744357396,37.287749328700436,74.02807744362944,76.13567659120132,37.287749328700436,55.502252206554644,93.67863283588206,10.12749969143421,32.9353343690329,35.78451131425438,10.12749969143421,39.53360911933035,62.33515260268478,10.12749969143421,39.53360911933035,63.834914036129156,32.33204679571028,33.53514947036914,34.734798833446554,65.48019738821806,67.2870808550943,68.33426117256262,66.23455480336528,93.37864450718912,131.7559296578336,10.12749969143421,38.18391349770214,42.23305873365082,47.18507444097126,52.734014165432164,54.536604679792816,47.18507444097126,53.040326639265714,90.08627115160223,86.02895588114504,139.75559022808355,86.02895588114504,139.75559022808355,82.12914373107758,126.2561879671646,82.12914373107758,126.2561879671646,33.68510427473841,35.331448456014364,33.68510427473841,35.331448456014364,39.683576577722924,42.0830874580276,39.683576577722924,42.0830874580276,77.75361727919801,132.75588499196562,77.75361727919801,132.75588499196562,29.182807438627282,57.683240633653725,29.182807438627282,54.67752051803373
90.0,57.3750490195869,97.27502891287156,97.57502882397729,57.3750490195869,97.27502891287156,97.57502882397729,57.3750490195869,97.27502891287156,117.75026539248223,59.77504705142439,95.02502959746973,164.75018968122617,59.77504705142439,95.02502959746973,164.75018968122617,59.77504705142439,95.02502959746973,164.75018968122617,38.25081698473903,102.75030413580292,137.75022686006727,72.52503877972075,102.75030413580292,137.75022686006727,38.25081698473903,102.75030413580292,137.75022686006727,40.12507009339672,90.0750312239746,140.2502228162223,40.12507009339672,90.0750312239746,140.2502228162223,60.07504681646115,90.0750312239746,140.2502228162223,21.07513345153477,32.77508581224464,37.125075757498465,37.575074850224844,74.02503799391121,76.50163396947806,37.575074850224844,55.57626516778542,93.6750300240144,10.125277773967488,33.375758418349086,36.225077639668356,10.125277773967488,39.67507088840548,62.77540322451143,10.125277773967488,39.67507088840548,64.12539473562717,32.625086206782655,33.82508314845656,35.1750799572652,65.50190836914601,67.50185182644992,68.50182479321262,66.37504237286782,93.2250301689412,131.75023719143735,10.125277773967488,38.475073099345764,42.37506637162944,47.77505886966545,52.875053191462605,54.67505144030501,47.77505886966545,53.325052742589946,90.50138120492969,86.02503269397809,122.25025562345463,86.02503269397809,122.25025562345463,82.1250342465682,126.25024752450983,82.1250342465682,126.25024752450983,33.97508278135611,35.4757135234797,33.97508278135611,35.4757135234797,39.97507035641088,42.37506637162944,39.97507035641088,42.37506637162944,77.75040192822156,132.75023540468771,77.75040192822156,132.75023540468771,29.325095907771555,58.126209664831926,29.325095907771555,54.67628599310673
