Config,Z,W,s,R_free,RadiusP,RadiusI,ExcludeR,beyond_P,beyond_I,L_prod_P,L_refcut_P,L_contig_P,L_contigIn_P,L_area_P,L_cov_P,L_prod_I,L_refcut_I,L_contig_I,L_contigIn_I,L_area_I,L_cov_I,ringCutFrac_P,ringCutFrac_I,lvlRelDiff_P,lvlRelDiff_I
config_01_det1_b15_s5_h4_w50,1,50,5,3.684031,33.024667,60.236209,7.905694,False,False,0.705716,0.690958,0.140325,0.439115,0.400525,0.384615,1.324197,1.324197,0.67662,1.262791,1.150421,0.538462,0.096491,0.083086,0.0,0.0
config_01_det1_b15_s5_h4_w50,2,50,5,7.368063,33.024667,60.236209,7.905694,False,False,0.76706,0.763848,0.662477,0.75575,0.737602,0.945055,1.239921,1.236648,0.959895,1.221117,1.076978,0.846154,0.104651,0.096774,0.020069,0.006456
config_01_det1_b15_s5_h4_w50,3,50,5,11.052094,33.024667,60.236209,7.905694,False,False,0.762402,0.757527,0.68351,0.755268,0.706626,0.945055,1.38549,1.382509,1.180572,1.354934,1.097418,0.978022,0.101562,0.099804,0.012348,0.00446
config_01_det1_b15_s5_h4_w50,4,50,5,14.736126,33.024667,60.236209,7.905694,False,False,0.762946,0.754318,0.658642,0.753336,0.678054,0.945055,1.277248,1.277029,1.114242,1.265643,0.971827,0.989011,0.101164,0.101164,0.008113,0.003458
config_01_det1_b15_s5_h4_w50,5,50,5,18.420157,33.024667,60.236209,7.905694,False,False,0.960414,0.959812,0.734766,0.940333,0.726254,0.978022,1.2725,1.264475,1.132143,1.24832,0.85721,1.0,0.098131,0.098131,0.006121,0.003198
config_01_det1_b15_s5_h4_w50,6,50,5,22.104189,33.024667,60.236209,7.905694,False,False,1.101614,1.101048,0.756776,1.066726,0.705796,0.978022,1.398296,1.391473,1.148229,1.389024,0.934527,1.0,0.103348,0.103348,0.00555,0.003103
config_01_det1_b15_s5_h4_w50,7,50,5,25.78822,33.024667,60.236209,7.905694,False,False,1.176796,1.176265,0.841367,1.157794,0.716307,1.0,1.279024,1.27217,1.167901,1.275756,0.897547,1.0,0.102202,0.102202,0.004628,0.002788
config_01_det1_b15_s5_h4_w50,8,50,5,29.472252,33.024667,60.236209,7.905694,False,False,1.107571,1.106953,0.896922,1.094178,0.741571,1.0,1.303755,1.302608,1.23358,1.294586,0.910774,1.0,0.100328,0.100328,0.003456,0.002185
config_01_det1_b15_s5_h4_w50,9,50,5,33.156283,33.024667,60.236209,7.905694,True,False,1.098636,1.098488,0.909668,1.084621,0.73227,1.0,1.314256,1.31399,1.259915,1.301787,0.889382,1.0,0.10042,0.10042,0.003384,0.002028
config_01_det1_b15_s5_h4_w50,10,50,5,36.840315,33.024667,60.236209,7.905694,True,False,1.039847,1.039746,0.879323,1.033784,0.697008,1.0,1.229572,1.229404,1.202208,1.218661,0.834729,1.0,0.100321,0.100321,0.002573,0.001822
config_01_det1_b15_s5_h4_w50,11,50,5,40.524346,33.024667,60.236209,7.905694,True,False,1.076712,1.06903,0.846776,1.057463,0.686132,1.0,1.255545,1.251544,1.218807,1.241635,0.815125,1.0,0.101303,0.101303,0.002371,0.001588
config_01_det1_b15_s5_h4_w50,12,50,5,44.208378,33.024667,60.236209,7.905694,True,False,1.075217,1.075127,0.867178,1.053481,0.674923,1.0,1.265995,1.265445,1.222149,1.256433,0.835112,1.0,0.102204,0.102204,0.002249,0.00159
config_01_det1_b15_s5_h4_w50,13,50,5,47.892409,33.024667,60.236209,7.905694,True,True,1.093709,1.093516,0.846611,1.074563,0.671006,1.0,1.274498,1.270521,1.208339,1.261428,0.847051,1.0,0.102478,0.102478,0.001847,0.001393
config_01_det1_b15_s5_h4_w50,14,50,5,51.576441,33.024667,60.236209,7.905694,True,True,1.092887,1.0916,0.869,1.072379,0.6711,1.0,1.283089,1.278481,1.214941,1.262708,0.840242,1.0,0.097678,0.097678,0.0019,0.001336
config_01_det1_b15_s5_h4_w50,15,50,5,55.260472,33.024667,60.236209,7.905694,True,True,1.082218,1.08206,0.872113,1.060198,0.66524,1.0,1.260495,1.260292,1.199842,1.249923,0.821558,1.0,0.101807,0.101807,0.001729,0.001255
config_01_det1_b15_s5_h4_w50,16,50,5,58.944504,33.024667,60.236209,7.905694,True,True,1.045118,1.044887,0.872077,1.032788,0.655134,1.0,1.247614,1.243824,1.179478,1.240126,0.813187,1.0,0.101344,0.101344,0.001611,0.001162
config_01_det1_b15_s5_h4_w50,17,50,5,62.628535,33.024667,60.236209,7.905694,True,True,1.009849,1.00979,0.867082,0.99989,0.643542,1.0,1.267305,1.267073,1.195178,1.253263,0.822697,1.0,0.099003,0.099003,0.001441,0.001066
config_01_det1_b15_s5_h4_w50,18,50,5,66.312567,33.024667,60.236209,7.905694,True,True,1.017149,1.017053,0.859849,0.988865,0.634314,1.0,1.25244,1.252043,1.172495,1.24131,0.817905,1.0,0.10211,0.10211,0.001377,0.001048
config_01_det1_b15_s5_h4_w50,19,50,5,69.996598,33.024667,60.236209,7.905694,True,True,1.010446,1.01036,0.861161,0.997497,0.623525,1.0,1.258767,1.258443,1.175501,1.245338,0.81613,1.0,0.102097,0.102097,0.001378,0.000971
config_01_det1_b15_s5_h4_w50,20,50,5,73.68063,33.024667,60.236209,7.905694,True,True,1.030694,1.030472,0.85424,1.001914,0.61634,1.0,1.245663,1.245471,1.168321,1.230247,0.803073,1.0,0.09965,0.09965,0.001149,0.000897
config_02_det1_b15_s5_h4_w500,1,500,5,7.937005,72.347871,123.655186,7.905694,False,False,0.867725,0.852433,0.307641,0.74363,0.687712,0.89011,1.433204,1.400965,0.69793,1.369393,1.047751,0.934066,0.101351,0.101351,0.021023,0.001564
config_02_det1_b15_s5_h4_w500,2,500,5,15.874011,72.347871,123.655186,7.905694,False,False,0.964533,0.963245,0.811299,0.925591,0.748961,0.989011,1.277209,1.276702,0.967854,1.259921,0.922477,0.989011,0.101351,0.101351,0.009461,0.003145
config_02_det1_b15_s5_h4_w500,3,500,5,23.811016,72.347871,123.655186,7.905694,False,False,1.189502,1.188737,0.805641,1.153059,0.721803,1.0,1.327756,1.326142,0.934978,1.311991,0.861196,1.0,0.1032,0.1032,0.006145,0.002187
config_02_det1_b15_s5_h4_w500,4,500,5,31.748021,72.347871,123.655186,7.905694,False,False,1.153711,1.153376,0.905066,1.113427,0.753426,1.0,1.274035,1.268205,0.923858,1.266357,0.863466,1.0,0.102573,0.102573,0.004288,0.001949
config_02_det1_b15_s5_h4_w500,5,500,5,39.685026,72.347871,123.655186,7.905694,False,False,1.185511,1.18537,0.988655,1.156138,0.74086,1.0,1.297444,1.296983,0.980671,1.27793,0.84185,1.0,0.09837,0.09837,0.003097,0.001632
config_02_det1_b15_s5_h4_w500,6,500,5,47.622032,72.347871,123.655186,7.905694,False,False,1.147391,1.143518,1.00501,1.138187,0.727017,1.0,1.290339,1.287697,1.075514,1.280487,0.849767,1.0,0.100766,0.100766,0.002346,0.001377
config_02_det1_b15_s5_h4_w500,7,500,5,55.559037,72.347871,123.655186,7.905694,False,False,1.111876,1.111718,0.978461,1.092294,0.701672,1.0,1.291014,1.286411,1.116909,1.276212,0.841086,1.0,0.099845,0.099845,0.001832,0.001204
config_02_det1_b15_s5_h4_w500,8,500,5,63.496042,72.347871,123.655186,7.905694,True,False,1.152357,1.152284,0.978023,1.125997,0.703069,1.0,1.294313,1.294074,1.161597,1.288634,0.847234,1.0,0.101738,0.101738,0.001609,0.001066
config_02_det1_b15_s5_h4_w500,9,500,5,71.433047,72.347871,123.655186,7.905694,True,False,1.134612,1.133295,0.9916,1.115516,0.699168,1.0,1.29084,1.290407,1.139852,1.281729,0.849626,1.0,0.100796,0.100796,0.001502,0.000969
config_02_det1_b15_s5_h4_w500,10,500,5,79.370053,72.347871,123.655186,7.905694,True,False,1.093718,1.09367,0.971722,1.080079,0.69465,1.0,1.295473,1.293939,1.107886,1.279121,0.839474,1.0,0.101853,0.101853,0.001215,0.000819
config_02_det1_b15_s5_h4_w500,11,500,5,87.307058,72.347871,123.655186,7.905694,True,False,1.099381,1.099019,0.968719,1.084677,0.686295,1.0,1.305864,1.304381,1.103372,1.293298,0.846899,1.0,0.10102,0.10102,0.001094,0.000782
config_02_det1_b15_s5_h4_w500,12,500,5,95.244063,72.347871,123.655186,7.905694,True,True,1.080154,1.080083,0.951959,1.063018,0.683165,1.0,1.30101,1.300586,1.113775,1.295759,0.845209,1.0,0.102648,0.102648,0.00102,0.000785
config_02_det1_b15_s5_h4_w500,13,500,5,103.181068,72.347871,123.655186,7.905694,True,True,1.055381,1.053958,0.950315,1.04328,0.675238,1.0,1.302301,1.302257,1.168821,1.292245,0.848067,1.0,0.105172,0.105172,0.001033,0.000326
config_02_det1_b15_s5_h4_w500,14,500,5,111.118074,72.347871,123.655186,7.905694,True,True,1.085373,1.081084,0.969093,1.063759,0.673101,1.0,1.307352,1.307083,1.164896,1.296248,0.850064,1.0,0.11204,0.11204,0.00154,0.000737
config_02_det1_b15_s5_h4_w500,15,500,5,119.055079,72.347871,123.655186,7.905694,True,True,1.095121,1.093995,0.983342,1.072055,0.686272,1.0,1.314781,1.314398,1.210969,1.299259,0.848847,1.0,0.124739,0.124739,0.00187,0.000987
config_02_det1_b15_s5_h4_w500,16,500,5,126.992084,72.347871,123.655186,7.905694,True,True,1.110596,1.110277,0.987639,1.074648,0.689376,1.0,1.32306,1.322788,1.235526,1.307249,0.853279,1.0,0.135963,0.135963,0.001546,0.000944
config_02_det1_b15_s5_h4_w500,17,500,5,134.929089,72.347871,123.655186,7.905694,True,True,1.143122,1.141493,1.02496,1.10605,0.702523,1.0,1.33172,1.329854,1.239761,1.316154,0.852582,1.0,0.170075,0.170075,0.001487,0.001007
config_02_det1_b15_s5_h4_w500,18,500,5,142.866095,72.347871,123.655186,7.905694,True,True,1.152799,1.151322,1.035352,1.110868,0.704633,1.0,1.330863,1.329802,1.254843,1.322489,0.855279,1.0,0.195556,0.195556,0.001332,0.001028
config_02_det1_b15_s5_h4_w500,19,500,5,150.8031,72.347871,123.655186,7.905694,True,True,1.159531,1.159091,1.052662,1.11906,0.709684,1.0,1.343647,1.343343,1.249907,1.327426,0.855991,1.0,0.196092,0.196092,0.001508,0.000975
config_02_det1_b15_s5_h4_w500,20,500,5,158.740105,72.347871,123.655186,7.905694,True,True,1.164237,1.163587,1.044812,1.123161,0.709089,1.0,1.339171,1.339005,1.253593,1.32736,0.857827,1.0,0.196092,0.196092,0.00109,0.000889
config_03_det1_b15_s5_h4_w1500,1,1500,5,11.447142,105.96647,171.644606,7.905694,False,False,0.812802,0.803353,0.691889,0.794097,0.713259,0.945055,1.250755,1.250755,1.01127,1.22114,0.907019,0.989011,0.101039,0.101039,0.012281,0.001425
config_03_det1_b15_s5_h4_w1500,2,1500,5,22.894285,105.96647,171.644606,7.905694,False,False,1.020681,1.002027,0.76343,0.961254,0.660545,0.989011,1.377003,1.374161,1.104012,1.354511,0.881564,1.0,0.1,0.1,0.006178,0.002147
config_03_det1_b15_s5_h4_w1500,3,1500,5,34.341427,105.96647,171.644606,7.905694,False,False,1.105662,1.105501,0.911602,1.070264,0.720123,1.0,1.265432,1.258588,0.969009,1.232646,0.818111,1.0,0.10274,0.10274,0.004179,0.001584
config_03_det1_b15_s5_h4_w1500,4,1500,5,45.78857,105.96647,171.644606,7.905694,False,False,1.179936,1.17982,0.979941,1.166202,0.738225,1.0,1.264464,1.264201,1.074988,1.2563,0.837758,1.0,0.101476,0.101476,0.002632,0.001233
config_03_det1_b15_s5_h4_w1500,5,1500,5,57.235712,105.96647,171.644606,7.905694,False,False,1.253529,1.253395,1.003491,1.204123,0.731604,1.0,1.258957,1.247499,1.068853,1.23617,0.825374,1.0,0.100019,0.100019,0.002221,0.001149
config_03_det1_b15_s5_h4_w1500,6,1500,5,68.682855,105.96647,171.644606,7.905694,False,False,1.2079,1.204361,1.02712,1.192924,0.743843,1.0,1.233383,1.232885,1.087605,1.2292,0.816575,1.0,0.100359,0.100359,0.001652,0.000959
config_03_det1_b15_s5_h4_w1500,7,1500,5,80.129997,105.96647,171.644606,7.905694,False,False,1.19812,1.197591,1.040384,1.155856,0.73846,1.0,1.23743,1.236367,1.037131,1.230351,0.809186,1.0,0.102156,0.102156,0.001393,0.000833
config_03_det1_b15_s5_h4_w1500,8,1500,5,91.577139,105.96647,171.644606,7.905694,False,False,1.150501,1.146687,1.022028,1.130395,0.731489,1.0,1.248266,1.24818,1.044178,1.233409,0.816081,1.0,0.09946,0.09946,0.001124,0.000778
config_03_det1_b15_s5_h4_w1500,9,1500,5,103.024282,105.96647,171.644606,7.905694,True,False,1.135497,1.132114,0.997881,1.099587,0.711123,1.0,1.267439,1.267332,1.07162,1.254076,0.820484,1.0,0.105982,0.105982,0.001034,0.000282
config_03_det1_b15_s5_h4_w1500,10,1500,5,114.471424,105.96647,171.644606,7.905694,True,False,1.169004,1.167155,1.042155,1.128356,0.7205,1.0,1.262534,1.261199,1.125565,1.247101,0.817231,1.0,0.11503,0.11503,0.001238,0.000722
config_03_det1_b15_s5_h4_w1500,11,1500,5,125.918567,105.96647,171.644606,7.905694,True,False,1.21823,1.21667,1.049334,1.169168,0.73525,1.0,1.274761,1.274393,1.162809,1.256208,0.821165,1.0,0.131446,0.131446,0.001369,0.000966
config_03_det1_b15_s5_h4_w1500,12,1500,5,137.365709,105.96647,171.644606,7.905694,True,True,1.232248,1.229495,1.080113,1.174398,0.740689,1.0,1.27854,1.275821,1.180698,1.261191,0.822291,1.0,0.168005,0.168005,0.001369,0.001014
config_03_det1_b15_s5_h4_w1500,13,1500,5,148.812852,105.96647,171.644606,7.905694,True,True,1.248396,1.248253,1.099329,1.199341,0.752079,1.0,1.282727,1.281079,1.195162,1.268491,0.825457,1.0,0.204416,0.204416,0.001297,0.000996
config_03_det1_b15_s5_h4_w1500,14,1500,5,160.259994,105.96647,171.644606,7.905694,True,True,1.272725,1.27258,1.116668,1.21492,0.759429,1.0,1.294517,1.292791,1.204355,1.280055,0.830448,1.0,0.203289,0.203289,0.001197,0.000911
config_03_det1_b15_s5_h4_w1500,15,1500,5,171.707136,105.96647,171.644606,7.905694,True,True,1.281814,1.2764,1.119727,1.222087,0.758235,1.0,1.2914,1.2914,1.202349,1.272273,0.829075,1.0,0.199264,0.0,0.001172,0.0
config_03_det1_b15_s5_h4_w1500,16,1500,5,183.154279,105.96647,171.644606,7.905694,True,True,1.268399,1.268293,1.128023,1.224668,0.764785,1.0,1.297913,1.297913,1.208301,1.281263,0.832092,1.0,0.199768,0.0,0.00105,0.0
config_03_det1_b15_s5_h4_w1500,17,1500,5,194.601421,105.96647,171.644606,7.905694,True,True,1.275303,1.274228,1.115917,1.228111,0.767491,1.0,1.305753,1.305753,1.218969,1.294209,0.83253,1.0,0.19673,0.0,0.000916,0.0
config_03_det1_b15_s5_h4_w1500,18,1500,5,206.048564,105.96647,171.644606,7.905694,True,True,1.255799,1.253097,1.122114,1.214934,0.766904,1.0,1.307834,1.307834,1.218377,1.288874,0.830902,1.0,0.208119,0.0,0.001091,0.0
config_03_det1_b15_s5_h4_w1500,19,1500,5,217.495706,105.96647,171.644606,7.905694,True,True,1.249264,1.249204,1.127148,1.218099,0.768988,1.0,1.317163,1.317163,1.220912,1.300857,0.832687,1.0,0.201082,0.0,0.000988,0.0
config_03_det1_b15_s5_h4_w1500,20,1500,5,228.942849,105.96647,171.644606,7.905694,True,True,1.25181,1.251356,1.124622,1.20601,0.765402,1.0,1.310669,1.310577,1.219362,1.299649,0.831237,1.0,0.202973,0.202973,0.000877,0.000635
config_04_det1_b15_s5_h12_w50,1,50,5,3.684031,33.079055,72.281217,7.905694,True,False,,,,,0.0,0.0,1.103896,1.102025,0.273369,1.039249,0.604291,0.241758,0.096491,0.083086,0.0,0.0
config_04_det1_b15_s5_h12_w50,2,50,5,7.368063,33.079055,72.281217,7.905694,False,False,0.696468,0.682689,0.257454,0.641534,0.538244,0.571429,1.388834,1.38074,0.431309,1.339652,1.12889,0.802198,0.104651,0.096774,0.020069,0.006456
config_04_det1_b15_s5_h12_w50,3,50,5,11.052094,33.079055,72.281217,7.905694,False,False,0.774877,0.770036,0.519592,0.755479,0.66877,0.945055,1.428498,1.426886,0.895597,1.408155,1.11533,0.989011,0.101562,0.099804,0.012348,0.00446
config_04_det1_b15_s5_h12_w50,4,50,5,14.736126,33.079055,72.281217,7.905694,False,False,0.799859,0.798256,0.638964,0.78849,0.686754,0.945055,1.207502,1.206943,1.018835,1.206133,0.966723,0.989011,0.101164,0.101164,0.008113,0.003458
config_04_det1_b15_s5_h12_w50,5,50,5,18.420157,33.079055,72.281217,7.905694,False,False,0.869863,0.867831,0.75945,0.847306,0.692634,0.967033,1.094496,1.094072,1.009973,1.077353,0.830242,0.989011,0.098131,0.098131,0.006121,0.003198
config_04_det1_b15_s5_h12_w50,6,50,5,22.104189,33.079055,72.281217,7.905694,False,False,0.888326,0.887492,0.769522,0.876585,0.66763,0.989011,1.477149,1.472063,1.124035,1.455415,0.937378,1.0,0.103348,0.103348,0.00555,0.003103
config_04_det1_b15_s5_h12_w50,7,50,5,25.78822,33.079055,72.281217,7.905694,False,False,0.899417,0.898658,0.706339,0.873554,0.64022,1.0,1.599026,1.580922,1.124458,1.559229,1.028834,1.0,0.102202,0.102202,0.004628,0.002788
config_04_det1_b15_s5_h12_w50,8,50,5,29.472252,33.079055,72.281217,7.905694,False,False,0.942791,0.942097,0.759638,0.927964,0.637904,1.0,1.642258,1.638133,1.33751,1.629955,1.073466,1.0,0.100328,0.100328,0.003456,0.002185
config_04_det1_b15_s5_h12_w50,9,50,5,33.156283,33.079055,72.281217,7.905694,False,False,0.96717,0.966602,0.806406,0.951609,0.646984,1.0,1.634111,1.633285,1.497831,1.623176,1.144721,1.0,0.10042,0.10042,0.003384,0.002028
config_04_det1_b15_s5_h12_w50,10,50,5,36.840315,33.079055,72.281217,7.905694,True,False,1.043185,1.042941,0.848245,1.009423,0.67167,1.0,1.576098,1.57552,1.487522,1.566775,1.089188,1.0,0.100321,0.100321,0.002573,0.001822
config_04_det1_b15_s5_h12_w50,11,50,5,40.524346,33.079055,72.281217,7.905694,True,False,1.112871,1.108116,0.861664,1.089284,0.723131,1.0,1.570629,1.563939,1.417748,1.548012,1.043817,1.0,0.101303,0.101303,0.002371,0.001588
config_04_det1_b15_s5_h12_w50,12,50,5,44.208378,33.079055,72.281217,7.905694,True,False,1.117704,1.114213,0.886596,1.066781,0.734366,1.0,1.536885,1.533446,1.403417,1.523039,1.021631,1.0,0.102204,0.102204,0.002249,0.00159
config_04_det1_b15_s5_h12_w50,13,50,5,47.892409,33.079055,72.281217,7.905694,True,True,1.12925,1.128947,0.912565,1.097119,0.72204,1.0,1.558116,1.556498,1.442134,1.546144,1.035174,1.0,0.102478,0.102478,0.001847,0.001393
config_04_det1_b15_s5_h12_w50,14,50,5,51.576441,33.079055,72.281217,7.905694,True,True,1.10543,1.105175,0.903137,1.087247,0.710343,1.0,1.548742,1.547885,1.450609,1.540531,1.031322,1.0,0.097678,0.097678,0.0019,0.001336
config_04_det1_b15_s5_h12_w50,15,50,5,55.260472,33.079055,72.281217,7.905694,True,True,1.078589,1.074668,0.897117,1.064289,0.700539,1.0,1.600788,1.600568,1.407666,1.527375,1.005885,1.0,0.101807,0.101807,0.001729,0.001255
config_04_det1_b15_s5_h12_w50,16,50,5,58.944504,33.079055,72.281217,7.905694,True,True,1.061518,1.061165,0.894779,1.041197,0.698533,1.0,1.68087,1.680379,1.406412,1.598352,0.997947,1.0,0.101344,0.101344,0.001611,0.001162
config_04_det1_b15_s5_h12_w50,17,50,5,62.628535,33.079055,72.281217,7.905694,True,True,1.054027,1.053862,0.901945,1.038749,0.692444,1.0,1.691963,1.69182,1.39049,1.640803,0.993163,1.0,0.099003,0.099003,0.001441,0.001066
config_04_det1_b15_s5_h12_w50,18,50,5,66.312567,33.079055,72.281217,7.905694,True,True,1.042485,1.040895,0.874906,1.024901,0.67897,1.0,1.705068,1.704965,1.358523,1.643579,0.978182,1.0,0.10211,0.10211,0.001377,0.001048
config_04_det1_b15_s5_h12_w50,19,50,5,69.996598,33.079055,72.281217,7.905694,True,True,1.014635,1.014546,0.899166,1.002039,0.67036,1.0,1.698168,1.695983,1.338922,1.643344,0.961426,1.0,0.102097,0.102097,0.001378,0.000971
config_04_det1_b15_s5_h12_w50,20,50,5,73.68063,33.079055,72.281217,7.905694,True,True,0.98033,0.980262,0.889516,0.972391,0.654883,1.0,1.648331,1.648283,1.313474,1.594928,0.953175,1.0,0.09965,0.09965,0.001149,0.000897
config_05_det1_b15_s5_h12_w500,1,500,5,7.937005,83.68019,142.742237,7.905694,False,False,0.781178,0.779494,0.170328,0.666897,0.539907,0.274725,1.39708,1.38978,0.415542,1.35338,1.110131,0.417582,0.101351,0.101351,0.021023,0.001564
config_05_det1_b15_s5_h12_w500,2,500,5,15.874011,83.68019,142.742237,7.905694,False,False,0.932784,0.915516,0.607295,0.91282,0.729974,0.967033,1.368421,1.368057,0.573702,1.344948,1.013388,0.956044,0.101351,0.101351,0.009461,0.003145
config_05_det1_b15_s5_h12_w500,3,500,5,23.811016,83.68019,142.742237,7.905694,False,False,0.972679,0.971928,0.75994,0.936469,0.682993,1.0,1.557454,1.536204,0.421991,1.525718,0.98614,1.0,0.1032,0.1032,0.006145,0.002187
config_05_det1_b15_s5_h12_w500,4,500,5,31.748021,83.68019,142.742237,7.905694,False,False,1.171461,1.170857,0.821342,1.111646,0.708436,1.0,1.550241,1.549614,0.516355,1.536657,1.003226,1.0,0.102573,0.102573,0.004288,0.001949
config_05_det1_b15_s5_h12_w500,5,500,5,39.685026,83.68019,142.742237,7.905694,False,False,1.394882,1.387804,0.960053,1.332542,0.835724,1.0,1.605718,1.601639,0.489243,1.595023,1.063236,1.0,0.09837,0.09837,0.003097,0.001632
config_05_det1_b15_s5_h12_w500,6,500,5,47.622032,83.68019,142.742237,7.905694,False,False,1.378842,1.378416,1.074024,1.33709,0.858662,1.0,1.589997,1.589519,0.503801,1.577723,1.042791,1.0,0.100766,0.100766,0.002346,0.001377
config_05_det1_b15_s5_h12_w500,7,500,5,55.559037,83.68019,142.742237,7.905694,False,False,1.308059,1.30317,1.081946,1.284641,0.851302,1.0,1.588051,1.587813,0.627454,1.572426,1.033567,1.0,0.099845,0.099845,0.001832,0.001204
config_05_det1_b15_s5_h12_w500,8,500,5,63.496042,83.68019,142.742237,7.905694,False,False,1.275964,1.275783,1.106001,1.248837,0.811709,1.0,1.569657,1.569295,1.357729,1.548155,1.039722,1.0,0.101738,0.101738,0.001609,0.001066
config_05_det1_b15_s5_h12_w500,9,500,5,71.433047,83.68019,142.742237,7.905694,True,False,1.234955,1.230839,1.092446,1.208375,0.788129,1.0,1.544442,1.542738,1.335997,1.528523,1.017355,1.0,0.100796,0.100796,0.001502,0.000969
config_05_det1_b15_s5_h12_w500,10,500,5,79.370053,83.68019,142.742237,7.905694,True,False,1.173775,1.173675,1.05513,1.153625,0.755379,1.0,1.520632,1.519349,1.318531,1.501594,1.003203,1.0,0.101853,0.101853,0.001215,0.000819
config_05_det1_b15_s5_h12_w500,11,500,5,87.307058,83.68019,142.742237,7.905694,True,False,1.123056,1.12302,1.02826,1.10733,0.727906,1.0,1.532685,1.53252,1.282057,1.499889,0.980035,1.0,0.10102,0.10102,0.001094,0.000782
config_05_det1_b15_s5_h12_w500,12,500,5,95.244063,83.68019,142.742237,7.905694,True,True,1.082603,1.082574,0.998062,1.071253,0.706753,1.0,1.529305,1.528123,1.286886,1.511704,0.975378,1.0,0.102648,0.102648,0.00102,0.000785
config_05_det1_b15_s5_h12_w500,13,500,5,103.181068,83.68019,142.742237,7.905694,True,True,1.055524,1.053532,0.977812,1.038456,0.689318,1.0,1.50298,1.502694,1.303578,1.479566,0.965437,1.0,0.105172,0.105172,0.001033,0.000326
config_05_det1_b15_s5_h12_w500,14,500,5,111.118074,83.68019,142.742237,7.905694,True,True,1.044756,1.044681,0.959349,1.028387,0.672971,1.0,1.444792,1.444572,1.322631,1.42786,0.940065,1.0,0.11204,0.11204,0.00154,0.000737
config_05_det1_b15_s5_h12_w500,15,500,5,119.055079,83.68019,142.742237,7.905694,True,True,1.047879,1.045805,0.936227,1.028566,0.668869,1.0,1.428195,1.426444,1.333418,1.409816,0.921934,1.0,0.124739,0.124739,0.00187,0.000987
config_05_det1_b15_s5_h12_w500,16,500,5,126.992084,83.68019,142.742237,7.905694,True,True,1.066375,1.065339,0.931864,1.038697,0.663858,1.0,1.395444,1.393635,1.327655,1.384387,0.917158,1.0,0.135963,0.135963,0.001546,0.000944
config_05_det1_b15_s5_h12_w500,17,500,5,134.929089,83.68019,142.742237,7.905694,True,True,1.112291,1.111813,0.939101,1.068321,0.664018,1.0,1.388155,1.384396,1.32119,1.373782,0.903928,1.0,0.170075,0.170075,0.001487,0.001007
config_05_det1_b15_s5_h12_w500,18,500,5,142.866095,83.68019,142.742237,7.905694,True,True,1.23064,1.230531,0.937732,1.190412,0.700353,1.0,1.370677,1.367164,1.312697,1.36077,0.895626,1.0,0.195556,0.195556,0.001332,0.001028
config_05_det1_b15_s5_h12_w500,19,500,5,150.8031,83.68019,142.742237,7.905694,True,True,1.232086,1.230692,0.937624,1.199919,0.719394,1.0,1.361869,1.361458,1.300047,1.350762,0.88665,1.0,0.196092,0.196092,0.001508,0.000975
config_05_det1_b15_s5_h12_w500,20,500,5,158.740105,83.68019,142.742237,7.905694,True,True,1.237576,1.237559,0.928828,1.214114,0.727266,1.0,1.338999,1.338439,1.27938,1.327059,0.872734,1.0,0.196092,0.196092,0.00109,0.000889
config_06_det1_b15_s5_h12_w1500,1,1500,5,11.447142,104.045524,195.863436,7.905694,False,False,0.796089,0.794931,0.288366,0.783373,0.662569,0.945055,1.501664,1.500808,0.844783,1.448889,1.058513,0.989011,0.101039,0.101039,0.012281,0.001425
config_06_det1_b15_s5_h12_w1500,2,1500,5,22.894285,104.045524,195.863436,7.905694,False,False,0.941793,0.940628,0.753891,0.926803,0.668809,0.989011,1.594238,1.592415,0.975355,1.587616,1.004085,1.0,0.1,0.1,0.006178,0.002147
config_06_det1_b15_s5_h12_w1500,3,1500,5,34.341427,104.045524,195.863436,7.905694,False,False,1.148652,1.147668,0.813498,1.106982,0.702155,1.0,1.495741,1.489235,1.056807,1.469016,0.973917,1.0,0.10274,0.10274,0.004179,0.001584
config_06_det1_b15_s5_h12_w1500,4,1500,5,45.78857,104.045524,195.863436,7.905694,False,False,1.37038,1.370047,1.025265,1.341442,0.82459,1.0,1.523274,1.522818,1.175128,1.498646,0.982188,1.0,0.101476,0.101476,0.002632,0.001233
config_06_det1_b15_s5_h12_w1500,5,1500,5,57.235712,104.045524,195.863436,7.905694,False,False,1.346681,1.345952,1.097157,1.316476,0.836163,1.0,1.523872,1.523491,1.19813,1.510808,0.983162,1.0,0.100019,0.100019,0.002221,0.001149
config_06_det1_b15_s5_h12_w1500,6,1500,5,68.682855,104.045524,195.863436,7.905694,False,False,1.287907,1.287427,1.114463,1.258017,0.813138,1.0,1.521541,1.521377,1.228829,1.508053,0.991879,1.0,0.100359,0.100359,0.001652,0.000959
config_06_det1_b15_s5_h12_w1500,7,1500,5,80.129997,104.045524,195.863436,7.905694,False,False,1.216005,1.21594,1.079772,1.182356,0.76964,1.0,1.509244,1.509122,1.213251,1.494001,0.980581,1.0,0.102156,0.102156,0.001393,0.000833
config_06_det1_b15_s5_h12_w1500,8,1500,5,91.577139,104.045524,195.863436,7.905694,True,False,1.150201,1.15012,1.04227,1.132343,0.739729,1.0,1.477009,1.474021,1.184676,1.457087,0.961812,1.0,0.09946,0.09946,0.001124,0.000778
config_06_det1_b15_s5_h12_w1500,9,1500,5,103.024282,104.045524,195.863436,7.905694,True,False,1.10769,1.106821,1.001486,1.082771,0.710436,1.0,1.474246,1.47393,1.200349,1.461553,0.961232,1.0,0.105982,0.105982,0.001034,0.000282
config_06_det1_b15_s5_h12_w1500,10,1500,5,114.471424,104.045524,195.863436,7.905694,True,False,1.10385,1.103767,0.975052,1.076394,0.695393,1.0,1.466563,1.466405,1.259313,1.452563,0.952519,1.0,0.11503,0.11503,0.001238,0.000722
config_06_det1_b15_s5_h12_w1500,11,1500,5,125.918567,104.045524,195.863436,7.905694,True,False,1.087345,1.087152,0.971517,1.072585,0.692438,1.0,1.444682,1.442972,1.250335,1.431544,0.939801,1.0,0.131446,0.131446,0.001369,0.000966
config_06_det1_b15_s5_h12_w1500,12,1500,5,137.365709,104.045524,195.863436,7.905694,True,True,1.077798,1.074337,0.973598,1.045505,0.677729,1.0,1.434481,1.434304,1.27743,1.421094,0.933735,1.0,0.168005,0.168005,0.001369,0.001014
config_06_det1_b15_s5_h12_w1500,13,1500,5,148.812852,104.045524,195.863436,7.905694,True,True,1.08403,1.08259,0.984013,1.060244,0.671293,1.0,1.425852,1.422748,1.286684,1.414861,0.925738,1.0,0.204416,0.204416,0.001297,0.000996
config_06_det1_b15_s5_h12_w1500,14,1500,5,160.259994,104.045524,195.863436,7.905694,True,True,1.103699,1.103678,0.965888,1.059962,0.663303,1.0,1.421835,1.42025,1.291287,1.408364,0.918458,1.0,0.203289,0.203289,0.001197,0.000911
config_06_det1_b15_s5_h12_w1500,15,1500,5,171.707136,104.045524,195.863436,7.905694,True,True,1.098294,1.098019,0.950787,1.062405,0.663974,1.0,1.411186,1.411186,1.295862,1.402767,0.912436,1.0,0.199264,0.0,0.001172,0.0
config_06_det1_b15_s5_h12_w1500,16,1500,5,183.154279,104.045524,195.863436,7.905694,True,True,1.089057,1.088973,0.952352,1.074033,0.670496,1.0,1.393313,1.393313,1.293165,1.380598,0.902155,1.0,0.199768,0.0,0.00105,0.0
config_06_det1_b15_s5_h12_w1500,17,1500,5,194.601421,104.045524,195.863436,7.905694,True,True,1.081933,1.080372,0.954626,1.063533,0.669283,1.0,1.399219,1.399219,1.306311,1.388073,0.90069,1.0,0.19673,0.0,0.000916,0.0
config_06_det1_b15_s5_h12_w1500,18,1500,5,206.048564,104.045524,195.863436,7.905694,True,True,1.063628,1.062901,0.953813,1.041589,0.665171,1.0,1.390096,1.390096,1.297481,1.370764,0.889577,1.0,0.208119,0.0,0.001091,0.0
config_06_det1_b15_s5_h12_w1500,19,1500,5,217.495706,104.045524,195.863436,7.905694,True,True,1.047311,1.046273,0.947569,1.029642,0.656345,1.0,1.382985,1.382985,1.276352,1.370554,0.879369,1.0,0.201082,0.0,0.000988,0.0
config_06_det1_b15_s5_h12_w1500,20,1500,5,228.942849,104.045524,195.863436,7.905694,True,True,1.029814,1.029748,0.938097,1.012634,0.646457,1.0,1.374963,1.374703,1.271245,1.367444,0.871434,1.0,0.202973,0.202973,0.000877,0.000635
config_07_det1_b15_s5_h24_w50,1,50,5,3.684031,29.479867,71.706774,7.905694,True,False,,,,,0.0,0.0,1.103896,1.102025,0.273369,1.039249,0.604291,0.241758,0.096491,0.083086,0.0,0.0
config_07_det1_b15_s5_h24_w50,2,50,5,7.368063,29.479867,71.706774,7.905694,False,False,0.696468,0.682689,0.257454,0.641534,0.538244,0.571429,1.351272,1.342951,0.431309,1.339652,1.128422,0.791209,0.104651,0.096774,0.020069,0.006456
config_07_det1_b15_s5_h24_w50,3,50,5,11.052094,29.479867,71.706774,7.905694,False,False,0.774877,0.770036,0.519592,0.755479,0.66877,0.945055,1.34614,1.344521,0.895458,1.341715,1.102748,0.967033,0.101562,0.099804,0.012348,0.00446
config_07_det1_b15_s5_h24_w50,4,50,5,14.736126,29.479867,71.706774,7.905694,False,False,0.799859,0.798256,0.638964,0.78849,0.686754,0.945055,1.197862,1.196913,0.933652,1.193436,0.934527,0.989011,0.101164,0.101164,0.008113,0.003458
config_07_det1_b15_s5_h24_w50,5,50,5,18.420157,29.479867,71.706774,7.905694,False,False,0.869863,0.867831,0.75945,0.847306,0.692634,0.967033,1.424232,1.422909,1.087307,1.349352,0.929011,0.989011,0.098131,0.098131,0.006121,0.003198
config_07_det1_b15_s5_h24_w50,6,50,5,22.104189,29.479867,71.706774,7.905694,False,False,0.888326,0.887492,0.769522,0.876585,0.66763,0.989011,1.475715,1.467845,1.199018,1.458518,1.033045,1.0,0.103348,0.103348,0.00555,0.003103
config_07_det1_b15_s5_h24_w50,7,50,5,25.78822,29.479867,71.706774,7.905694,False,False,0.894693,0.89396,0.706302,0.873554,0.639985,1.0,1.336454,1.335161,1.175063,1.330689,0.980797,1.0,0.102202,0.102202,0.004628,0.002788
config_07_det1_b15_s5_h24_w50,8,50,5,29.472252,29.479867,71.706774,7.905694,False,False,0.92557,0.924824,0.731632,0.903898,0.634145,1.0,1.273688,1.272818,1.1662,1.260345,0.936096,1.0,0.100328,0.100328,0.003456,0.002185
config_07_det1_b15_s5_h24_w50,9,50,5,33.156283,29.479867,71.706774,7.905694,True,False,0.901936,0.901442,0.760938,0.891705,0.633512,1.0,1.202701,1.202169,1.173154,1.200448,0.875309,1.0,0.10042,0.10042,0.003384,0.002028
config_07_det1_b15_s5_h24_w50,10,50,5,36.840315,29.479867,71.706774,7.905694,True,False,0.890992,0.890936,0.769505,0.884865,0.628065,1.0,1.13556,1.135313,1.108846,1.122831,0.810299,1.0,0.100321,0.100321,0.002573,0.001822
config_07_det1_b15_s5_h24_w50,11,50,5,40.524346,29.479867,71.706774,7.905694,True,False,0.869138,0.869106,0.7833,0.860018,0.609236,1.0,1.364442,1.359286,1.043631,1.32693,0.81867,1.0,0.101303,0.101303,0.002371,0.001588
config_07_det1_b15_s5_h24_w50,12,50,5,44.208378,29.479867,71.706774,7.905694,True,False,0.86387,0.863604,0.774063,0.841929,0.591679,1.0,1.594641,1.591055,1.09679,1.567822,0.957483,1.0,0.102204,0.102204,0.002249,0.00159
config_07_det1_b15_s5_h24_w50,13,50,5,47.892409,29.479867,71.706774,7.905694,True,True,0.874845,0.874528,0.7678,0.858381,0.588723,1.0,1.722852,1.721449,1.323468,1.690798,1.065343,1.0,0.102478,0.102478,0.001847,0.001393
config_07_det1_b15_s5_h24_w50,14,50,5,51.576441,29.479867,71.706774,7.905694,True,True,0.871808,0.870018,0.764527,0.856574,0.592757,1.0,1.770753,1.769758,1.412722,1.723457,1.092279,1.0,0.097678,0.097678,0.0019,0.001336
config_07_det1_b15_s5_h24_w50,15,50,5,55.260472,29.479867,71.706774,7.905694,True,True,0.864734,0.864432,0.778819,0.854768,0.587788,1.0,1.799098,1.798902,1.40168,1.736485,1.074522,1.0,0.101807,0.101807,0.001729,0.001255
config_07_det1_b15_s5_h24_w50,16,50,5,58.944504,29.479867,71.706774,7.905694,True,True,0.839529,0.839342,0.759072,0.824205,0.578769,1.0,1.797684,1.79704,1.413436,1.756804,1.069437,1.0,0.101344,0.101344,0.001611,0.001162
config_07_det1_b15_s5_h24_w50,17,50,5,62.628535,29.479867,71.706774,7.905694,True,True,0.837122,0.836952,0.737677,0.826059,0.565247,1.0,1.774461,1.774395,1.404016,1.722404,1.064397,1.0,0.099003,0.099003,0.001441,0.001066
config_07_det1_b15_s5_h24_w50,18,50,5,66.312567,29.479867,71.706774,7.905694,True,True,0.854334,0.854136,0.718454,0.839939,0.561849,1.0,1.771565,1.771279,1.37732,1.718887,1.080501,1.0,0.10211,0.10211,0.001377,0.001048
config_07_det1_b15_s5_h24_w50,19,50,5,69.996598,29.479867,71.706774,7.905694,True,True,0.874005,0.873782,0.737506,0.841221,0.562637,1.0,1.777061,1.777014,1.414168,1.707253,1.077815,1.0,0.102097,0.102097,0.001378,0.000971
config_07_det1_b15_s5_h24_w50,20,50,5,73.68063,29.479867,71.706774,7.905694,True,True,0.969271,0.969202,0.739973,0.932636,0.566083,1.0,1.761233,1.759968,1.3773,1.689783,1.059253,1.0,0.09965,0.09965,0.001149,0.000897
config_08_det1_b15_s5_h24_w500,1,500,5,7.937005,94.610846,154.327685,7.905694,False,False,0.781178,0.779494,0.170328,0.666897,0.539907,0.274725,1.364967,1.357494,0.415542,1.320205,1.108696,0.406593,0.101351,0.101351,0.021023,0.001564
config_08_det1_b15_s5_h24_w500,2,500,5,15.874011,94.610846,154.327685,7.905694,False,False,0.932784,0.91568,0.607295,0.91282,0.729974,0.967033,1.369882,1.36975,0.553764,1.354999,1.01131,0.956044,0.101351,0.101351,0.009461,0.003145
config_08_det1_b15_s5_h24_w500,3,500,5,23.811016,94.610846,154.327685,7.905694,False,False,0.974863,0.972502,0.760415,0.936977,0.683843,1.0,1.342742,1.342195,0.443962,1.340316,0.941232,1.0,0.1032,0.1032,0.006145,0.002187
config_08_det1_b15_s5_h24_w500,4,500,5,31.748021,94.610846,154.327685,7.905694,False,False,1.034227,1.03374,0.804953,1.008577,0.697152,1.0,1.272244,1.267991,0.48057,1.268036,0.874017,1.0,0.102573,0.102573,0.004288,0.001949
config_08_det1_b15_s5_h24_w500,5,500,5,39.685026,94.610846,154.327685,7.905694,False,False,1.010296,1.009688,0.816531,0.985168,0.686812,1.0,1.535312,1.527342,0.534386,1.509789,1.012874,1.0,0.09837,0.09837,0.003097,0.001632
config_08_det1_b15_s5_h24_w500,6,500,5,47.622032,94.610846,154.327685,7.905694,False,False,1.029328,1.029141,0.902794,0.99318,0.670553,1.0,1.675714,1.67538,1.076739,1.669807,1.073625,1.0,0.100766,0.100766,0.002346,0.001377
config_08_det1_b15_s5_h24_w500,7,500,5,55.559037,94.610846,154.327685,7.905694,False,False,1.153713,1.149052,0.844644,1.079471,0.668031,1.0,1.647039,1.645671,1.411385,1.633139,1.076612,1.0,0.099845,0.099845,0.001832,0.001204
config_08_det1_b15_s5_h24_w500,8,500,5,63.496042,94.610846,154.327685,7.905694,False,False,1.294529,1.294053,0.874205,1.266112,0.713796,1.0,1.689102,1.688622,1.473694,1.667788,1.077444,1.0,0.101738,0.101738,0.001609,0.001066
config_08_det1_b15_s5_h24_w500,9,500,5,71.433047,94.610846,154.327685,7.905694,False,False,1.29875,1.298614,0.884045,1.284983,0.761006,1.0,1.651516,1.651445,1.45197,1.637523,1.085494,1.0,0.100796,0.100796,0.001502,0.000969
config_08_det1_b15_s5_h24_w500,10,500,5,79.370053,94.610846,154.327685,7.905694,True,False,1.278414,1.278248,0.942389,1.250968,0.789686,1.0,1.676488,1.674823,1.436366,1.65434,1.077455,1.0,0.101853,0.101853,0.001215,0.000819
config_08_det1_b15_s5_h24_w500,11,500,5,87.307058,94.610846,154.327685,7.905694,True,False,1.229702,1.229684,0.97067,1.201506,0.780811,1.0,1.653617,1.651629,1.390818,1.64834,1.070466,1.0,0.10102,0.10102,0.001094,0.000782
config_08_det1_b15_s5_h24_w500,12,500,5,95.244063,94.610846,154.327685,7.905694,True,True,1.177009,1.175174,1.016059,1.164127,0.765763,1.0,1.643309,1.643065,1.410537,1.620095,1.06799,1.0,0.102648,0.102648,0.00102,0.000785
config_08_det1_b15_s5_h24_w500,13,500,5,103.181068,94.610846,154.327685,7.905694,True,True,1.152735,1.146588,1.014649,1.119729,0.750259,1.0,1.597759,1.59762,1.414092,1.586897,1.045317,1.0,0.105172,0.105172,0.001033,0.000326
config_08_det1_b15_s5_h24_w500,14,500,5,111.118074,94.610846,154.327685,7.905694,True,True,1.145617,1.145086,1.033169,1.124967,0.74471,1.0,1.569201,1.568904,1.455936,1.551618,1.032159,1.0,0.11204,0.11204,0.00154,0.000737
config_08_det1_b15_s5_h24_w500,15,500,5,119.055079,94.610846,154.327685,7.905694,True,True,1.158841,1.158557,1.022558,1.123194,0.747236,1.0,1.544804,1.542617,1.459373,1.524805,1.013129,1.0,0.124739,0.124739,0.00187,0.000987
config_08_det1_b15_s5_h24_w500,16,500,5,126.992084,94.610846,154.327685,7.905694,True,True,1.16119,1.160736,1.009239,1.132664,0.745458,1.0,1.536936,1.536568,1.460235,1.520983,1.003841,1.0,0.135963,0.135963,0.001546,0.000944
config_08_det1_b15_s5_h24_w500,17,500,5,134.929089,94.610846,154.327685,7.905694,True,True,1.172557,1.171008,1.011194,1.147446,0.744085,1.0,1.496491,1.496186,1.428969,1.49071,0.986301,1.0,0.170075,0.170075,0.001487,0.001007
config_08_det1_b15_s5_h24_w500,18,500,5,142.866095,94.610846,154.327685,7.905694,True,True,1.19449,1.194155,1.034423,1.155292,0.75173,1.0,1.473819,1.473488,1.418591,1.462323,0.969505,1.0,0.195556,0.195556,0.001332,0.001028
config_08_det1_b15_s5_h24_w500,19,500,5,150.8031,94.610846,154.327685,7.905694,True,True,1.21051,1.209117,1.039202,1.180845,0.752629,1.0,1.448601,1.448018,1.390872,1.437911,0.95072,1.0,0.196092,0.196092,0.001508,0.000975
config_08_det1_b15_s5_h24_w500,20,500,5,158.740105,94.610846,154.327685,7.905694,True,True,1.214477,1.214398,1.030224,1.186082,0.754488,1.0,1.41164,1.410641,1.370611,1.407,0.930956,1.0,0.196092,0.196092,0.00109,0.000889
config_09_det1_b15_s5_h24_w1500,1,1500,5,11.447142,115.717342,209.30087,7.905694,False,False,0.795398,0.794244,0.288366,0.782678,0.661578,0.945055,1.429697,1.429392,0.734955,1.390988,1.036705,0.989011,0.101039,0.101039,0.012281,0.001425
config_09_det1_b15_s5_h24_w1500,2,1500,5,22.894285,115.717342,209.30087,7.905694,False,False,0.936031,0.934902,0.753211,0.920359,0.668237,0.989011,1.471234,1.470177,0.887149,1.457856,0.999666,1.0,0.1,0.1,0.006178,0.002147
config_09_det1_b15_s5_h24_w1500,3,1500,5,34.341427,115.717342,209.30087,7.905694,False,False,1.022187,1.021401,0.823493,1.008021,0.692313,1.0,1.513387,1.50874,0.97213,1.475874,0.948403,1.0,0.10274,0.10274,0.004179,0.001584
config_09_det1_b15_s5_h24_w1500,4,1500,5,45.78857,115.717342,209.30087,7.905694,False,False,1.052028,1.051086,0.836429,0.999603,0.664073,1.0,1.616182,1.615759,1.157867,1.591754,1.025254,1.0,0.101476,0.101476,0.002632,0.001233
config_09_det1_b15_s5_h24_w1500,5,1500,5,57.235712,115.717342,209.30087,7.905694,False,False,1.273826,1.269108,0.847549,1.170994,0.670754,1.0,1.660847,1.660515,1.313777,1.637028,1.069742,1.0,0.100019,0.100019,0.002221,0.001149
config_09_det1_b15_s5_h24_w1500,6,1500,5,68.682855,115.717342,209.30087,7.905694,False,False,1.341672,1.340125,0.900594,1.299051,0.744406,1.0,1.649102,1.648659,1.297551,1.620217,1.06601,1.0,0.100359,0.100359,0.001652,0.000959
config_09_det1_b15_s5_h24_w1500,7,1500,5,80.129997,115.717342,209.30087,7.905694,False,False,1.315867,1.315781,1.003476,1.280902,0.805216,1.0,1.626306,1.626112,1.243179,1.607851,1.053329,1.0,0.102156,0.102156,0.001393,0.000833
config_09_det1_b15_s5_h24_w1500,8,1500,5,91.577139,115.717342,209.30087,7.905694,False,False,1.228899,1.228832,1.0397,1.209209,0.787749,1.0,1.610082,1.610018,1.253781,1.595943,1.048533,1.0,0.09946,0.09946,0.001124,0.000778
config_09_det1_b15_s5_h24_w1500,9,1500,5,103.024282,115.717342,209.30087,7.905694,True,False,1.177635,1.177632,1.046325,1.159782,0.760818,1.0,1.601215,1.600984,1.314965,1.581824,1.039386,1.0,0.105982,0.105982,0.001034,0.000282
config_09_det1_b15_s5_h24_w1500,10,1500,5,114.471424,115.717342,209.30087,7.905694,True,False,1.195091,1.193784,1.034781,1.168411,0.767883,1.0,1.565591,1.565463,1.369418,1.553662,1.030379,1.0,0.11503,0.11503,0.001238,0.000722
config_09_det1_b15_s5_h24_w1500,11,1500,5,125.918567,115.717342,209.30087,7.905694,True,False,1.176476,1.17482,1.027959,1.153008,0.751919,1.0,1.550629,1.550427,1.39533,1.534801,1.014993,1.0,0.131446,0.131446,0.001369,0.000966
config_09_det1_b15_s5_h24_w1500,12,1500,5,137.365709,115.717342,209.30087,7.905694,True,False,1.148771,1.148531,1.024447,1.133145,0.738201,1.0,1.522626,1.522394,1.407018,1.512627,1.001588,1.0,0.168005,0.168005,0.001369,0.001014
config_09_det1_b15_s5_h24_w1500,13,1500,5,148.812852,115.717342,209.30087,7.905694,True,True,1.112065,1.110494,1.008822,1.097867,0.718671,1.0,1.502152,1.500207,1.382045,1.489259,0.981253,1.0,0.204416,0.204416,0.001297,0.000996
config_09_det1_b15_s5_h24_w1500,14,1500,5,160.259994,115.717342,209.30087,7.905694,True,True,1.090157,1.089002,0.999621,1.067161,0.699701,1.0,1.473377,1.472694,1.367921,1.466637,0.9673,1.0,0.203289,0.203289,0.001197,0.000911
config_09_det1_b15_s5_h24_w1500,15,1500,5,171.707136,115.717342,209.30087,7.905694,True,True,1.06789,1.067815,0.991528,1.047752,0.684722,1.0,1.43646,1.43646,1.343792,1.427679,0.943827,1.0,0.199264,0.0,0.001172,0.0
config_09_det1_b15_s5_h24_w1500,16,1500,5,183.154279,115.717342,209.30087,7.905694,True,True,1.047427,1.046263,0.969915,1.037447,0.668221,1.0,1.435053,1.435053,1.338154,1.419509,0.933727,1.0,0.199768,0.0,0.00105,0.0
config_09_det1_b15_s5_h24_w1500,17,1500,5,194.601421,115.717342,209.30087,7.905694,True,True,1.042875,1.042801,0.950129,1.028681,0.653962,1.0,1.505565,1.505565,1.32532,1.484662,0.946563,1.0,0.19673,0.0,0.000916,0.0
config_09_det1_b15_s5_h24_w1500,18,1500,5,206.048564,115.717342,209.30087,7.905694,True,True,1.031016,1.030902,0.923445,1.013444,0.64522,1.0,1.572693,1.572693,1.32796,1.553142,0.970763,1.0,0.208119,0.0,0.001091,0.0
config_09_det1_b15_s5_h24_w1500,19,1500,5,217.495706,115.717342,209.30087,7.905694,True,True,1.005257,1.005255,0.911939,0.990899,0.635902,1.0,1.648221,1.648221,1.348357,1.635159,1.004981,1.0,0.201082,0.0,0.000988,0.0
config_09_det1_b15_s5_h24_w1500,20,1500,5,228.942849,115.717342,209.30087,7.905694,True,True,0.992378,0.992183,0.89927,0.972626,0.624102,1.0,1.705467,1.70431,1.414138,1.688432,1.041889,1.0,0.202973,0.202973,0.000877,0.000635
config_10_det1_b15_s20_h4_w50,1,50,20,3.684031,29.911799,53.855198,12.5,False,False,1.130389,1.110529,1.130389,1.130389,1.209455,0.978022,1.800439,1.738814,0.324129,1.676614,0.696766,0.747253,0.096491,0.083086,0.0,0.0
config_10_det1_b15_s20_h4_w50,2,50,20,7.368063,29.911799,53.855198,12.5,False,False,1.237722,1.231523,1.139574,1.160837,1.156597,1.0,1.251964,1.247601,0.97549,1.251964,1.123266,0.989011,0.104651,0.096774,0.020069,0.006456
config_10_det1_b15_s20_h4_w50,3,50,20,11.052094,29.911799,53.855198,12.5,False,False,0.993217,0.989902,0.985619,0.991377,0.990125,1.0,1.033126,1.028667,0.794303,1.031089,0.964933,1.0,0.101562,0.099804,0.012348,0.00446
config_10_det1_b15_s20_h4_w50,4,50,20,14.736126,29.911799,53.855198,12.5,False,False,0.896232,0.89307,0.896232,0.895824,0.895454,1.0,0.916533,0.914172,0.681734,0.91571,0.89979,1.0,0.101164,0.101164,0.008113,0.003458
config_10_det1_b15_s20_h4_w50,5,50,20,18.420157,29.911799,53.855198,12.5,False,False,0.851634,0.848679,0.851634,0.850563,0.84815,1.0,1.04383,1.042501,0.853045,1.021977,0.885075,1.0,0.098131,0.098131,0.006121,0.003198
config_10_det1_b15_s20_h4_w50,6,50,20,22.104189,29.911799,53.855198,12.5,False,False,0.94973,0.948241,0.833071,0.936067,0.834498,1.0,1.024628,1.020836,0.848218,1.014943,0.898184,1.0,0.103348,0.103348,0.00555,0.003103
config_10_det1_b15_s20_h4_w50,7,50,20,25.78822,29.911799,53.855198,12.5,False,False,0.925801,0.925004,0.824672,0.92446,0.834267,1.0,1.083797,1.082256,0.859554,1.062736,0.919898,1.0,0.102202,0.102202,0.004628,0.002788
config_10_det1_b15_s20_h4_w50,8,50,20,29.472252,29.911799,53.855198,12.5,False,False,0.903548,0.902217,0.844622,0.896986,0.844854,1.0,1.054479,1.053334,0.907488,1.038177,0.91928,1.0,0.100328,0.100328,0.003456,0.002185
config_10_det1_b15_s20_h4_w50,9,50,20,33.156283,29.911799,53.855198,12.5,True,False,0.94771,0.946849,0.855676,0.9459,0.844319,1.0,1.005513,1.001843,0.899707,1.004115,0.893198,1.0,0.10042,0.10042,0.003384,0.002028
config_10_det1_b15_s20_h4_w50,10,50,20,36.840315,29.911799,53.855198,12.5,True,False,0.975214,0.969742,0.841559,0.968617,0.827249,1.0,1.014918,1.014403,0.920924,0.995489,0.877627,1.0,0.100321,0.100321,0.002573,0.001822
config_10_det1_b15_s20_h4_w50,11,50,20,40.524346,29.911799,53.855198,12.5,True,False,0.993927,0.983625,0.846207,0.97686,0.824922,1.0,1.086634,1.08627,0.906299,1.076415,0.882623,1.0,0.101303,0.101303,0.002371,0.001588
config_10_det1_b15_s20_h4_w50,12,50,20,44.208378,29.911799,53.855198,12.5,True,False,1.064896,1.064302,0.840198,1.042744,0.829308,1.0,1.099239,1.098848,0.886868,1.083768,0.871866,1.0,0.102204,0.102204,0.002249,0.00159
config_10_det1_b15_s20_h4_w50,13,50,20,47.892409,29.911799,53.855198,12.5,True,False,1.057113,1.05137,0.832302,1.036598,0.829733,1.0,1.070541,1.07015,0.860349,1.05398,0.85559,1.0,0.102478,0.102478,0.001847,0.001393
config_10_det1_b15_s20_h4_w50,14,50,20,51.576441,29.911799,53.855198,12.5,True,True,1.021165,1.021009,0.822877,1.009627,0.822862,1.0,1.078477,1.077846,0.875546,1.060676,0.856378,1.0,0.097678,0.097678,0.0019,0.001336
config_10_det1_b15_s20_h4_w50,15,50,20,55.260472,29.911799,53.855198,12.5,True,True,1.08414,1.083864,0.831862,1.069177,0.823081,1.0,1.056561,1.055843,0.901209,1.04532,0.873461,1.0,0.101807,0.101807,0.001729,0.001255
config_10_det1_b15_s20_h4_w50,16,50,20,58.944504,29.911799,53.855198,12.5,True,True,1.102127,1.101801,0.858989,1.070574,0.832343,1.0,1.092364,1.091898,0.9203,1.080946,0.896963,1.0,0.101344,0.101344,0.001611,0.001162
config_10_det1_b15_s20_h4_w50,17,50,20,62.628535,29.911799,53.855198,12.5,True,True,1.108872,1.108709,0.868769,1.094505,0.84052,1.0,1.125381,1.125017,0.944162,1.11252,0.911401,1.0,0.099003,0.099003,0.001441,0.001066
config_10_det1_b15_s20_h4_w50,18,50,20,66.312567,29.911799,53.855198,12.5,True,True,1.111895,1.111589,0.881593,1.095966,0.847869,1.0,1.139329,1.139122,0.947161,1.115332,0.91145,1.0,0.10211,0.10211,0.001377,0.001048
config_10_det1_b15_s20_h4_w50,19,50,20,69.996598,29.911799,53.855198,12.5,True,True,1.110974,1.110743,0.886524,1.099584,0.853761,1.0,1.115973,1.112808,0.932518,1.095713,0.901633,1.0,0.102097,0.102097,0.001378,0.000971
config_10_det1_b15_s20_h4_w50,20,50,20,73.68063,29.911799,53.855198,12.5,True,True,1.143115,1.139716,0.884738,1.116807,0.852265,1.0,1.107655,1.107347,0.916068,1.086562,0.893256,1.0,0.09965,0.09965,0.001149,0.000897
config_11_det1_b15_s20_h4_w500,1,500,20,7.937005,82.977922,94.459062,12.5,False,False,1.231674,1.226731,1.131753,1.226104,1.15746,1.0,1.245859,1.245333,0.264486,1.09611,0.696581,0.989011,0.101351,0.101351,0.021023,0.001564
config_11_det1_b15_s20_h4_w500,2,500,20,15.874011,82.977922,94.459062,12.5,False,False,0.892718,0.890405,0.891971,0.891024,0.89107,1.0,1.181989,1.165405,0.964759,1.156114,0.999493,1.0,0.101351,0.101351,0.009461,0.003145
config_11_det1_b15_s20_h4_w500,3,500,20,23.811016,82.977922,94.459062,12.5,False,False,0.94177,0.940559,0.84865,0.931226,0.851282,1.0,1.103481,1.10188,0.884683,1.076337,0.954982,1.0,0.1032,0.1032,0.006145,0.002187
config_11_det1_b15_s20_h4_w500,4,500,20,31.748021,82.977922,94.459062,12.5,False,False,1.025424,1.021502,0.883113,1.018581,0.871738,1.0,1.054624,1.051521,0.917245,1.051242,0.937468,1.0,0.102573,0.102573,0.004288,0.001949
config_11_det1_b15_s20_h4_w500,5,500,20,39.685026,82.977922,94.459062,12.5,False,False,1.047697,1.04687,0.879593,1.015636,0.864503,1.0,0.946998,0.94617,0.870197,0.944186,0.866342,1.0,0.09837,0.09837,0.003097,0.001632
config_11_det1_b15_s20_h4_w500,6,500,20,47.622032,82.977922,94.459062,12.5,False,False,1.088205,1.087934,0.859803,1.058299,0.864855,1.0,1.04722,1.046727,0.851957,1.027567,0.877693,1.0,0.100766,0.100766,0.002346,0.001377
config_11_det1_b15_s20_h4_w500,7,500,20,55.559037,82.977922,94.459062,12.5,False,False,1.155151,1.155023,0.895379,1.122132,0.880935,1.0,1.061807,1.059509,0.937647,1.05655,0.934883,1.0,0.099845,0.099845,0.001832,0.001204
config_11_det1_b15_s20_h4_w500,8,500,20,63.496042,82.977922,94.459062,12.5,False,False,1.191731,1.187899,0.932904,1.136673,0.899487,1.0,1.028016,1.027449,0.962527,1.020673,0.917964,1.0,0.101738,0.101738,0.001609,0.001066
config_11_det1_b15_s20_h4_w500,9,500,20,71.433047,82.977922,94.459062,12.5,True,False,1.210678,1.210474,0.921682,1.182784,0.90428,1.0,1.055321,1.054851,0.944142,1.039408,0.909272,1.0,0.100796,0.100796,0.001502,0.000969
config_11_det1_b15_s20_h4_w500,10,500,20,79.370053,82.977922,94.459062,12.5,True,False,1.156676,1.156625,0.912345,1.132868,0.885515,1.0,1.048214,1.048017,0.922606,1.038004,0.890297,1.0,0.101853,0.101853,0.001215,0.000819
config_11_det1_b15_s20_h4_w500,11,500,20,87.307058,82.977922,94.459062,12.5,True,False,1.122104,1.117668,0.905388,1.098044,0.875575,1.0,1.047952,1.047556,0.952094,1.034829,0.909271,1.0,0.10102,0.10102,0.001094,0.000782
config_11_det1_b15_s20_h4_w500,12,500,20,95.244063,82.977922,94.459062,12.5,True,True,1.127837,1.127675,0.907366,1.103618,0.881464,1.0,1.061104,1.060871,0.945241,1.046728,0.911014,1.0,0.102648,0.102648,0.00102,0.000785
config_11_det1_b15_s20_h4_w500,13,500,20,103.181068,82.977922,94.459062,12.5,True,True,1.13569,1.135458,0.943628,1.114201,0.906075,1.0,1.070417,1.065639,0.938886,1.059965,0.91424,1.0,0.105172,0.105172,0.001033,0.000326
config_11_det1_b15_s20_h4_w500,14,500,20,111.118074,82.977922,94.459062,12.5,True,True,1.138461,1.133089,0.947301,1.113248,0.895578,1.0,1.061314,1.059149,0.939034,1.050188,0.90517,1.0,0.11204,0.11204,0.00154,0.000737
config_11_det1_b15_s20_h4_w500,15,500,20,119.055079,82.977922,94.459062,12.5,True,True,1.190652,1.186665,0.93765,1.147375,0.889977,1.0,1.054838,1.054535,0.938376,1.036073,0.907813,1.0,0.124739,0.124739,0.00187,0.000987
config_11_det1_b15_s20_h4_w500,16,500,20,126.992084,82.977922,94.459062,12.5,True,True,1.219361,1.216431,0.946199,1.177632,0.898473,1.0,1.065804,1.065474,0.955163,1.046311,0.90722,1.0,0.135963,0.135963,0.001546,0.000944
config_11_det1_b15_s20_h4_w500,17,500,20,134.929089,82.977922,94.459062,12.5,True,True,1.233841,1.231799,0.958811,1.1802,0.909973,1.0,1.075838,1.075551,0.962528,1.054454,0.911701,1.0,0.170075,0.170075,0.001487,0.001007
config_11_det1_b15_s20_h4_w500,18,500,20,142.866095,82.977922,94.459062,12.5,True,True,1.28253,1.282441,0.96911,1.237252,0.919553,1.0,1.065001,1.06482,0.965279,1.051449,0.913315,1.0,0.195556,0.195556,0.001332,0.001028
config_11_det1_b15_s20_h4_w500,19,500,20,150.8031,82.977922,94.459062,12.5,True,True,1.295743,1.295713,0.955678,1.240385,0.913388,1.0,1.059776,1.059175,0.966653,1.041455,0.909268,1.0,0.196092,0.196092,0.001508,0.000975
config_11_det1_b15_s20_h4_w500,20,500,20,158.740105,82.977922,94.459062,12.5,True,True,1.262762,1.262736,0.958313,1.229877,0.909883,1.0,1.077408,1.074437,0.962548,1.059476,0.909011,1.0,0.196092,0.196092,0.00109,0.000889
config_12_det1_b15_s20_h4_w1500,1,1500,20,11.447142,111.47654,123.071179,12.5,False,False,0.997627,0.994501,0.9965,0.9965,0.997367,1.0,1.425373,1.401047,0.272503,1.381136,0.864694,1.0,0.101039,0.101039,0.012281,0.001425
config_12_det1_b15_s20_h4_w1500,2,1500,20,22.894285,111.47654,123.071179,12.5,False,False,0.942519,0.940704,0.852019,0.930419,0.852888,1.0,1.199615,1.197684,0.947992,1.196948,1.023066,1.0,0.1,0.1,0.006178,0.002147
config_12_det1_b15_s20_h4_w1500,3,1500,20,34.341427,111.47654,123.071179,12.5,False,False,1.027815,1.007792,0.879155,0.998296,0.877064,1.0,1.019309,1.019057,0.879214,1.017462,0.916716,1.0,0.10274,0.10274,0.004179,0.001584
config_12_det1_b15_s20_h4_w1500,4,1500,20,45.78857,111.47654,123.071179,12.5,False,False,1.105888,1.1054,0.871228,1.089449,0.881052,1.0,1.044581,1.043982,0.845715,1.034936,0.886864,1.0,0.101476,0.101476,0.002632,0.001233
config_12_det1_b15_s20_h4_w1500,5,1500,20,57.235712,111.47654,123.071179,12.5,False,False,1.147306,1.146965,0.903282,1.121819,0.897355,1.0,1.062335,1.061551,0.934365,1.05669,0.941293,1.0,0.100019,0.100019,0.002221,0.001149
config_12_det1_b15_s20_h4_w1500,6,1500,20,68.682855,111.47654,123.071179,12.5,False,False,1.219849,1.213161,0.936184,1.171133,0.924054,1.0,1.023028,1.022645,0.925548,1.013518,0.913111,1.0,0.100359,0.100359,0.001652,0.000959
config_12_det1_b15_s20_h4_w1500,7,1500,20,80.129997,111.47654,123.071179,12.5,False,False,1.167267,1.167123,0.915453,1.134625,0.895208,1.0,1.0457,1.04548,0.896534,1.026329,0.89269,1.0,0.102156,0.102156,0.001393,0.000833
config_12_det1_b15_s20_h4_w1500,8,1500,20,91.577139,111.47654,123.071179,12.5,False,False,1.168999,1.168788,0.942216,1.145554,0.912838,1.0,1.031858,1.031571,0.934635,1.022767,0.914849,1.0,0.09946,0.09946,0.001124,0.000778
config_12_det1_b15_s20_h4_w1500,9,1500,20,103.024282,111.47654,123.071179,12.5,True,False,1.154528,1.148873,0.961149,1.131747,0.921569,1.0,1.049862,1.045972,0.920589,1.033266,0.912975,1.0,0.105982,0.105982,0.001034,0.000282
config_12_det1_b15_s20_h4_w1500,10,1500,20,114.471424,111.47654,123.071179,12.5,True,False,1.21569,1.211332,0.958459,1.184096,0.918908,1.0,1.037611,1.036313,0.917001,1.021889,0.90007,1.0,0.11503,0.11503,0.001238,0.000722
config_12_det1_b15_s20_h4_w1500,11,1500,20,125.918567,111.47654,123.071179,12.5,True,True,1.245944,1.245765,0.959006,1.221698,0.914796,1.0,1.030402,1.027511,0.918577,1.01937,0.908782,1.0,0.131446,0.131446,0.001369,0.000966
config_12_det1_b15_s20_h4_w1500,12,1500,20,137.365709,111.47654,123.071179,12.5,True,True,1.311774,1.311582,0.972438,1.254023,0.927547,1.0,1.043771,1.043491,0.950922,1.032958,0.917194,1.0,0.168005,0.168005,0.001369,0.001014
config_12_det1_b15_s20_h4_w1500,13,1500,20,148.812852,111.47654,123.071179,12.5,True,True,1.321677,1.321511,0.961922,1.27154,0.925264,1.0,1.04393,1.043542,0.947664,1.036346,0.913129,1.0,0.204416,0.204416,0.001297,0.000996
config_12_det1_b15_s20_h4_w1500,14,1500,20,160.259994,111.47654,123.071179,12.5,True,True,1.331508,1.331413,0.96084,1.280653,0.924729,1.0,1.043431,1.043034,0.973251,1.034924,0.913481,1.0,0.203289,0.203289,0.001197,0.000911
config_12_det1_b15_s20_h4_w1500,15,1500,20,171.707136,111.47654,123.071179,12.5,True,True,1.339091,1.339007,0.966457,1.301862,0.933707,1.0,1.037223,1.037223,0.967455,1.027779,0.914196,1.0,0.199264,0.0,0.001172,0.0
config_12_det1_b15_s20_h4_w1500,16,1500,20,183.154279,111.47654,123.071179,12.5,True,True,1.316688,1.316641,0.972168,1.260732,0.932632,1.0,1.052743,1.052743,0.962286,1.046616,0.916956,1.0,0.199768,0.0,0.00105,0.0
config_12_det1_b15_s20_h4_w1500,17,1500,20,194.601421,111.47654,123.071179,12.5,True,True,1.295595,1.289341,0.966813,1.251512,0.929748,1.0,1.044748,1.044748,0.969756,1.037717,0.913884,1.0,0.19673,0.0,0.000916,0.0
config_12_det1_b15_s20_h4_w1500,18,1500,20,206.048564,111.47654,123.071179,12.5,True,True,1.284643,1.284161,0.976186,1.240435,0.936219,1.0,1.051939,1.051939,0.979842,1.040115,0.91356,1.0,0.208119,0.0,0.001091,0.0
config_12_det1_b15_s20_h4_w1500,19,1500,20,217.495706,111.47654,123.071179,12.5,True,True,1.244977,1.244913,0.984655,1.216591,0.938235,1.0,1.059261,1.059261,0.981051,1.045995,0.919145,1.0,0.201082,0.0,0.000988,0.0
config_12_det1_b15_s20_h4_w1500,20,1500,20,228.942849,111.47654,123.071179,12.5,True,True,1.213561,1.21322,0.977904,1.187365,0.932948,1.0,1.057942,1.057859,0.982308,1.046134,0.917899,1.0,0.202973,0.202973,0.000877,0.000635
config_13_det1_b15_s20_h12_w50,1,50,20,3.684031,29.815625,47.086849,12.5,False,False,1.130389,1.110529,1.130389,1.130389,1.209455,0.978022,1.800439,1.738814,0.324129,1.676614,0.696766,0.747253,0.096491,0.083086,0.0,0.0
config_13_det1_b15_s20_h12_w50,2,50,20,7.368063,29.815625,47.086849,12.5,False,False,1.237722,1.231523,1.139574,1.160837,1.156597,1.0,1.251964,1.247601,0.97549,1.251964,1.123266,0.989011,0.104651,0.096774,0.020069,0.006456
config_13_det1_b15_s20_h12_w50,3,50,20,11.052094,29.815625,47.086849,12.5,False,False,0.993217,0.989902,0.985619,0.991377,0.990125,1.0,1.033126,1.028667,0.794303,1.031089,0.964933,1.0,0.101562,0.099804,0.012348,0.00446
config_13_det1_b15_s20_h12_w50,4,50,20,14.736126,29.815625,47.086849,12.5,False,False,0.896232,0.89307,0.896232,0.895824,0.895454,1.0,0.916819,0.91463,0.681983,0.916003,0.90023,1.0,0.101164,0.101164,0.008113,0.003458
config_13_det1_b15_s20_h12_w50,5,50,20,18.420157,29.815625,47.086849,12.5,False,False,0.851634,0.848679,0.851634,0.850563,0.84815,1.0,1.067429,1.057515,0.854662,1.049767,0.890923,1.0,0.098131,0.098131,0.006121,0.003198
config_13_det1_b15_s20_h12_w50,6,50,20,22.104189,29.815625,47.086849,12.5,False,False,0.949805,0.948241,0.833071,0.944584,0.834638,1.0,1.010217,1.000559,0.832698,1.000393,0.889426,1.0,0.103348,0.103348,0.00555,0.003103
config_13_det1_b15_s20_h12_w50,7,50,20,25.78822,29.815625,47.086849,12.5,False,False,0.925801,0.924959,0.824597,0.92446,0.834009,1.0,0.965325,0.963923,0.834249,0.954321,0.901403,1.0,0.102202,0.102202,0.004628,0.002788
config_13_det1_b15_s20_h12_w50,8,50,20,29.472252,29.815625,47.086849,12.5,False,False,0.903955,0.902936,0.829981,0.883338,0.84051,1.0,0.932264,0.931659,0.880651,0.926921,0.896595,1.0,0.100328,0.100328,0.003456,0.002185
config_13_det1_b15_s20_h12_w50,9,50,20,33.156283,29.815625,47.086849,12.5,False,False,0.886278,0.885844,0.824202,0.871679,0.820289,1.0,0.965041,0.964213,0.881131,0.961333,0.881628,1.0,0.10042,0.10042,0.003384,0.002028
config_13_det1_b15_s20_h12_w50,10,50,20,36.840315,29.815625,47.086849,12.5,True,False,0.84733,0.846719,0.80606,0.844376,0.79212,1.0,0.934537,0.934051,0.856387,0.930916,0.85066,1.0,0.100321,0.100321,0.002573,0.001822
config_13_det1_b15_s20_h12_w50,11,50,20,40.524346,29.815625,47.086849,12.5,True,False,0.853026,0.852434,0.7866,0.842188,0.771125,1.0,0.914568,0.902835,0.810917,0.892254,0.818159,1.0,0.101303,0.101303,0.002371,0.001588
config_13_det1_b15_s20_h12_w50,12,50,20,44.208378,29.815625,47.086849,12.5,True,False,0.877587,0.877359,0.774758,0.868339,0.748384,1.0,1.004223,0.994906,0.776346,0.981521,0.805339,1.0,0.102204,0.102204,0.002249,0.00159
config_13_det1_b15_s20_h12_w50,13,50,20,47.892409,29.815625,47.086849,12.5,True,False,0.869149,0.869037,0.748456,0.854826,0.729568,1.0,0.977503,0.977118,0.757592,0.968807,0.80621,1.0,0.102478,0.102478,0.001847,0.001393
config_13_det1_b15_s20_h12_w50,14,50,20,51.576441,29.815625,47.086849,12.5,True,True,0.842937,0.84273,0.730166,0.833675,0.717103,1.0,0.983873,0.983645,0.746687,0.977677,0.793147,1.0,0.097678,0.097678,0.0019,0.001336
config_13_det1_b15_s20_h12_w50,15,50,20,55.260472,29.815625,47.086849,12.5,True,True,0.856492,0.856249,0.713915,0.839698,0.706161,1.0,0.995063,0.994824,0.732417,0.984,0.781001,1.0,0.101807,0.101807,0.001729,0.001255
config_13_det1_b15_s20_h12_w50,16,50,20,58.944504,29.815625,47.086849,12.5,True,True,0.847881,0.847671,0.702962,0.828361,0.699571,1.0,1.016579,1.016172,0.734319,0.992073,0.777594,1.0,0.101344,0.101344,0.001611,0.001162
config_13_det1_b15_s20_h12_w50,17,50,20,62.628535,29.815625,47.086849,12.5,True,True,0.843382,0.843167,0.690229,0.82095,0.697395,1.0,1.021317,1.020403,0.769047,1.002839,0.803754,1.0,0.099003,0.099003,0.001441,0.001066
config_13_det1_b15_s20_h12_w50,18,50,20,66.312567,29.815625,47.086849,12.5,True,True,0.842207,0.841959,0.690927,0.820415,0.696527,1.0,1.013855,1.013512,0.792419,0.997005,0.811803,1.0,0.10211,0.10211,0.001377,0.001048
config_13_det1_b15_s20_h12_w50,19,50,20,69.996598,29.815625,47.086849,12.5,True,True,0.839625,0.837883,0.687063,0.82736,0.690253,1.0,1.013534,1.013356,0.796739,0.99742,0.813463,1.0,0.102097,0.102097,0.001378,0.000971
config_13_det1_b15_s20_h12_w50,20,50,20,73.68063,29.815625,47.086849,12.5,True,True,0.879367,0.879309,0.683102,0.841826,0.681725,1.0,0.99678,0.996546,0.804129,0.979664,0.812173,1.0,0.09965,0.09965,0.001149,0.000897
config_14_det1_b15_s20_h12_w500,1,500,20,7.937005,67.948899,102.720197,12.5,False,False,1.231674,1.226731,1.131753,1.226104,1.157657,1.0,1.332183,1.325515,0.319785,1.177645,0.733779,1.0,0.101351,0.101351,0.021023,0.001564
config_14_det1_b15_s20_h12_w500,2,500,20,15.874011,67.948899,102.720197,12.5,False,False,0.892664,0.890405,0.891917,0.89097,0.891006,1.0,1.257918,1.256539,0.999804,1.240031,1.054996,1.0,0.101351,0.101351,0.009461,0.003145
config_14_det1_b15_s20_h12_w500,3,500,20,23.811016,67.948899,102.720197,12.5,False,False,0.948877,0.947642,0.848442,0.931158,0.851994,1.0,1.133569,1.13218,1.050539,1.128623,1.098118,1.0,0.1032,0.1032,0.006145,0.002187
config_14_det1_b15_s20_h12_w500,4,500,20,31.748021,67.948899,102.720197,12.5,False,False,0.88207,0.881222,0.852479,0.875207,0.843013,1.0,1.139407,1.138823,0.910319,1.110235,0.972118,1.0,0.102573,0.102573,0.004288,0.001949
config_14_det1_b15_s20_h12_w500,5,500,20,39.685026,67.948899,102.720197,12.5,False,False,0.81391,0.812977,0.809278,0.810729,0.78711,1.0,1.152711,1.152157,0.851736,1.14906,0.954542,1.0,0.09837,0.09837,0.003097,0.001632
config_14_det1_b15_s20_h12_w500,6,500,20,47.622032,67.948899,102.720197,12.5,False,False,0.861321,0.860981,0.75193,0.849761,0.744266,1.0,1.156092,1.152872,0.887782,1.134865,0.93401,1.0,0.100766,0.100766,0.002346,0.001377
config_14_det1_b15_s20_h12_w500,7,500,20,55.559037,67.948899,102.720197,12.5,False,False,0.94151,0.941301,0.721048,0.92387,0.73278,1.0,1.09364,1.090621,0.905878,1.079838,0.939438,1.0,0.099845,0.099845,0.001832,0.001204
config_14_det1_b15_s20_h12_w500,8,500,20,63.496042,67.948899,102.720197,12.5,False,False,0.992309,0.992008,0.701628,0.95779,0.738028,1.0,1.142489,1.13039,0.960155,1.112192,0.962787,1.0,0.101738,0.101738,0.001609,0.001066
config_14_det1_b15_s20_h12_w500,9,500,20,71.433047,67.948899,102.720197,12.5,False,False,0.950173,0.949988,0.701491,0.938858,0.762034,1.0,1.121478,1.121411,0.939642,1.097024,0.944618,1.0,0.100796,0.100796,0.001502,0.000969
config_14_det1_b15_s20_h12_w500,10,500,20,79.370053,67.948899,102.720197,12.5,True,False,0.944545,0.944375,0.725085,0.905297,0.748394,1.0,1.117973,1.117827,0.925069,1.097696,0.930321,1.0,0.101853,0.101853,0.001215,0.000819
config_14_det1_b15_s20_h12_w500,11,500,20,87.307058,67.948899,102.720197,12.5,True,False,0.962481,0.961856,0.73385,0.940193,0.74303,1.0,1.101503,1.101355,0.915364,1.091157,0.936404,1.0,0.10102,0.10102,0.001094,0.000782
config_14_det1_b15_s20_h12_w500,12,500,20,95.244063,67.948899,102.720197,12.5,True,True,0.971638,0.971519,0.728655,0.947855,0.743724,1.0,1.136388,1.135769,0.913094,1.113218,0.935244,1.0,0.102648,0.102648,0.00102,0.000785
config_14_det1_b15_s20_h12_w500,13,500,20,103.181068,67.948899,102.720197,12.5,True,True,0.969606,0.969251,0.763107,0.939289,0.754531,1.0,1.118806,1.118705,0.930441,1.103556,0.932546,1.0,0.105172,0.105172,0.001033,0.000326
config_14_det1_b15_s20_h12_w500,14,500,20,111.118074,67.948899,102.720197,12.5,True,True,0.976967,0.976762,0.785107,0.955608,0.780611,1.0,1.118311,1.118171,0.898841,1.110788,0.939158,1.0,0.11204,0.11204,0.00154,0.000737
config_14_det1_b15_s20_h12_w500,15,500,20,119.055079,67.948899,102.720197,12.5,True,True,1.005131,1.003027,0.767793,0.970988,0.780586,1.0,1.140425,1.13978,0.919417,1.121975,0.948964,1.0,0.124739,0.124739,0.00187,0.000987
config_14_det1_b15_s20_h12_w500,16,500,20,126.992084,67.948899,102.720197,12.5,True,True,1.009016,1.007299,0.767394,0.983432,0.785475,1.0,1.13091,1.130798,0.929702,1.113313,0.947879,1.0,0.135963,0.135963,0.001546,0.000944
config_14_det1_b15_s20_h12_w500,17,500,20,134.929089,67.948899,102.720197,12.5,True,True,1.023209,1.015506,0.774371,0.996862,0.784456,1.0,1.142082,1.141379,0.933063,1.129611,0.94716,1.0,0.170075,0.170075,0.001487,0.001007
config_14_det1_b15_s20_h12_w500,18,500,20,142.866095,67.948899,102.720197,12.5,True,True,1.040335,1.040232,0.781552,1.000062,0.778593,1.0,1.147962,1.145737,0.939034,1.127723,0.946534,1.0,0.195556,0.195556,0.001332,0.001028
config_14_det1_b15_s20_h12_w500,19,500,20,150.8031,67.948899,102.720197,12.5,True,True,1.034771,1.034561,0.772156,0.997817,0.771835,1.0,1.145779,1.142777,0.925768,1.123059,0.944821,1.0,0.196092,0.196092,0.001508,0.000975
config_14_det1_b15_s20_h12_w500,20,500,20,158.740105,67.948899,102.720197,12.5,True,True,1.032227,1.031507,0.762968,0.992367,0.767026,1.0,1.140146,1.140027,0.93696,1.124137,0.95099,1.0,0.196092,0.196092,0.00109,0.000889
config_15_det1_b15_s20_h12_w1500,1,1500,20,11.447142,106.022231,160.240839,12.5,False,False,0.997627,0.994501,0.9965,0.997395,0.997476,1.0,1.498966,1.498691,0.306277,1.455901,0.940972,1.0,0.101039,0.101039,0.012281,0.001425
config_15_det1_b15_s20_h12_w1500,2,1500,20,22.894285,106.022231,160.240839,12.5,False,False,0.949845,0.948045,0.852133,0.937462,0.854265,1.0,1.329204,1.328229,1.134725,1.315823,1.211569,1.0,0.1,0.1,0.006178,0.002147
config_15_det1_b15_s20_h12_w1500,3,1500,20,34.341427,106.022231,160.240839,12.5,False,False,0.871205,0.869912,0.85419,0.865356,0.835664,1.0,1.266624,1.266167,0.932899,1.244295,1.013889,1.0,0.10274,0.10274,0.004179,0.001584
config_15_det1_b15_s20_h12_w1500,4,1500,20,45.78857,106.022231,160.240839,12.5,False,False,0.946652,0.946032,0.789258,0.927995,0.782844,1.0,1.188965,1.188504,0.874794,1.185079,0.962905,1.0,0.101476,0.101476,0.002632,0.001233
config_15_det1_b15_s20_h12_w1500,5,1500,20,57.235712,106.022231,160.240839,12.5,False,False,1.031917,1.031668,0.736871,1.007268,0.770897,1.0,1.170224,1.169802,0.928524,1.158902,1.000094,1.0,0.100019,0.100019,0.002221,0.001149
config_15_det1_b15_s20_h12_w1500,6,1500,20,68.682855,106.022231,160.240839,12.5,False,False,0.998063,0.997944,0.749748,0.979907,0.810887,1.0,1.163252,1.163,0.933596,1.147302,0.973507,1.0,0.100359,0.100359,0.001652,0.000959
config_15_det1_b15_s20_h12_w1500,7,1500,20,80.129997,106.022231,160.240839,12.5,False,False,1.032466,1.032382,0.77092,1.006316,0.796163,1.0,1.1598,1.159525,0.905798,1.150745,0.983175,1.0,0.102156,0.102156,0.001393,0.000833
config_15_det1_b15_s20_h12_w1500,8,1500,20,91.577139,106.022231,160.240839,12.5,False,False,1.034614,1.034469,0.799795,1.001797,0.805902,1.0,1.141496,1.141273,0.933097,1.132771,0.982061,1.0,0.09946,0.09946,0.001124,0.000778
config_15_det1_b15_s20_h12_w1500,9,1500,20,103.024282,106.022231,160.240839,12.5,True,False,1.053847,1.051847,0.807757,1.02344,0.817393,1.0,1.196954,1.196787,0.933977,1.173021,0.99765,1.0,0.105982,0.105982,0.001034,0.000282
config_15_det1_b15_s20_h12_w1500,10,1500,20,114.471424,106.022231,160.240839,12.5,True,False,1.064141,1.064047,0.812636,1.042065,0.832836,1.0,1.17979,1.179579,0.932334,1.16422,0.998627,1.0,0.11503,0.11503,0.001238,0.000722
config_15_det1_b15_s20_h12_w1500,11,1500,20,125.918567,106.022231,160.240839,12.5,True,False,1.108336,1.101457,0.80562,1.064153,0.840418,1.0,1.191868,1.191469,0.943952,1.173644,1.004046,1.0,0.131446,0.131446,0.001369,0.000966
config_15_det1_b15_s20_h12_w1500,12,1500,20,137.365709,106.022231,160.240839,12.5,True,True,1.121507,1.121489,0.815984,1.077054,0.833479,1.0,1.198594,1.198006,0.948127,1.182582,1.007328,1.0,0.168005,0.168005,0.001369,0.001014
config_15_det1_b15_s20_h12_w1500,13,1500,20,148.812852,106.022231,160.240839,12.5,True,True,1.100382,1.100335,0.813393,1.066821,0.826992,1.0,1.194482,1.191311,0.9655,1.181455,1.019765,1.0,0.204416,0.204416,0.001297,0.000996
config_15_det1_b15_s20_h12_w1500,14,1500,20,160.259994,106.022231,160.240839,12.5,True,True,1.12764,1.123345,0.805233,1.075201,0.826459,1.0,1.205771,1.205447,0.995104,1.18753,1.01684,1.0,0.203289,0.203289,0.001197,0.000911
config_15_det1_b15_s20_h12_w1500,15,1500,20,171.707136,106.022231,160.240839,12.5,True,True,1.122202,1.122121,0.807668,1.073952,0.829769,1.0,1.217339,1.217339,1.011208,1.196383,1.025805,1.0,0.199264,0.0,0.001172,0.0
config_15_det1_b15_s20_h12_w1500,16,1500,20,183.154279,106.022231,160.240839,12.5,True,True,1.124685,1.124592,0.809695,1.083615,0.830213,1.0,1.207385,1.207385,1.014291,1.19344,1.024855,1.0,0.199768,0.0,0.00105,0.0
config_15_det1_b15_s20_h12_w1500,17,1500,20,194.601421,106.022231,160.240839,12.5,True,True,1.121074,1.120977,0.808583,1.086487,0.8294,1.0,1.224803,1.224803,1.03161,1.19607,1.028473,1.0,0.19673,0.0,0.000916,0.0
config_15_det1_b15_s20_h12_w1500,18,1500,20,206.048564,106.022231,160.240839,12.5,True,True,1.110838,1.108184,0.798669,1.072234,0.828305,1.0,1.211995,1.211995,1.024731,1.193937,1.026857,1.0,0.208119,0.0,0.001091,0.0
config_15_det1_b15_s20_h12_w1500,19,1500,20,217.495706,106.022231,160.240839,12.5,True,True,1.090773,1.090732,0.792098,1.058115,0.825123,1.0,1.220395,1.220395,1.037684,1.194379,1.028582,1.0,0.201082,0.0,0.000988,0.0
config_15_det1_b15_s20_h12_w1500,20,1500,20,228.942849,106.022231,160.240839,12.5,True,True,1.07561,1.074744,0.785527,1.045899,0.820619,1.0,1.220552,1.220294,1.034058,1.199474,1.030306,1.0,0.202973,0.202973,0.000877,0.000635
config_16_det1_b15_s20_h24_w50,1,50,20,3.684031,29.742989,43.08727,12.5,False,False,1.130389,1.110529,1.130389,1.130389,1.209455,0.978022,1.800439,1.738814,0.324129,1.676614,0.696766,0.747253,0.096491,0.083086,0.0,0.0
config_16_det1_b15_s20_h24_w50,2,50,20,7.368063,29.742989,43.08727,12.5,False,False,1.237722,1.231523,1.139574,1.160837,1.156597,1.0,1.251964,1.247601,0.97549,1.251964,1.123266,0.989011,0.104651,0.096774,0.020069,0.006456
config_16_det1_b15_s20_h24_w50,3,50,20,11.052094,29.742989,43.08727,12.5,False,False,0.993217,0.989902,0.985619,0.991377,0.990125,1.0,1.033126,1.028667,0.794303,1.031089,0.964933,1.0,0.101562,0.099804,0.012348,0.00446
config_16_det1_b15_s20_h24_w50,4,50,20,14.736126,29.742989,43.08727,12.5,False,False,0.896232,0.89307,0.896232,0.895824,0.895454,1.0,0.916819,0.91463,0.681983,0.916003,0.90023,1.0,0.101164,0.101164,0.008113,0.003458
config_16_det1_b15_s20_h24_w50,5,50,20,18.420157,29.742989,43.08727,12.5,False,False,0.851634,0.848679,0.851634,0.850563,0.84815,1.0,1.067429,1.057515,0.854662,1.050066,0.89097,1.0,0.098131,0.098131,0.006121,0.003198
config_16_det1_b15_s20_h24_w50,6,50,20,22.104189,29.742989,43.08727,12.5,False,False,0.949805,0.948241,0.833071,0.944584,0.834603,1.0,1.010217,1.009049,0.832698,1.000393,0.889426,1.0,0.103348,0.103348,0.00555,0.003103
config_16_det1_b15_s20_h24_w50,7,50,20,25.78822,29.742989,43.08727,12.5,False,False,0.925801,0.924959,0.824597,0.92446,0.834009,1.0,0.965325,0.963923,0.834249,0.954321,0.901403,1.0,0.102202,0.102202,0.004628,0.002788
config_16_det1_b15_s20_h24_w50,8,50,20,29.472252,29.742989,43.08727,12.5,False,False,0.890275,0.88924,0.829981,0.883338,0.840451,1.0,0.932264,0.931659,0.880651,0.926921,0.896724,1.0,0.100328,0.100328,0.003456,0.002185
config_16_det1_b15_s20_h24_w50,9,50,20,33.156283,29.742989,43.08727,12.5,False,False,0.864103,0.863658,0.824202,0.849132,0.819717,1.0,0.934206,0.933348,0.881131,0.919885,0.874654,1.0,0.10042,0.10042,0.003384,0.002028
config_16_det1_b15_s20_h24_w50,10,50,20,36.840315,29.742989,43.08727,12.5,True,False,0.838057,0.837382,0.806072,0.825575,0.79092,1.0,0.899897,0.899382,0.856387,0.896136,0.838338,1.0,0.100321,0.100321,0.002573,0.001822
config_16_det1_b15_s20_h24_w50,11,50,20,40.524346,29.742989,43.08727,12.5,True,False,0.813041,0.812427,0.785521,0.808396,0.766428,1.0,0.862715,0.862425,0.808613,0.852016,0.796968,1.0,0.101303,0.101303,0.002371,0.001588
config_16_det1_b15_s20_h24_w50,12,50,20,44.208378,29.742989,43.08727,12.5,True,False,0.825181,0.824915,0.759014,0.814455,0.740904,1.0,0.883415,0.882089,0.770157,0.871656,0.773191,1.0,0.102204,0.102204,0.002249,0.00159
config_16_det1_b15_s20_h24_w50,13,50,20,47.892409,29.742989,43.08727,12.5,True,False,0.824445,0.824273,0.732045,0.809142,0.71898,1.0,0.878787,0.878257,0.735059,0.868145,0.75686,1.0,0.102478,0.102478,0.001847,0.001393
config_16_det1_b15_s20_h24_w50,14,50,20,51.576441,29.742989,43.08727,12.5,True,True,0.814214,0.81399,0.71087,0.803655,0.701794,1.0,0.887153,0.886773,0.714439,0.863445,0.747868,1.0,0.097678,0.097678,0.0019,0.001336
config_16_det1_b15_s20_h24_w50,15,50,20,55.260472,29.742989,43.08727,12.5,True,True,0.815944,0.815754,0.693105,0.80533,0.690565,1.0,0.889825,0.889563,0.702483,0.880211,0.740796,1.0,0.101807,0.101807,0.001729,0.001255
config_16_det1_b15_s20_h24_w50,16,50,20,58.944504,29.742989,43.08727,12.5,True,True,0.826038,0.825808,0.681129,0.806279,0.686526,1.0,0.871869,0.871629,0.686926,0.868537,0.73868,1.0,0.101344,0.101344,0.001611,0.001162
config_16_det1_b15_s20_h24_w50,17,50,20,62.628535,29.742989,43.08727,12.5,True,True,0.813236,0.813055,0.671085,0.800794,0.686661,1.0,0.859551,0.859133,0.674573,0.85459,0.737767,1.0,0.099003,0.099003,0.001441,0.001066
config_16_det1_b15_s20_h24_w50,18,50,20,66.312567,29.742989,43.08727,12.5,True,True,0.794492,0.794245,0.673356,0.781138,0.685278,1.0,0.859669,0.859387,0.685537,0.845242,0.736002,1.0,0.10211,0.10211,0.001377,0.001048
config_16_det1_b15_s20_h24_w50,19,50,20,69.996598,29.742989,43.08727,12.5,True,True,0.772485,0.772302,0.669138,0.767292,0.678113,1.0,0.847558,0.847143,0.714206,0.834595,0.728872,1.0,0.102097,0.102097,0.001378,0.000971
config_16_det1_b15_s20_h24_w50,20,50,20,73.68063,29.742989,43.08727,12.5,True,True,0.752519,0.75243,0.672592,0.744801,0.668567,1.0,0.835565,0.835475,0.7107,0.827103,0.72051,1.0,0.09965,0.09965,0.001149,0.000897
config_17_det1_b15_s20_h24_w500,1,500,20,7.937005,61.791473,92.085968,12.5,False,False,1.231674,1.226731,1.131753,1.226104,1.157657,1.0,1.332183,1.325515,0.319785,1.177645,0.733779,1.0,0.101351,0.101351,0.021023,0.001564
config_17_det1_b15_s20_h24_w500,2,500,20,15.874011,61.791473,92.085968,12.5,False,False,0.892664,0.890405,0.891917,0.89097,0.891006,1.0,1.257918,1.256539,0.999804,1.240031,1.054996,1.0,0.101351,0.101351,0.009461,0.003145
config_17_det1_b15_s20_h24_w500,3,500,20,23.811016,61.791473,92.085968,12.5,False,False,0.948806,0.947642,0.848442,0.931158,0.851964,1.0,1.142169,1.140736,1.060137,1.137362,1.105433,1.0,0.1032,0.1032,0.006145,0.002187
config_17_det1_b15_s20_h24_w500,4,500,20,31.748021,61.791473,92.085968,12.5,False,False,0.881999,0.878252,0.852479,0.875207,0.84298,1.0,1.028739,1.028094,0.912011,1.013296,0.943151,1.0,0.102573,0.102573,0.004288,0.001949
config_17_det1_b15_s20_h24_w500,5,500,20,39.685026,61.791473,92.085968,12.5,False,False,0.81379,0.812902,0.809296,0.810637,0.787064,1.0,0.973919,0.973454,0.840397,0.969893,0.872785,1.0,0.09837,0.09837,0.003097,0.001632
config_17_det1_b15_s20_h24_w500,6,500,20,47.622032,61.791473,92.085968,12.5,False,False,0.840089,0.83968,0.751147,0.824299,0.738712,1.0,1.044666,1.041286,0.803148,1.028973,0.868251,1.0,0.100766,0.100766,0.002346,0.001377
config_17_det1_b15_s20_h24_w500,7,500,20,55.559037,61.791473,92.085968,12.5,False,False,0.844022,0.843797,0.718579,0.817647,0.720879,1.0,1.058772,1.058304,0.812474,1.047408,0.884269,1.0,0.099845,0.099845,0.001832,0.001204
config_17_det1_b15_s20_h24_w500,8,500,20,63.496042,61.791473,92.085968,12.5,False,False,0.856166,0.855833,0.690355,0.847809,0.714284,1.0,1.048722,1.046738,0.882392,1.034249,0.912159,1.0,0.101738,0.101738,0.001609,0.001066
config_17_det1_b15_s20_h24_w500,9,500,20,71.433047,61.791473,92.085968,12.5,False,False,0.810617,0.810374,0.688909,0.805066,0.707422,1.0,1.022132,1.017283,0.894219,1.002865,0.888461,1.0,0.100796,0.100796,0.001502,0.000969
config_17_det1_b15_s20_h24_w500,10,500,20,79.370053,61.791473,92.085968,12.5,True,False,0.795467,0.795238,0.676254,0.771217,0.682694,1.0,1.031472,1.031177,0.874966,1.00468,0.876784,1.0,0.101853,0.101853,0.001215,0.000819
config_17_det1_b15_s20_h24_w500,11,500,20,87.307058,61.791473,92.085968,12.5,True,False,0.801338,0.800486,0.668854,0.779463,0.658784,1.0,1.019431,1.019214,0.882835,1.012399,0.874411,1.0,0.10102,0.10102,0.001094,0.000782
config_17_det1_b15_s20_h24_w500,12,500,20,95.244063,61.791473,92.085968,12.5,True,True,0.795719,0.795645,0.667478,0.779702,0.647906,1.0,1.054784,1.053986,0.870592,1.036445,0.864923,1.0,0.102648,0.102648,0.00102,0.000785
config_17_det1_b15_s20_h24_w500,13,500,20,103.181068,61.791473,92.085968,12.5,True,True,0.797657,0.796808,0.665319,0.776442,0.652076,1.0,1.036499,1.036369,0.858735,1.01339,0.865694,1.0,0.105172,0.105172,0.001033,0.000326
config_17_det1_b15_s20_h24_w500,14,500,20,111.118074,61.791473,92.085968,12.5,True,True,0.795348,0.795134,0.681627,0.785533,0.669193,1.0,1.086223,1.086059,0.865838,1.067825,0.888901,1.0,0.11204,0.11204,0.00154,0.000737
config_17_det1_b15_s20_h24_w500,15,500,20,119.055079,61.791473,92.085968,12.5,True,True,0.80567,0.803068,0.696293,0.787574,0.673284,1.0,1.123069,1.122732,0.858701,1.10455,0.907193,1.0,0.124739,0.124739,0.00187,0.000987
config_17_det1_b15_s20_h24_w500,16,500,20,126.992084,61.791473,92.085968,12.5,True,True,0.8097,0.807892,0.6957,0.789852,0.676794,1.0,1.109561,1.107154,0.8562,1.084442,0.912795,1.0,0.135963,0.135963,0.001546,0.000944
config_17_det1_b15_s20_h24_w500,17,500,20,134.929089,61.791473,92.085968,12.5,True,True,0.811368,0.808209,0.686802,0.784859,0.668932,1.0,1.128507,1.128012,0.880158,1.105728,0.920965,1.0,0.170075,0.170075,0.001487,0.001007
config_17_det1_b15_s20_h24_w500,18,500,20,142.866095,61.791473,92.085968,12.5,True,True,0.857983,0.857786,0.683763,0.807724,0.665216,1.0,1.133519,1.130573,0.900468,1.1205,0.933163,1.0,0.195556,0.195556,0.001332,0.001028
config_17_det1_b15_s20_h24_w500,19,500,20,150.8031,61.791473,92.085968,12.5,True,True,0.877364,0.872798,0.675082,0.838823,0.66157,1.0,1.132743,1.12773,0.89746,1.106099,0.93605,1.0,0.196092,0.196092,0.001508,0.000975
config_17_det1_b15_s20_h24_w500,20,500,20,158.740105,61.791473,92.085968,12.5,True,True,0.900394,0.900306,0.669625,0.865922,0.66009,1.0,1.136441,1.136135,0.909998,1.11107,0.939958,1.0,0.196092,0.196092,0.00109,0.000889
config_18_det1_b15_s20_h24_w1500,1,1500,20,11.447142,93.097462,162.128829,12.5,False,False,0.997627,0.994501,0.9965,0.997395,0.997476,1.0,1.498966,1.498691,0.306277,1.455901,0.941321,1.0,0.101039,0.101039,0.012281,0.001425
config_18_det1_b15_s20_h24_w1500,2,1500,20,22.894285,93.097462,162.128829,12.5,False,False,0.949845,0.948045,0.852133,0.937462,0.854265,1.0,1.325677,1.325054,1.143322,1.301954,1.201853,1.0,0.1,0.1,0.006178,0.002147
config_18_det1_b15_s20_h24_w1500,3,1500,20,34.341427,93.097462,162.128829,12.5,False,False,0.871205,0.869879,0.85419,0.865356,0.835708,1.0,1.044133,1.043671,0.894999,1.035243,0.956298,1.0,0.10274,0.10274,0.004179,0.001584
config_18_det1_b15_s20_h24_w1500,4,1500,20,45.78857,93.097462,162.128829,12.5,False,False,0.876112,0.875479,0.788694,0.860033,0.772177,1.0,1.105102,1.104447,0.82823,1.074434,0.895916,1.0,0.101476,0.101476,0.002632,0.001233
config_18_det1_b15_s20_h24_w1500,5,1500,20,57.235712,93.097462,162.128829,12.5,False,False,0.88437,0.883972,0.724401,0.873916,0.750701,1.0,1.113828,1.11204,0.853051,1.098879,0.933864,1.0,0.100019,0.100019,0.002221,0.001149
config_18_det1_b15_s20_h24_w1500,6,1500,20,68.682855,93.097462,162.128829,12.5,False,False,0.876415,0.876269,0.723284,0.857093,0.74527,1.0,1.08483,1.08143,0.884991,1.068796,0.937587,1.0,0.100359,0.100359,0.001652,0.000959
config_18_det1_b15_s20_h24_w1500,7,1500,20,80.129997,93.097462,162.128829,12.5,False,False,0.877854,0.876522,0.710252,0.846526,0.709616,1.0,1.1102,1.109905,0.898419,1.096269,0.946936,1.0,0.102156,0.102156,0.001393,0.000833
config_18_det1_b15_s20_h24_w1500,8,1500,20,91.577139,93.097462,162.128829,12.5,False,False,0.855257,0.855045,0.708891,0.842518,0.695673,1.0,1.116223,1.115646,0.904393,1.100951,0.952673,1.0,0.09946,0.09946,0.001124,0.000778
config_18_det1_b15_s20_h24_w1500,9,1500,20,103.024282,93.097462,162.128829,12.5,False,False,0.844613,0.844296,0.712146,0.823181,0.702083,1.0,1.158836,1.158557,0.909298,1.13823,0.974087,1.0,0.105982,0.105982,0.001034,0.000282
config_18_det1_b15_s20_h24_w1500,10,1500,20,114.471424,93.097462,162.128829,12.5,True,False,0.850392,0.850136,0.723405,0.828836,0.724829,1.0,1.192408,1.192227,0.892955,1.174268,0.985955,1.0,0.11503,0.11503,0.001238,0.000722
config_18_det1_b15_s20_h24_w1500,11,1500,20,125.918567,93.097462,162.128829,12.5,True,False,0.881859,0.881733,0.727004,0.844553,0.714346,1.0,1.205351,1.203204,0.921354,1.187551,1.010833,1.0,0.131446,0.131446,0.001369,0.000966
config_18_det1_b15_s20_h24_w1500,12,1500,20,137.365709,93.097462,162.128829,12.5,True,True,0.909292,0.909029,0.715618,0.874093,0.704772,1.0,1.224968,1.224744,0.956161,1.206886,1.020933,1.0,0.168005,0.168005,0.001369,0.001014
config_18_det1_b15_s20_h24_w1500,13,1500,20,148.812852,93.097462,162.128829,12.5,True,True,0.931574,0.931454,0.711701,0.896733,0.700903,1.0,1.22689,1.226634,0.986651,1.20743,1.032746,1.0,0.204416,0.204416,0.001297,0.000996
config_18_det1_b15_s20_h24_w1500,14,1500,20,160.259994,93.097462,162.128829,12.5,True,True,0.958683,0.958631,0.698914,0.925763,0.703096,1.0,1.222276,1.220312,0.996764,1.206022,1.035684,1.0,0.203289,0.203289,0.001197,0.000911
config_18_det1_b15_s20_h24_w1500,15,1500,20,171.707136,93.097462,162.128829,12.5,True,True,0.966178,0.965995,0.67439,0.935116,0.709208,1.0,1.23639,1.23639,1.032488,1.213696,1.037843,1.0,0.199264,0.0,0.001172,0.0
config_18_det1_b15_s20_h24_w1500,16,1500,20,183.154279,93.097462,162.128829,12.5,True,True,0.98084,0.977408,0.681181,0.933594,0.717559,1.0,1.225475,1.225475,1.046582,1.209601,1.046031,1.0,0.199768,0.0,0.00105,0.0
config_18_det1_b15_s20_h24_w1500,17,1500,20,194.601421,93.097462,162.128829,12.5,True,True,0.987813,0.987757,0.677986,0.947303,0.72813,1.0,1.226669,1.226669,1.057799,1.215623,1.046453,1.0,0.19673,0.0,0.000916,0.0
config_18_det1_b15_s20_h24_w1500,18,1500,20,206.048564,93.097462,162.128829,12.5,True,True,1.002445,1.001559,0.685515,0.958359,0.736027,1.0,1.24884,1.24884,1.061064,1.230248,1.05495,1.0,0.208119,0.0,0.001091,0.0
config_18_det1_b15_s20_h24_w1500,19,1500,20,217.495706,93.097462,162.128829,12.5,True,True,0.988068,0.986039,0.691588,0.967158,0.742655,1.0,1.239178,1.239178,1.065823,1.227162,1.056608,1.0,0.201082,0.0,0.000988,0.0
config_18_det1_b15_s20_h24_w1500,20,1500,20,228.942849,93.097462,162.128829,12.5,True,True,0.974771,0.973911,0.705466,0.947176,0.74593,1.0,1.234448,1.234189,1.064695,1.218928,1.05342,1.0,0.202973,0.202973,0.000877,0.000635
config_19_det1_b30_s5_h4_w50,1,50,5,3.684031,45.524283,71.37587,15.206906,False,False,0.705716,0.690958,0.140325,0.439115,0.400525,0.384615,1.70413,1.700429,0.982135,1.681431,1.582214,0.538462,0.096491,0.083086,0.0,0.0
config_19_det1_b30_s5_h4_w50,2,50,5,7.368063,45.524283,71.37587,15.206906,False,False,0.801986,0.796206,0.703617,0.791565,0.774933,0.945055,1.052149,1.052083,0.887585,1.030598,0.952425,0.846154,0.104651,0.096774,0.020069,0.006456
config_19_det1_b30_s5_h4_w50,3,50,5,11.052094,45.524283,71.37587,15.206906,False,False,0.760528,0.758507,0.68331,0.709045,0.686252,0.945055,1.339588,1.321748,0.971188,1.334002,0.919123,0.923077,0.101562,0.099804,0.012348,0.00446
config_19_det1_b30_s5_h4_w50,4,50,5,14.736126,45.524283,71.37587,15.206906,False,False,0.743018,0.742265,0.620226,0.739156,0.630781,0.945055,1.330662,1.326952,1.148237,1.326461,0.962141,0.956044,0.101164,0.101164,0.008113,0.003458
config_19_det1_b30_s5_h4_w50,5,50,5,18.420157,45.524283,71.37587,15.206906,False,False,1.031677,1.031246,0.577101,1.015191,0.672282,0.967033,1.22002,1.219186,1.165318,1.218415,0.881299,0.956044,0.098131,0.098131,0.006121,0.003198
config_19_det1_b30_s5_h4_w50,6,50,5,22.104189,45.524283,71.37587,15.206906,False,False,1.001504,0.986215,0.873509,0.995639,0.700417,0.967033,1.072461,1.07214,1.053585,1.071453,0.778255,0.967033,0.103348,0.103348,0.00555,0.003103
config_19_det1_b30_s5_h4_w50,7,50,5,25.78822,45.524283,71.37587,15.206906,False,False,0.952415,0.952076,0.944824,0.948674,0.68768,0.967033,1.200607,1.189697,1.100212,1.182144,0.740262,0.978022,0.102202,0.102202,0.004628,0.002788
config_19_det1_b30_s5_h4_w50,8,50,5,29.472252,45.524283,71.37587,15.206906,False,False,0.89963,0.8994,0.853881,0.865361,0.63253,0.967033,1.176574,1.176041,1.11664,1.166348,0.74106,0.978022,0.100328,0.100328,0.003456,0.002185
config_19_det1_b30_s5_h4_w50,9,50,5,33.156283,45.524283,71.37587,15.206906,False,False,0.895589,0.895221,0.773212,0.877454,0.59746,0.989011,1.164706,1.16405,1.130941,1.162737,0.73849,1.0,0.10042,0.10042,0.003384,0.002028
config_19_det1_b30_s5_h4_w50,10,50,5,36.840315,45.524283,71.37587,15.206906,False,False,0.917069,0.916364,0.751128,0.907207,0.57247,1.0,1.159461,1.150483,1.142065,1.150202,0.710178,1.0,0.100321,0.100321,0.002573,0.001822
config_19_det1_b30_s5_h4_w50,11,50,5,40.524346,45.524283,71.37587,15.206906,False,False,0.936457,0.936018,0.755332,0.918737,0.571899,1.0,1.170776,1.170549,1.142528,1.161722,0.699228,1.0,0.101303,0.101303,0.002371,0.001588
config_19_det1_b30_s5_h4_w50,12,50,5,44.208378,45.524283,71.37587,15.206906,False,False,0.973976,0.973544,0.767946,0.966842,0.573002,1.0,1.239892,1.239007,1.171458,1.213204,0.687788,1.0,0.102204,0.102204,0.002249,0.00159
config_19_det1_b30_s5_h4_w50,13,50,5,47.892409,45.524283,71.37587,15.206906,True,False,0.994628,0.994389,0.788229,0.968652,0.570723,1.0,1.244997,1.244386,1.177415,1.243248,0.680194,1.0,0.102478,0.102478,0.001847,0.001393
config_19_det1_b30_s5_h4_w50,14,50,5,51.576441,45.524283,71.37587,15.206906,True,False,1.056108,1.056032,0.824915,1.019249,0.569547,1.0,1.270063,1.269871,1.224258,1.268397,0.707556,1.0,0.097678,0.097678,0.0019,0.001336
config_19_det1_b30_s5_h4_w50,15,50,5,55.260472,45.524283,71.37587,15.206906,True,False,1.040037,1.040003,0.842078,1.01932,0.558279,1.0,1.280898,1.280653,1.262836,1.275083,0.697035,1.0,0.101807,0.101807,0.001729,0.001255
config_19_det1_b30_s5_h4_w50,16,50,5,58.944504,45.524283,71.37587,15.206906,True,True,1.009702,1.00351,0.826187,0.984467,0.543473,1.0,1.219534,1.219333,1.20598,1.216541,0.676599,1.0,0.101344,0.101344,0.001611,0.001162
config_19_det1_b30_s5_h4_w50,17,50,5,62.628535,45.524283,71.37587,15.206906,True,True,1.000524,1.000328,0.857094,0.995737,0.536924,1.0,1.187984,1.187825,1.162583,1.178931,0.66096,1.0,0.099003,0.099003,0.001441,0.001066
config_19_det1_b30_s5_h4_w50,18,50,5,66.312567,45.524283,71.37587,15.206906,True,True,0.994581,0.993874,0.85305,0.977153,0.530337,1.0,1.156688,1.15632,1.140522,1.155252,0.650674,1.0,0.10211,0.10211,0.001377,0.001048
config_19_det1_b30_s5_h4_w50,19,50,5,69.996598,45.524283,71.37587,15.206906,True,True,0.991614,0.991507,0.847742,0.984526,0.532695,1.0,1.169308,1.169087,1.136845,1.162591,0.640568,1.0,0.102097,0.102097,0.001378,0.000971
config_19_det1_b30_s5_h4_w50,20,50,5,73.68063,45.524283,71.37587,15.206906,True,True,1.024668,1.01913,0.863825,1.010514,0.538308,1.0,1.194328,1.194176,1.159082,1.181958,0.640773,1.0,0.09965,0.09965,0.001149,0.000897
config_20_det1_b30_s5_h4_w500,1,500,5,7.937005,76.720648,132.456177,15.206906,False,False,0.800636,0.797502,0.320566,0.769928,0.728492,0.89011,1.157246,1.15679,0.371468,1.104434,0.916728,0.879121,0.101351,0.101351,0.021023,0.001564
config_20_det1_b30_s5_h4_w500,2,500,5,15.874011,76.720648,132.456177,15.206906,False,False,0.771033,0.770346,0.605969,0.754686,0.636812,0.945055,1.206315,1.205169,0.765603,1.202327,0.894254,0.945055,0.101351,0.101351,0.009461,0.003145
config_20_det1_b30_s5_h4_w500,3,500,5,23.811016,76.720648,132.456177,15.206906,False,False,0.909137,0.907666,0.874116,0.872919,0.665153,0.978022,1.25861,1.258214,1.018349,1.257868,0.782499,1.0,0.1032,0.1032,0.006145,0.002187
config_20_det1_b30_s5_h4_w500,4,500,5,31.748021,76.720648,132.456177,15.206906,False,False,1.02095,1.01295,0.839912,0.984242,0.615501,1.0,1.162543,1.162182,1.03882,1.157858,0.708837,1.0,0.102573,0.102573,0.004288,0.001949
config_20_det1_b30_s5_h4_w500,5,500,5,39.685026,76.720648,132.456177,15.206906,False,False,1.03697,1.036839,0.896339,1.023053,0.590838,1.0,1.155722,1.155213,0.99038,1.145806,0.660814,1.0,0.09837,0.09837,0.003097,0.001632
config_20_det1_b30_s5_h4_w500,6,500,5,47.622032,76.720648,132.456177,15.206906,False,False,1.088064,1.087792,0.952933,1.060942,0.589146,1.0,1.176218,1.173244,1.060313,1.164974,0.665561,1.0,0.100766,0.100766,0.002346,0.001377
config_20_det1_b30_s5_h4_w500,7,500,5,55.559037,76.720648,132.456177,15.206906,False,False,1.118063,1.117881,0.988484,1.103384,0.590269,1.0,1.232749,1.232441,1.139337,1.224816,0.680665,1.0,0.099845,0.099845,0.001832,0.001204
config_20_det1_b30_s5_h4_w500,8,500,5,63.496042,76.720648,132.456177,15.206906,False,False,1.114131,1.113655,1.037058,1.103315,0.58511,1.0,1.174628,1.174531,1.123326,1.173257,0.649164,1.0,0.101738,0.101738,0.001609,0.001066
config_20_det1_b30_s5_h4_w500,9,500,5,71.433047,76.720648,132.456177,15.206906,False,False,1.067583,1.06752,1.026657,1.062815,0.579421,1.0,1.152493,1.152309,1.092081,1.144869,0.64191,1.0,0.100796,0.100796,0.001502,0.000969
config_20_det1_b30_s5_h4_w500,10,500,5,79.370053,76.720648,132.456177,15.206906,True,False,1.049337,1.043171,0.979219,1.019976,0.558,1.0,1.211464,1.209031,1.1641,1.20193,0.645506,1.0,0.101853,0.101853,0.001215,0.000819
config_20_det1_b30_s5_h4_w500,11,500,5,87.307058,76.720648,132.456177,15.206906,True,False,1.03716,1.037035,0.974436,1.023242,0.5532,1.0,1.254328,1.25415,1.191058,1.245675,0.661663,1.0,0.10102,0.10102,0.001094,0.000782
config_20_det1_b30_s5_h4_w500,12,500,5,95.244063,76.720648,132.456177,15.206906,True,False,1.027101,1.027056,0.984581,1.012907,0.542402,1.0,1.224644,1.224501,1.177412,1.218952,0.652292,1.0,0.102648,0.102648,0.00102,0.000785
config_20_det1_b30_s5_h4_w500,13,500,5,103.181068,76.720648,132.456177,15.206906,True,False,1.01632,1.016273,0.982043,1.00553,0.535847,1.0,1.203853,1.203853,1.172688,1.197312,0.636784,1.0,0.105172,0.105172,0.001033,0.000326
config_20_det1_b30_s5_h4_w500,14,500,5,111.118074,76.720648,132.456177,15.206906,True,True,1.034388,1.033621,0.986874,1.019461,0.536792,1.0,1.230954,1.227479,1.194935,1.223574,0.644584,1.0,0.11204,0.11204,0.00154,0.000737
config_20_det1_b30_s5_h4_w500,15,500,5,119.055079,76.720648,132.456177,15.206906,True,True,1.071061,1.066527,1.018383,1.051664,0.550992,1.0,1.235262,1.23513,1.204801,1.223521,0.639884,1.0,0.124739,0.124739,0.00187,0.000987
config_20_det1_b30_s5_h4_w500,16,500,5,126.992084,76.720648,132.456177,15.206906,True,True,1.082506,1.07619,1.050087,1.067199,0.552283,1.0,1.248976,1.248841,1.221802,1.239169,0.647651,1.0,0.135963,0.135963,0.001546,0.000944
config_20_det1_b30_s5_h4_w500,17,500,5,134.929089,76.720648,132.456177,15.206906,True,True,1.097713,1.097635,1.058102,1.082882,0.554754,1.0,1.241823,1.2416,1.215979,1.226062,0.641984,1.0,0.170075,0.170075,0.001487,0.001007
config_20_det1_b30_s5_h4_w500,18,500,5,142.866095,76.720648,132.456177,15.206906,True,True,1.103168,1.102951,1.057711,1.084758,0.555698,1.0,1.261603,1.255534,1.229391,1.250146,0.646276,1.0,0.195556,0.195556,0.001332,0.001028
config_20_det1_b30_s5_h4_w500,19,500,5,150.8031,76.720648,132.456177,15.206906,True,True,1.126351,1.125753,1.079773,1.105112,0.56435,1.0,1.248696,1.248555,1.21674,1.23751,0.64201,1.0,0.196092,0.196092,0.001508,0.000975
config_20_det1_b30_s5_h4_w500,20,500,5,158.740105,76.720648,132.456177,15.206906,True,True,1.137019,1.134566,1.089077,1.115008,0.570801,1.0,1.27107,1.270636,1.225472,1.256163,0.64766,1.0,0.196092,0.196092,0.00109,0.000889
config_21_det1_b30_s5_h4_w1500,1,1500,5,11.447142,100.372092,173.2987,15.206906,False,False,0.847525,0.846358,0.685049,0.845305,0.699955,0.945055,1.260242,1.259839,1.004328,1.257347,0.915416,0.945055,0.101039,0.101039,0.012281,0.001425
config_21_det1_b30_s5_h4_w1500,2,1500,5,22.894285,100.372092,173.2987,15.206906,False,False,0.835988,0.834343,0.813639,0.832524,0.63053,0.967033,1.237723,1.237269,1.201562,1.224264,0.797242,0.989011,0.1,0.1,0.006178,0.002147
config_21_det1_b30_s5_h4_w1500,3,1500,5,34.341427,100.372092,173.2987,15.206906,False,False,0.987035,0.98659,0.802384,0.936174,0.575535,0.978022,1.067626,1.067436,1.018615,1.06331,0.652707,1.0,0.10274,0.10274,0.004179,0.001584
config_21_det1_b30_s5_h4_w1500,4,1500,5,45.78857,100.372092,173.2987,15.206906,False,False,1.082718,1.082568,0.918348,1.054955,0.568214,1.0,1.178543,1.17836,1.117145,1.166302,0.647086,1.0,0.101476,0.101476,0.002632,0.001233
config_21_det1_b30_s5_h4_w1500,5,1500,5,57.235712,100.372092,173.2987,15.206906,False,False,1.106806,1.106549,0.995775,1.091776,0.573603,1.0,1.215393,1.215157,1.106747,1.205955,0.664697,1.0,0.100019,0.100019,0.002221,0.001149
config_21_det1_b30_s5_h4_w1500,6,1500,5,68.682855,100.372092,173.2987,15.206906,False,False,1.071858,1.070877,1.009023,1.044694,0.570602,1.0,1.117172,1.117026,1.069888,1.109695,0.625911,1.0,0.100359,0.100359,0.001652,0.000959
config_21_det1_b30_s5_h4_w1500,7,1500,5,80.129997,100.372092,173.2987,15.206906,False,False,1.066408,1.066279,0.996461,1.045126,0.557875,1.0,1.216778,1.216713,1.158742,1.207383,0.639324,1.0,0.102156,0.102156,0.001393,0.000833
config_21_det1_b30_s5_h4_w1500,8,1500,5,91.577139,100.372092,173.2987,15.206906,False,False,1.08168,1.081586,1.020384,1.067521,0.552295,1.0,1.182946,1.182709,1.118617,1.16332,0.629139,1.0,0.09946,0.09946,0.001124,0.000778
config_21_det1_b30_s5_h4_w1500,9,1500,5,103.024282,100.372092,173.2987,15.206906,True,False,1.071647,1.071624,1.004517,1.052618,0.553804,1.0,1.185534,1.185229,1.137856,1.175795,0.630067,1.0,0.105982,0.105982,0.001034,0.000282
config_21_det1_b30_s5_h4_w1500,10,1500,5,114.471424,100.372092,173.2987,15.206906,True,False,1.104382,1.100021,1.045648,1.083123,0.56043,1.0,1.193725,1.193529,1.147862,1.185692,0.624099,1.0,0.11503,0.11503,0.001238,0.000722
config_21_det1_b30_s5_h4_w1500,11,1500,5,125.918567,100.372092,173.2987,15.206906,True,False,1.154738,1.151295,1.099247,1.128073,0.574905,1.0,1.206185,1.205889,1.178407,1.199264,0.628195,1.0,0.131446,0.131446,0.001369,0.000966
config_21_det1_b30_s5_h4_w1500,12,1500,5,137.365709,100.372092,173.2987,15.206906,True,False,1.168202,1.16813,1.112754,1.141138,0.579878,1.0,1.20777,1.207561,1.174372,1.202369,0.63119,1.0,0.168005,0.168005,0.001369,0.001014
config_21_det1_b30_s5_h4_w1500,13,1500,5,148.812852,100.372092,173.2987,15.206906,True,True,1.195656,1.193626,1.1229,1.166754,0.591043,1.0,1.21163,1.20882,1.184857,1.201739,0.623344,1.0,0.204416,0.204416,0.001297,0.000996
config_21_det1_b30_s5_h4_w1500,14,1500,5,160.259994,100.372092,173.2987,15.206906,True,True,1.20538,1.205072,1.156303,1.188029,0.594432,1.0,1.222787,1.222483,1.184956,1.207465,0.628927,1.0,0.203289,0.203289,0.001197,0.000911
config_21_det1_b30_s5_h4_w1500,15,1500,5,171.707136,100.372092,173.2987,15.206906,True,True,1.195973,1.195696,1.140542,1.175984,0.587789,1.0,1.223115,1.223115,1.182477,1.214721,0.627994,1.0,0.199264,0.0,0.001172,0.0
config_21_det1_b30_s5_h4_w1500,16,1500,5,183.154279,100.372092,173.2987,15.206906,True,True,1.238308,1.235999,1.163729,1.207088,0.601614,1.0,1.216049,1.216049,1.178842,1.204206,0.624908,1.0,0.199768,0.0,0.00105,0.0
config_21_det1_b30_s5_h4_w1500,17,1500,5,194.601421,100.372092,173.2987,15.206906,True,True,1.219322,1.21924,1.160625,1.205576,0.599915,1.0,1.235149,1.235149,1.200137,1.226265,0.630799,1.0,0.19673,0.0,0.000916,0.0
config_21_det1_b30_s5_h4_w1500,18,1500,5,206.048564,100.372092,173.2987,15.206906,True,True,1.198869,1.196487,1.138969,1.18538,0.587875,1.0,1.229354,1.229354,1.196154,1.219814,0.626939,1.0,0.208119,0.0,0.001091,0.0
config_21_det1_b30_s5_h4_w1500,19,1500,5,217.495706,100.372092,173.2987,15.206906,True,True,1.215249,1.213893,1.157587,1.201085,0.601017,1.0,1.233562,1.233562,1.203999,1.228887,0.629352,1.0,0.201082,0.0,0.000988,0.0
config_21_det1_b30_s5_h4_w1500,20,1500,5,228.942849,100.372092,173.2987,15.206906,True,True,1.199266,1.197511,1.157565,1.183932,0.598296,1.0,1.246286,1.245067,1.22143,1.231562,0.633488,1.0,0.202973,0.202973,0.000877,0.000635
config_22_det1_b30_s5_h12_w50,1,50,5,3.684031,43.835844,89.342638,15.206906,True,False,,,,,0.0,0.0,1.430375,1.430375,,1.430375,0.76465,0.142857,0.096491,0.083086,0.0,0.0
config_22_det1_b30_s5_h12_w50,2,50,5,7.368063,43.835844,89.342638,15.206906,False,False,0.499934,0.497681,,0.499169,0.183774,0.087912,1.228356,1.227216,,1.192313,0.712493,0.175824,0.104651,0.096774,0.020069,0.006456
config_22_det1_b30_s5_h12_w50,3,50,5,11.052094,43.835844,89.342638,15.206906,False,False,0.684684,0.68293,0.044188,0.620451,0.456874,0.208791,2.026107,2.017356,0.504836,2.01767,1.224774,0.626374,0.101562,0.099804,0.012348,0.00446
config_22_det1_b30_s5_h12_w50,4,50,5,14.736126,43.835844,89.342638,15.206906,False,False,0.740107,0.738952,0.098993,0.714715,0.536648,0.450549,2.021047,2.005809,1.289508,2.003723,1.295255,0.989011,0.101164,0.101164,0.008113,0.003458
config_22_det1_b30_s5_h12_w50,5,50,5,18.420157,43.835844,89.342638,15.206906,False,False,0.860315,0.858948,0.144889,0.848796,0.590225,0.758242,1.675771,1.675644,1.586592,1.661914,1.102603,1.0,0.098131,0.098131,0.006121,0.003198
config_22_det1_b30_s5_h12_w50,6,50,5,22.104189,43.835844,89.342638,15.206906,False,False,0.881289,0.879842,0.506328,0.878414,0.638771,0.967033,1.417559,1.417479,1.376756,1.415871,0.936032,1.0,0.103348,0.103348,0.00555,0.003103
config_22_det1_b30_s5_h12_w50,7,50,5,25.78822,43.835844,89.342638,15.206906,False,False,0.910941,0.907624,0.794046,0.890684,0.648477,0.978022,1.716354,1.71589,1.491579,1.705001,0.953222,1.0,0.102202,0.102202,0.004628,0.002788
config_22_det1_b30_s5_h12_w50,8,50,5,29.472252,43.835844,89.342638,15.206906,False,False,0.953587,0.953377,0.888733,0.933698,0.644181,0.989011,1.702183,1.699573,1.526944,1.669214,0.942592,1.0,0.100328,0.100328,0.003456,0.002185
config_22_det1_b30_s5_h12_w50,9,50,5,33.156283,43.835844,89.342638,15.206906,False,False,1.024144,1.011011,0.935774,0.987222,0.611365,0.989011,1.767665,1.764805,1.675152,1.757729,1.032058,1.0,0.10042,0.10042,0.003384,0.002028
config_22_det1_b30_s5_h12_w50,10,50,5,36.840315,43.835844,89.342638,15.206906,False,False,1.12576,1.125271,1.025219,1.080419,0.615127,1.0,1.735014,1.734279,1.658993,1.7204,1.022393,1.0,0.100321,0.100321,0.002573,0.001822
config_22_det1_b30_s5_h12_w50,11,50,5,40.524346,43.835844,89.342638,15.206906,True,False,1.15569,1.142431,1.034192,1.128087,0.632666,1.0,1.690766,1.690536,1.629416,1.688309,0.971487,1.0,0.101303,0.101303,0.002371,0.001588
config_22_det1_b30_s5_h12_w50,12,50,5,44.208378,43.835844,89.342638,15.206906,True,False,1.208457,1.202487,1.100074,1.197251,0.671985,1.0,1.636819,1.636653,1.578945,1.615386,0.926517,1.0,0.102204,0.102204,0.002249,0.00159
config_22_det1_b30_s5_h12_w50,13,50,5,47.892409,43.835844,89.342638,15.206906,True,False,1.175053,1.174663,1.109778,1.164678,0.694396,1.0,1.580901,1.58082,1.531423,1.569577,0.889347,1.0,0.102478,0.102478,0.001847,0.001393
config_22_det1_b30_s5_h12_w50,14,50,5,51.576441,43.835844,89.342638,15.206906,True,False,1.137947,1.136104,1.086772,1.125426,0.667398,1.0,1.500808,1.500615,1.460477,1.495762,0.849532,1.0,0.097678,0.097678,0.0019,0.001336
config_22_det1_b30_s5_h12_w50,15,50,5,55.260472,43.835844,89.342638,15.206906,True,False,1.131747,1.131745,1.068382,1.126094,0.642193,1.0,1.428669,1.428534,1.390438,1.419618,0.813795,1.0,0.101807,0.101807,0.001729,0.001255
config_22_det1_b30_s5_h12_w50,16,50,5,58.944504,43.835844,89.342638,15.206906,True,False,1.134541,1.134503,1.038582,1.102504,0.618305,1.0,1.403497,1.403305,1.363745,1.398233,0.793966,1.0,0.101344,0.101344,0.001611,0.001162
config_22_det1_b30_s5_h12_w50,17,50,5,62.628535,43.835844,89.342638,15.206906,True,False,1.120523,1.120346,1.017752,1.083334,0.601195,1.0,1.409264,1.409064,1.357716,1.398294,0.782324,1.0,0.099003,0.099003,0.001441,0.001066
config_22_det1_b30_s5_h12_w50,18,50,5,66.312567,43.835844,89.342638,15.206906,True,True,1.131867,1.126708,1.033135,1.113604,0.595489,1.0,1.52424,1.523783,1.337557,1.428003,0.763722,1.0,0.10211,0.10211,0.001377,0.001048
config_22_det1_b30_s5_h12_w50,19,50,5,69.996598,43.835844,89.342638,15.206906,True,True,1.124335,1.12359,1.022946,1.096804,0.59369,1.0,1.537496,1.537344,1.301112,1.500448,0.74989,1.0,0.102097,0.102097,0.001378,0.000971
config_22_det1_b30_s5_h12_w50,20,50,5,73.68063,43.835844,89.342638,15.206906,True,True,1.129311,1.129154,1.043321,1.109043,0.590087,1.0,1.567925,1.567842,1.283192,1.491704,0.732968,1.0,0.09965,0.09965,0.001149,0.000897
config_23_det1_b30_s5_h12_w500,1,500,5,7.937005,83.239936,149.571482,15.206906,False,False,0.535242,0.465022,0.033005,0.443436,0.303835,0.120879,1.575264,1.574079,0.046846,1.56956,1.304841,0.21978,0.101351,0.101351,0.021023,0.001564
config_23_det1_b30_s5_h12_w500,2,500,5,15.874011,83.239936,149.571482,15.206906,False,False,0.790515,0.78858,0.221706,0.771821,0.612329,0.791209,1.778649,1.763841,0.985034,1.761016,1.17244,0.978022,0.101351,0.101351,0.009461,0.003145
config_23_det1_b30_s5_h12_w500,3,500,5,23.811016,83.239936,149.571482,15.206906,False,False,0.898392,0.89676,0.749838,0.896417,0.668146,0.989011,1.429159,1.428741,0.855538,1.427448,0.844996,0.989011,0.1032,0.1032,0.006145,0.002187
config_23_det1_b30_s5_h12_w500,4,500,5,31.748021,83.239936,149.571482,15.206906,False,False,1.056634,1.047876,0.917597,1.025972,0.647896,0.989011,1.478627,1.47706,0.873798,1.468238,0.824916,1.0,0.102573,0.102573,0.004288,0.001949
config_23_det1_b30_s5_h12_w500,5,500,5,39.685026,83.239936,149.571482,15.206906,False,False,1.309964,1.309692,1.057511,1.282167,0.678042,1.0,1.648283,1.64789,1.226272,1.645026,0.919116,1.0,0.09837,0.09837,0.003097,0.001632
config_23_det1_b30_s5_h12_w500,6,500,5,47.622032,83.239936,149.571482,15.206906,False,False,1.236448,1.232574,1.106843,1.225878,0.710016,1.0,1.485813,1.485511,1.342275,1.481613,0.844929,1.0,0.100766,0.100766,0.002346,0.001377
config_23_det1_b30_s5_h12_w500,7,500,5,55.559037,83.239936,149.571482,15.206906,False,False,1.228764,1.228535,1.125805,1.200917,0.689847,1.0,1.568468,1.568264,1.519856,1.566929,0.873242,1.0,0.099845,0.099845,0.001832,0.001204
config_23_det1_b30_s5_h12_w500,8,500,5,63.496042,83.239936,149.571482,15.206906,False,False,1.152628,1.151895,1.108994,1.142624,0.651194,1.0,1.507345,1.502168,1.430722,1.495964,0.832954,1.0,0.101738,0.101738,0.001609,0.001066
config_23_det1_b30_s5_h12_w500,9,500,5,71.433047,83.239936,149.571482,15.206906,False,False,1.090586,1.090551,1.043046,1.079038,0.604452,1.0,1.460579,1.460493,1.369573,1.452272,0.788644,1.0,0.100796,0.100796,0.001502,0.000969
config_23_det1_b30_s5_h12_w500,10,500,5,79.370053,83.239936,149.571482,15.206906,True,False,1.065761,1.065685,0.991216,1.053695,0.574649,1.0,1.416234,1.416026,1.360074,1.408451,0.751061,1.0,0.101853,0.101853,0.001215,0.000819
config_23_det1_b30_s5_h12_w500,11,500,5,87.307058,83.239936,149.571482,15.206906,True,False,1.063305,1.063161,0.993407,1.049219,0.559107,1.0,1.41577,1.415607,1.328946,1.398352,0.751216,1.0,0.10102,0.10102,0.001094,0.000782
config_23_det1_b30_s5_h12_w500,12,500,5,95.244063,83.239936,149.571482,15.206906,True,False,1.023482,1.023426,0.96683,1.012024,0.551117,1.0,1.45497,1.454661,1.396139,1.438942,0.756545,1.0,0.102648,0.102648,0.00102,0.000785
config_23_det1_b30_s5_h12_w500,13,500,5,103.181068,83.239936,149.571482,15.206906,True,False,0.989817,0.989216,0.963644,0.983018,0.541353,1.0,1.415859,1.415765,1.350865,1.404834,0.742695,1.0,0.105172,0.105172,0.001033,0.000326
config_23_det1_b30_s5_h12_w500,14,500,5,111.118074,83.239936,149.571482,15.206906,True,True,0.985673,0.982819,0.953458,0.971275,0.525171,1.0,1.395852,1.395705,1.339629,1.385872,0.727098,1.0,0.11204,0.11204,0.00154,0.000737
config_23_det1_b30_s5_h12_w500,15,500,5,119.055079,83.239936,149.571482,15.206906,True,True,1.007656,1.007523,0.953586,0.98434,0.515775,1.0,1.382751,1.378831,1.340679,1.375769,0.710601,1.0,0.124739,0.124739,0.00187,0.000987
config_23_det1_b30_s5_h12_w500,16,500,5,126.992084,83.239936,149.571482,15.206906,True,True,1.044522,1.044508,0.971838,1.03256,0.520576,1.0,1.372715,1.371937,1.337733,1.368378,0.708587,1.0,0.135963,0.135963,0.001546,0.000944
config_23_det1_b30_s5_h12_w500,17,500,5,134.929089,83.239936,149.571482,15.206906,True,True,1.080907,1.077111,0.997204,1.050265,0.535294,1.0,1.377043,1.374526,1.32523,1.367654,0.706598,1.0,0.170075,0.170075,0.001487,0.001007
config_23_det1_b30_s5_h12_w500,18,500,5,142.866095,83.239936,149.571482,15.206906,True,True,1.08146,1.075953,0.99237,1.066731,0.53653,1.0,1.356073,1.355816,1.308584,1.343174,0.694319,1.0,0.195556,0.195556,0.001332,0.001028
config_23_det1_b30_s5_h12_w500,19,500,5,150.8031,83.239936,149.571482,15.206906,True,True,1.088615,1.088531,0.979787,1.07202,0.529401,1.0,1.334681,1.33455,1.283681,1.321852,0.684741,1.0,0.196092,0.196092,0.001508,0.000975
config_23_det1_b30_s5_h12_w500,20,500,5,158.740105,83.239936,149.571482,15.206906,True,True,1.073159,1.07303,0.96526,1.058714,0.531316,1.0,1.340086,1.337263,1.298119,1.325973,0.676183,1.0,0.196092,0.196092,0.00109,0.000889
config_24_det1_b30_s5_h12_w1500,1,1500,5,11.447142,104.79877,206.895369,15.206906,False,False,0.819376,0.818358,0.184398,0.789544,0.53332,0.208791,1.752292,1.741875,0.812261,1.690454,1.120225,0.549451,0.101039,0.101039,0.012281,0.001425
config_24_det1_b30_s5_h12_w1500,2,1500,5,22.894285,104.79877,206.895369,15.206906,False,False,0.964301,0.960606,0.53012,0.922509,0.631483,0.901099,1.551557,1.551034,0.644876,1.532648,0.932365,0.923077,0.1,0.1,0.006178,0.002147
config_24_det1_b30_s5_h12_w1500,3,1500,5,34.341427,104.79877,206.895369,15.206906,False,False,1.14903,1.148684,0.915717,1.131394,0.643826,1.0,1.460346,1.459982,0.614025,1.440983,0.776759,0.978022,0.10274,0.10274,0.004179,0.001584
config_24_det1_b30_s5_h12_w1500,4,1500,5,45.78857,104.79877,206.895369,15.206906,False,False,1.355353,1.354679,1.06579,1.318224,0.703907,1.0,1.503473,1.503279,0.604243,1.500311,0.835521,1.0,0.101476,0.101476,0.002632,0.001233
config_24_det1_b30_s5_h12_w1500,5,1500,5,57.235712,104.79877,206.895369,15.206906,False,False,1.244131,1.242563,1.134151,1.22961,0.710095,1.0,1.519224,1.519006,0.606453,1.510858,0.822038,1.0,0.100019,0.100019,0.002221,0.001149
config_24_det1_b30_s5_h12_w1500,6,1500,5,68.682855,104.79877,206.895369,15.206906,False,False,1.186553,1.186511,1.090501,1.160575,0.641747,1.0,1.521123,1.520944,1.042552,1.514674,0.825426,1.0,0.100359,0.100359,0.001652,0.000959
config_24_det1_b30_s5_h12_w1500,7,1500,5,80.129997,104.79877,206.895369,15.206906,False,False,1.171935,1.171816,1.1069,1.166591,0.623956,1.0,1.462851,1.461319,1.219821,1.448178,0.777096,1.0,0.102156,0.102156,0.001393,0.000833
config_24_det1_b30_s5_h12_w1500,8,1500,5,91.577139,104.79877,206.895369,15.206906,False,False,1.088,1.087958,1.039272,1.078514,0.594449,1.0,1.473522,1.471386,1.285084,1.462031,0.775792,1.0,0.09946,0.09946,0.001124,0.000778
config_24_det1_b30_s5_h12_w1500,9,1500,5,103.024282,104.79877,206.895369,15.206906,True,False,1.055988,1.053548,1.005461,1.038781,0.562135,1.0,1.477613,1.477429,1.369829,1.457866,0.76646,1.0,0.105982,0.105982,0.001034,0.000282
config_24_det1_b30_s5_h12_w1500,10,1500,5,114.471424,104.79877,206.895369,15.206906,True,False,1.074788,1.071771,1.019499,1.05644,0.555622,1.0,1.45155,1.451313,1.347697,1.438569,0.74594,1.0,0.11503,0.11503,0.001238,0.000722
config_24_det1_b30_s5_h12_w1500,11,1500,5,125.918567,104.79877,206.895369,15.206906,True,False,1.070103,1.069598,1.025936,1.053339,0.55263,1.0,1.44867,1.44828,1.334037,1.426195,0.744961,1.0,0.131446,0.131446,0.001369,0.000966
config_24_det1_b30_s5_h12_w1500,12,1500,5,137.365709,104.79877,206.895369,15.206906,True,False,1.084447,1.084406,1.018549,1.065156,0.534355,1.0,1.434957,1.434429,1.314465,1.425572,0.738896,1.0,0.168005,0.168005,0.001369,0.001014
config_24_det1_b30_s5_h12_w1500,13,1500,5,148.812852,104.79877,206.895369,15.206906,True,True,1.081506,1.08147,1.010984,1.060809,0.54095,1.0,1.41078,1.409439,1.308845,1.400045,0.72007,1.0,0.204416,0.204416,0.001297,0.000996
config_24_det1_b30_s5_h12_w1500,14,1500,5,160.259994,104.79877,206.895369,15.206906,True,True,1.075791,1.075713,1.015882,1.052522,0.535961,1.0,1.403606,1.403172,1.304628,1.398122,0.711047,1.0,0.203289,0.203289,0.001197,0.000911
config_24_det1_b30_s5_h12_w1500,15,1500,5,171.707136,104.79877,206.895369,15.206906,True,True,1.074274,1.071673,0.993332,1.045107,0.526641,1.0,1.385869,1.385869,1.292067,1.377478,0.708604,1.0,0.199264,0.0,0.001172,0.0
config_24_det1_b30_s5_h12_w1500,16,1500,5,183.154279,104.79877,206.895369,15.206906,True,True,1.059186,1.059175,0.987581,1.046824,0.519243,1.0,1.396819,1.396819,1.309997,1.391837,0.700299,1.0,0.199768,0.0,0.00105,0.0
config_24_det1_b30_s5_h12_w1500,17,1500,5,194.601421,104.79877,206.895369,15.206906,True,True,1.060756,1.060677,0.971976,1.042187,0.513745,1.0,1.378068,1.378068,1.284728,1.369311,0.693688,1.0,0.19673,0.0,0.000916,0.0
config_24_det1_b30_s5_h12_w1500,18,1500,5,206.048564,104.79877,206.895369,15.206906,True,True,1.058981,1.05893,0.976777,1.046601,0.518004,1.0,1.359438,1.359438,1.266497,1.34675,0.686544,1.0,0.208119,0.0,0.001091,0.0
config_24_det1_b30_s5_h12_w1500,19,1500,5,217.495706,104.79877,206.895369,15.206906,True,True,1.036591,1.034328,0.963146,1.02251,0.514798,1.0,1.361534,1.361534,1.262847,1.353269,0.683526,1.0,0.201082,0.0,0.000988,0.0
config_24_det1_b30_s5_h12_w1500,20,1500,5,228.942849,104.79877,206.895369,15.206906,True,True,1.031034,1.029547,0.948649,1.00659,0.50363,1.0,1.366644,1.363234,1.263891,1.353078,0.682217,1.0,0.202973,0.202973,0.000877,0.000635
config_25_det1_b30_s5_h24_w50,1,50,5,3.684031,38.691184,107.609841,15.206906,True,False,,,,,0.0,0.0,0.427305,0.427305,,0.427305,0.079576,0.010989,0.096491,0.083086,0.0,0.0
config_25_det1_b30_s5_h24_w50,2,50,5,7.368063,38.691184,107.609841,15.206906,False,False,0.213523,0.213523,,0.213523,0.039788,0.010989,1.203724,1.202496,0.738872,1.169774,0.940157,0.945055,0.104651,0.096774,0.020069,0.006456
config_25_det1_b30_s5_h24_w50,3,50,5,11.052094,38.691184,107.609841,15.206906,False,False,0.680148,0.648763,,0.589878,0.35323,0.153846,1.512775,1.506458,1.366368,1.510052,1.186055,0.945055,0.101562,0.099804,0.012348,0.00446
config_25_det1_b30_s5_h24_w50,4,50,5,14.736126,38.691184,107.609841,15.206906,False,False,0.718413,0.717635,,0.714748,0.47925,0.230769,1.614564,1.611785,1.594526,1.612244,1.205686,0.967033,0.101164,0.101164,0.008113,0.003458
config_25_det1_b30_s5_h24_w50,5,50,5,18.420157,38.691184,107.609841,15.206906,False,False,0.841688,0.822247,0.030141,0.808417,0.539634,0.56044,1.401208,1.401135,1.390806,1.399922,1.014465,0.989011,0.098131,0.098131,0.006121,0.003198
config_25_det1_b30_s5_h24_w50,6,50,5,22.104189,38.691184,107.609841,15.206906,False,False,0.87648,0.875291,0.259267,0.874957,0.599322,0.758242,1.302927,1.302297,1.302235,1.30102,0.896419,0.989011,0.103348,0.103348,0.00555,0.003103
config_25_det1_b30_s5_h24_w50,7,50,5,25.78822,38.691184,107.609841,15.206906,False,False,0.887374,0.886656,0.290736,0.884115,0.622342,0.846154,1.181676,1.181313,1.153492,1.175143,0.799974,0.989011,0.102202,0.102202,0.004628,0.002788
config_25_det1_b30_s5_h24_w50,8,50,5,29.472252,38.691184,107.609841,15.206906,False,False,0.901819,0.901577,0.396943,0.888822,0.619171,0.956044,1.419749,1.418976,1.135276,1.411736,0.786739,0.989011,0.100328,0.100328,0.003456,0.002185
config_25_det1_b30_s5_h24_w50,9,50,5,33.156283,38.691184,107.609841,15.206906,False,False,0.875543,0.875407,0.441714,0.860992,0.584853,0.989011,1.864076,1.863374,1.367313,1.859779,1.009374,1.0,0.10042,0.10042,0.003384,0.002028
config_25_det1_b30_s5_h24_w50,10,50,5,36.840315,38.691184,107.609841,15.206906,False,False,0.887496,0.887107,0.515779,0.862261,0.558132,1.0,1.862095,1.849229,1.518242,1.835771,1.034634,1.0,0.100321,0.100321,0.002573,0.001822
config_25_det1_b30_s5_h24_w50,11,50,5,40.524346,38.691184,107.609841,15.206906,False,False,0.897113,0.896769,0.716046,0.887824,0.557519,1.0,2.029219,2.02439,1.775826,2.020667,1.136759,1.0,0.101303,0.101303,0.002371,0.001588
config_25_det1_b30_s5_h24_w50,12,50,5,44.208378,38.691184,107.609841,15.206906,True,False,0.953171,0.942828,0.820299,0.940182,0.566855,1.0,2.050547,2.050413,1.824078,2.015091,1.147174,1.0,0.102204,0.102204,0.002249,0.00159
config_25_det1_b30_s5_h24_w50,13,50,5,47.892409,38.691184,107.609841,15.206906,True,False,0.972385,0.972073,0.820019,0.949958,0.578385,1.0,1.976823,1.976191,1.760541,1.957608,1.09776,1.0,0.102478,0.102478,0.001847,0.001393
config_25_det1_b30_s5_h24_w50,14,50,5,51.576441,38.691184,107.609841,15.206906,True,False,1.004546,0.997315,0.892601,0.986083,0.581671,1.0,1.903247,1.896628,1.703083,1.862387,1.048889,1.0,0.097678,0.097678,0.0019,0.001336
config_25_det1_b30_s5_h24_w50,15,50,5,55.260472,38.691184,107.609841,15.206906,True,False,0.998216,0.998047,0.911717,0.982071,0.576687,1.0,1.861523,1.861423,1.634898,1.822776,1.003137,1.0,0.101807,0.101807,0.001729,0.001255
config_25_det1_b30_s5_h24_w50,16,50,5,58.944504,38.691184,107.609841,15.206906,True,True,1.0335,1.033408,0.925415,1.028589,0.575074,1.0,1.872601,1.872522,1.626782,1.846167,0.985263,1.0,0.101344,0.101344,0.001611,0.001162
config_25_det1_b30_s5_h24_w50,17,50,5,62.628535,38.691184,107.609841,15.206906,True,True,1.048769,1.048636,0.898487,1.019386,0.569617,1.0,1.890867,1.890137,1.59484,1.833625,0.965192,1.0,0.099003,0.099003,0.001441,0.001066
config_25_det1_b30_s5_h24_w50,18,50,5,66.312567,38.691184,107.609841,15.206906,True,True,1.089489,1.089353,0.889672,1.075273,0.58371,1.0,1.894018,1.893647,1.566949,1.824994,0.961269,1.0,0.10211,0.10211,0.001377,0.001048
config_25_det1_b30_s5_h24_w50,19,50,5,69.996598,38.691184,107.609841,15.206906,True,True,1.156351,1.152252,0.898828,1.120737,0.608921,1.0,1.977418,1.97387,1.588664,1.941279,0.989822,1.0,0.102097,0.102097,0.001378,0.000971
config_25_det1_b30_s5_h24_w50,20,50,5,73.68063,38.691184,107.609841,15.206906,True,True,1.155886,1.155819,0.900822,1.127276,0.612939,1.0,1.933883,1.933833,1.599366,1.914486,0.983757,1.0,0.09965,0.09965,0.001149,0.000897
config_26_det1_b30_s5_h24_w500,1,500,5,7.937005,99.633835,173.887492,15.206906,False,False,0.339545,0.339545,,0.202202,0.063975,0.032967,1.662038,1.660915,0.114672,1.6576,1.343138,0.395604,0.101351,0.101351,0.021023,0.001564
config_26_det1_b30_s5_h24_w500,2,500,5,15.874011,99.633835,173.887492,15.206906,False,False,0.788048,0.787336,0.099901,0.769296,0.569422,0.747253,1.757626,1.75676,1.695102,1.728301,1.200753,0.989011,0.101351,0.101351,0.009461,0.003145
config_26_det1_b30_s5_h24_w500,3,500,5,23.811016,99.633835,173.887492,15.206906,False,False,0.89523,0.894017,0.629914,0.871595,0.662069,0.967033,1.579597,1.560513,1.461669,1.577048,0.983164,0.989011,0.1032,0.1032,0.006145,0.002187
config_26_det1_b30_s5_h24_w500,4,500,5,31.748021,99.633835,173.887492,15.206906,False,False,0.93429,0.934159,0.832292,0.929804,0.624782,0.989011,1.832004,1.826084,1.54115,1.816626,1.001993,1.0,0.102573,0.102573,0.004288,0.001949
config_26_det1_b30_s5_h24_w500,5,500,5,39.685026,99.633835,173.887492,15.206906,False,False,1.030825,1.030465,0.903241,1.021822,0.588447,1.0,1.740206,1.739862,1.467556,1.702391,0.974738,1.0,0.09837,0.09837,0.003097,0.001632
config_26_det1_b30_s5_h24_w500,6,500,5,47.622032,99.633835,173.887492,15.206906,False,False,1.168808,1.16807,0.962239,1.110121,0.615416,1.0,1.847903,1.846985,1.710924,1.835162,1.038981,1.0,0.100766,0.100766,0.002346,0.001377
config_26_det1_b30_s5_h24_w500,7,500,5,55.559037,99.633835,173.887492,15.206906,False,False,1.218728,1.214793,0.955602,1.19322,0.629743,1.0,1.949058,1.948897,1.738542,1.903544,1.036232,1.0,0.099845,0.099845,0.001832,0.001204
config_26_det1_b30_s5_h24_w500,8,500,5,63.496042,99.633835,173.887492,15.206906,False,False,1.372118,1.366852,1.060196,1.362215,0.701202,1.0,1.853296,1.853055,1.683516,1.817212,0.985937,1.0,0.101738,0.101738,0.001609,0.001066
config_26_det1_b30_s5_h24_w500,9,500,5,71.433047,99.633835,173.887492,15.206906,False,False,1.342007,1.342001,1.109652,1.321296,0.7148,1.0,1.785689,1.785674,1.689691,1.771364,0.956006,1.0,0.100796,0.100796,0.001502,0.000969
config_26_det1_b30_s5_h24_w500,10,500,5,79.370053,99.633835,173.887492,15.206906,True,False,1.277411,1.277327,1.107839,1.257045,0.686198,1.0,1.717945,1.717762,1.623773,1.703787,0.921936,1.0,0.101853,0.101853,0.001215,0.000819
config_26_det1_b30_s5_h24_w500,11,500,5,87.307058,99.633835,173.887492,15.206906,True,False,1.22319,1.222884,1.09418,1.211208,0.664535,1.0,1.6899,1.689678,1.615682,1.672842,0.90624,1.0,0.10102,0.10102,0.001094,0.000782
config_26_det1_b30_s5_h24_w500,12,500,5,95.244063,99.633835,173.887492,15.206906,True,False,1.179631,1.179493,1.084604,1.158673,0.644274,1.0,1.694413,1.68966,1.625789,1.683505,0.902857,1.0,0.102648,0.102648,0.00102,0.000785
config_26_det1_b30_s5_h24_w500,13,500,5,103.181068,99.633835,173.887492,15.206906,True,False,1.146783,1.139713,1.080507,1.130639,0.628273,1.0,1.643138,1.642978,1.558456,1.638673,0.873115,1.0,0.105172,0.105172,0.001033,0.000326
config_26_det1_b30_s5_h24_w500,14,500,5,111.118074,99.633835,173.887492,15.206906,True,True,1.150543,1.150464,1.099134,1.134589,0.619544,1.0,1.617921,1.617806,1.552116,1.608261,0.848881,1.0,0.11204,0.11204,0.00154,0.000737
config_26_det1_b30_s5_h24_w500,15,500,5,119.055079,99.633835,173.887492,15.206906,True,True,1.127746,1.125502,1.078671,1.118419,0.602478,1.0,1.578112,1.576041,1.513317,1.567219,0.822528,1.0,0.124739,0.124739,0.00187,0.000987
config_26_det1_b30_s5_h24_w500,16,500,5,126.992084,99.633835,173.887492,15.206906,True,True,1.120891,1.120889,1.055144,1.109951,0.590136,1.0,1.560299,1.560082,1.498314,1.540746,0.812868,1.0,0.135963,0.135963,0.001546,0.000944
config_26_det1_b30_s5_h24_w500,17,500,5,134.929089,99.633835,173.887492,15.206906,True,True,1.103669,1.102275,1.044503,1.090618,0.576598,1.0,1.513327,1.511281,1.465003,1.506742,0.791829,1.0,0.170075,0.170075,0.001487,0.001007
config_26_det1_b30_s5_h24_w500,18,500,5,142.866095,99.633835,173.887492,15.206906,True,True,1.107038,1.10415,1.040382,1.087064,0.572991,1.0,1.469329,1.469195,1.431283,1.465894,0.769232,1.0,0.195556,0.195556,0.001332,0.001028
config_26_det1_b30_s5_h24_w500,19,500,5,150.8031,99.633835,173.887492,15.206906,True,True,1.098781,1.097214,1.040986,1.087004,0.57108,1.0,1.420642,1.420532,1.396801,1.415462,0.745898,1.0,0.196092,0.196092,0.001508,0.000975
config_26_det1_b30_s5_h24_w500,20,500,5,158.740105,99.633835,173.887492,15.206906,True,True,1.129195,1.126788,1.018598,1.108365,0.559909,1.0,1.391093,1.389015,1.364739,1.382745,0.723878,1.0,0.196092,0.196092,0.00109,0.000889
config_27_det1_b30_s5_h24_w1500,1,1500,5,11.447142,128.836004,223.550936,15.206906,False,False,0.800129,0.799485,,0.784696,0.448236,0.197802,1.603184,1.591009,0.19341,1.585704,1.044583,0.505495,0.101039,0.101039,0.012281,0.001425
config_27_det1_b30_s5_h24_w1500,2,1500,5,22.894285,128.836004,223.550936,15.206906,False,False,0.90844,0.904665,0.35113,0.900864,0.624302,0.967033,1.566091,1.565814,1.163464,1.532977,0.984765,0.989011,0.1,0.1,0.006178,0.002147
config_27_det1_b30_s5_h24_w1500,3,1500,5,34.341427,128.836004,223.550936,15.206906,False,False,1.009324,1.008974,0.770275,0.99872,0.612344,1.0,1.777272,1.761026,1.37151,1.733526,0.967586,1.0,0.10274,0.10274,0.004179,0.001584
config_27_det1_b30_s5_h24_w1500,4,1500,5,45.78857,128.836004,223.550936,15.206906,False,False,1.199429,1.199092,0.921396,1.174881,0.624225,1.0,1.633325,1.632962,1.398683,1.622814,0.920957,1.0,0.101476,0.101476,0.002632,0.001233
config_27_det1_b30_s5_h24_w1500,5,1500,5,57.235712,128.836004,223.550936,15.206906,False,False,1.28058,1.280438,0.987713,1.262338,0.646023,1.0,1.817504,1.817346,1.599179,1.799032,0.990057,1.0,0.100019,0.100019,0.002221,0.001149
config_27_det1_b30_s5_h24_w1500,6,1500,5,68.682855,128.836004,223.550936,15.206906,False,False,1.41331,1.413056,1.125066,1.386093,0.691314,1.0,1.714256,1.711904,1.567399,1.698655,0.916696,1.0,0.100359,0.100359,0.001652,0.000959
config_27_det1_b30_s5_h24_w1500,7,1500,5,80.129997,128.836004,223.550936,15.206906,False,False,1.344987,1.344967,1.174601,1.327349,0.711473,1.0,1.689865,1.688198,1.55266,1.678729,0.897205,1.0,0.102156,0.102156,0.001393,0.000833
config_27_det1_b30_s5_h24_w1500,8,1500,5,91.577139,128.836004,223.550936,15.206906,False,False,1.244731,1.244599,1.144922,1.23611,0.680789,1.0,1.719781,1.719669,1.568968,1.708338,0.904337,1.0,0.09946,0.09946,0.001124,0.000778
config_27_det1_b30_s5_h24_w1500,9,1500,5,103.024282,128.836004,223.550936,15.206906,False,False,1.238731,1.238674,1.143851,1.209206,0.658336,1.0,1.680372,1.680211,1.571748,1.661638,0.881626,1.0,0.105982,0.105982,0.001034,0.000282
config_27_det1_b30_s5_h24_w1500,10,1500,5,114.471424,128.836004,223.550936,15.206906,True,False,1.222184,1.222089,1.140093,1.2068,0.642828,1.0,1.61227,1.61181,1.505116,1.595529,0.847897,1.0,0.11503,0.11503,0.001238,0.000722
config_27_det1_b30_s5_h24_w1500,11,1500,5,125.918567,128.836004,223.550936,15.206906,True,False,1.201584,1.197697,1.131955,1.185251,0.624994,1.0,1.605218,1.604906,1.480881,1.583692,0.832429,1.0,0.131446,0.131446,0.001369,0.000966
config_27_det1_b30_s5_h24_w1500,12,1500,5,137.365709,128.836004,223.550936,15.206906,True,False,1.176522,1.176341,1.101517,1.156905,0.609287,1.0,1.551824,1.551579,1.433371,1.536629,0.804972,1.0,0.168005,0.168005,0.001369,0.001014
config_27_det1_b30_s5_h24_w1500,13,1500,5,148.812852,128.836004,223.550936,15.206906,True,False,1.160762,1.158413,1.079134,1.142119,0.595609,1.0,1.485607,1.485434,1.397257,1.480797,0.781253,1.0,0.204416,0.204416,0.001297,0.000996
config_27_det1_b30_s5_h24_w1500,14,1500,5,160.259994,128.836004,223.550936,15.206906,True,True,1.134541,1.134519,1.084397,1.124765,0.585493,1.0,1.463924,1.460735,1.373374,1.455002,0.763668,1.0,0.203289,0.203289,0.001197,0.000911
config_27_det1_b30_s5_h24_w1500,15,1500,5,171.707136,128.836004,223.550936,15.206906,True,True,1.142671,1.140979,1.06934,1.128627,0.572521,1.0,1.445112,1.445112,1.360037,1.43771,0.743779,1.0,0.199264,0.0,0.001172,0.0
config_27_det1_b30_s5_h24_w1500,16,1500,5,183.154279,128.836004,223.550936,15.206906,True,True,1.151352,1.151253,1.03385,1.13234,0.562691,1.0,1.415475,1.415475,1.327784,1.405611,0.728411,1.0,0.199768,0.0,0.00105,0.0
config_27_det1_b30_s5_h24_w1500,17,1500,5,194.601421,128.836004,223.550936,15.206906,True,True,1.211769,1.211708,1.016847,1.19398,0.567841,1.0,1.484712,1.484712,1.338325,1.465105,0.738353,1.0,0.19673,0.0,0.000916,0.0
config_27_det1_b30_s5_h24_w1500,18,1500,5,206.048564,128.836004,223.550936,15.206906,True,True,1.202254,1.193963,1.007713,1.182488,0.573687,1.0,1.569576,1.569576,1.346779,1.546743,0.761735,1.0,0.208119,0.0,0.001091,0.0
config_27_det1_b30_s5_h24_w1500,19,1500,5,217.495706,128.836004,223.550936,15.206906,True,True,1.213874,1.213734,1.017215,1.19668,0.582222,1.0,1.690344,1.690344,1.399488,1.672929,0.798435,1.0,0.201082,0.0,0.000988,0.0
config_27_det1_b30_s5_h24_w1500,20,1500,5,228.942849,128.836004,223.550936,15.206906,True,True,1.224948,1.224875,1.010201,1.193805,0.583866,1.0,1.791209,1.790794,1.447292,1.765289,0.838936,1.0,0.202973,0.202973,0.000877,0.000635
config_28_det1_b30_s20_h4_w50,1,50,20,3.684031,35.862027,54.413765,18.027756,False,False,1.130389,1.110529,1.130389,1.130389,1.209455,0.978022,1.800439,1.77084,0.324129,1.676614,0.698279,0.747253,0.096491,0.083086,0.0,0.0
config_28_det1_b30_s20_h4_w50,2,50,20,7.368063,35.862027,54.413765,18.027756,False,False,1.237722,1.231523,1.139574,1.160837,1.156597,1.0,1.470924,1.468665,0.97549,1.470439,1.257372,0.989011,0.104651,0.096774,0.020069,0.006456
config_28_det1_b30_s20_h4_w50,3,50,20,11.052094,35.862027,54.413765,18.027756,False,False,1.068592,1.066547,0.985619,1.060816,1.011682,1.0,1.168153,1.161257,0.794303,1.161988,1.089051,1.0,0.101562,0.099804,0.012348,0.00446
config_28_det1_b30_s20_h4_w50,4,50,20,14.736126,35.862027,54.413765,18.027756,False,False,0.920807,0.919057,0.902586,0.917375,0.912167,1.0,0.993838,0.99025,0.695253,0.989371,0.973929,1.0,0.101164,0.101164,0.008113,0.003458
config_28_det1_b30_s20_h4_w50,5,50,20,18.420157,35.862027,54.413765,18.027756,False,False,0.827257,0.825336,0.827257,0.825212,0.8234,1.0,0.874577,0.873964,0.874577,0.872273,0.867831,1.0,0.098131,0.098131,0.006121,0.003198
config_28_det1_b30_s20_h4_w50,6,50,20,22.104189,35.862027,54.413765,18.027756,False,False,0.768353,0.766612,0.76735,0.765867,0.763845,1.0,0.930202,0.929625,0.793683,0.913936,0.80127,1.0,0.103348,0.103348,0.00555,0.003103
config_28_det1_b30_s20_h4_w50,7,50,20,25.78822,35.862027,54.413765,18.027756,False,False,0.814218,0.813522,0.732685,0.805035,0.732305,1.0,0.955879,0.954923,0.743309,0.935601,0.786178,1.0,0.102202,0.102202,0.004628,0.002788
config_28_det1_b30_s20_h4_w50,8,50,20,29.472252,35.862027,54.413765,18.027756,False,False,0.808228,0.807808,0.711452,0.807075,0.714873,1.0,0.977581,0.976854,0.776945,0.976671,0.814767,1.0,0.100328,0.100328,0.003456,0.002185
config_28_det1_b30_s20_h4_w50,9,50,20,33.156283,35.862027,54.413765,18.027756,False,False,0.986462,0.982294,0.768038,0.981908,0.752645,1.0,0.981465,0.981029,0.818485,0.980598,0.848123,1.0,0.10042,0.10042,0.003384,0.002028
config_28_det1_b30_s20_h4_w50,10,50,20,36.840315,35.862027,54.413765,18.027756,False,False,0.942469,0.94171,0.810698,0.933922,0.78228,1.0,0.960684,0.959988,0.852907,0.95974,0.856779,1.0,0.100321,0.100321,0.002573,0.001822
config_28_det1_b30_s20_h4_w50,11,50,20,40.524346,35.862027,54.413765,18.027756,True,False,0.901174,0.900768,0.819569,0.896522,0.790958,1.0,0.931753,0.931335,0.863948,0.931109,0.845608,1.0,0.101303,0.101303,0.002371,0.001588
config_28_det1_b30_s20_h4_w50,12,50,20,44.208378,35.862027,54.413765,18.027756,True,False,0.922269,0.9217,0.823847,0.910145,0.792459,1.0,0.901158,0.900497,0.861634,0.896938,0.824931,1.0,0.102204,0.102204,0.002249,0.00159
config_28_det1_b30_s20_h4_w50,13,50,20,47.892409,35.862027,54.413765,18.027756,True,False,0.903287,0.902905,0.833685,0.89016,0.785439,1.0,1.025334,1.02505,0.849064,1.008758,0.810513,1.0,0.102478,0.102478,0.001847,0.001393
config_28_det1_b30_s20_h4_w50,14,50,20,51.576441,35.862027,54.413765,18.027756,True,False,1.08296,1.082691,0.815973,1.051074,0.770969,1.0,1.02028,1.019982,0.826849,1.011581,0.793879,1.0,0.097678,0.097678,0.0019,0.001336
config_28_det1_b30_s20_h4_w50,15,50,20,55.260472,35.862027,54.413765,18.027756,True,True,1.109507,1.109309,0.792881,1.082018,0.758343,1.0,1.11077,1.110527,0.795745,1.083812,0.783592,1.0,0.101807,0.101807,0.001729,0.001255
config_28_det1_b30_s20_h4_w50,16,50,20,58.944504,35.862027,54.413765,18.027756,True,True,1.105731,1.105508,0.767712,1.071849,0.745784,1.0,1.120547,1.120301,0.788388,1.119094,0.777397,1.0,0.101344,0.101344,0.001611,0.001162
config_28_det1_b30_s20_h4_w50,17,50,20,62.628535,35.862027,54.413765,18.027756,True,True,1.076893,1.076757,0.747133,1.057748,0.736796,1.0,1.099054,1.098931,0.770331,1.091335,0.769127,1.0,0.099003,0.099003,0.001441,0.001066
config_28_det1_b30_s20_h4_w50,18,50,20,66.312567,35.862027,54.413765,18.027756,True,True,1.036933,1.036828,0.74029,1.026648,0.730172,1.0,1.06264,1.062336,0.781992,1.060812,0.770595,1.0,0.10211,0.10211,0.001377,0.001048
config_28_det1_b30_s20_h4_w50,19,50,20,69.996598,35.862027,54.413765,18.027756,True,True,1.018129,1.018044,0.734659,1.005495,0.721854,1.0,1.039713,1.039462,0.814415,1.031027,0.785163,1.0,0.102097,0.102097,0.001378,0.000971
config_28_det1_b30_s20_h4_w50,20,50,20,73.68063,35.862027,54.413765,18.027756,True,True,1.000842,1.000771,0.733179,0.994669,0.716094,1.0,1.015736,1.015552,0.830162,1.007827,0.79057,1.0,0.09965,0.09965,0.001149,0.000897
config_29_det1_b30_s20_h4_w500,1,500,20,7.937005,88.243504,102.976925,18.027756,False,False,1.265188,1.260777,1.131753,1.226104,1.159619,1.0,1.485625,1.485625,0.265504,1.372019,0.932467,1.0,0.101351,0.101351,0.021023,0.001564
config_29_det1_b30_s20_h4_w500,2,500,20,15.874011,88.243504,102.976925,18.027756,False,False,0.904769,0.902453,0.893973,0.900829,0.897933,1.0,1.060487,1.059785,1.060487,1.058242,1.052839,1.0,0.101351,0.101351,0.009461,0.003145
config_29_det1_b30_s20_h4_w500,3,500,20,23.811016,88.243504,102.976925,18.027756,False,False,0.804397,0.802924,0.769719,0.801178,0.768359,1.0,0.97033,0.969505,0.812516,0.949491,0.829425,1.0,0.1032,0.1032,0.006145,0.002187
config_29_det1_b30_s20_h4_w500,4,500,20,31.748021,88.243504,102.976925,18.027756,False,False,1.007412,1.005934,0.791332,0.973184,0.769716,1.0,0.960618,0.959639,0.813384,0.958981,0.864207,1.0,0.102573,0.102573,0.004288,0.001949
config_29_det1_b30_s20_h4_w500,5,500,20,39.685026,88.243504,102.976925,18.027756,False,False,0.942234,0.941561,0.861164,0.940754,0.828411,1.0,0.937586,0.936874,0.852848,0.932582,0.869256,1.0,0.09837,0.09837,0.003097,0.001632
config_29_det1_b30_s20_h4_w500,6,500,20,47.622032,88.243504,102.976925,18.027756,False,False,1.053539,1.05307,0.877002,1.04464,0.822451,1.0,0.978499,0.978185,0.825349,0.97793,0.81187,1.0,0.100766,0.100766,0.002346,0.001377
config_29_det1_b30_s20_h4_w500,7,500,20,55.559037,88.243504,102.976925,18.027756,False,False,1.148158,1.147952,0.82321,1.127802,0.799188,1.0,0.97288,0.97255,0.768319,0.957937,0.758696,1.0,0.099845,0.099845,0.001832,0.001204
config_29_det1_b30_s20_h4_w500,8,500,20,63.496042,88.243504,102.976925,18.027756,False,False,1.109222,1.109094,0.788689,1.097058,0.789454,1.0,1.050958,1.05069,0.790614,1.041663,0.79425,1.0,0.101738,0.101738,0.001609,0.001066
config_29_det1_b30_s20_h4_w500,9,500,20,71.433047,88.243504,102.976925,18.027756,False,False,1.140859,1.14077,0.781311,1.131397,0.806438,1.0,1.022689,1.020272,0.863279,1.018255,0.828318,1.0,0.100796,0.100796,0.001502,0.000969
config_29_det1_b30_s20_h4_w500,10,500,20,79.370053,88.243504,102.976925,18.027756,False,False,1.084537,1.084395,0.840246,1.075983,0.796478,1.0,0.991365,0.991067,0.938954,0.986142,0.835307,1.0,0.101853,0.101853,0.001215,0.000819
config_29_det1_b30_s20_h4_w500,11,500,20,87.307058,88.243504,102.976925,18.027756,True,False,1.06652,1.06639,0.843764,1.050681,0.78144,1.0,0.992043,0.991809,0.933305,0.990619,0.823374,1.0,0.10102,0.10102,0.001094,0.000782
config_29_det1_b30_s20_h4_w500,12,500,20,95.244063,88.243504,102.976925,18.027756,True,False,1.031578,1.031478,0.826736,1.030656,0.763985,1.0,1.020163,1.014515,0.8969,1.008186,0.819754,1.0,0.102648,0.102648,0.00102,0.000785
config_29_det1_b30_s20_h4_w500,13,500,20,103.181068,88.243504,102.976925,18.027756,True,True,1.097204,1.09695,0.810926,1.080909,0.75206,1.0,1.074825,1.074585,0.857545,1.063865,0.82021,1.0,0.105172,0.105172,0.001033,0.000326
config_29_det1_b30_s20_h4_w500,14,500,20,111.118074,88.243504,102.976925,18.027756,True,True,1.077314,1.077216,0.829991,1.057919,0.763129,1.0,1.044913,1.044817,0.875193,1.029858,0.806144,1.0,0.11204,0.11204,0.00154,0.000737
config_29_det1_b30_s20_h4_w500,15,500,20,119.055079,88.243504,102.976925,18.027756,True,True,1.130087,1.129684,0.856684,1.08749,0.778022,1.0,1.05747,1.057382,0.871833,1.041375,0.797649,1.0,0.124739,0.124739,0.00187,0.000987
config_29_det1_b30_s20_h4_w500,16,500,20,126.992084,88.243504,102.976925,18.027756,True,True,1.169419,1.169296,0.86041,1.136351,0.776662,1.0,1.046063,1.045851,0.912147,1.037691,0.807822,1.0,0.135963,0.135963,0.001546,0.000944
config_29_det1_b30_s20_h4_w500,17,500,20,134.929089,88.243504,102.976925,18.027756,True,True,1.225555,1.225421,0.873114,1.205002,0.791349,1.0,1.033418,1.02914,0.936114,1.019973,0.820475,1.0,0.170075,0.170075,0.001487,0.001007
config_29_det1_b30_s20_h4_w500,18,500,20,142.866095,88.243504,102.976925,18.027756,True,True,1.231921,1.231829,0.891652,1.203326,0.806359,1.0,1.048383,1.048046,0.932832,1.040653,0.818947,1.0,0.195556,0.195556,0.001332,0.001028
config_29_det1_b30_s20_h4_w500,19,500,20,150.8031,88.243504,102.976925,18.027756,True,True,1.197262,1.197224,0.898392,1.180112,0.8021,1.0,1.077265,1.077072,0.927408,1.068927,0.818666,1.0,0.196092,0.196092,0.001508,0.000975
config_29_det1_b30_s20_h4_w500,20,500,20,158.740105,88.243504,102.976925,18.027756,True,True,1.226521,1.226499,0.889593,1.213207,0.795158,1.0,1.077393,1.077144,0.930903,1.071144,0.817409,1.0,0.196092,0.196092,0.00109,0.000889
config_30_det1_b30_s20_h4_w1500,1,1500,20,11.447142,119.889527,141.205028,18.027756,False,False,1.055126,1.052921,1.000592,1.048576,1.023119,1.0,1.28518,1.284658,0.272503,1.284377,1.036283,1.0,0.101039,0.101039,0.012281,0.001425
config_30_det1_b30_s20_h4_w1500,2,1500,20,22.894285,119.889527,141.205028,18.027756,False,False,0.821312,0.820084,0.791061,0.798417,0.78873,1.0,1.03691,1.035973,0.846058,1.03098,0.885646,1.0,0.1,0.1,0.006178,0.002147
config_30_det1_b30_s20_h4_w1500,3,1500,20,34.341427,119.889527,141.205028,18.027756,False,False,1.001782,1.001208,0.841799,1.000995,0.804473,1.0,0.968812,0.965412,0.808533,0.960845,0.867638,1.0,0.10274,0.10274,0.004179,0.001584
config_30_det1_b30_s20_h4_w1500,4,1500,20,45.78857,119.889527,141.205028,18.027756,False,False,1.082699,1.074569,0.885113,1.05458,0.834752,1.0,1.002496,1.001647,0.82398,0.999844,0.827287,1.0,0.101476,0.101476,0.002632,0.001233
config_30_det1_b30_s20_h4_w1500,5,1500,20,57.235712,119.889527,141.205028,18.027756,False,False,1.169694,1.169454,0.817131,1.162636,0.805073,1.0,0.976871,0.965185,0.76212,0.96344,0.778207,1.0,0.100019,0.100019,0.002221,0.001149
config_30_det1_b30_s20_h4_w1500,6,1500,20,68.682855,119.889527,141.205028,18.027756,False,False,1.137833,1.137683,0.788718,1.120254,0.829402,1.0,1.034853,1.034547,0.791787,1.031984,0.800443,1.0,0.100359,0.100359,0.001652,0.000959
config_30_det1_b30_s20_h4_w1500,7,1500,20,80.129997,119.889527,141.205028,18.027756,False,False,1.10221,1.102097,0.882744,1.086431,0.820625,1.0,1.014343,1.014047,0.954952,1.009895,0.856935,1.0,0.102156,0.102156,0.001393,0.000833
config_30_det1_b30_s20_h4_w1500,8,1500,20,91.577139,119.889527,141.205028,18.027756,False,False,1.098333,1.098227,0.861575,1.077381,0.799283,1.0,0.999873,0.99968,0.895837,0.995747,0.831251,1.0,0.09946,0.09946,0.001124,0.000778
config_30_det1_b30_s20_h4_w1500,9,1500,20,103.024282,119.889527,141.205028,18.027756,True,False,1.167786,1.167644,0.845905,1.140218,0.786293,1.0,0.980413,0.980125,0.84459,0.977821,0.808186,1.0,0.105982,0.105982,0.001034,0.000282
config_30_det1_b30_s20_h4_w1500,10,1500,20,114.471424,119.889527,141.205028,18.027756,True,False,1.164143,1.15431,0.891776,1.127953,0.807212,1.0,1.041665,1.04131,0.871781,1.038267,0.808409,1.0,0.11503,0.11503,0.001238,0.000722
config_30_det1_b30_s20_h4_w1500,11,1500,20,125.918567,119.889527,141.205028,18.027756,True,False,1.270769,1.270601,0.88918,1.24908,0.812266,1.0,1.036498,1.03615,0.876343,1.024598,0.811475,1.0,0.131446,0.131446,0.001369,0.000966
config_30_det1_b30_s20_h4_w1500,12,1500,20,137.365709,119.889527,141.205028,18.027756,True,True,1.28354,1.283505,0.901967,1.258663,0.823495,1.0,1.029579,1.029218,0.926691,1.023896,0.823885,1.0,0.168005,0.168005,0.001369,0.001014
config_30_det1_b30_s20_h4_w1500,13,1500,20,148.812852,119.889527,141.205028,18.027756,True,True,1.239796,1.239641,0.924158,1.220937,0.826366,1.0,1.01543,1.015084,0.917863,1.009722,0.822255,1.0,0.204416,0.204416,0.001297,0.000996
config_30_det1_b30_s20_h4_w1500,14,1500,20,160.259994,119.889527,141.205028,18.027756,True,True,1.336188,1.335023,0.904121,1.306902,0.815069,1.0,1.042344,1.037964,0.910334,1.029917,0.815011,1.0,0.203289,0.203289,0.001197,0.000911
config_30_det1_b30_s20_h4_w1500,15,1500,20,171.707136,119.889527,141.205028,18.027756,True,True,1.325379,1.325321,0.901949,1.295375,0.820712,1.0,1.054791,1.054791,0.898041,1.035402,0.813397,1.0,0.199264,0.0,0.001172,0.0
config_30_det1_b30_s20_h4_w1500,16,1500,20,183.154279,119.889527,141.205028,18.027756,True,True,1.276358,1.276294,0.917744,1.25711,0.828108,1.0,1.030829,1.030829,0.922772,1.025802,0.813826,1.0,0.199768,0.0,0.00105,0.0
config_30_det1_b30_s20_h4_w1500,17,1500,20,194.601421,119.889527,141.205028,18.027756,True,True,1.252854,1.252754,0.920012,1.222987,0.827341,1.0,1.039725,1.039725,0.947092,1.030093,0.822829,1.0,0.19673,0.0,0.000916,0.0
config_30_det1_b30_s20_h4_w1500,18,1500,20,206.048564,119.889527,141.205028,18.027756,True,True,1.238237,1.238168,0.925667,1.210191,0.823051,1.0,1.048792,1.048792,0.950313,1.042333,0.822701,1.0,0.208119,0.0,0.001091,0.0
config_30_det1_b30_s20_h4_w1500,19,1500,20,217.495706,119.889527,141.205028,18.027756,True,True,1.22278,1.222705,0.937866,1.20262,0.818443,1.0,1.059475,1.059475,0.957504,1.044995,0.821391,1.0,0.201082,0.0,0.000988,0.0
config_30_det1_b30_s20_h4_w1500,20,1500,20,228.942849,119.889527,141.205028,18.027756,True,True,1.217786,1.217732,0.925459,1.196024,0.812828,1.0,1.053198,1.053053,0.960238,1.036409,0.818693,1.0,0.202973,0.202973,0.000877,0.000635
config_31_det1_b30_s20_h12_w50,1,50,20,3.684031,35.440928,59.87863,18.027756,False,False,1.130389,1.110529,1.130389,1.130389,1.209455,0.978022,1.800439,1.77084,0.324129,1.676614,0.698279,0.747253,0.096491,0.083086,0.0,0.0
config_31_det1_b30_s20_h12_w50,2,50,20,7.368063,35.440928,59.87863,18.027756,False,False,1.237722,1.231523,1.139574,1.160837,1.156597,1.0,1.485132,1.483181,0.97549,1.485132,1.261562,1.0,0.104651,0.096774,0.020069,0.006456
config_31_det1_b30_s20_h12_w50,3,50,20,11.052094,35.440928,59.87863,18.027756,False,False,1.068592,1.066547,0.985619,1.060816,1.011682,1.0,1.215164,1.210341,0.794303,1.205093,1.14121,1.0,0.101562,0.099804,0.012348,0.00446
config_31_det1_b30_s20_h12_w50,4,50,20,14.736126,35.440928,59.87863,18.027756,False,False,0.920807,0.919057,0.902586,0.917375,0.912167,1.0,1.030257,1.028067,0.695253,1.025599,1.010298,1.0,0.101164,0.101164,0.008113,0.003458
config_31_det1_b30_s20_h12_w50,5,50,20,18.420157,35.440928,59.87863,18.027756,False,False,0.828429,0.826624,0.828429,0.826246,0.824168,1.0,0.904607,0.903549,0.904363,0.901747,0.896497,1.0,0.098131,0.098131,0.006121,0.003198
config_31_det1_b30_s20_h12_w50,6,50,20,22.104189,35.440928,59.87863,18.027756,False,False,0.806265,0.791969,0.76735,0.778602,0.764113,1.0,0.945448,0.94378,0.82183,0.930801,0.828079,1.0,0.103348,0.103348,0.00555,0.003103
config_31_det1_b30_s20_h12_w50,7,50,20,25.78822,35.440928,59.87863,18.027756,False,False,0.822761,0.813628,0.732685,0.805089,0.732893,1.0,0.916588,0.916067,0.764268,0.899805,0.797925,1.0,0.102202,0.102202,0.004628,0.002788
config_31_det1_b30_s20_h12_w50,8,50,20,29.472252,35.440928,59.87863,18.027756,False,False,0.799511,0.798973,0.712425,0.790112,0.715196,1.0,0.904093,0.893389,0.738041,0.893122,0.789835,1.0,0.100328,0.100328,0.003456,0.002185
config_31_det1_b30_s20_h12_w50,9,50,20,33.156283,35.440928,59.87863,18.027756,False,False,0.894516,0.893839,0.69953,0.867788,0.71764,1.0,0.951156,0.943326,0.801523,0.933635,0.860613,1.0,0.10042,0.10042,0.003384,0.002028
config_31_det1_b30_s20_h12_w50,10,50,20,36.840315,35.440928,59.87863,18.027756,False,False,0.895242,0.894827,0.705622,0.890069,0.719568,1.0,1.026743,1.025618,0.846408,1.024608,0.898578,1.0,0.100321,0.100321,0.002573,0.001822
config_31_det1_b30_s20_h12_w50,11,50,20,40.524346,35.440928,59.87863,18.027756,True,False,0.889451,0.889189,0.698356,0.869303,0.713563,1.0,1.031989,1.031224,0.862514,1.018351,0.899275,1.0,0.101303,0.101303,0.002371,0.001588
config_31_det1_b30_s20_h12_w50,12,50,20,44.208378,35.440928,59.87863,18.027756,True,False,0.874758,0.856951,0.692436,0.848842,0.706947,1.0,1.078982,1.07755,0.847286,1.07083,0.886231,1.0,0.102204,0.102204,0.002249,0.00159
config_31_det1_b30_s20_h12_w50,13,50,20,47.892409,35.440928,59.87863,18.027756,True,False,0.879293,0.879111,0.695122,0.849328,0.697644,1.0,1.051959,1.051724,0.829312,1.037079,0.867009,1.0,0.102478,0.102478,0.001847,0.001393
config_31_det1_b30_s20_h12_w50,14,50,20,51.576441,35.440928,59.87863,18.027756,True,False,0.910758,0.910394,0.713059,0.891034,0.687892,1.0,1.089038,1.084886,0.80833,1.075874,0.841612,1.0,0.097678,0.097678,0.0019,0.001336
config_31_det1_b30_s20_h12_w50,15,50,20,55.260472,35.440928,59.87863,18.027756,True,True,0.89662,0.89649,0.723498,0.871277,0.676539,1.0,1.111803,1.111656,0.794172,1.104339,0.825499,1.0,0.101807,0.101807,0.001729,0.001255
config_31_det1_b30_s20_h12_w50,16,50,20,58.944504,35.440928,59.87863,18.027756,True,True,0.890298,0.889963,0.724857,0.880254,0.684457,1.0,1.072398,1.072323,0.817748,1.068946,0.809523,1.0,0.101344,0.101344,0.001611,0.001162
config_31_det1_b30_s20_h12_w50,17,50,20,62.628535,35.440928,59.87863,18.027756,True,True,0.853662,0.853588,0.725745,0.84718,0.677171,1.0,1.062275,1.058163,0.813044,1.052242,0.789187,1.0,0.099003,0.099003,0.001441,0.001066
config_31_det1_b30_s20_h12_w50,18,50,20,66.312567,35.440928,59.87863,18.027756,True,True,0.8275,0.827432,0.717047,0.817888,0.665705,1.0,1.058584,1.05807,0.804638,1.053254,0.774252,1.0,0.10211,0.10211,0.001377,0.001048
config_31_det1_b30_s20_h12_w50,19,50,20,69.996598,35.440928,59.87863,18.027756,True,True,0.813246,0.813145,0.69606,0.798986,0.652382,1.0,1.034745,1.029289,0.779379,1.018196,0.757976,1.0,0.102097,0.102097,0.001378,0.000971
config_31_det1_b30_s20_h12_w50,20,50,20,73.68063,35.440928,59.87863,18.027756,True,True,0.830897,0.830829,0.675069,0.817402,0.639204,1.0,1.00559,1.005482,0.75693,0.993511,0.74205,1.0,0.09965,0.09965,0.001149,0.000897
config_32_det1_b30_s20_h12_w500,1,500,20,7.937005,71.16694,118.216687,18.027756,False,False,1.265188,1.260777,1.131753,1.226104,1.159815,1.0,1.566348,1.564543,0.321098,1.565851,1.057687,1.0,0.101351,0.101351,0.021023,0.001564
config_32_det1_b30_s20_h12_w500,2,500,20,15.874011,71.16694,118.216687,18.027756,False,False,0.904769,0.902582,0.893919,0.900829,0.89787,1.0,1.177991,1.177103,1.114495,1.143656,1.105462,1.0,0.101351,0.101351,0.009461,0.003145
config_32_det1_b30_s20_h12_w500,3,500,20,23.811016,71.16694,118.216687,18.027756,False,False,0.829026,0.821165,0.771016,0.819178,0.770395,1.0,1.133874,1.132038,0.963263,1.120025,1.042433,1.0,0.1032,0.1032,0.006145,0.002187
config_32_det1_b30_s20_h12_w500,4,500,20,31.748021,71.16694,118.216687,18.027756,False,False,0.812488,0.812075,0.723535,0.810336,0.744011,1.0,1.239792,1.238331,0.996628,1.2311,1.058318,1.0,0.102573,0.102573,0.004288,0.001949
config_32_det1_b30_s20_h12_w500,5,500,20,39.685026,71.16694,118.216687,18.027756,False,False,0.81725,0.816667,0.748351,0.808328,0.74032,1.0,1.217728,1.217362,0.895756,1.204794,1.028954,1.0,0.09837,0.09837,0.003097,0.001632
config_32_det1_b30_s20_h12_w500,6,500,20,47.622032,71.16694,118.216687,18.027756,False,False,0.834475,0.83381,0.758902,0.823125,0.73038,1.0,1.254289,1.253933,0.944523,1.247892,0.956171,1.0,0.100766,0.100766,0.002346,0.001377
config_32_det1_b30_s20_h12_w500,7,500,20,55.559037,71.16694,118.216687,18.027756,False,False,0.861968,0.854207,0.747501,0.846573,0.712507,1.0,1.209201,1.209065,0.941996,1.184383,0.908547,1.0,0.099845,0.099845,0.001832,0.001204
config_32_det1_b30_s20_h12_w500,8,500,20,63.496042,71.16694,118.216687,18.027756,False,False,0.904668,0.903908,0.705605,0.894665,0.680268,1.0,1.182945,1.182402,0.878947,1.177629,0.872616,1.0,0.101738,0.101738,0.001609,0.001066
config_32_det1_b30_s20_h12_w500,9,500,20,71.433047,71.16694,118.216687,18.027756,False,False,0.933406,0.932955,0.68162,0.91993,0.661878,1.0,1.221783,1.221322,0.904906,1.212048,0.949478,1.0,0.100796,0.100796,0.001502,0.000969
config_32_det1_b30_s20_h12_w500,10,500,20,79.370053,71.16694,118.216687,18.027756,True,False,0.975691,0.975641,0.668856,0.95812,0.664446,1.0,1.197258,1.196888,0.988539,1.18453,0.961423,1.0,0.101853,0.101853,0.001215,0.000819
config_32_det1_b30_s20_h12_w500,11,500,20,87.307058,71.16694,118.216687,18.027756,True,False,0.946565,0.946472,0.658621,0.935868,0.653863,1.0,1.192961,1.192803,0.957377,1.169462,0.938228,1.0,0.10102,0.10102,0.001094,0.000782
config_32_det1_b30_s20_h12_w500,12,500,20,95.244063,71.16694,118.216687,18.027756,True,False,0.939003,0.938891,0.649933,0.921073,0.648832,1.0,1.216077,1.211005,0.985995,1.1977,0.927161,1.0,0.102648,0.102648,0.00102,0.000785
config_32_det1_b30_s20_h12_w500,13,500,20,103.181068,71.16694,118.216687,18.027756,True,True,0.969134,0.96888,0.708916,0.951463,0.679258,1.0,1.234754,1.234677,0.962237,1.215249,0.914319,1.0,0.105172,0.105172,0.001033,0.000326
config_32_det1_b30_s20_h12_w500,14,500,20,111.118074,71.16694,118.216687,18.027756,True,True,0.980177,0.979899,0.761712,0.961345,0.703577,1.0,1.19964,1.199482,0.947007,1.189925,0.906704,1.0,0.11204,0.11204,0.00154,0.000737
config_32_det1_b30_s20_h12_w500,15,500,20,119.055079,71.16694,118.216687,18.027756,True,True,0.997189,0.997083,0.755676,0.972736,0.712005,1.0,1.191147,1.184352,0.962409,1.171204,0.901495,1.0,0.124739,0.124739,0.00187,0.000987
config_32_det1_b30_s20_h12_w500,16,500,20,126.992084,71.16694,118.216687,18.027756,True,True,1.014522,1.013669,0.734269,0.983015,0.703473,1.0,1.230022,1.223651,0.950964,1.204973,0.91702,1.0,0.135963,0.135963,0.001546,0.000944
config_32_det1_b30_s20_h12_w500,17,500,20,134.929089,71.16694,118.216687,18.027756,True,True,1.006726,1.006654,0.736968,0.989521,0.706078,1.0,1.211921,1.211681,0.970318,1.200593,0.920499,1.0,0.170075,0.170075,0.001487,0.001007
config_32_det1_b30_s20_h12_w500,18,500,20,142.866095,71.16694,118.216687,18.027756,True,True,1.014864,1.01472,0.740056,0.993883,0.714967,1.0,1.217334,1.217159,0.978642,1.200727,0.908574,1.0,0.195556,0.195556,0.001332,0.001028
config_32_det1_b30_s20_h12_w500,19,500,20,150.8031,71.16694,118.216687,18.027756,True,True,1.025311,1.023546,0.747561,1.0098,0.716981,1.0,1.203901,1.203641,0.98948,1.189776,0.907397,1.0,0.196092,0.196092,0.001508,0.000975
config_32_det1_b30_s20_h12_w500,20,500,20,158.740105,71.16694,118.216687,18.027756,True,True,1.014244,1.014181,0.75822,0.993095,0.715216,1.0,1.215004,1.214621,0.999826,1.201087,0.908678,1.0,0.196092,0.196092,0.00109,0.000889
config_33_det1_b30_s20_h12_w1500,1,1500,20,11.447142,104.621955,175.050148,18.027756,False,False,1.055126,1.052921,1.000592,1.048576,1.023119,1.0,1.358749,1.358274,0.382401,1.358391,1.14541,1.0,0.101039,0.101039,0.012281,0.001425
config_33_det1_b30_s20_h12_w1500,2,1500,20,22.894285,104.621955,175.050148,18.027756,False,False,0.840091,0.838528,0.791925,0.824717,0.790461,1.0,1.300035,1.297776,1.123317,1.291211,1.199372,1.0,0.1,0.1,0.006178,0.002147
config_33_det1_b30_s20_h12_w1500,3,1500,20,34.341427,104.621955,175.050148,18.027756,False,False,0.840443,0.839519,0.772831,0.83896,0.77092,1.0,1.355851,1.354681,0.987877,1.339822,1.102553,1.0,0.10274,0.10274,0.004179,0.001584
config_33_det1_b30_s20_h12_w1500,4,1500,20,45.78857,104.621955,175.050148,18.027756,False,False,0.859421,0.858927,0.780449,0.841892,0.761781,1.0,1.254714,1.254527,0.956887,1.238039,0.96445,1.0,0.101476,0.101476,0.002632,0.001233
config_33_det1_b30_s20_h12_w1500,5,1500,20,57.235712,104.621955,175.050148,18.027756,False,False,0.988257,0.988123,0.758242,0.965151,0.733198,1.0,1.23253,1.232281,0.925308,1.221807,0.917928,1.0,0.100019,0.100019,0.002221,0.001149
config_33_det1_b30_s20_h12_w1500,6,1500,20,68.682855,104.621955,175.050148,18.027756,False,False,1.070374,1.062542,0.700826,1.033609,0.711998,1.0,1.254315,1.253884,0.883688,1.249232,0.958947,1.0,0.100359,0.100359,0.001652,0.000959
config_33_det1_b30_s20_h12_w1500,7,1500,20,80.129997,104.621955,175.050148,18.027756,False,False,1.049909,1.049857,0.69749,1.039928,0.723735,1.0,1.197863,1.195318,0.975703,1.182878,0.978423,1.0,0.102156,0.102156,0.001393,0.000833
config_33_det1_b30_s20_h12_w1500,8,1500,20,91.577139,104.621955,175.050148,18.027756,False,False,1.001308,1.001261,0.750837,0.99066,0.742306,1.0,1.254742,1.254495,0.988657,1.228693,0.970344,1.0,0.09946,0.09946,0.001124,0.000778
config_33_det1_b30_s20_h12_w1500,9,1500,20,103.024282,104.621955,175.050148,18.027756,True,False,1.037664,1.037523,0.798171,1.02153,0.773187,1.0,1.253858,1.25373,0.979541,1.232185,0.937418,1.0,0.105982,0.105982,0.001034,0.000282
config_33_det1_b30_s20_h12_w1500,10,1500,20,114.471424,104.621955,175.050148,18.027756,True,False,1.083967,1.083622,0.797357,1.052586,0.767757,1.0,1.224857,1.224584,0.978114,1.209194,0.940426,1.0,0.11503,0.11503,0.001238,0.000722
config_33_det1_b30_s20_h12_w1500,11,1500,20,125.918567,104.621955,175.050148,18.027756,True,False,1.065297,1.065076,0.767613,1.046126,0.755558,1.0,1.24967,1.245862,0.988862,1.226208,0.961897,1.0,0.131446,0.131446,0.001369,0.000966
config_33_det1_b30_s20_h12_w1500,12,1500,20,137.365709,104.621955,175.050148,18.027756,True,True,1.064814,1.064704,0.783364,1.047359,0.759213,1.0,1.279222,1.279032,0.984064,1.252152,0.95825,1.0,0.168005,0.168005,0.001369,0.001014
config_33_det1_b30_s20_h12_w1500,13,1500,20,148.812852,104.621955,175.050148,18.027756,True,True,1.085415,1.085373,0.790655,1.07553,0.761871,1.0,1.263011,1.259471,0.999535,1.241019,0.947036,1.0,0.204416,0.204416,0.001297,0.000996
config_33_det1_b30_s20_h12_w1500,14,1500,20,160.259994,104.621955,175.050148,18.027756,True,True,1.064763,1.064631,0.784429,1.04909,0.758716,1.0,1.247458,1.247111,1.050709,1.236637,0.958191,1.0,0.203289,0.203289,0.001197,0.000911
config_33_det1_b30_s20_h12_w1500,15,1500,20,171.707136,104.621955,175.050148,18.027756,True,True,1.039163,1.03912,0.798391,1.027861,0.752197,1.0,1.258282,1.258282,1.060189,1.242901,0.963775,1.0,0.199264,0.0,0.001172,0.0
config_33_det1_b30_s20_h12_w1500,16,1500,20,183.154279,104.621955,175.050148,18.027756,True,True,1.051853,1.051776,0.784661,1.031445,0.743399,1.0,1.264802,1.264802,1.064739,1.248417,0.958226,1.0,0.199768,0.0,0.00105,0.0
config_33_det1_b30_s20_h12_w1500,17,1500,20,194.601421,104.621955,175.050148,18.027756,True,True,1.049708,1.049605,0.774727,1.017179,0.732276,1.0,1.258556,1.258556,1.048663,1.242443,0.953042,1.0,0.19673,0.0,0.000916,0.0
config_33_det1_b30_s20_h12_w1500,18,1500,20,206.048564,104.621955,175.050148,18.027756,True,True,1.048439,1.048416,0.764553,1.034486,0.726266,1.0,1.248156,1.248156,1.064586,1.232096,0.953921,1.0,0.208119,0.0,0.001091,0.0
config_33_det1_b30_s20_h12_w1500,19,1500,20,217.495706,104.621955,175.050148,18.027756,True,True,1.028354,1.028332,0.768232,1.011584,0.723644,1.0,1.256466,1.256466,1.070177,1.227539,0.95479,1.0,0.201082,0.0,0.000988,0.0
config_33_det1_b30_s20_h12_w1500,20,1500,20,228.942849,104.621955,175.050148,18.027756,True,True,1.004362,1.003689,0.769367,0.991118,0.719104,1.0,1.254255,1.248065,1.069043,1.236027,0.945113,1.0,0.202973,0.202973,0.000877,0.000635
config_34_det1_b30_s20_h24_w50,1,50,20,3.684031,34.387051,62.296255,18.027756,False,False,1.130389,1.110529,1.130389,1.130389,1.209455,0.978022,1.800439,1.77084,0.324129,1.676614,0.698279,0.747253,0.096491,0.083086,0.0,0.0
config_34_det1_b30_s20_h24_w50,2,50,20,7.368063,34.387051,62.296255,18.027756,False,False,1.237722,1.231523,1.139574,1.160837,1.156597,1.0,1.485132,1.483181,0.97549,1.485132,1.261562,1.0,0.104651,0.096774,0.020069,0.006456
config_34_det1_b30_s20_h24_w50,3,50,20,11.052094,34.387051,62.296255,18.027756,False,False,1.068592,1.066547,0.985619,1.060816,1.011682,1.0,1.215164,1.210341,0.794303,1.205093,1.14121,1.0,0.101562,0.099804,0.012348,0.00446
config_34_det1_b30_s20_h24_w50,4,50,20,14.736126,34.387051,62.296255,18.027756,False,False,0.920807,0.919057,0.902586,0.917375,0.912167,1.0,1.030257,1.028067,0.695253,1.025599,1.010298,1.0,0.101164,0.101164,0.008113,0.003458
config_34_det1_b30_s20_h24_w50,5,50,20,18.420157,34.387051,62.296255,18.027756,False,False,0.828429,0.826624,0.828429,0.826246,0.824168,1.0,0.904607,0.903549,0.904363,0.901747,0.896497,1.0,0.098131,0.098131,0.006121,0.003198
config_34_det1_b30_s20_h24_w50,6,50,20,22.104189,34.387051,62.296255,18.027756,False,False,0.806265,0.791969,0.76735,0.778602,0.764113,1.0,0.945448,0.94378,0.82183,0.930801,0.828079,1.0,0.103348,0.103348,0.00555,0.003103
config_34_det1_b30_s20_h24_w50,7,50,20,25.78822,34.387051,62.296255,18.027756,False,False,0.822761,0.813628,0.732685,0.805089,0.732893,1.0,0.978175,0.977684,0.764268,0.962466,0.799435,1.0,0.102202,0.102202,0.004628,0.002788
config_34_det1_b30_s20_h24_w50,8,50,20,29.472252,34.387051,62.296255,18.027756,False,False,0.79946,0.798973,0.712425,0.790112,0.71515,1.0,1.002135,0.992378,0.738501,0.99231,0.816849,1.0,0.100328,0.100328,0.003456,0.002185
config_34_det1_b30_s20_h24_w50,9,50,20,33.156283,34.387051,62.296255,18.027756,False,False,0.796096,0.795335,0.699534,0.782373,0.715131,1.0,1.054692,1.049831,0.806191,1.048791,0.890612,1.0,0.10042,0.10042,0.003384,0.002028
config_34_det1_b30_s20_h24_w50,10,50,20,36.840315,34.387051,62.296255,18.027756,False,False,0.825557,0.825042,0.705732,0.790232,0.713011,1.0,1.067405,1.066644,0.830199,1.046783,0.917914,1.0,0.100321,0.100321,0.002573,0.001822
config_34_det1_b30_s20_h24_w50,11,50,20,40.524346,34.387051,62.296255,18.027756,False,False,0.841614,0.841192,0.698406,0.831001,0.704658,1.0,1.124869,1.112565,0.87722,1.102288,0.933586,1.0,0.101303,0.101303,0.002371,0.001588
config_34_det1_b30_s20_h24_w50,12,50,20,44.208378,34.387051,62.296255,18.027756,True,False,0.809076,0.808475,0.692614,0.800631,0.695281,1.0,1.074001,1.073396,0.903325,1.070638,0.913684,1.0,0.102204,0.102204,0.002249,0.00159
config_34_det1_b30_s20_h24_w50,13,50,20,47.892409,34.387051,62.296255,18.027756,True,False,0.795425,0.795324,0.683316,0.77874,0.683144,1.0,1.048943,1.048754,0.927446,1.038884,0.874384,1.0,0.102478,0.102478,0.001847,0.001393
config_34_det1_b30_s20_h24_w50,14,50,20,51.576441,34.387051,62.296255,18.027756,True,False,0.78637,0.785954,0.678756,0.773178,0.668986,1.0,1.011479,1.011427,0.885284,0.99445,0.836914,1.0,0.097678,0.097678,0.0019,0.001336
config_34_det1_b30_s20_h24_w50,15,50,20,55.260472,34.387051,62.296255,18.027756,True,False,0.802904,0.802764,0.678926,0.78944,0.65442,1.0,0.980299,0.979983,0.845895,0.974476,0.802473,1.0,0.101807,0.101807,0.001729,0.001255
config_34_det1_b30_s20_h24_w50,16,50,20,58.944504,34.387051,62.296255,18.027756,True,False,0.833695,0.8334,0.692842,0.825022,0.657433,1.0,0.93757,0.93709,0.805291,0.926216,0.77038,1.0,0.101344,0.101344,0.001611,0.001162
config_34_det1_b30_s20_h24_w50,17,50,20,62.628535,34.387051,62.296255,18.027756,True,False,0.805187,0.80373,0.689957,0.792775,0.643985,1.0,0.918606,0.918514,0.772781,0.913537,0.743507,1.0,0.099003,0.099003,0.001441,0.001066
config_34_det1_b30_s20_h24_w50,18,50,20,66.312567,34.387051,62.296255,18.027756,True,True,0.786557,0.786463,0.671557,0.776513,0.629209,1.0,0.949358,0.949194,0.754833,0.942175,0.730913,1.0,0.10211,0.10211,0.001377,0.001048
config_34_det1_b30_s20_h24_w50,19,50,20,69.996598,34.387051,62.296255,18.027756,True,True,0.759194,0.759099,0.657261,0.751038,0.615227,1.0,0.998613,0.991921,0.737144,0.970934,0.729134,1.0,0.102097,0.102097,0.001378,0.000971
config_34_det1_b30_s20_h24_w50,20,50,20,73.68063,34.387051,62.296255,18.027756,True,True,0.738445,0.73836,0.641872,0.735101,0.602165,1.0,0.986334,0.986213,0.749196,0.96794,0.73398,1.0,0.09965,0.09965,0.001149,0.000897
config_35_det1_b30_s20_h24_w500,1,500,20,7.937005,68.789171,120.947587,18.027756,False,False,1.265188,1.260777,1.131753,1.226104,1.159815,1.0,1.566348,1.564543,0.321098,1.565851,1.057687,1.0,0.101351,0.101351,0.021023,0.001564
config_35_det1_b30_s20_h24_w500,2,500,20,15.874011,68.789171,120.947587,18.027756,False,False,0.904769,0.902582,0.893919,0.900829,0.89787,1.0,1.194521,1.193611,1.114495,1.176065,1.10613,1.0,0.101351,0.101351,0.009461,0.003145
config_35_det1_b30_s20_h24_w500,3,500,20,23.811016,68.789171,120.947587,18.027756,False,False,0.829026,0.821165,0.771016,0.819178,0.770395,1.0,1.235183,1.233661,0.972884,1.225033,1.064615,1.0,0.1032,0.1032,0.006145,0.002187
config_35_det1_b30_s20_h24_w500,4,500,20,31.748021,68.789171,120.947587,18.027756,False,False,0.812488,0.812075,0.723515,0.810336,0.744011,1.0,1.289669,1.288486,0.985747,1.271871,1.106798,1.0,0.102573,0.102573,0.004288,0.001949
config_35_det1_b30_s20_h24_w500,5,500,20,39.685026,68.789171,120.947587,18.027756,False,False,0.846858,0.846296,0.748322,0.838252,0.740627,1.0,1.209469,1.209174,0.962669,1.196614,1.038632,1.0,0.09837,0.09837,0.003097,0.001632
config_35_det1_b30_s20_h24_w500,6,500,20,47.622032,68.789171,120.947587,18.027756,False,False,0.84668,0.844356,0.758148,0.835384,0.732453,1.0,1.045469,1.045214,0.976423,1.043861,0.925287,1.0,0.100766,0.100766,0.002346,0.001377
config_35_det1_b30_s20_h24_w500,7,500,20,55.559037,68.789171,120.947587,18.027756,False,False,0.857106,0.856881,0.762246,0.845697,0.710113,1.0,1.152156,1.151965,0.941446,1.141305,0.880377,1.0,0.099845,0.099845,0.001832,0.001204
config_35_det1_b30_s20_h24_w500,8,500,20,63.496042,68.789171,120.947587,18.027756,False,False,0.842248,0.842066,0.735043,0.829805,0.678014,1.0,1.150684,1.150351,0.897147,1.14442,0.881371,1.0,0.101738,0.101738,0.001609,0.001066
config_35_det1_b30_s20_h24_w500,9,500,20,71.433047,68.789171,120.947587,18.027756,False,False,0.818307,0.815384,0.702389,0.800108,0.651383,1.0,1.206302,1.205427,0.937238,1.173904,0.91742,1.0,0.100796,0.100796,0.001502,0.000969
config_35_det1_b30_s20_h24_w500,10,500,20,79.370053,68.789171,120.947587,18.027756,False,False,0.781607,0.781585,0.67746,0.770841,0.638237,1.0,1.298947,1.298575,0.970666,1.270224,0.980577,1.0,0.101853,0.101853,0.001215,0.000819
config_35_det1_b30_s20_h24_w500,11,500,20,87.307058,68.789171,120.947587,18.027756,False,False,0.787762,0.787608,0.653016,0.768608,0.620438,1.0,1.25522,1.254997,0.962235,1.241861,0.986221,1.0,0.10102,0.10102,0.001094,0.000782
config_35_det1_b30_s20_h24_w500,12,500,20,95.244063,68.789171,120.947587,18.027756,True,False,0.768271,0.768167,0.633605,0.758701,0.605087,1.0,1.253139,1.252813,1.036457,1.237486,0.985353,1.0,0.102648,0.102648,0.00102,0.000785
config_35_det1_b30_s20_h24_w500,13,500,20,103.181068,68.789171,120.947587,18.027756,True,True,0.807091,0.806969,0.634408,0.785967,0.601638,1.0,1.251444,1.251369,1.016055,1.213616,0.963357,1.0,0.105172,0.105172,0.001033,0.000326
config_35_det1_b30_s20_h24_w500,14,500,20,111.118074,68.789171,120.947587,18.027756,True,True,0.897998,0.897727,0.644077,0.871295,0.624762,1.0,1.267143,1.266964,1.044512,1.244473,0.965844,1.0,0.11204,0.11204,0.00154,0.000737
config_35_det1_b30_s20_h24_w500,15,500,20,119.055079,68.789171,120.947587,18.027756,True,True,0.898697,0.893571,0.660619,0.879502,0.642039,1.0,1.249323,1.249011,1.03053,1.223739,0.953006,1.0,0.124739,0.124739,0.00187,0.000987
config_35_det1_b30_s20_h24_w500,16,500,20,126.992084,68.789171,120.947587,18.027756,True,True,0.887816,0.887677,0.667657,0.864475,0.659662,1.0,1.280376,1.2802,1.034732,1.261087,0.963767,1.0,0.135963,0.135963,0.001546,0.000944
config_35_det1_b30_s20_h24_w500,17,500,20,134.929089,68.789171,120.947587,18.027756,True,True,0.872167,0.869922,0.66707,0.855254,0.663067,1.0,1.258752,1.258025,1.013308,1.247163,0.956653,1.0,0.170075,0.170075,0.001487,0.001007
config_35_det1_b30_s20_h24_w500,18,500,20,142.866095,68.789171,120.947587,18.027756,True,True,0.914624,0.90964,0.681181,0.865962,0.66402,1.0,1.252215,1.251897,1.017204,1.240814,0.951941,1.0,0.195556,0.195556,0.001332,0.001028
config_35_det1_b30_s20_h24_w500,19,500,20,150.8031,68.789171,120.947587,18.027756,True,True,0.918234,0.915465,0.68565,0.895785,0.660816,1.0,1.25279,1.252444,1.026721,1.232598,0.947742,1.0,0.196092,0.196092,0.001508,0.000975
config_35_det1_b30_s20_h24_w500,20,500,20,158.740105,68.789171,120.947587,18.027756,True,True,0.920799,0.920747,0.720954,0.897566,0.662334,1.0,1.264456,1.260011,1.057479,1.236703,0.949941,1.0,0.196092,0.196092,0.00109,0.000889
config_36_det1_b30_s20_h24_w1500,1,1500,20,11.447142,104.622151,180.426145,18.027756,False,False,1.055126,1.052921,1.000592,1.048576,1.023119,1.0,1.358749,1.358281,0.383328,1.358391,1.147031,1.0,0.101039,0.101039,0.012281,0.001425
config_36_det1_b30_s20_h24_w1500,2,1500,20,22.894285,104.622151,180.426145,18.027756,False,False,0.840091,0.838528,0.791925,0.824717,0.790461,1.0,1.467968,1.453271,1.177552,1.454276,1.263853,1.0,0.1,0.1,0.006178,0.002147
config_36_det1_b30_s20_h24_w1500,3,1500,20,34.341427,104.622151,180.426145,18.027756,False,False,0.840513,0.839561,0.772831,0.839009,0.771015,1.0,1.360768,1.360421,1.062962,1.346016,1.146078,1.0,0.10274,0.10274,0.004179,0.001584
config_36_det1_b30_s20_h24_w1500,4,1500,20,45.78857,104.622151,180.426145,18.027756,False,False,0.870135,0.869654,0.780011,0.863662,0.761261,1.0,1.125112,1.12495,0.990408,1.10577,0.959123,1.0,0.101476,0.101476,0.002632,0.001233
config_36_det1_b30_s20_h24_w1500,5,1500,20,57.235712,104.622151,180.426145,18.027756,False,False,0.919027,0.918854,0.778177,0.893411,0.720875,1.0,1.207687,1.207361,0.966256,1.204019,0.918825,1.0,0.100019,0.100019,0.002221,0.001149
config_36_det1_b30_s20_h24_w1500,6,1500,20,68.682855,104.622151,180.426145,18.027756,False,False,0.908298,0.908174,0.71866,0.8717,0.688954,1.0,1.269094,1.268562,0.93311,1.254473,0.954144,1.0,0.100359,0.100359,0.001652,0.000959
config_36_det1_b30_s20_h24_w1500,7,1500,20,80.129997,104.622151,180.426145,18.027756,False,False,0.890093,0.890031,0.686192,0.870032,0.67708,1.0,1.320208,1.319734,0.975576,1.308707,1.0326,1.0,0.102156,0.102156,0.001393,0.000833
config_36_det1_b30_s20_h24_w1500,8,1500,20,91.577139,104.622151,180.426145,18.027756,False,False,0.882456,0.882227,0.677427,0.879803,0.677373,1.0,1.297234,1.297097,1.00608,1.273847,1.014489,1.0,0.09946,0.09946,0.001124,0.000778
config_36_det1_b30_s20_h24_w1500,9,1500,20,103.024282,104.622151,180.426145,18.027756,False,False,0.924696,0.923872,0.689485,0.904278,0.679654,1.0,1.299275,1.299234,1.065834,1.290844,1.017777,1.0,0.105982,0.105982,0.001034,0.000282
config_36_det1_b30_s20_h24_w1500,10,1500,20,114.471424,104.622151,180.426145,18.027756,True,False,1.012525,1.012302,0.734745,0.964975,0.727595,1.0,1.369178,1.368703,1.07354,1.33352,1.026508,1.0,0.11503,0.11503,0.001238,0.000722
config_36_det1_b30_s20_h24_w1500,11,1500,20,125.918567,104.622151,180.426145,18.027756,True,False,0.996543,0.996241,0.746933,0.983172,0.730126,1.0,1.330409,1.330142,1.06553,1.314188,1.023575,1.0,0.131446,0.131446,0.001369,0.000966
config_36_det1_b30_s20_h24_w1500,12,1500,20,137.365709,104.622151,180.426145,18.027756,True,True,0.99985,0.999764,0.7622,0.981153,0.732482,1.0,1.334065,1.325927,1.076317,1.308691,1.005473,1.0,0.168005,0.168005,0.001369,0.001014
config_36_det1_b30_s20_h24_w1500,13,1500,20,148.812852,104.622151,180.426145,18.027756,True,True,0.984856,0.98466,0.780164,0.961246,0.729904,1.0,1.36599,1.365613,1.071388,1.348329,1.026443,1.0,0.204416,0.204416,0.001297,0.000996
config_36_det1_b30_s20_h24_w1500,14,1500,20,160.259994,104.622151,180.426145,18.027756,True,True,1.007272,1.007222,0.76774,0.976303,0.725841,1.0,1.356151,1.355847,1.077832,1.331444,1.038253,1.0,0.203289,0.203289,0.001197,0.000911
config_36_det1_b30_s20_h24_w1500,15,1500,20,171.707136,104.622151,180.426145,18.027756,True,True,1.00543,1.005296,0.758731,0.980759,0.720294,1.0,1.336452,1.336452,1.10685,1.321249,1.025511,1.0,0.199264,0.0,0.001172,0.0
config_36_det1_b30_s20_h24_w1500,16,1500,20,183.154279,104.622151,180.426145,18.027756,True,True,1.00444,1.004307,0.751896,0.981459,0.721379,1.0,1.321231,1.321231,1.080676,1.300121,1.008884,1.0,0.199768,0.0,0.00105,0.0
config_36_det1_b30_s20_h24_w1500,17,1500,20,194.601421,104.622151,180.426145,18.027756,True,True,0.994295,0.994166,0.752806,0.97136,0.718719,1.0,1.321446,1.321446,1.088365,1.303382,1.008674,1.0,0.19673,0.0,0.000916,0.0
config_36_det1_b30_s20_h24_w1500,18,1500,20,206.048564,104.622151,180.426145,18.027756,True,True,0.999632,0.993689,0.748935,0.967692,0.713101,1.0,1.367353,1.367353,1.113758,1.344434,1.021154,1.0,0.208119,0.0,0.001091,0.0
config_36_det1_b30_s20_h24_w1500,19,1500,20,217.495706,104.622151,180.426145,18.027756,True,True,0.985407,0.985269,0.768395,0.969242,0.708967,1.0,1.487223,1.487223,1.127028,1.449687,1.051167,1.0,0.201082,0.0,0.000988,0.0
config_36_det1_b30_s20_h24_w1500,20,1500,20,228.942849,104.622151,180.426145,18.027756,True,True,0.95349,0.953327,0.770924,0.944201,0.701606,1.0,1.536775,1.536456,1.169506,1.482985,1.096385,1.0,0.202973,0.202973,0.000877,0.000635
config_37_det2_b15_s5_h4_w50,1,50,5,3.684031,37.384924,61.362846,2.5,False,False,1.034292,1.02119,1.023407,0.973739,1.076488,0.956044,1.437947,1.431424,1.033357,1.428429,1.319623,0.956044,0.096491,0.083086,0.0,0.0
config_37_det2_b15_s5_h4_w50,2,50,5,7.368063,37.384924,61.362846,2.5,False,False,1.011272,1.004583,0.968206,1.011272,1.000522,0.978022,1.412698,1.411257,1.412698,1.412698,1.393342,0.978022,0.104651,0.096774,0.020069,0.006456
config_37_det2_b15_s5_h4_w50,3,50,5,11.052094,37.384924,61.362846,2.5,False,False,0.914799,0.911343,0.914799,0.914275,0.906921,0.978022,1.067759,1.066274,1.009078,1.065444,0.971232,1.0,0.101562,0.099804,0.012348,0.00446
config_37_det2_b15_s5_h4_w50,4,50,5,14.736126,37.384924,61.362846,2.5,False,False,0.878459,0.855373,0.782473,0.833676,0.770922,0.978022,1.612537,1.572723,1.251912,1.6078,0.951732,1.0,0.101164,0.101164,0.008113,0.003458
config_37_det2_b15_s5_h4_w50,5,50,5,18.420157,37.384924,61.362846,2.5,False,False,1.192178,1.191542,0.731019,1.167378,0.750834,0.978022,1.504767,1.48366,1.36878,1.494475,1.067153,1.0,0.098131,0.098131,0.006121,0.003198
config_37_det2_b15_s5_h4_w50,6,50,5,22.104189,37.384924,61.362846,2.5,False,False,1.211109,1.210201,0.785717,1.206721,0.795026,1.0,1.395167,1.394001,1.325562,1.39342,1.050242,1.0,0.103348,0.103348,0.00555,0.003103
config_37_det2_b15_s5_h4_w50,7,50,5,25.78822,37.384924,61.362846,2.5,False,False,1.156812,1.15664,0.896195,1.155964,0.811203,1.0,1.303597,1.302777,1.284956,1.301108,0.950983,1.0,0.102202,0.102202,0.004628,0.002788
config_37_det2_b15_s5_h4_w50,8,50,5,29.472252,37.384924,61.362846,2.5,False,False,1.068165,1.068163,0.926728,1.066929,0.786592,1.0,1.243192,1.24235,1.206732,1.210818,0.876224,1.0,0.100328,0.100328,0.003456,0.002185
config_37_det2_b15_s5_h4_w50,9,50,5,33.156283,37.384924,61.362846,2.5,False,False,1.105773,1.105729,0.943347,1.090386,0.754443,1.0,1.317241,1.30822,1.265127,1.305384,0.903034,1.0,0.10042,0.10042,0.003384,0.002028
config_37_det2_b15_s5_h4_w50,10,50,5,36.840315,37.384924,61.362846,2.5,True,False,1.073171,1.072859,0.911831,1.062696,0.71992,1.0,1.296248,1.295149,1.234584,1.294441,0.905691,1.0,0.100321,0.100321,0.002573,0.001822
config_37_det2_b15_s5_h4_w50,11,50,5,40.524346,37.384924,61.362846,2.5,True,False,1.096891,1.09647,0.911595,1.081325,0.693214,1.0,1.282371,1.270474,1.233177,1.262294,0.895338,1.0,0.101303,0.101303,0.002371,0.001588
config_37_det2_b15_s5_h4_w50,12,50,5,44.208378,37.384924,61.362846,2.5,True,False,1.087314,1.086765,0.91157,1.080579,0.687138,1.0,1.261046,1.260925,1.194371,1.259076,0.854708,1.0,0.102204,0.102204,0.002249,0.00159
config_37_det2_b15_s5_h4_w50,13,50,5,47.892409,37.384924,61.362846,2.5,True,False,1.025877,1.025739,0.871109,1.017144,0.670261,1.0,1.223683,1.214133,1.14996,1.203579,0.813612,1.0,0.102478,0.102478,0.001847,0.001393
config_37_det2_b15_s5_h4_w50,14,50,5,51.576441,37.384924,61.362846,2.5,True,True,1.015492,1.015163,0.86037,0.993714,0.663003,1.0,1.248482,1.248177,1.19152,1.237733,0.829185,1.0,0.097678,0.097678,0.0019,0.001336
config_37_det2_b15_s5_h4_w50,15,50,5,55.260472,37.384924,61.362846,2.5,True,True,1.031901,1.024154,0.868635,1.004359,0.666466,1.0,1.220323,1.219552,1.174632,1.209104,0.817993,1.0,0.101807,0.101807,0.001729,0.001255
config_37_det2_b15_s5_h4_w50,16,50,5,58.944504,37.384924,61.362846,2.5,True,True,1.004836,1.004592,0.866772,0.9845,0.660804,1.0,1.214308,1.214121,1.168414,1.210717,0.813435,1.0,0.101344,0.101344,0.001611,0.001162
config_37_det2_b15_s5_h4_w50,17,50,5,62.628535,37.384924,61.362846,2.5,True,True,0.994924,0.994831,0.842269,0.96706,0.642469,1.0,1.224331,1.224108,1.163331,1.195865,0.794399,1.0,0.099003,0.099003,0.001441,0.001066
config_37_det2_b15_s5_h4_w50,18,50,5,66.312567,37.384924,61.362846,2.5,True,True,1.011555,1.011002,0.878687,0.978977,0.627571,1.0,1.213784,1.213675,1.138034,1.205633,0.789578,1.0,0.10211,0.10211,0.001377,0.001048
config_37_det2_b15_s5_h4_w50,19,50,5,69.996598,37.384924,61.362846,2.5,True,True,0.992058,0.992034,0.858328,0.983831,0.61802,1.0,1.203444,1.203206,1.152307,1.197564,0.8007,1.0,0.102097,0.102097,0.001378,0.000971
config_37_det2_b15_s5_h4_w50,20,50,5,73.68063,37.384924,61.362846,2.5,True,True,0.961304,0.961,0.839458,0.955314,0.610982,1.0,1.175037,1.174588,1.139396,1.167492,0.795116,1.0,0.09965,0.09965,0.001149,0.000897
config_38_det2_b15_s5_h4_w500,1,500,5,7.937005,77.735396,118.116278,2.5,False,False,0.995466,0.991512,0.981131,0.991712,0.990868,0.978022,1.416754,1.416754,0.454867,1.345808,1.218516,0.978022,0.101351,0.101351,0.021023,0.001564
config_38_det2_b15_s5_h4_w500,2,500,5,15.874011,77.735396,118.116278,2.5,False,False,1.007013,1.006293,0.770231,0.935729,0.776023,1.0,1.55027,1.549182,1.419902,1.525406,1.077811,1.0,0.101351,0.101351,0.009461,0.003145
config_38_det2_b15_s5_h4_w500,3,500,5,23.811016,77.735396,118.116278,2.5,False,False,1.259832,1.258458,0.911974,1.241363,0.856548,1.0,1.344244,1.343685,1.276022,1.342833,1.003007,1.0,0.1032,0.1032,0.006145,0.002187
config_38_det2_b15_s5_h4_w500,4,500,5,31.748021,77.735396,118.116278,2.5,False,False,1.310354,1.3102,1.069914,1.256393,0.831044,1.0,1.349197,1.348943,1.222519,1.342922,0.925077,1.0,0.102573,0.102573,0.004288,0.001949
config_38_det2_b15_s5_h4_w500,5,500,5,39.685026,77.735396,118.116278,2.5,False,False,1.237882,1.237451,1.01707,1.21113,0.789026,1.0,1.259214,1.259088,1.124232,1.242229,0.87827,1.0,0.09837,0.09837,0.003097,0.001632
config_38_det2_b15_s5_h4_w500,6,500,5,47.622032,77.735396,118.116278,2.5,False,False,1.183874,1.183668,1.018469,1.177161,0.783137,1.0,1.257486,1.257068,1.079192,1.239946,0.826404,1.0,0.100766,0.100766,0.002346,0.001377
config_38_det2_b15_s5_h4_w500,7,500,5,55.559037,77.735396,118.116278,2.5,False,False,1.176973,1.172084,1.026181,1.157313,0.752228,1.0,1.224776,1.224577,1.114245,1.2172,0.82474,1.0,0.099845,0.099845,0.001832,0.001204
config_38_det2_b15_s5_h4_w500,8,500,5,63.496042,77.735396,118.116278,2.5,False,False,1.133013,1.132734,1.023049,1.121646,0.725139,1.0,1.27743,1.276585,1.128899,1.25771,0.820143,1.0,0.101738,0.101738,0.001609,0.001066
config_38_det2_b15_s5_h4_w500,9,500,5,71.433047,77.735396,118.116278,2.5,True,False,1.139028,1.138409,1.002314,1.117146,0.709898,1.0,1.248204,1.247991,1.144682,1.241019,0.837364,1.0,0.100796,0.100796,0.001502,0.000969
config_38_det2_b15_s5_h4_w500,10,500,5,79.370053,77.735396,118.116278,2.5,True,False,1.076649,1.076525,0.98239,1.059486,0.697902,1.0,1.22754,1.227328,1.119975,1.224055,0.818457,1.0,0.101853,0.101853,0.001215,0.000819
config_38_det2_b15_s5_h4_w500,11,500,5,87.307058,77.735396,118.116278,2.5,True,False,1.054866,1.054593,0.947363,1.035005,0.679548,1.0,1.230275,1.230255,1.090808,1.222833,0.813424,1.0,0.10102,0.10102,0.001094,0.000782
config_38_det2_b15_s5_h4_w500,12,500,5,95.244063,77.735396,118.116278,2.5,True,False,1.02413,1.022778,0.952919,1.011961,0.66553,1.0,1.229684,1.229461,1.043176,1.224423,0.818696,1.0,0.102648,0.102648,0.00102,0.000785
config_38_det2_b15_s5_h4_w500,13,500,5,103.181068,77.735396,118.116278,2.5,True,True,1.017743,1.017436,0.921261,1.004306,0.655073,1.0,1.239218,1.238824,1.070884,1.226655,0.807552,1.0,0.105172,0.105172,0.001033,0.000326
config_38_det2_b15_s5_h4_w500,14,500,5,111.118074,77.735396,118.116278,2.5,True,True,1.016934,1.012987,0.89556,1.00184,0.656797,1.0,1.24528,1.245171,1.081524,1.239054,0.811485,1.0,0.11204,0.11204,0.00154,0.000737
config_38_det2_b15_s5_h4_w500,15,500,5,119.055079,77.735396,118.116278,2.5,True,True,1.037422,1.034867,0.895397,1.01422,0.666399,1.0,1.247052,1.246894,1.089921,1.239488,0.815585,1.0,0.124739,0.124739,0.00187,0.000987
config_38_det2_b15_s5_h4_w500,16,500,5,126.992084,77.735396,118.116278,2.5,True,True,1.05948,1.058526,0.928499,1.036569,0.67307,1.0,1.263296,1.262342,1.133183,1.25277,0.824226,1.0,0.135963,0.135963,0.001546,0.000944
config_38_det2_b15_s5_h4_w500,17,500,5,134.929089,77.735396,118.116278,2.5,True,True,1.080037,1.079861,0.945445,1.044121,0.681687,1.0,1.267506,1.264754,1.173495,1.260163,0.823107,1.0,0.170075,0.170075,0.001487,0.001007
config_38_det2_b15_s5_h4_w500,18,500,5,142.866095,77.735396,118.116278,2.5,True,True,1.076898,1.075593,0.976675,1.042726,0.678668,1.0,1.2736,1.273314,1.189609,1.255567,0.824509,1.0,0.195556,0.195556,0.001332,0.001028
config_38_det2_b15_s5_h4_w500,19,500,5,150.8031,77.735396,118.116278,2.5,True,True,1.08201,1.081828,0.984732,1.056773,0.686459,1.0,1.276697,1.276172,1.208119,1.266454,0.825177,1.0,0.196092,0.196092,0.001508,0.000975
config_38_det2_b15_s5_h4_w500,20,500,5,158.740105,77.735396,118.116278,2.5,True,True,1.091755,1.088344,0.968733,1.063826,0.688165,1.0,1.284155,1.283892,1.208382,1.266441,0.825289,1.0,0.196092,0.196092,0.00109,0.000889
config_39_det2_b15_s5_h4_w1500,1,1500,5,11.447142,111.22482,165.256379,2.5,False,False,1.035479,1.032682,0.904504,1.004903,0.903638,0.978022,1.381807,1.380655,0.619253,1.332675,1.023867,1.0,0.101039,0.101039,0.012281,0.001425
config_39_det2_b15_s5_h4_w1500,2,1500,5,22.894285,111.22482,165.256379,2.5,False,False,1.144148,1.14212,0.945806,1.140678,0.778547,1.0,1.471968,1.458036,1.341412,1.44668,1.052844,1.0,0.1,0.1,0.006178,0.002147
config_39_det2_b15_s5_h4_w1500,3,1500,5,34.341427,111.22482,165.256379,2.5,False,False,1.34875,1.34818,1.0443,1.32894,0.822066,1.0,1.290461,1.290461,1.127964,1.282667,0.894696,1.0,0.10274,0.10274,0.004179,0.001584
config_39_det2_b15_s5_h4_w1500,4,1500,5,45.78857,111.22482,165.256379,2.5,False,False,1.276242,1.275908,1.052009,1.237728,0.818478,1.0,1.247871,1.247794,1.057333,1.224819,0.819229,1.0,0.101476,0.101476,0.002632,0.001233
config_39_det2_b15_s5_h4_w1500,5,1500,5,57.235712,111.22482,165.256379,2.5,False,False,1.2531,1.253005,1.07259,1.236889,0.797252,1.0,1.197826,1.191196,1.016487,1.179646,0.794692,1.0,0.100019,0.100019,0.002221,0.001149
config_39_det2_b15_s5_h4_w1500,6,1500,5,68.682855,111.22482,165.256379,2.5,False,False,1.23371,1.233623,1.082659,1.202363,0.778106,1.0,1.238326,1.238085,1.060072,1.227893,0.809822,1.0,0.100359,0.100359,0.001652,0.000959
config_39_det2_b15_s5_h4_w1500,7,1500,5,80.129997,111.22482,165.256379,2.5,False,False,1.186074,1.185955,1.048434,1.155701,0.750876,1.0,1.17067,1.170619,1.075507,1.169059,0.79498,1.0,0.102156,0.102156,0.001393,0.000833
config_39_det2_b15_s5_h4_w1500,8,1500,5,91.577139,111.22482,165.256379,2.5,False,False,1.125615,1.125508,1.013741,1.1058,0.724851,1.0,1.21632,1.216064,1.018912,1.206648,0.793555,1.0,0.09946,0.09946,0.001124,0.000778
config_39_det2_b15_s5_h4_w1500,9,1500,5,103.024282,111.22482,165.256379,2.5,True,False,1.100819,1.100746,0.968887,1.074581,0.706646,1.0,1.216535,1.213326,0.992565,1.201457,0.790988,1.0,0.105982,0.105982,0.001034,0.000282
config_39_det2_b15_s5_h4_w1500,10,1500,5,114.471424,111.22482,165.256379,2.5,True,False,1.14183,1.135614,0.964687,1.112587,0.721269,1.0,1.202923,1.202888,1.018344,1.19789,0.799882,1.0,0.11503,0.11503,0.001238,0.000722
config_39_det2_b15_s5_h4_w1500,11,1500,5,125.918567,111.22482,165.256379,2.5,True,False,1.172728,1.169713,0.998455,1.126454,0.726912,1.0,1.231109,1.230678,1.091461,1.222207,0.802114,1.0,0.131446,0.131446,0.001369,0.000966
config_39_det2_b15_s5_h4_w1500,12,1500,5,137.365709,111.22482,165.256379,2.5,True,True,1.183775,1.18366,1.041755,1.144561,0.731205,1.0,1.227138,1.224188,1.131632,1.211285,0.796189,1.0,0.168005,0.168005,0.001369,0.001014
config_39_det2_b15_s5_h4_w1500,13,1500,5,148.812852,111.22482,165.256379,2.5,True,True,1.199162,1.199097,1.054075,1.141748,0.737754,1.0,1.227615,1.227288,1.166226,1.216455,0.801995,1.0,0.204416,0.204416,0.001297,0.000996
config_39_det2_b15_s5_h4_w1500,14,1500,5,160.259994,111.22482,165.256379,2.5,True,True,1.210405,1.210384,1.068088,1.162257,0.741021,1.0,1.249008,1.244526,1.173,1.235444,0.806258,1.0,0.203289,0.203289,0.001197,0.000911
config_39_det2_b15_s5_h4_w1500,15,1500,5,171.707136,111.22482,165.256379,2.5,True,True,1.210978,1.210936,1.071323,1.175015,0.738945,1.0,1.257273,1.257273,1.17307,1.243399,0.807862,1.0,0.199264,0.0,0.001172,0.0
config_39_det2_b15_s5_h4_w1500,16,1500,5,183.154279,111.22482,165.256379,2.5,True,True,1.23298,1.227807,1.089007,1.166036,0.742003,1.0,1.253977,1.253977,1.174722,1.239894,0.809319,1.0,0.199768,0.0,0.00105,0.0
config_39_det2_b15_s5_h4_w1500,17,1500,5,194.601421,111.22482,165.256379,2.5,True,True,1.227789,1.227719,1.071996,1.175104,0.747056,1.0,1.26374,1.26374,1.179528,1.254418,0.812369,1.0,0.19673,0.0,0.000916,0.0
config_39_det2_b15_s5_h4_w1500,18,1500,5,206.048564,111.22482,165.256379,2.5,True,True,1.216767,1.216606,1.079645,1.185423,0.745549,1.0,1.262096,1.262096,1.179753,1.250292,0.81248,1.0,0.208119,0.0,0.001091,0.0
config_39_det2_b15_s5_h4_w1500,19,1500,5,217.495706,111.22482,165.256379,2.5,True,True,1.211671,1.20969,1.081786,1.182445,0.747345,1.0,1.265055,1.265055,1.191286,1.248468,0.813382,1.0,0.201082,0.0,0.000988,0.0
config_39_det2_b15_s5_h4_w1500,20,1500,5,228.942849,111.22482,165.256379,2.5,True,True,1.194771,1.193648,1.088408,1.173098,0.745188,1.0,1.266002,1.265835,1.192289,1.257572,0.812619,1.0,0.202973,0.202973,0.000877,0.000635
config_40_det2_b15_s5_h12_w50,1,50,5,3.684031,41.632296,81.628655,2.5,False,False,1.034292,1.02119,1.023407,0.973739,1.076488,0.956044,1.437947,1.431424,1.033357,1.428429,1.319623,0.956044,0.096491,0.083086,0.0,0.0
config_40_det2_b15_s5_h12_w50,2,50,5,7.368063,41.632296,81.628655,2.5,False,False,1.011272,1.004583,0.968206,1.011272,1.000522,0.978022,1.427337,1.426562,1.427337,1.427337,1.406911,0.978022,0.104651,0.096774,0.020069,0.006456
config_40_det2_b15_s5_h12_w50,3,50,5,11.052094,41.632296,81.628655,2.5,False,False,0.914311,0.911343,0.914311,0.913787,0.906404,0.978022,1.075323,1.07431,0.993195,1.073403,0.987397,0.978022,0.101562,0.099804,0.012348,0.00446
config_40_det2_b15_s5_h12_w50,4,50,5,14.736126,41.632296,81.628655,2.5,False,False,0.879313,0.878123,0.78334,0.8547,0.772631,0.978022,1.272898,1.24994,1.037066,1.250913,1.001445,1.0,0.101164,0.101164,0.008113,0.003458
config_40_det2_b15_s5_h12_w50,5,50,5,18.420157,41.632296,81.628655,2.5,False,False,0.890389,0.8897,0.728371,0.866994,0.735496,0.978022,1.828944,1.814519,1.490038,1.774328,1.202453,1.0,0.098131,0.098131,0.006121,0.003198
config_40_det2_b15_s5_h12_w50,6,50,5,22.104189,41.632296,81.628655,2.5,False,False,0.943367,0.929167,0.724531,0.911494,0.730975,1.0,1.824774,1.819165,1.603016,1.787566,1.261121,1.0,0.103348,0.103348,0.00555,0.003103
config_40_det2_b15_s5_h12_w50,7,50,5,25.78822,41.632296,81.628655,2.5,False,False,1.021633,1.02127,0.914939,1.016865,0.725063,1.0,1.910929,1.91059,1.707825,1.908411,1.373872,1.0,0.102202,0.102202,0.004628,0.002788
config_40_det2_b15_s5_h12_w50,8,50,5,29.472252,41.632296,81.628655,2.5,False,False,1.020116,1.019773,0.889187,0.991346,0.704392,1.0,1.8294,1.828852,1.647837,1.825665,1.260398,1.0,0.100328,0.100328,0.003456,0.002185
config_40_det2_b15_s5_h12_w50,9,50,5,33.156283,41.632296,81.628655,2.5,False,False,1.172863,1.172382,0.91102,1.129497,0.723751,1.0,1.730159,1.729648,1.538092,1.694778,1.178794,1.0,0.10042,0.10042,0.003384,0.002028
config_40_det2_b15_s5_h12_w50,10,50,5,36.840315,41.632296,81.628655,2.5,True,False,1.251673,1.250521,0.949227,1.224751,0.794249,1.0,1.809786,1.809253,1.600948,1.802241,1.20749,1.0,0.100321,0.100321,0.002573,0.001822
config_40_det2_b15_s5_h12_w50,11,50,5,40.524346,41.632296,81.628655,2.5,True,False,1.286918,1.286381,1.001392,1.262971,0.841959,1.0,1.747706,1.740568,1.626307,1.733374,1.200762,1.0,0.101303,0.101303,0.002371,0.001588
config_40_det2_b15_s5_h12_w50,12,50,5,44.208378,41.632296,81.628655,2.5,True,False,1.332908,1.332376,1.033258,1.294253,0.843713,1.0,1.701979,1.701484,1.614061,1.681121,1.184342,1.0,0.102204,0.102204,0.002249,0.00159
config_40_det2_b15_s5_h12_w50,13,50,5,47.892409,41.632296,81.628655,2.5,True,True,1.251318,1.251202,1.034048,1.244635,0.829469,1.0,1.858445,1.858183,1.586203,1.783565,1.145038,1.0,0.102478,0.102478,0.001847,0.001393
config_40_det2_b15_s5_h12_w50,14,50,5,51.576441,41.632296,81.628655,2.5,True,True,1.190018,1.189857,0.994043,1.183722,0.80631,1.0,1.960953,1.96053,1.562825,1.801781,1.140036,1.0,0.097678,0.097678,0.0019,0.001336
config_40_det2_b15_s5_h12_w50,15,50,5,55.260472,41.632296,81.628655,2.5,True,True,1.144931,1.144782,1.022257,1.118022,0.778632,1.0,1.911562,1.911344,1.515783,1.85513,1.109933,1.0,0.101807,0.101807,0.001729,0.001255
config_40_det2_b15_s5_h12_w50,16,50,5,58.944504,41.632296,81.628655,2.5,True,True,1.120542,1.120325,1.011904,1.081157,0.754517,1.0,1.874682,1.874567,1.499561,1.848742,1.084166,1.0,0.101344,0.101344,0.001611,0.001162
config_40_det2_b15_s5_h12_w50,17,50,5,62.628535,41.632296,81.628655,2.5,True,True,1.090579,1.090391,0.992833,1.073201,0.74113,1.0,1.876287,1.87627,1.441665,1.788783,1.048889,1.0,0.099003,0.099003,0.001441,0.001066
config_40_det2_b15_s5_h12_w50,18,50,5,66.312567,41.632296,81.628655,2.5,True,True,1.104825,1.104624,0.981923,1.059725,0.722941,1.0,1.855352,1.851915,1.397982,1.729529,1.023649,1.0,0.10211,0.10211,0.001377,0.001048
config_40_det2_b15_s5_h12_w50,19,50,5,69.996598,41.632296,81.628655,2.5,True,True,1.121845,1.121666,0.969311,1.100777,0.717516,1.0,1.836478,1.836391,1.371916,1.748913,1.019992,1.0,0.102097,0.102097,0.001378,0.000971
config_40_det2_b15_s5_h12_w50,20,50,5,73.68063,41.632296,81.628655,2.5,True,True,1.156803,1.1565,0.950354,1.113371,0.71042,1.0,1.817073,1.817017,1.329494,1.724676,1.010485,1.0,0.09965,0.09965,0.001149,0.000897
config_41_det2_b15_s5_h12_w500,1,500,5,7.937005,91.224028,144.527004,2.5,False,False,0.996016,0.991512,0.981689,0.992264,0.991327,0.978022,1.488554,1.488479,0.48091,1.457573,1.254195,0.978022,0.101351,0.101351,0.021023,0.001564
config_41_det2_b15_s5_h12_w500,2,500,5,15.874011,91.224028,144.527004,2.5,False,False,0.964647,0.960896,0.773044,0.951497,0.790681,0.978022,1.60492,1.602726,1.287666,1.562839,1.065718,1.0,0.101351,0.101351,0.009461,0.003145
config_41_det2_b15_s5_h12_w500,3,500,5,23.811016,91.224028,144.527004,2.5,False,False,1.184249,1.180229,0.930648,1.158152,0.768063,1.0,1.625725,1.624719,1.44948,1.597606,1.108583,1.0,0.1032,0.1032,0.006145,0.002187
config_41_det2_b15_s5_h12_w500,4,500,5,31.748021,91.224028,144.527004,2.5,False,False,1.576992,1.576486,0.979008,1.5038,0.831454,1.0,1.721715,1.721093,1.47139,1.718967,1.190662,1.0,0.102573,0.102573,0.004288,0.001949
config_41_det2_b15_s5_h12_w500,5,500,5,39.685026,91.224028,144.527004,2.5,False,False,1.559688,1.55883,1.154862,1.517893,1.001768,1.0,1.683907,1.683392,1.44091,1.671714,1.15137,1.0,0.09837,0.09837,0.003097,0.001632
config_41_det2_b15_s5_h12_w500,6,500,5,47.622032,91.224028,144.527004,2.5,False,False,1.48235,1.477819,1.276717,1.443398,0.968954,1.0,1.686512,1.675601,1.39572,1.664743,1.103626,1.0,0.100766,0.100766,0.002346,0.001377
config_41_det2_b15_s5_h12_w500,7,500,5,55.559037,91.224028,144.527004,2.5,False,False,1.387503,1.387275,1.194981,1.381293,0.916546,1.0,1.647163,1.646797,1.492725,1.645135,1.127262,1.0,0.099845,0.099845,0.001832,0.001204
config_41_det2_b15_s5_h12_w500,8,500,5,63.496042,91.224028,144.527004,2.5,False,False,1.327741,1.327628,1.150838,1.310697,0.862762,1.0,1.599245,1.599072,1.428345,1.58546,1.07105,1.0,0.101738,0.101738,0.001609,0.001066
config_41_det2_b15_s5_h12_w500,9,500,5,71.433047,91.224028,144.527004,2.5,True,False,1.279894,1.267126,1.135315,1.256146,0.839183,1.0,1.569446,1.569243,1.311748,1.557261,1.033524,1.0,0.100796,0.100796,0.001502,0.000969
config_41_det2_b15_s5_h12_w500,10,500,5,79.370053,91.224028,144.527004,2.5,True,False,1.197895,1.197782,1.095209,1.178642,0.799137,1.0,1.591035,1.590514,1.270416,1.559298,1.031977,1.0,0.101853,0.101853,0.001215,0.000819
config_41_det2_b15_s5_h12_w500,11,500,5,87.307058,91.224028,144.527004,2.5,True,False,1.141213,1.141213,1.051181,1.129934,0.750972,1.0,1.547018,1.546875,1.297663,1.53115,1.031213,1.0,0.10102,0.10102,0.001094,0.000782
config_41_det2_b15_s5_h12_w500,12,500,5,95.244063,91.224028,144.527004,2.5,True,False,1.095716,1.095653,1.014164,1.081306,0.726869,1.0,1.512499,1.51198,1.309552,1.491225,1.006466,1.0,0.102648,0.102648,0.00102,0.000785
config_41_det2_b15_s5_h12_w500,13,500,5,103.181068,91.224028,144.527004,2.5,True,True,1.041973,1.041973,0.989734,1.032546,0.700832,1.0,1.485186,1.484659,1.26437,1.454388,0.97796,1.0,0.105172,0.105172,0.001033,0.000326
config_41_det2_b15_s5_h12_w500,14,500,5,111.118074,91.224028,144.527004,2.5,True,True,1.072806,1.072564,0.953948,1.030285,0.687096,1.0,1.432593,1.43258,1.24289,1.409891,0.951289,1.0,0.11204,0.11204,0.00154,0.000737
config_41_det2_b15_s5_h12_w500,15,500,5,119.055079,91.224028,144.527004,2.5,True,True,1.146772,1.142582,0.934507,1.112389,0.695887,1.0,1.440488,1.436761,1.256192,1.411794,0.938162,1.0,0.124739,0.124739,0.00187,0.000987
config_41_det2_b15_s5_h12_w500,16,500,5,126.992084,91.224028,144.527004,2.5,True,True,1.265451,1.264264,0.921891,1.197788,0.732488,1.0,1.405179,1.405082,1.314376,1.399048,0.926198,1.0,0.135963,0.135963,0.001546,0.000944
config_41_det2_b15_s5_h12_w500,17,500,5,134.929089,91.224028,144.527004,2.5,True,True,1.375739,1.364335,0.927619,1.291336,0.796314,1.0,1.384423,1.384025,1.301143,1.375732,0.910416,1.0,0.170075,0.170075,0.001487,0.001007
config_41_det2_b15_s5_h12_w500,18,500,5,142.866095,91.224028,144.527004,2.5,True,True,1.401491,1.401179,1.025879,1.369856,0.830991,1.0,1.372618,1.370638,1.300575,1.359498,0.897463,1.0,0.195556,0.195556,0.001332,0.001028
config_41_det2_b15_s5_h12_w500,19,500,5,150.8031,91.224028,144.527004,2.5,True,True,1.405572,1.405464,1.091996,1.382586,0.846648,1.0,1.350393,1.350249,1.292964,1.345075,0.891646,1.0,0.196092,0.196092,0.001508,0.000975
config_41_det2_b15_s5_h12_w500,20,500,5,158.740105,91.224028,144.527004,2.5,True,True,1.404048,1.403941,1.109278,1.374666,0.856283,1.0,1.351408,1.351073,1.299437,1.336966,0.881395,1.0,0.196092,0.196092,0.00109,0.000889
config_42_det2_b15_s5_h12_w1500,1,1500,5,11.447142,120.951336,201.442241,2.5,False,False,1.065496,1.032789,0.904504,1.004903,0.904364,0.978022,1.567066,1.566764,0.612866,1.504888,1.295185,1.0,0.101039,0.101039,0.012281,0.001425
config_42_det2_b15_s5_h12_w1500,2,1500,5,22.894285,120.951336,201.442241,2.5,False,False,1.173176,1.162603,0.979026,1.150461,0.785536,1.0,1.778625,1.777852,1.493528,1.755728,1.211366,1.0,0.1,0.1,0.006178,0.002147
config_42_det2_b15_s5_h12_w1500,3,1500,5,34.341427,120.951336,201.442241,2.5,False,False,1.49763,1.490896,0.97646,1.411043,0.820246,1.0,1.725775,1.725552,1.333466,1.706606,1.128661,1.0,0.10274,0.10274,0.004179,0.001584
config_42_det2_b15_s5_h12_w1500,4,1500,5,45.78857,120.951336,201.442241,2.5,False,False,1.621996,1.620227,1.251943,1.587997,0.990583,1.0,1.637868,1.637553,1.265281,1.614737,1.068477,1.0,0.101476,0.101476,0.002632,0.001233
config_42_det2_b15_s5_h12_w1500,5,1500,5,57.235712,120.951336,201.442241,2.5,False,False,1.463985,1.461377,1.251943,1.438463,0.948991,1.0,1.588317,1.579003,1.269056,1.57356,1.061462,1.0,0.100019,0.100019,0.002221,0.001149
config_42_det2_b15_s5_h12_w1500,6,1500,5,68.682855,120.951336,201.442241,2.5,False,False,1.355218,1.355102,1.196711,1.332991,0.896628,1.0,1.584912,1.58487,1.161182,1.58056,1.039833,1.0,0.100359,0.100359,0.001652,0.000959
config_42_det2_b15_s5_h12_w1500,7,1500,5,80.129997,120.951336,201.442241,2.5,False,False,1.256858,1.256673,1.164121,1.249613,0.844989,1.0,1.56954,1.569427,1.199729,1.555038,1.028788,1.0,0.102156,0.102156,0.001393,0.000833
config_42_det2_b15_s5_h12_w1500,8,1500,5,91.577139,120.951336,201.442241,2.5,False,False,1.177401,1.177401,1.093187,1.152068,0.775717,1.0,1.554638,1.554574,1.195948,1.532091,1.027811,1.0,0.09946,0.09946,0.001124,0.000778
config_42_det2_b15_s5_h12_w1500,9,1500,5,103.024282,120.951336,201.442241,2.5,False,False,1.141042,1.140913,1.033364,1.106687,0.752198,1.0,1.48567,1.484006,1.279701,1.481076,0.996797,1.0,0.105982,0.105982,0.001034,0.000282
config_42_det2_b15_s5_h12_w1500,10,1500,5,114.471424,120.951336,201.442241,2.5,True,False,1.141159,1.140854,0.977153,1.110009,0.736456,1.0,1.521327,1.520426,1.26695,1.495474,0.983165,1.0,0.11503,0.11503,0.001238,0.000722
config_42_det2_b15_s5_h12_w1500,11,1500,5,125.918567,120.951336,201.442241,2.5,True,False,1.171299,1.171034,0.989967,1.132041,0.745874,1.0,1.49092,1.483189,1.246168,1.473119,0.972873,1.0,0.131446,0.131446,0.001369,0.000966
config_42_det2_b15_s5_h12_w1500,12,1500,5,137.365709,120.951336,201.442241,2.5,True,False,1.197478,1.197457,1.013751,1.168284,0.761434,1.0,1.454629,1.454481,1.308866,1.445179,0.96297,1.0,0.168005,0.168005,0.001369,0.001014
config_42_det2_b15_s5_h12_w1500,13,1500,5,148.812852,120.951336,201.442241,2.5,True,True,1.186691,1.186558,1.059151,1.15389,0.757354,1.0,1.447641,1.447569,1.322829,1.435137,0.946546,1.0,0.204416,0.204416,0.001297,0.000996
config_42_det2_b15_s5_h12_w1500,14,1500,5,160.259994,120.951336,201.442241,2.5,True,True,1.166549,1.166302,1.032727,1.139869,0.742894,1.0,1.436747,1.43651,1.313507,1.427301,0.935011,1.0,0.203289,0.203289,0.001197,0.000911
config_42_det2_b15_s5_h12_w1500,15,1500,5,171.707136,120.951336,201.442241,2.5,True,True,1.155686,1.155592,1.038962,1.125393,0.727892,1.0,1.418608,1.418608,1.351658,1.408477,0.926834,1.0,0.199264,0.0,0.001172,0.0
config_42_det2_b15_s5_h12_w1500,16,1500,5,183.154279,120.951336,201.442241,2.5,True,True,1.158193,1.156962,1.016846,1.121312,0.717417,1.0,1.408327,1.408327,1.321427,1.391034,0.909811,1.0,0.199768,0.0,0.00105,0.0
config_42_det2_b15_s5_h12_w1500,17,1500,5,194.601421,120.951336,201.442241,2.5,True,True,1.13774,1.135917,1.01459,1.116771,0.707965,1.0,1.390614,1.390614,1.312644,1.377563,0.901738,1.0,0.19673,0.0,0.000916,0.0
config_42_det2_b15_s5_h12_w1500,18,1500,5,206.048564,120.951336,201.442241,2.5,True,True,1.126584,1.124875,0.989995,1.106881,0.694484,1.0,1.394896,1.394896,1.308158,1.371763,0.891815,1.0,0.208119,0.0,0.001091,0.0
config_42_det2_b15_s5_h12_w1500,19,1500,5,217.495706,120.951336,201.442241,2.5,True,True,1.118407,1.118282,0.962467,1.083499,0.690815,1.0,1.386954,1.386954,1.28997,1.375471,0.885654,1.0,0.201082,0.0,0.000988,0.0
config_42_det2_b15_s5_h12_w1500,20,1500,5,228.942849,120.951336,201.442241,2.5,True,True,1.097649,1.097524,0.94793,1.076175,0.684076,1.0,1.387182,1.38709,1.279172,1.378105,0.878817,1.0,0.202973,0.202973,0.000877,0.000635
config_43_det2_b15_s5_h24_w50,1,50,5,3.684031,29.813459,91.031071,2.5,False,False,1.034292,1.02119,1.023407,0.973739,1.076488,0.956044,1.437947,1.431424,1.033357,1.428429,1.319623,0.956044,0.096491,0.083086,0.0,0.0
config_43_det2_b15_s5_h24_w50,2,50,5,7.368063,29.813459,91.031071,2.5,False,False,1.011272,1.004583,0.968206,1.011272,1.000522,0.978022,1.427337,1.426562,1.427337,1.427337,1.406911,0.978022,0.104651,0.096774,0.020069,0.006456
config_43_det2_b15_s5_h24_w50,3,50,5,11.052094,29.813459,91.031071,2.5,False,False,0.914311,0.911343,0.914311,0.913787,0.906404,0.978022,1.075323,1.07431,0.993195,1.073403,0.987397,0.978022,0.101562,0.099804,0.012348,0.00446
config_43_det2_b15_s5_h24_w50,4,50,5,14.736126,29.813459,91.031071,2.5,False,False,0.879313,0.878123,0.78334,0.8547,0.772631,0.978022,1.272556,1.249597,1.036647,1.250546,1.001049,1.0,0.101164,0.101164,0.008113,0.003458
config_43_det2_b15_s5_h24_w50,5,50,5,18.420157,29.813459,91.031071,2.5,False,False,0.890389,0.8897,0.728371,0.867313,0.735611,0.978022,1.535664,1.533868,1.486796,1.527639,1.177801,1.0,0.098131,0.098131,0.006121,0.003198
config_43_det2_b15_s5_h24_w50,6,50,5,22.104189,29.813459,91.031071,2.5,False,False,0.943367,0.928912,0.724531,0.91135,0.730895,1.0,1.380309,1.378579,1.365799,1.37884,1.06328,1.0,0.103348,0.103348,0.00555,0.003103
config_43_det2_b15_s5_h24_w50,7,50,5,25.78822,29.813459,91.031071,2.5,False,False,1.021583,1.021091,0.914668,1.016763,0.725153,1.0,1.312204,1.311977,1.289427,1.309901,0.992867,1.0,0.102202,0.102202,0.004628,0.002788
config_43_det2_b15_s5_h24_w50,8,50,5,29.472252,29.813459,91.031071,2.5,False,False,0.971073,0.970712,0.889415,0.966742,0.703783,1.0,1.239357,1.23914,1.17729,1.233593,0.907018,1.0,0.100328,0.100328,0.003456,0.002185
config_43_det2_b15_s5_h24_w50,9,50,5,33.156283,29.813459,91.031071,2.5,True,False,1.007714,1.007141,0.896504,0.970875,0.693767,1.0,1.556998,1.543002,1.205061,1.46174,0.946789,1.0,0.10042,0.10042,0.003384,0.002028
config_43_det2_b15_s5_h24_w50,10,50,5,36.840315,29.813459,91.031071,2.5,True,False,1.002611,1.002282,0.896907,0.976517,0.698249,1.0,1.814622,1.813793,1.368688,1.767779,1.103168,1.0,0.100321,0.100321,0.002573,0.001822
config_43_det2_b15_s5_h24_w50,11,50,5,40.524346,29.813459,91.031071,2.5,True,False,0.99384,0.993302,0.876092,0.965447,0.695889,1.0,1.962107,1.961115,1.475357,1.959288,1.237056,1.0,0.101303,0.101303,0.002371,0.001588
config_43_det2_b15_s5_h24_w50,12,50,5,44.208378,29.813459,91.031071,2.5,True,False,1.002575,1.002355,0.913505,0.990857,0.683212,1.0,2.042124,2.04185,1.52526,2.012768,1.227163,1.0,0.102204,0.102204,0.002249,0.00159
config_43_det2_b15_s5_h24_w50,13,50,5,47.892409,29.813459,91.031071,2.5,True,True,0.994,0.993651,0.882832,0.980153,0.674922,1.0,2.082736,2.0824,1.552307,2.032468,1.216935,1.0,0.102478,0.102478,0.001847,0.001393
config_43_det2_b15_s5_h24_w50,14,50,5,51.576441,29.813459,91.031071,2.5,True,True,0.978989,0.978916,0.843205,0.975136,0.672742,1.0,2.04957,2.048915,1.573779,2.024578,1.236497,1.0,0.097678,0.097678,0.0019,0.001336
config_43_det2_b15_s5_h24_w50,15,50,5,55.260472,29.813459,91.031071,2.5,True,True,1.032329,1.032104,0.86432,0.966263,0.659191,1.0,2.061546,2.060505,1.550326,2.028853,1.270494,1.0,0.101807,0.101807,0.001729,0.001255
config_43_det2_b15_s5_h24_w50,16,50,5,58.944504,29.813459,91.031071,2.5,True,True,1.080486,1.080203,0.881987,1.059295,0.670122,1.0,2.023618,2.023591,1.519332,1.979818,1.237224,1.0,0.101344,0.101344,0.001611,0.001162
config_43_det2_b15_s5_h24_w50,17,50,5,62.628535,29.813459,91.031071,2.5,True,True,1.11869,1.11866,0.86534,1.072586,0.682024,1.0,2.012219,2.012152,1.499192,1.956846,1.21939,1.0,0.099003,0.099003,0.001441,0.001066
config_43_det2_b15_s5_h24_w50,18,50,5,66.312567,29.813459,91.031071,2.5,True,True,1.202772,1.201581,0.848823,1.13616,0.697252,1.0,1.992102,1.992029,1.472313,1.920372,1.210497,1.0,0.10211,0.10211,0.001377,0.001048
config_43_det2_b15_s5_h24_w50,19,50,5,69.996598,29.813459,91.031071,2.5,True,True,1.241015,1.240764,0.882885,1.202293,0.736568,1.0,1.987412,1.986737,1.464973,1.948047,1.215329,1.0,0.102097,0.102097,0.001378,0.000971
config_43_det2_b15_s5_h24_w50,20,50,5,73.68063,29.813459,91.031071,2.5,True,True,1.256914,1.248646,0.900997,1.241586,0.754864,1.0,1.980823,1.97841,1.454407,1.947388,1.21038,1.0,0.09965,0.09965,0.001149,0.000897
config_44_det2_b15_s5_h24_w500,1,500,5,7.937005,103.19792,154.437842,2.5,False,False,0.996016,0.991512,0.981689,0.992264,0.991327,0.978022,1.488554,1.488479,0.482743,1.461121,1.257815,0.978022,0.101351,0.101351,0.021023,0.001564
config_44_det2_b15_s5_h24_w500,2,500,5,15.874011,103.19792,154.437842,2.5,False,False,0.964647,0.960896,0.773044,0.951497,0.790681,0.978022,1.493611,1.491848,1.287449,1.476624,1.054134,1.0,0.101351,0.101351,0.009461,0.003145
config_44_det2_b15_s5_h24_w500,3,500,5,23.811016,103.19792,154.437842,2.5,False,False,1.115546,1.086883,0.930568,1.085948,0.762749,1.0,1.381982,1.38134,1.237495,1.380733,0.980488,1.0,0.1032,0.1032,0.006145,0.002187
config_44_det2_b15_s5_h24_w500,4,500,5,31.748021,103.19792,154.437842,2.5,False,False,1.108788,1.108373,0.963592,1.062533,0.766831,1.0,1.384908,1.384592,1.207201,1.377099,0.945709,1.0,0.102573,0.102573,0.004288,0.001949
config_44_det2_b15_s5_h24_w500,5,500,5,39.685026,103.19792,154.437842,2.5,False,False,1.151879,1.151755,1.031991,1.141317,0.782184,1.0,1.6357,1.63476,1.324829,1.598527,1.069284,1.0,0.09837,0.09837,0.003097,0.001632
config_44_det2_b15_s5_h24_w500,6,500,5,47.622032,103.19792,154.437842,2.5,False,False,1.307435,1.30708,1.04858,1.195058,0.802881,1.0,1.737579,1.737034,1.397814,1.716419,1.143737,1.0,0.100766,0.100766,0.002346,0.001377
config_44_det2_b15_s5_h24_w500,7,500,5,55.559037,103.19792,154.437842,2.5,False,False,1.408188,1.408135,1.027806,1.377673,0.813055,1.0,1.761072,1.753197,1.449412,1.747665,1.157737,1.0,0.099845,0.099845,0.001832,0.001204
config_44_det2_b15_s5_h24_w500,8,500,5,63.496042,103.19792,154.437842,2.5,False,False,1.468768,1.463013,1.012345,1.426362,0.854075,1.0,1.739057,1.730262,1.460848,1.710699,1.138726,1.0,0.101738,0.101738,0.001609,0.001066
config_44_det2_b15_s5_h24_w500,9,500,5,71.433047,103.19792,154.437842,2.5,False,False,1.394675,1.390115,0.994435,1.353882,0.852571,1.0,1.712031,1.69699,1.426567,1.679407,1.111578,1.0,0.100796,0.100796,0.001502,0.000969
config_44_det2_b15_s5_h24_w500,10,500,5,79.370053,103.19792,154.437842,2.5,True,False,1.318914,1.318877,1.019055,1.314587,0.855869,1.0,1.689712,1.688593,1.427022,1.676506,1.106334,1.0,0.101853,0.101853,0.001215,0.000819
config_44_det2_b15_s5_h24_w500,11,500,5,87.307058,103.19792,154.437842,2.5,True,False,1.299341,1.299096,1.02302,1.258207,0.829249,1.0,1.663943,1.663729,1.45882,1.658194,1.11286,1.0,0.10102,0.10102,0.001094,0.000782
config_44_det2_b15_s5_h24_w500,12,500,5,95.244063,103.19792,154.437842,2.5,True,True,1.262512,1.260031,1.015017,1.233386,0.815878,1.0,1.636663,1.636455,1.447146,1.614575,1.078936,1.0,0.102648,0.102648,0.00102,0.000785
config_44_det2_b15_s5_h24_w500,13,500,5,103.181068,103.19792,154.437842,2.5,True,True,1.237989,1.237618,1.056669,1.219492,0.814308,1.0,1.648333,1.645162,1.450984,1.623953,1.072915,1.0,0.105172,0.105172,0.001033,0.000326
config_44_det2_b15_s5_h24_w500,14,500,5,111.118074,103.19792,154.437842,2.5,True,True,1.234363,1.234261,1.083763,1.216118,0.812291,1.0,1.643833,1.643131,1.42041,1.620638,1.067586,1.0,0.11204,0.11204,0.00154,0.000737
config_44_det2_b15_s5_h24_w500,15,500,5,119.055079,103.19792,154.437842,2.5,True,True,1.220626,1.216784,1.099293,1.195538,0.79989,1.0,1.618948,1.618772,1.423491,1.594095,1.068237,1.0,0.124739,0.124739,0.00187,0.000987
config_44_det2_b15_s5_h24_w500,16,500,5,126.992084,103.19792,154.437842,2.5,True,True,1.180843,1.180424,1.105024,1.171313,0.782136,1.0,1.592736,1.591955,1.432032,1.582866,1.056558,1.0,0.135963,0.135963,0.001546,0.000944
config_44_det2_b15_s5_h24_w500,17,500,5,134.929089,103.19792,154.437842,2.5,True,True,1.136374,1.136108,1.078492,1.12644,0.760881,1.0,1.55252,1.552064,1.435279,1.532035,1.021979,1.0,0.170075,0.170075,0.001487,0.001007
config_44_det2_b15_s5_h24_w500,18,500,5,142.866095,103.19792,154.437842,2.5,True,True,1.131504,1.127036,1.067786,1.110044,0.745086,1.0,1.532711,1.53229,1.466109,1.525515,1.009045,1.0,0.195556,0.195556,0.001332,0.001028
config_44_det2_b15_s5_h24_w500,19,500,5,150.8031,103.19792,154.437842,2.5,True,True,1.10774,1.10772,1.036076,1.093708,0.726452,1.0,1.504488,1.504223,1.442926,1.498223,0.989675,1.0,0.196092,0.196092,0.001508,0.000975
config_44_det2_b15_s5_h24_w500,20,500,5,158.740105,103.19792,154.437842,2.5,True,True,1.114251,1.114127,1.017911,1.078287,0.710065,1.0,1.486853,1.486494,1.443376,1.477989,0.975384,1.0,0.196092,0.196092,0.00109,0.000889
config_45_det2_b15_s5_h24_w1500,1,1500,5,11.447142,134.789899,217.782546,2.5,False,False,1.065496,1.033229,0.904504,1.004903,0.904364,0.978022,1.567066,1.566764,0.633777,1.506875,1.302591,1.0,0.101039,0.101039,0.012281,0.001425
config_45_det2_b15_s5_h24_w1500,2,1500,5,22.894285,134.789899,217.782546,2.5,False,False,1.173172,1.16266,0.979022,1.150245,0.785258,1.0,1.574853,1.574631,1.396444,1.573014,1.147365,1.0,0.1,0.1,0.006178,0.002147
config_45_det2_b15_s5_h24_w1500,3,1500,5,34.341427,134.789899,217.782546,2.5,False,False,1.190726,1.182479,0.973833,1.165975,0.774441,1.0,1.542496,1.542127,1.255347,1.526695,1.02794,1.0,0.10274,0.10274,0.004179,0.001584
config_45_det2_b15_s5_h24_w1500,4,1500,5,45.78857,134.789899,217.782546,2.5,False,False,1.275607,1.275477,1.048894,1.241714,0.787595,1.0,1.713106,1.712602,1.294747,1.705538,1.108447,1.0,0.101476,0.101476,0.002632,0.001233
config_45_det2_b15_s5_h24_w1500,5,1500,5,57.235712,134.789899,217.782546,2.5,False,False,1.543921,1.54374,1.018914,1.499954,0.835609,1.0,1.685739,1.685343,1.299757,1.675474,1.105177,1.0,0.100019,0.100019,0.002221,0.001149
config_45_det2_b15_s5_h24_w1500,6,1500,5,68.682855,134.789899,217.782546,2.5,False,False,1.46516,1.46515,1.070641,1.437642,0.891763,1.0,1.672046,1.671674,1.17277,1.652721,1.076808,1.0,0.100359,0.100359,0.001652,0.000959
config_45_det2_b15_s5_h24_w1500,7,1500,5,80.129997,134.789899,217.782546,2.5,False,False,1.425564,1.42092,1.078871,1.395057,0.892862,1.0,1.630099,1.629696,1.199683,1.606074,1.067473,1.0,0.102156,0.102156,0.001393,0.000833
config_45_det2_b15_s5_h24_w1500,8,1500,5,91.577139,134.789899,217.782546,2.5,False,False,1.35342,1.353257,1.104332,1.324256,0.870644,1.0,1.636898,1.636782,1.256704,1.595996,1.067974,1.0,0.09946,0.09946,0.001124,0.000778
config_45_det2_b15_s5_h24_w1500,9,1500,5,103.024282,134.789899,217.782546,2.5,True,False,1.337686,1.337458,1.129127,1.296955,0.859883,1.0,1.647439,1.647343,1.321506,1.631616,1.064237,1.0,0.105982,0.105982,0.001034,0.000282
config_45_det2_b15_s5_h24_w1500,10,1500,5,114.471424,134.789899,217.782546,2.5,True,False,1.288543,1.288433,1.099801,1.276612,0.846827,1.0,1.629099,1.629076,1.375501,1.616893,1.059433,1.0,0.11503,0.11503,0.001238,0.000722
config_45_det2_b15_s5_h24_w1500,11,1500,5,125.918567,134.789899,217.782546,2.5,True,False,1.252343,1.25219,1.119316,1.2373,0.82142,1.0,1.607173,1.606984,1.433264,1.589265,1.061592,1.0,0.131446,0.131446,0.001369,0.000966
config_45_det2_b15_s5_h24_w1500,12,1500,5,137.365709,134.789899,217.782546,2.5,True,True,1.229393,1.229393,1.115987,1.212655,0.796074,1.0,1.590194,1.589446,1.443932,1.573655,1.041792,1.0,0.168005,0.168005,0.001369,0.001014
config_45_det2_b15_s5_h24_w1500,13,1500,5,148.812852,134.789899,217.782546,2.5,True,True,1.203584,1.203338,1.095757,1.170486,0.770923,1.0,1.574163,1.57406,1.438921,1.563757,1.025953,1.0,0.204416,0.204416,0.001297,0.000996
config_45_det2_b15_s5_h24_w1500,14,1500,5,160.259994,134.789899,217.782546,2.5,True,True,1.16667,1.166654,1.072417,1.14522,0.751963,1.0,1.546654,1.544327,1.435117,1.537916,1.015579,1.0,0.203289,0.203289,0.001197,0.000911
config_45_det2_b15_s5_h24_w1500,15,1500,5,171.707136,134.789899,217.782546,2.5,True,True,1.146669,1.146341,1.051323,1.120159,0.732785,1.0,1.52429,1.52429,1.437025,1.519189,1.000067,1.0,0.199264,0.0,0.001172,0.0
config_45_det2_b15_s5_h24_w1500,16,1500,5,183.154279,134.789899,217.782546,2.5,True,True,1.109105,1.10905,1.018405,1.097854,0.716809,1.0,1.532558,1.532558,1.407696,1.519145,0.991625,1.0,0.199768,0.0,0.00105,0.0
config_45_det2_b15_s5_h24_w1500,17,1500,5,194.601421,134.789899,217.782546,2.5,True,True,1.072791,1.072725,1.005157,1.061168,0.695791,1.0,1.570871,1.570871,1.400802,1.554024,1.000247,1.0,0.19673,0.0,0.000916,0.0
config_45_det2_b15_s5_h24_w1500,18,1500,5,206.048564,134.789899,217.782546,2.5,True,True,1.097149,1.097149,0.973446,1.069518,0.680068,1.0,1.588614,1.588614,1.393033,1.581835,1.004981,1.0,0.208119,0.0,0.001091,0.0
config_45_det2_b15_s5_h24_w1500,19,1500,5,217.495706,134.789899,217.782546,2.5,True,True,1.082481,1.079408,0.957436,1.057671,0.669304,1.0,1.620291,1.620291,1.413011,1.60615,1.012325,1.0,0.201082,0.0,0.000988,0.0
config_45_det2_b15_s5_h24_w1500,20,1500,5,228.942849,134.789899,217.782546,2.5,True,True,1.074096,1.074096,0.937141,1.061411,0.662601,1.0,1.642062,1.641821,1.427914,1.635876,1.022025,1.0,0.202973,0.202973,0.000877,0.000635
config_46_det2_b15_s20_h4_w50,1,50,20,3.684031,29.213098,56.234588,10.0,False,False,1.130389,1.110529,1.130389,1.130389,1.209455,0.978022,0.567948,0.418507,0.324129,0.385278,0.477458,0.604396,0.096491,0.083086,0.0,0.0
config_46_det2_b15_s20_h4_w50,2,50,20,7.368063,29.213098,56.234588,10.0,False,False,1.139574,1.129882,1.139574,1.139574,1.142827,1.0,0.964995,0.955644,0.964995,0.964995,0.982963,0.978022,0.104651,0.096774,0.020069,0.006456
config_46_det2_b15_s20_h4_w50,3,50,20,11.052094,29.213098,56.234588,10.0,False,False,1.063955,1.059417,0.990861,1.046874,0.996264,1.0,1.266359,1.246798,0.763857,1.248956,1.061901,1.0,0.101562,0.099804,0.012348,0.00446
config_46_det2_b15_s20_h4_w50,4,50,20,14.736126,29.213098,56.234588,10.0,False,False,1.11608,1.113455,1.001297,1.101833,1.045464,1.0,1.237888,1.232882,0.618973,1.226259,1.188438,1.0,0.101164,0.101164,0.008113,0.003458
config_46_det2_b15_s20_h4_w50,5,50,20,18.420157,29.213098,56.234588,10.0,False,False,1.071757,1.06972,1.001887,1.059367,1.032367,1.0,1.156007,1.155143,1.132678,1.148487,1.138284,1.0,0.098131,0.098131,0.006121,0.003198
config_46_det2_b15_s20_h4_w50,6,50,20,22.104189,29.213098,56.234588,10.0,False,False,1.002338,1.000332,0.976539,0.992836,0.980514,1.0,1.060871,1.059609,1.055928,1.054526,1.050046,1.0,0.103348,0.103348,0.00555,0.003103
config_46_det2_b15_s20_h4_w50,7,50,20,25.78822,29.213098,56.234588,10.0,False,False,0.940892,0.939586,0.929173,0.932917,0.926687,1.0,1.000302,0.999758,1.00013,0.996996,0.986708,1.0,0.102202,0.102202,0.004628,0.002788
config_46_det2_b15_s20_h4_w50,8,50,20,29.472252,29.213098,56.234588,10.0,False,False,0.905209,0.891088,0.887837,0.884789,0.880505,1.0,1.114821,1.099128,0.917356,1.096542,0.91655,1.0,0.100328,0.100328,0.003456,0.002185
config_46_det2_b15_s20_h4_w50,9,50,20,33.156283,29.213098,56.234588,10.0,True,False,0.92992,0.929456,0.850838,0.910399,0.846985,1.0,1.100352,1.100063,0.856024,1.097272,0.885079,1.0,0.10042,0.10042,0.003384,0.002028
config_46_det2_b15_s20_h4_w50,10,50,20,36.840315,29.213098,56.234588,10.0,True,False,1.026839,1.026383,0.823561,1.006515,0.827325,1.0,1.104883,1.09065,0.865498,1.100772,0.868537,1.0,0.100321,0.100321,0.002573,0.001822
config_46_det2_b15_s20_h4_w50,11,50,20,40.524346,29.213098,56.234588,10.0,True,False,1.173664,1.172784,0.864747,1.112576,0.843698,1.0,1.143267,1.137649,0.973362,1.129001,0.93964,1.0,0.101303,0.101303,0.002371,0.001588
config_46_det2_b15_s20_h4_w50,12,50,20,44.208378,29.213098,56.234588,10.0,True,False,1.191813,1.190943,0.907399,1.184137,0.883482,1.0,1.199935,1.185432,1.00251,1.183821,0.999599,1.0,0.102204,0.102204,0.002249,0.00159
config_46_det2_b15_s20_h4_w50,13,50,20,47.892409,29.213098,56.234588,10.0,True,False,1.139561,1.139322,0.957636,1.13621,0.915825,1.0,1.171751,1.17126,1.035921,1.159312,1.023568,1.0,0.102478,0.102478,0.001847,0.001393
config_46_det2_b15_s20_h4_w50,14,50,20,51.576441,29.213098,56.234588,10.0,True,True,1.104135,1.103704,0.973738,1.090212,0.932289,1.0,1.233899,1.233574,1.04516,1.208567,1.02061,1.0,0.097678,0.097678,0.0019,0.001336
config_46_det2_b15_s20_h4_w50,15,50,20,55.260472,29.213098,56.234588,10.0,True,True,1.145719,1.138777,0.976432,1.114522,0.935607,1.0,1.195485,1.1952,1.007669,1.172497,0.994785,1.0,0.101807,0.101807,0.001729,0.001255
config_46_det2_b15_s20_h4_w50,16,50,20,58.944504,29.213098,56.234588,10.0,True,True,1.132624,1.132282,0.958464,1.111245,0.925208,1.0,1.157947,1.157811,0.975264,1.137215,0.961489,1.0,0.101344,0.101344,0.001611,0.001162
config_46_det2_b15_s20_h4_w50,17,50,20,62.628535,29.213098,56.234588,10.0,True,True,1.140898,1.140792,0.936922,1.106753,0.911349,1.0,1.108957,1.108745,0.951156,1.106773,0.931248,1.0,0.099003,0.099003,0.001441,0.001066
config_46_det2_b15_s20_h4_w50,18,50,20,66.312567,29.213098,56.234588,10.0,True,True,1.172924,1.172779,0.922067,1.147132,0.888158,1.0,1.139249,1.138963,0.947165,1.119363,0.916617,1.0,0.10211,0.10211,0.001377,0.001048
config_46_det2_b15_s20_h4_w50,19,50,20,69.996598,29.213098,56.234588,10.0,True,True,1.205293,1.20515,0.890059,1.171045,0.86335,1.0,1.132175,1.131982,0.969771,1.109348,0.917747,1.0,0.102097,0.102097,0.001378,0.000971
config_46_det2_b15_s20_h4_w50,20,50,20,73.68063,29.213098,56.234588,10.0,True,True,1.176825,1.176698,0.860574,1.167019,0.840594,1.0,1.175451,1.158758,0.970906,1.135665,0.928641,1.0,0.09965,0.09965,0.001149,0.000897
config_47_det2_b15_s20_h4_w500,1,500,20,7.937005,88.382766,101.918851,10.0,False,False,1.125028,1.115954,1.125028,1.125028,1.128213,1.0,0.984966,0.984966,0.226019,0.971164,0.428097,0.934066,0.101351,0.101351,0.021023,0.001564
config_47_det2_b15_s20_h4_w500,2,500,20,15.874011,88.382766,101.918851,10.0,False,False,1.085455,1.082669,1.018962,1.077387,1.04889,1.0,1.279984,1.277634,1.115637,1.271074,1.25424,1.0,0.101351,0.101351,0.009461,0.003145
config_47_det2_b15_s20_h4_w500,3,500,20,23.811016,88.382766,101.918851,10.0,False,False,0.988473,0.987309,0.967902,0.980113,0.9701,1.0,1.048119,1.047635,1.047432,1.0452,1.034868,1.0,0.1032,0.1032,0.006145,0.002187
config_47_det2_b15_s20_h4_w500,4,500,20,31.748021,88.382766,101.918851,10.0,False,False,0.880974,0.880214,0.874131,0.875532,0.868504,1.0,1.097745,1.097394,0.855273,1.063554,0.853717,1.0,0.102573,0.102573,0.004288,0.001949
config_47_det2_b15_s20_h4_w500,5,500,20,39.685026,88.382766,101.918851,10.0,False,False,1.249642,1.249125,0.909275,1.214872,0.879129,1.0,1.14208,1.141115,0.929633,1.132845,0.946687,1.0,0.09837,0.09837,0.003097,0.001632
config_47_det2_b15_s20_h4_w500,6,500,20,47.622032,88.382766,101.918851,10.0,False,False,1.16242,1.16191,0.965694,1.143356,0.960521,1.0,1.093553,1.083897,1.027981,1.082926,0.993237,1.0,0.100766,0.100766,0.002346,0.001377
config_47_det2_b15_s20_h4_w500,7,500,20,55.559037,88.382766,101.918851,10.0,False,False,1.157763,1.157514,1.012377,1.140731,0.979711,1.0,1.085361,1.085004,0.97598,1.082543,0.965128,1.0,0.099845,0.099845,0.001832,0.001204
config_47_det2_b15_s20_h4_w500,8,500,20,63.496042,88.382766,101.918851,10.0,False,False,1.300579,1.29144,0.940563,1.253785,0.921413,1.0,1.113442,1.108529,0.950041,1.095917,0.935814,1.0,0.101738,0.101738,0.001609,0.001066
config_47_det2_b15_s20_h4_w500,9,500,20,71.433047,88.382766,101.918851,10.0,True,False,1.240818,1.240636,0.897055,1.221285,0.888217,1.0,1.085374,1.085038,0.955797,1.071642,0.943748,1.0,0.100796,0.100796,0.001502,0.000969
config_47_det2_b15_s20_h4_w500,10,500,20,79.370053,88.382766,101.918851,10.0,True,False,1.187925,1.18763,0.905317,1.159902,0.894765,1.0,1.089199,1.088691,0.959839,1.078078,0.963136,1.0,0.101853,0.101853,0.001215,0.000819
config_47_det2_b15_s20_h4_w500,11,500,20,87.307058,88.382766,101.918851,10.0,True,False,1.14745,1.145962,0.970695,1.118878,0.941855,1.0,1.091893,1.085519,0.972105,1.073452,0.958353,1.0,0.10102,0.10102,0.001094,0.000782
config_47_det2_b15_s20_h4_w500,12,500,20,95.244063,88.382766,101.918851,10.0,True,True,1.119622,1.119515,0.973947,1.105748,0.944746,1.0,1.103493,1.102981,0.963207,1.088538,0.949749,1.0,0.102648,0.102648,0.00102,0.000785
config_47_det2_b15_s20_h4_w500,13,500,20,103.181068,88.382766,101.918851,10.0,True,True,1.110479,1.11025,0.973818,1.079571,0.919256,1.0,1.098991,1.09893,0.935189,1.092177,0.939472,1.0,0.105172,0.105172,0.001033,0.000326
config_47_det2_b15_s20_h4_w500,14,500,20,111.118074,88.382766,101.918851,10.0,True,True,1.184371,1.17636,0.950512,1.122666,0.894905,1.0,1.089634,1.089534,0.934251,1.083882,0.952703,1.0,0.11204,0.11204,0.00154,0.000737
config_47_det2_b15_s20_h4_w500,15,500,20,119.055079,88.382766,101.918851,10.0,True,True,1.208811,1.208558,0.953703,1.172943,0.903974,1.0,1.101235,1.101086,0.968663,1.086335,0.964378,1.0,0.124739,0.124739,0.00187,0.000987
config_47_det2_b15_s20_h4_w500,16,500,20,126.992084,88.382766,101.918851,10.0,True,True,1.200316,1.192759,0.972004,1.151925,0.924072,1.0,1.097473,1.097245,0.96053,1.07669,0.943455,1.0,0.135963,0.135963,0.001546,0.000944
config_47_det2_b15_s20_h4_w500,17,500,20,134.929089,88.382766,101.918851,10.0,True,True,1.273585,1.273521,0.970058,1.230304,0.925831,1.0,1.110044,1.109647,0.945608,1.083127,0.929992,1.0,0.170075,0.170075,0.001487,0.001007
config_47_det2_b15_s20_h4_w500,18,500,20,142.866095,88.382766,101.918851,10.0,True,True,1.283491,1.283432,0.985086,1.253499,0.935937,1.0,1.099617,1.099265,0.958812,1.0922,0.946553,1.0,0.195556,0.195556,0.001332,0.001028
config_47_det2_b15_s20_h4_w500,19,500,20,150.8031,88.382766,101.918851,10.0,True,True,1.258245,1.242667,0.976049,1.210258,0.932219,1.0,1.104936,1.104762,0.981406,1.096692,0.946887,1.0,0.196092,0.196092,0.001508,0.000975
config_47_det2_b15_s20_h4_w500,20,500,20,158.740105,88.382766,101.918851,10.0,True,True,1.304645,1.304491,0.974537,1.280535,0.935558,1.0,1.121915,1.121778,1.032608,1.10008,0.963353,1.0,0.196092,0.196092,0.00109,0.000889
config_48_det2_b15_s20_h4_w1500,1,1500,20,11.447142,113.530964,138.957423,10.0,False,False,1.094289,1.090139,1.013709,1.086614,1.027491,1.0,1.322423,1.30179,0.256554,1.267549,0.908223,1.0,0.101039,0.101039,0.012281,0.001425
config_48_det2_b15_s20_h4_w1500,2,1500,20,22.894285,113.530964,138.957423,10.0,False,False,1.002525,1.001114,0.970228,1.001818,0.981597,1.0,1.098435,1.097662,1.098247,1.095711,1.083771,1.0,0.1,0.1,0.006178,0.002147
config_48_det2_b15_s20_h4_w1500,3,1500,20,34.341427,113.530964,138.957423,10.0,False,False,0.918987,0.918351,0.866729,0.903284,0.855103,1.0,1.068627,1.068158,0.823428,1.062134,0.882077,1.0,0.10274,0.10274,0.004179,0.001584
config_48_det2_b15_s20_h4_w1500,4,1500,20,45.78857,113.530964,138.957423,10.0,False,False,1.172386,1.172008,0.941538,1.170537,0.935985,1.0,1.090118,1.089483,0.962644,1.076815,0.98681,1.0,0.101476,0.101476,0.002632,0.001233
config_48_det2_b15_s20_h4_w1500,5,1500,20,57.235712,113.530964,138.957423,10.0,False,False,1.181795,1.175042,0.989051,1.125962,0.958631,1.0,0.999657,0.999369,0.927576,0.996859,0.931811,1.0,0.100019,0.100019,0.002221,0.001149
config_48_det2_b15_s20_h4_w1500,6,1500,20,68.682855,113.530964,138.957423,10.0,False,False,1.262035,1.261793,0.910536,1.232968,0.904844,1.0,1.090046,1.089689,0.913218,1.084296,0.935113,1.0,0.100359,0.100359,0.001652,0.000959
config_48_det2_b15_s20_h4_w1500,7,1500,20,80.129997,113.530964,138.957423,10.0,False,False,1.187909,1.187767,0.989875,1.185193,0.947782,1.0,1.062999,1.062534,0.916802,1.059914,0.952078,1.0,0.102156,0.102156,0.001393,0.000833
config_48_det2_b15_s20_h4_w1500,8,1500,20,91.577139,113.530964,138.957423,10.0,False,False,1.158232,1.158034,0.988881,1.135286,0.968133,1.0,1.019276,1.018976,0.938043,1.015288,0.935136,1.0,0.09946,0.09946,0.001124,0.000778
config_48_det2_b15_s20_h4_w1500,9,1500,20,103.024282,113.530964,138.957423,10.0,True,False,1.146241,1.142744,0.979807,1.12097,0.927303,1.0,1.090568,1.085382,0.896813,1.067303,0.922174,1.0,0.105982,0.105982,0.001034,0.000282
config_48_det2_b15_s20_h4_w1500,10,1500,20,114.471424,113.530964,138.957423,10.0,True,False,1.235011,1.234714,0.967354,1.196827,0.917431,1.0,1.057965,1.057495,0.874564,1.052433,0.939222,1.0,0.11503,0.11503,0.001238,0.000722
config_48_det2_b15_s20_h4_w1500,11,1500,20,125.918567,113.530964,138.957423,10.0,True,False,1.252233,1.251918,0.990539,1.196174,0.936742,1.0,1.046784,1.046445,0.912438,1.038466,0.939062,1.0,0.131446,0.131446,0.001369,0.000966
config_48_det2_b15_s20_h4_w1500,12,1500,20,137.365709,113.530964,138.957423,10.0,True,True,1.296674,1.296503,0.97764,1.259129,0.938754,1.0,1.068104,1.067977,0.91421,1.05909,0.926771,1.0,0.168005,0.168005,0.001369,0.001014
config_48_det2_b15_s20_h4_w1500,13,1500,20,148.812852,113.530964,138.957423,10.0,True,True,1.301272,1.301217,0.974953,1.251566,0.942865,1.0,1.063938,1.063528,0.921198,1.057446,0.931778,1.0,0.204416,0.204416,0.001297,0.000996
config_48_det2_b15_s20_h4_w1500,14,1500,20,160.259994,113.530964,138.957423,10.0,True,True,1.312404,1.312369,0.989731,1.291479,0.951866,1.0,1.046527,1.046164,0.97544,1.040502,0.941246,1.0,0.203289,0.203289,0.001197,0.000911
config_48_det2_b15_s20_h4_w1500,15,1500,20,171.707136,113.530964,138.957423,10.0,True,True,1.319414,1.319301,0.98601,1.274292,0.945284,1.0,1.063942,1.063942,0.9589,1.054941,0.932467,1.0,0.199264,0.0,0.001172,0.0
config_48_det2_b15_s20_h4_w1500,16,1500,20,183.154279,113.530964,138.957423,10.0,True,True,1.290581,1.29044,0.966414,1.248688,0.937193,1.0,1.069141,1.069141,0.965385,1.059296,0.935584,1.0,0.199768,0.0,0.00105,0.0
config_48_det2_b15_s20_h4_w1500,17,1500,20,194.601421,113.530964,138.957423,10.0,True,True,1.24971,1.243047,0.989671,1.215022,0.951138,1.0,1.054717,1.054717,0.968849,1.051972,0.936071,1.0,0.19673,0.0,0.000916,0.0
config_48_det2_b15_s20_h4_w1500,18,1500,20,206.048564,113.530964,138.957423,10.0,True,True,1.232225,1.232116,0.99472,1.218165,0.94738,1.0,1.079007,1.079007,0.973219,1.066389,0.935031,1.0,0.208119,0.0,0.001091,0.0
config_48_det2_b15_s20_h4_w1500,19,1500,20,217.495706,113.530964,138.957423,10.0,True,True,1.195351,1.195176,0.981554,1.176798,0.937675,1.0,1.076643,1.076643,0.982577,1.062833,0.938133,1.0,0.201082,0.0,0.000988,0.0
config_48_det2_b15_s20_h4_w1500,20,1500,20,228.942849,113.530964,138.957423,10.0,True,True,1.159006,1.15754,0.981312,1.141635,0.934727,1.0,1.076253,1.07597,0.989185,1.060064,0.938132,1.0,0.202973,0.202973,0.000877,0.000635
config_49_det2_b15_s20_h12_w50,1,50,20,3.684031,27.681589,61.565842,10.0,False,False,1.130389,1.110529,1.130389,1.130389,1.209455,0.978022,0.567948,0.418507,0.324129,0.385278,0.477458,0.604396,0.096491,0.083086,0.0,0.0
config_49_det2_b15_s20_h12_w50,2,50,20,7.368063,27.681589,61.565842,10.0,False,False,1.139574,1.129882,1.139574,1.139574,1.142827,1.0,0.964995,0.955644,0.964995,0.964995,0.982963,0.978022,0.104651,0.096774,0.020069,0.006456
config_49_det2_b15_s20_h12_w50,3,50,20,11.052094,27.681589,61.565842,10.0,False,False,1.063955,1.059417,0.990861,1.046874,0.996264,1.0,1.292625,1.273062,0.763857,1.27384,1.073761,1.0,0.101562,0.099804,0.012348,0.00446
config_49_det2_b15_s20_h12_w50,4,50,20,14.736126,27.681589,61.565842,10.0,False,False,1.11608,1.113455,1.001297,1.101833,1.045464,1.0,1.280575,1.277886,0.618973,1.267065,1.222366,1.0,0.101164,0.101164,0.008113,0.003458
config_49_det2_b15_s20_h12_w50,5,50,20,18.420157,27.681589,61.565842,10.0,False,False,1.071757,1.06972,1.001887,1.059367,1.032367,1.0,1.183975,1.182588,1.141459,1.174006,1.159813,1.0,0.098131,0.098131,0.006121,0.003198
config_49_det2_b15_s20_h12_w50,6,50,20,22.104189,27.681589,61.565842,10.0,False,False,1.002592,1.001086,0.9766,0.993078,0.981112,1.0,1.138563,1.137062,1.13744,1.132763,1.122483,1.0,0.103348,0.103348,0.00555,0.003103
config_49_det2_b15_s20_h12_w50,7,50,20,25.78822,27.681589,61.565842,10.0,False,False,0.941974,0.941444,0.930099,0.934261,0.928405,1.0,1.039369,1.038234,1.039209,1.034436,1.024028,1.0,0.102202,0.102202,0.004628,0.002788
config_49_det2_b15_s20_h12_w50,8,50,20,29.472252,27.681589,61.565842,10.0,True,False,0.94816,0.947652,0.892875,0.917483,0.885398,1.0,0.965935,0.964536,0.963581,0.959159,0.949043,1.0,0.100328,0.100328,0.003456,0.002185
config_49_det2_b15_s20_h12_w50,9,50,20,33.156283,27.681589,61.565842,10.0,True,False,0.932967,0.932226,0.85981,0.928324,0.855038,1.0,1.048739,1.048182,0.907905,1.02904,0.911793,1.0,0.10042,0.10042,0.003384,0.002028
config_49_det2_b15_s20_h12_w50,10,50,20,36.840315,27.681589,61.565842,10.0,True,False,0.922897,0.922259,0.834097,0.913346,0.8333,1.0,1.050717,1.049301,0.873159,1.047937,0.90639,1.0,0.100321,0.100321,0.002573,0.001822
config_49_det2_b15_s20_h12_w50,11,50,20,40.524346,27.681589,61.565842,10.0,True,False,0.923443,0.922656,0.820113,0.908385,0.827835,1.0,1.296632,1.295906,0.898586,1.257972,0.962693,1.0,0.101303,0.101303,0.002371,0.001588
config_49_det2_b15_s20_h12_w50,12,50,20,44.208378,27.681589,61.565842,10.0,True,False,0.918204,0.917194,0.832979,0.9162,0.830757,1.0,1.286526,1.286116,0.913753,1.254259,0.977392,1.0,0.102204,0.102204,0.002249,0.00159
config_49_det2_b15_s20_h12_w50,13,50,20,47.892409,27.681589,61.565842,10.0,True,False,0.926864,0.926653,0.830664,0.892639,0.82113,1.0,1.23485,1.216249,0.886186,1.201695,0.970336,1.0,0.102478,0.102478,0.001847,0.001393
config_49_det2_b15_s20_h12_w50,14,50,20,51.576441,27.681589,61.565842,10.0,True,True,1.013305,1.012812,0.837269,0.989704,0.81355,1.0,1.224635,1.224592,0.856929,1.190696,0.983511,1.0,0.097678,0.097678,0.0019,0.001336
config_49_det2_b15_s20_h12_w50,15,50,20,55.260472,27.681589,61.565842,10.0,True,True,1.009105,1.008921,0.851816,0.98949,0.810325,1.0,1.175166,1.175013,0.857066,1.159814,0.970526,1.0,0.101807,0.101807,0.001729,0.001255
config_49_det2_b15_s20_h12_w50,16,50,20,58.944504,27.681589,61.565842,10.0,True,True,1.003154,1.003007,0.833658,0.975747,0.801585,1.0,1.150182,1.149902,0.834057,1.118744,0.944706,1.0,0.101344,0.101344,0.001611,0.001162
config_49_det2_b15_s20_h12_w50,17,50,20,62.628535,27.681589,61.565842,10.0,True,True,0.990778,0.990511,0.811776,0.95436,0.788414,1.0,1.189335,1.171307,0.822642,1.145117,0.924067,1.0,0.099003,0.099003,0.001441,0.001066
config_49_det2_b15_s20_h12_w50,18,50,20,66.312567,27.681589,61.565842,10.0,True,True,0.955377,0.955184,0.792679,0.934403,0.773886,1.0,1.184876,1.184565,0.841014,1.165582,0.924811,1.0,0.10211,0.10211,0.001377,0.001048
config_49_det2_b15_s20_h12_w50,19,50,20,69.996598,27.681589,61.565842,10.0,True,True,0.924513,0.924319,0.778858,0.90128,0.766769,1.0,1.230979,1.230686,0.87577,1.218396,0.923476,1.0,0.102097,0.102097,0.001378,0.000971
config_49_det2_b15_s20_h12_w50,20,50,20,73.68063,27.681589,61.565842,10.0,True,True,0.962735,0.962594,0.780247,0.905876,0.757289,1.0,1.273671,1.267716,0.865792,1.243042,0.937955,1.0,0.09965,0.09965,0.001149,0.000897
config_50_det2_b15_s20_h12_w500,1,500,20,7.937005,82.735428,117.995938,10.0,False,False,1.125028,1.115954,1.125028,1.125028,1.128213,1.0,1.036588,1.03586,0.226019,0.971164,0.432325,0.934066,0.101351,0.101351,0.021023,0.001564
config_50_det2_b15_s20_h12_w500,2,500,20,15.874011,82.735428,117.995938,10.0,False,False,1.085455,1.082669,1.018962,1.077387,1.04889,1.0,1.478572,1.476289,1.13559,1.460642,1.382061,1.0,0.101351,0.101351,0.009461,0.003145
config_50_det2_b15_s20_h12_w500,3,500,20,23.811016,82.735428,117.995938,10.0,False,False,0.99165,0.990348,0.969216,0.982654,0.97322,1.0,1.106352,1.105118,1.106181,1.101547,1.090546,1.0,0.1032,0.1032,0.006145,0.002187
config_50_det2_b15_s20_h12_w500,4,500,20,31.748021,82.735428,117.995938,10.0,False,False,0.970989,0.957533,0.900148,0.933746,0.891883,1.0,1.043924,1.043348,0.923019,1.025186,0.923232,1.0,0.102573,0.102573,0.004288,0.001949
config_50_det2_b15_s20_h12_w500,5,500,20,39.685026,82.735428,117.995938,10.0,False,False,1.011584,1.011093,0.846384,0.950247,0.851219,1.0,1.247013,1.243959,0.911375,1.231157,1.044665,1.0,0.09837,0.09837,0.003097,0.001632
config_50_det2_b15_s20_h12_w500,6,500,20,47.622032,82.735428,117.995938,10.0,False,False,1.128675,1.12805,0.843352,1.094671,0.868564,1.0,1.195262,1.195184,0.973676,1.183809,1.05402,1.0,0.100766,0.100766,0.002346,0.001377
config_50_det2_b15_s20_h12_w500,7,500,20,55.559037,82.735428,117.995938,10.0,False,False,1.135702,1.135557,0.831173,1.078069,0.840247,1.0,1.249818,1.249202,0.965275,1.21302,1.033877,1.0,0.099845,0.099845,0.001832,0.001204
config_50_det2_b15_s20_h12_w500,8,500,20,63.496042,82.735428,117.995938,10.0,False,False,1.09662,1.09631,0.795032,1.085842,0.846261,1.0,1.286091,1.285832,0.926503,1.275936,1.032827,1.0,0.101738,0.101738,0.001609,0.001066
config_50_det2_b15_s20_h12_w500,9,500,20,71.433047,82.735428,117.995938,10.0,False,False,1.118982,1.118549,0.773082,1.081751,0.824421,1.0,1.240059,1.239774,0.941867,1.229927,1.043324,1.0,0.100796,0.100796,0.001502,0.000969
config_50_det2_b15_s20_h12_w500,10,500,20,79.370053,82.735428,117.995938,10.0,True,False,1.160891,1.160755,0.818155,1.150231,0.839689,1.0,1.164528,1.162161,0.927824,1.158143,1.010498,1.0,0.101853,0.101853,0.001215,0.000819
config_50_det2_b15_s20_h12_w500,11,500,20,87.307058,82.735428,117.995938,10.0,True,False,1.116321,1.116167,0.787686,1.088705,0.85262,1.0,1.236915,1.236818,0.91948,1.209425,1.00975,1.0,0.10102,0.10102,0.001094,0.000782
config_50_det2_b15_s20_h12_w500,12,500,20,95.244063,82.735428,117.995938,10.0,True,True,1.070805,1.070741,0.78141,1.037899,0.848801,1.0,1.27767,1.27719,0.957428,1.268523,1.042058,1.0,0.102648,0.102648,0.00102,0.000785
config_50_det2_b15_s20_h12_w500,13,500,20,103.181068,82.735428,117.995938,10.0,True,True,1.037128,1.03688,0.774639,1.011378,0.839815,1.0,1.237736,1.237712,0.98029,1.216738,1.04012,1.0,0.105172,0.105172,0.001033,0.000326
config_50_det2_b15_s20_h12_w500,14,500,20,111.118074,82.735428,117.995938,10.0,True,True,1.060858,1.06035,0.812753,1.048691,0.842661,1.0,1.198031,1.190986,0.972662,1.181524,1.018798,1.0,0.11204,0.11204,0.00154,0.000737
config_50_det2_b15_s20_h12_w500,15,500,20,119.055079,82.735428,117.995938,10.0,True,True,1.114105,1.113777,0.831444,1.080849,0.845908,1.0,1.197488,1.197082,0.986592,1.186615,1.00616,1.0,0.124739,0.124739,0.00187,0.000987
config_50_det2_b15_s20_h12_w500,16,500,20,126.992084,82.735428,117.995938,10.0,True,True,1.144177,1.144104,0.826142,1.113773,0.854672,1.0,1.209126,1.209089,0.955848,1.192827,0.999458,1.0,0.135963,0.135963,0.001546,0.000944
config_50_det2_b15_s20_h12_w500,17,500,20,134.929089,82.735428,117.995938,10.0,True,True,1.153212,1.153076,0.844724,1.105822,0.869029,1.0,1.212012,1.211889,0.940529,1.194527,1.000261,1.0,0.170075,0.170075,0.001487,0.001007
config_50_det2_b15_s20_h12_w500,18,500,20,142.866095,82.735428,117.995938,10.0,True,True,1.141656,1.12644,0.849506,1.108391,0.866314,1.0,1.20036,1.199889,0.958439,1.175789,0.99417,1.0,0.195556,0.195556,0.001332,0.001028
config_50_det2_b15_s20_h12_w500,19,500,20,150.8031,82.735428,117.995938,10.0,True,True,1.161547,1.161395,0.838263,1.112047,0.86841,1.0,1.201228,1.201061,0.951848,1.180679,0.988073,1.0,0.196092,0.196092,0.001508,0.000975
config_50_det2_b15_s20_h12_w500,20,500,20,158.740105,82.735428,117.995938,10.0,True,True,1.167235,1.167235,0.83023,1.132446,0.874102,1.0,1.202224,1.201945,0.957621,1.182506,0.99046,1.0,0.196092,0.196092,0.00109,0.000889
config_51_det2_b15_s20_h12_w1500,1,1500,20,11.447142,111.607184,161.106793,10.0,False,False,1.094289,1.090139,1.013709,1.086614,1.027491,1.0,1.379574,1.37668,0.256554,1.323723,0.960176,1.0,0.101039,0.101039,0.012281,0.001425
config_51_det2_b15_s20_h12_w1500,2,1500,20,22.894285,111.607184,161.106793,10.0,False,False,1.004956,1.003478,0.971329,1.004025,0.984321,1.0,1.232151,1.230946,1.162764,1.181056,1.145792,1.0,0.1,0.1,0.006178,0.002147
config_51_det2_b15_s20_h12_w1500,3,1500,20,34.341427,111.607184,161.106793,10.0,False,False,0.973884,0.972924,0.891669,0.970001,0.885993,1.0,1.233779,1.232367,0.93084,1.216605,1.015721,1.0,0.10274,0.10274,0.004179,0.001584
config_51_det2_b15_s20_h12_w1500,4,1500,20,45.78857,111.607184,161.106793,10.0,False,False,1.130325,1.129775,0.848854,1.105441,0.888027,1.0,1.210696,1.202591,0.905748,1.200853,1.051915,1.0,0.101476,0.101476,0.002632,0.001233
config_51_det2_b15_s20_h12_w1500,5,1500,20,57.235712,111.607184,161.106793,10.0,False,False,1.228895,1.228708,0.829502,1.160183,0.866366,1.0,1.270917,1.270285,0.913754,1.249064,1.02458,1.0,0.100019,0.100019,0.002221,0.001149
config_51_det2_b15_s20_h12_w1500,6,1500,20,68.682855,111.607184,161.106793,10.0,False,False,1.214815,1.214614,0.807924,1.179172,0.877988,1.0,1.27097,1.270793,0.88066,1.260258,1.046395,1.0,0.100359,0.100359,0.001652,0.000959
config_51_det2_b15_s20_h12_w1500,7,1500,20,80.129997,111.607184,161.106793,10.0,False,False,1.206453,1.206353,0.821315,1.198195,0.913169,1.0,1.179298,1.179129,0.871163,1.173379,1.030491,1.0,0.102156,0.102156,0.001393,0.000833
config_51_det2_b15_s20_h12_w1500,8,1500,20,91.577139,111.607184,161.106793,10.0,False,False,1.136533,1.136413,0.80719,1.097434,0.914355,1.0,1.2329,1.232584,0.922141,1.200618,1.038377,1.0,0.09946,0.09946,0.001124,0.000778
config_51_det2_b15_s20_h12_w1500,9,1500,20,103.024282,111.607184,161.106793,10.0,True,False,1.109901,1.109652,0.846854,1.083076,0.877517,1.0,1.233128,1.233101,0.905338,1.226688,1.03915,1.0,0.105982,0.105982,0.001034,0.000282
config_51_det2_b15_s20_h12_w1500,10,1500,20,114.471424,111.607184,161.106793,10.0,True,False,1.18252,1.182172,0.859977,1.127366,0.886577,1.0,1.181215,1.181008,0.9246,1.172205,1.020032,1.0,0.11503,0.11503,0.001238,0.000722
config_51_det2_b15_s20_h12_w1500,11,1500,20,125.918567,111.607184,161.106793,10.0,True,False,1.201207,1.201121,0.866431,1.174989,0.907192,1.0,1.190802,1.190189,0.940645,1.176293,1.014919,1.0,0.131446,0.131446,0.001369,0.000966
config_51_det2_b15_s20_h12_w1500,12,1500,20,137.365709,111.607184,161.106793,10.0,True,True,1.187048,1.186695,0.871232,1.150024,0.899258,1.0,1.19742,1.196844,0.91241,1.18295,1.018898,1.0,0.168005,0.168005,0.001369,0.001014
config_51_det2_b15_s20_h12_w1500,13,1500,20,148.812852,111.607184,161.106793,10.0,True,True,1.20798,1.207862,0.861,1.192972,0.90509,1.0,1.201537,1.197434,0.911998,1.175774,1.0105,1.0,0.204416,0.204416,0.001297,0.000996
config_51_det2_b15_s20_h12_w1500,14,1500,20,160.259994,111.607184,161.106793,10.0,True,True,1.226116,1.226101,0.850239,1.173611,0.910526,1.0,1.221403,1.221056,0.914465,1.204922,1.025954,1.0,0.203289,0.203289,0.001197,0.000911
config_51_det2_b15_s20_h12_w1500,15,1500,20,171.707136,111.607184,161.106793,10.0,True,True,1.214478,1.212294,0.868221,1.176235,0.904428,1.0,1.199543,1.199543,0.930054,1.182401,1.022591,1.0,0.199264,0.0,0.001172,0.0
config_51_det2_b15_s20_h12_w1500,16,1500,20,183.154279,111.607184,161.106793,10.0,True,True,1.191577,1.191439,0.868292,1.160303,0.899589,1.0,1.191184,1.191184,0.954175,1.176123,1.018615,1.0,0.199768,0.0,0.00105,0.0
config_51_det2_b15_s20_h12_w1500,17,1500,20,194.601421,111.607184,161.106793,10.0,True,True,1.181851,1.181784,0.83921,1.152151,0.891387,1.0,1.20163,1.20163,0.982503,1.187587,1.020242,1.0,0.19673,0.0,0.000916,0.0
config_51_det2_b15_s20_h12_w1500,18,1500,20,206.048564,111.607184,161.106793,10.0,True,True,1.172021,1.171922,0.820671,1.139714,0.88332,1.0,1.184894,1.184894,0.977132,1.167435,1.013961,1.0,0.208119,0.0,0.001091,0.0
config_51_det2_b15_s20_h12_w1500,19,1500,20,217.495706,111.607184,161.106793,10.0,True,True,1.12921,1.129071,0.832148,1.112736,0.888764,1.0,1.181925,1.181925,0.983123,1.169488,1.015969,1.0,0.201082,0.0,0.000988,0.0
config_51_det2_b15_s20_h12_w1500,20,1500,20,228.942849,111.607184,161.106793,10.0,True,True,1.122558,1.122558,0.847816,1.093461,0.882751,1.0,1.190885,1.19055,0.995733,1.172507,1.016964,1.0,0.202973,0.202973,0.000877,0.000635
config_52_det2_b15_s20_h24_w50,1,50,20,3.684031,27.678754,52.271626,10.0,False,False,1.130389,1.110529,1.130389,1.130389,1.209455,0.978022,0.567948,0.418507,0.324129,0.385278,0.477458,0.604396,0.096491,0.083086,0.0,0.0
config_52_det2_b15_s20_h24_w50,2,50,20,7.368063,27.678754,52.271626,10.0,False,False,1.139574,1.129882,1.139574,1.139574,1.142827,1.0,0.964995,0.955644,0.964995,0.964995,0.982963,0.978022,0.104651,0.096774,0.020069,0.006456
config_52_det2_b15_s20_h24_w50,3,50,20,11.052094,27.678754,52.271626,10.0,False,False,1.063955,1.059417,0.990861,1.046874,0.996264,1.0,1.292625,1.273062,0.763857,1.27384,1.073761,1.0,0.101562,0.099804,0.012348,0.00446
config_52_det2_b15_s20_h24_w50,4,50,20,14.736126,27.678754,52.271626,10.0,False,False,1.11608,1.113455,1.001297,1.101833,1.045464,1.0,1.280575,1.277886,0.618973,1.267065,1.222366,1.0,0.101164,0.101164,0.008113,0.003458
config_52_det2_b15_s20_h24_w50,5,50,20,18.420157,27.678754,52.271626,10.0,False,False,1.071757,1.06972,1.001887,1.059367,1.032367,1.0,1.183975,1.182588,1.141459,1.174006,1.159813,1.0,0.098131,0.098131,0.006121,0.003198
config_52_det2_b15_s20_h24_w50,6,50,20,22.104189,27.678754,52.271626,10.0,False,False,1.002592,1.001086,0.9766,0.993078,0.981112,1.0,1.138563,1.137062,1.13744,1.132763,1.122483,1.0,0.103348,0.103348,0.00555,0.003103
config_52_det2_b15_s20_h24_w50,7,50,20,25.78822,27.678754,52.271626,10.0,False,False,0.941974,0.941444,0.930099,0.934261,0.928405,1.0,1.039369,1.038234,1.039209,1.034436,1.024028,1.0,0.102202,0.102202,0.004628,0.002788
config_52_det2_b15_s20_h24_w50,8,50,20,29.472252,27.678754,52.271626,10.0,True,False,0.94816,0.947652,0.892875,0.917483,0.885398,1.0,0.965935,0.964536,0.963581,0.959159,0.949043,1.0,0.100328,0.100328,0.003456,0.002185
config_52_det2_b15_s20_h24_w50,9,50,20,33.156283,27.678754,52.271626,10.0,True,False,0.932967,0.932226,0.85981,0.928324,0.855038,1.0,1.048739,1.048237,0.907905,1.045541,0.911993,1.0,0.10042,0.10042,0.003384,0.002028
config_52_det2_b15_s20_h24_w50,10,50,20,36.840315,27.678754,52.271626,10.0,True,False,0.922897,0.922259,0.834097,0.913346,0.8333,1.0,1.054497,1.049298,0.87302,1.033179,0.90639,1.0,0.100321,0.100321,0.002573,0.001822
config_52_det2_b15_s20_h24_w50,11,50,20,40.524346,27.678754,52.271626,10.0,True,False,0.923443,0.922542,0.820113,0.908385,0.827835,1.0,1.043839,1.043396,0.898717,1.042445,0.938209,1.0,0.101303,0.101303,0.002371,0.001588
config_52_det2_b15_s20_h24_w50,12,50,20,44.208378,27.678754,52.271626,10.0,True,False,0.918204,0.917194,0.832979,0.91609,0.830757,1.0,1.044065,1.043643,0.915959,1.039908,0.933625,1.0,0.102204,0.102204,0.002249,0.00159
config_52_det2_b15_s20_h24_w50,13,50,20,47.892409,27.678754,52.271626,10.0,True,False,0.904017,0.903852,0.827454,0.887528,0.819783,1.0,0.997376,0.995884,0.886303,0.993726,0.908362,1.0,0.102478,0.102478,0.001847,0.001393
config_52_det2_b15_s20_h24_w50,14,50,20,51.576441,27.678754,52.271626,10.0,True,False,0.876064,0.875663,0.817986,0.869582,0.806296,1.0,0.977231,0.977044,0.857052,0.958769,0.876648,1.0,0.097678,0.097678,0.0019,0.001336
config_52_det2_b15_s20_h24_w50,15,50,20,55.260472,27.678754,52.271626,10.0,True,True,0.871016,0.870914,0.817204,0.866764,0.794081,1.0,1.036138,1.035872,0.831278,1.016455,0.855556,1.0,0.101807,0.101807,0.001729,0.001255
config_52_det2_b15_s20_h24_w50,16,50,20,58.944504,27.678754,52.271626,10.0,True,True,0.915114,0.899654,0.810506,0.885212,0.779664,1.0,0.992639,0.992499,0.806824,0.980422,0.83765,1.0,0.101344,0.101344,0.001611,0.001162
config_52_det2_b15_s20_h24_w50,17,50,20,62.628535,27.678754,52.271626,10.0,True,True,0.908432,0.908065,0.802853,0.889358,0.764216,1.0,1.019518,1.007851,0.801194,0.984896,0.826977,1.0,0.099003,0.099003,0.001441,0.001066
config_52_det2_b15_s20_h24_w50,18,50,20,66.312567,27.678754,52.271626,10.0,True,True,0.897141,0.896898,0.787602,0.878016,0.748775,1.0,1.01276,1.012644,0.798178,1.005038,0.822157,1.0,0.10211,0.10211,0.001377,0.001048
config_52_det2_b15_s20_h24_w50,19,50,20,69.996598,27.678754,52.271626,10.0,True,True,0.87268,0.872543,0.769321,0.858558,0.73402,1.0,0.995246,0.994989,0.800868,0.982758,0.827338,1.0,0.102097,0.102097,0.001378,0.000971
config_52_det2_b15_s20_h24_w50,20,50,20,73.68063,27.678754,52.271626,10.0,True,True,0.848203,0.848139,0.750769,0.84488,0.721048,1.0,0.961982,0.961848,0.810413,0.955029,0.818708,1.0,0.09965,0.09965,0.001149,0.000897
config_53_det2_b15_s20_h24_w500,1,500,20,7.937005,68.488134,104.674496,10.0,False,False,1.125028,1.115954,1.125028,1.125028,1.128213,1.0,1.036588,1.03586,0.226019,0.971164,0.432325,0.934066,0.101351,0.101351,0.021023,0.001564
config_53_det2_b15_s20_h24_w500,2,500,20,15.874011,68.488134,104.674496,10.0,False,False,1.085455,1.082669,1.018962,1.077387,1.04889,1.0,1.478572,1.476289,1.13559,1.460642,1.382061,1.0,0.101351,0.101351,0.009461,0.003145
config_53_det2_b15_s20_h24_w500,3,500,20,23.811016,68.488134,104.674496,10.0,False,False,0.99165,0.990348,0.969216,0.982654,0.97322,1.0,1.106331,1.104931,1.10616,1.101547,1.0905,1.0,0.1032,0.1032,0.006145,0.002187
config_53_det2_b15_s20_h24_w500,4,500,20,31.748021,68.488134,104.674496,10.0,False,False,0.970989,0.957533,0.900148,0.933746,0.891883,1.0,1.05233,1.051843,0.922875,1.05026,0.929949,1.0,0.102573,0.102573,0.004288,0.001949
config_53_det2_b15_s20_h24_w500,5,500,20,39.685026,68.488134,104.674496,10.0,False,False,0.952241,0.951733,0.84637,0.934225,0.850321,1.0,1.204873,1.203748,0.928178,1.190162,1.016379,1.0,0.09837,0.09837,0.003097,0.001632
config_53_det2_b15_s20_h24_w500,6,500,20,47.622032,68.488134,104.674496,10.0,False,False,0.984347,0.978552,0.841593,0.977485,0.85797,1.0,1.134226,1.133671,0.86387,1.131575,0.988335,1.0,0.100766,0.100766,0.002346,0.001377
config_53_det2_b15_s20_h24_w500,7,500,20,55.559037,68.488134,104.674496,10.0,False,False,0.979366,0.979143,0.825093,0.959206,0.822266,1.0,1.030883,1.030572,0.882533,1.023494,0.949359,1.0,0.099845,0.099845,0.001832,0.001204
config_53_det2_b15_s20_h24_w500,8,500,20,63.496042,68.488134,104.674496,10.0,False,False,0.967579,0.967382,0.793728,0.95468,0.79992,1.0,1.074355,1.073804,0.90606,1.043642,0.910112,1.0,0.101738,0.101738,0.001609,0.001066
config_53_det2_b15_s20_h24_w500,9,500,20,71.433047,68.488134,104.674496,10.0,False,False,0.937841,0.937454,0.771583,0.915291,0.777879,1.0,1.132015,1.131829,0.856348,1.12197,0.939924,1.0,0.100796,0.100796,0.001502,0.000969
config_53_det2_b15_s20_h24_w500,10,500,20,79.370053,68.488134,104.674496,10.0,True,False,0.897773,0.897656,0.784203,0.886704,0.767144,1.0,1.146613,1.146385,0.889693,1.133474,0.978001,1.0,0.101853,0.101853,0.001215,0.000819
config_53_det2_b15_s20_h24_w500,11,500,20,87.307058,68.488134,104.674496,10.0,True,False,0.859933,0.859917,0.757331,0.846468,0.738319,1.0,1.104311,1.104242,0.940445,1.100931,0.981784,1.0,0.10102,0.10102,0.001094,0.000782
config_53_det2_b15_s20_h24_w500,12,500,20,95.244063,68.488134,104.674496,10.0,True,False,0.842951,0.842906,0.723437,0.831267,0.702945,1.0,1.08299,1.082599,0.925107,1.070482,0.956474,1.0,0.102648,0.102648,0.00102,0.000785
config_53_det2_b15_s20_h24_w500,13,500,20,103.181068,68.488134,104.674496,10.0,True,True,0.814734,0.814703,0.705377,0.799568,0.685261,1.0,1.140328,1.140187,0.945528,1.128217,0.982269,1.0,0.105172,0.105172,0.001033,0.000326
config_53_det2_b15_s20_h24_w500,14,500,20,111.118074,68.488134,104.674496,10.0,True,True,0.825846,0.821654,0.711908,0.81535,0.692285,1.0,1.164189,1.163979,0.934715,1.150316,0.996309,1.0,0.11204,0.11204,0.00154,0.000737
config_53_det2_b15_s20_h24_w500,15,500,20,119.055079,68.488134,104.674496,10.0,True,True,0.820484,0.820344,0.709164,0.810584,0.70006,1.0,1.123157,1.123008,0.91959,1.110915,0.984044,1.0,0.124739,0.124739,0.00187,0.000987
config_53_det2_b15_s20_h24_w500,16,500,20,126.992084,68.488134,104.674496,10.0,True,True,0.829164,0.828955,0.71338,0.812878,0.697881,1.0,1.156545,1.156223,0.937149,1.137242,0.98179,1.0,0.135963,0.135963,0.001546,0.000944
config_53_det2_b15_s20_h24_w500,17,500,20,134.929089,68.488134,104.674496,10.0,True,True,0.841767,0.841608,0.714053,0.813001,0.686767,1.0,1.174924,1.174301,0.922287,1.153882,0.986436,1.0,0.170075,0.170075,0.001487,0.001007
config_53_det2_b15_s20_h24_w500,18,500,20,142.866095,68.488134,104.674496,10.0,True,True,0.853036,0.852983,0.701761,0.824926,0.684481,1.0,1.17399,1.17082,0.916081,1.154546,0.99154,1.0,0.195556,0.195556,0.001332,0.001028
config_53_det2_b15_s20_h24_w500,19,500,20,150.8031,68.488134,104.674496,10.0,True,True,0.865911,0.865849,0.698989,0.848429,0.683385,1.0,1.1733,1.167677,0.916377,1.143954,0.988828,1.0,0.196092,0.196092,0.001508,0.000975
config_53_det2_b15_s20_h24_w500,20,500,20,158.740105,68.488134,104.674496,10.0,True,True,0.861469,0.861455,0.691541,0.837093,0.685108,1.0,1.184823,1.179278,0.929835,1.163878,0.997597,1.0,0.196092,0.196092,0.00109,0.000889
config_54_det2_b15_s20_h24_w1500,1,1500,20,11.447142,95.345817,160.145208,10.0,False,False,1.094289,1.090139,1.013709,1.086614,1.027491,1.0,1.379574,1.37668,0.256554,1.323723,0.960176,1.0,0.101039,0.101039,0.012281,0.001425
config_54_det2_b15_s20_h24_w1500,2,1500,20,22.894285,95.345817,160.145208,10.0,False,False,1.004956,1.003478,0.971329,1.004025,0.984321,1.0,1.255561,1.254635,1.162565,1.250593,1.147508,1.0,0.1,0.1,0.006178,0.002147
config_54_det2_b15_s20_h24_w1500,3,1500,20,34.341427,95.345817,160.145208,10.0,False,False,0.973884,0.972923,0.891669,0.970001,0.885938,1.0,1.148456,1.14733,0.94027,1.131468,1.01053,1.0,0.10274,0.10274,0.004179,0.001584
config_54_det2_b15_s20_h24_w1500,4,1500,20,45.78857,95.345817,160.145208,10.0,False,False,1.007718,1.002761,0.84878,1.0014,0.879119,1.0,1.153891,1.15359,0.925951,1.150407,0.994527,1.0,0.101476,0.101476,0.002632,0.001233
config_54_det2_b15_s20_h24_w1500,5,1500,20,57.235712,95.345817,160.145208,10.0,False,False,1.008077,1.007776,0.829092,0.97238,0.832978,1.0,1.078703,1.078122,0.875164,1.054664,0.949603,1.0,0.100019,0.100019,0.002221,0.001149
config_54_det2_b15_s20_h24_w1500,6,1500,20,68.682855,95.345817,160.145208,10.0,False,False,0.965079,0.964773,0.807659,0.944707,0.809275,1.0,1.209301,1.197464,0.860544,1.178472,0.983148,1.0,0.100359,0.100359,0.001652,0.000959
config_54_det2_b15_s20_h24_w1500,7,1500,20,80.129997,95.345817,160.145208,10.0,False,False,0.939646,0.939479,0.804046,0.919871,0.78906,1.0,1.181748,1.181414,0.874988,1.170998,1.03652,1.0,0.102156,0.102156,0.001393,0.000833
config_54_det2_b15_s20_h24_w1500,8,1500,20,91.577139,95.345817,160.145208,10.0,False,False,0.930024,0.929983,0.746721,0.890835,0.752909,1.0,1.190993,1.18849,0.909254,1.175393,1.032881,1.0,0.09946,0.09946,0.001124,0.000778
config_54_det2_b15_s20_h24_w1500,9,1500,20,103.024282,95.345817,160.145208,10.0,False,False,0.889919,0.889649,0.725511,0.868361,0.733474,1.0,1.191787,1.191664,0.936022,1.178702,1.038641,1.0,0.105982,0.105982,0.001034,0.000282
config_54_det2_b15_s20_h24_w1500,10,1500,20,114.471424,95.345817,160.145208,10.0,True,False,0.887501,0.887437,0.751832,0.872631,0.740378,1.0,1.213727,1.213211,0.947378,1.201762,1.044617,1.0,0.11503,0.11503,0.001238,0.000722
config_54_det2_b15_s20_h24_w1500,11,1500,20,125.918567,95.345817,160.145208,10.0,True,False,0.930487,0.930367,0.736062,0.906556,0.732796,1.0,1.198029,1.197592,0.94107,1.18434,1.038335,1.0,0.131446,0.131446,0.001369,0.000966
config_54_det2_b15_s20_h24_w1500,12,1500,20,137.365709,95.345817,160.145208,10.0,True,True,0.955884,0.955835,0.717747,0.918186,0.740547,1.0,1.217866,1.215273,0.943681,1.203394,1.042925,1.0,0.168005,0.168005,0.001369,0.001014
config_54_det2_b15_s20_h24_w1500,13,1500,20,148.812852,95.345817,160.145208,10.0,True,True,1.019136,1.019036,0.732697,0.976855,0.747857,1.0,1.20841,1.206729,0.956502,1.189036,1.047674,1.0,0.204416,0.204416,0.001297,0.000996
config_54_det2_b15_s20_h24_w1500,14,1500,20,160.259994,95.345817,160.145208,10.0,True,True,1.032208,1.032183,0.717741,1.002787,0.744055,1.0,1.224546,1.224197,0.967794,1.203266,1.042096,1.0,0.203289,0.203289,0.001197,0.000911
config_54_det2_b15_s20_h24_w1500,15,1500,20,171.707136,95.345817,160.145208,10.0,True,True,1.061316,1.06117,0.69842,1.015701,0.756795,1.0,1.225905,1.225905,0.975467,1.215044,1.051469,1.0,0.199264,0.0,0.001172,0.0
config_54_det2_b15_s20_h24_w1500,16,1500,20,183.154279,95.345817,160.145208,10.0,True,True,1.076273,1.076265,0.691876,1.031851,0.764594,1.0,1.203754,1.203754,0.974804,1.187779,1.048993,1.0,0.199768,0.0,0.00105,0.0
config_54_det2_b15_s20_h24_w1500,17,1500,20,194.601421,95.345817,160.145208,10.0,True,True,1.056138,1.056092,0.704866,1.031298,0.778432,1.0,1.221894,1.221894,0.996348,1.20054,1.043169,1.0,0.19673,0.0,0.000916,0.0
config_54_det2_b15_s20_h24_w1500,18,1500,20,206.048564,95.345817,160.145208,10.0,True,True,1.073065,1.070218,0.722096,1.034853,0.785735,1.0,1.2268,1.2268,1.032861,1.208329,1.044776,1.0,0.208119,0.0,0.001091,0.0
config_54_det2_b15_s20_h24_w1500,19,1500,20,217.495706,95.345817,160.145208,10.0,True,True,1.058606,1.058364,0.709435,1.019676,0.790388,1.0,1.196842,1.196842,1.000107,1.18309,1.039599,1.0,0.201082,0.0,0.000988,0.0
config_54_det2_b15_s20_h24_w1500,20,1500,20,228.942849,95.345817,160.145208,10.0,True,True,1.047337,1.047332,0.727114,1.01003,0.796358,1.0,1.21393,1.213822,1.030742,1.186068,1.032163,1.0,0.202973,0.202973,0.000877,0.000635
config_55_det2_b30_s5_h4_w50,1,50,5,3.684031,34.651617,72.982922,2.5,False,False,1.034292,1.02119,1.023407,0.973739,1.076488,0.956044,1.437947,1.431424,1.033357,1.428429,1.319623,0.956044,0.096491,0.083086,0.0,0.0
config_55_det2_b30_s5_h4_w50,2,50,5,7.368063,34.651617,72.982922,2.5,False,False,1.011272,1.004583,0.968206,1.011272,1.000522,0.978022,1.516338,1.511538,1.516338,1.514727,1.487495,0.978022,0.104651,0.096774,0.020069,0.006456
config_55_det2_b30_s5_h4_w50,3,50,5,11.052094,34.651617,72.982922,2.5,False,False,0.918612,0.915153,0.918612,0.916444,0.909762,0.978022,1.144099,1.142294,1.144099,1.144099,1.116276,0.978022,0.101562,0.099804,0.012348,0.00446
config_55_det2_b30_s5_h4_w50,4,50,5,14.736126,34.651617,72.982922,2.5,False,False,0.853676,0.85191,0.853676,0.852412,0.832942,0.978022,0.938226,0.936836,0.938226,0.938226,0.90985,0.978022,0.101164,0.101164,0.008113,0.003458
config_55_det2_b30_s5_h4_w50,5,50,5,18.420157,34.651617,72.982922,2.5,False,False,0.782932,0.78215,0.782932,0.78215,0.755095,0.978022,0.794213,0.793842,0.794213,0.794213,0.764209,0.978022,0.098131,0.098131,0.006121,0.003198
config_55_det2_b30_s5_h4_w50,6,50,5,22.104189,34.651617,72.982922,2.5,False,False,0.69369,0.69369,0.69369,0.690087,0.66318,0.978022,0.672345,0.672323,0.672345,0.672048,0.645982,0.978022,0.103348,0.103348,0.00555,0.003103
config_55_det2_b30_s5_h4_w50,7,50,5,25.78822,34.651617,72.982922,2.5,False,False,0.874449,0.874245,0.609827,0.871838,0.594879,0.978022,1.346287,1.34526,1.243608,1.344256,0.753528,0.978022,0.102202,0.102202,0.004628,0.002788
config_55_det2_b30_s5_h4_w50,8,50,5,29.472252,34.651617,72.982922,2.5,False,False,0.97651,0.976135,0.654136,0.974734,0.575067,0.978022,1.397897,1.397495,1.315914,1.395865,0.764715,1.0,0.100328,0.100328,0.003456,0.002185
config_55_det2_b30_s5_h4_w50,9,50,5,33.156283,34.651617,72.982922,2.5,False,False,0.94313,0.94313,0.704926,0.941441,0.567967,0.978022,1.267995,1.267903,1.209193,1.266989,0.717423,1.0,0.10042,0.10042,0.003384,0.002028
config_55_det2_b30_s5_h4_w50,10,50,5,36.840315,34.651617,72.982922,2.5,True,False,0.944422,0.927974,0.700872,0.918381,0.559095,0.978022,1.172831,1.172183,1.126711,1.169665,0.681915,1.0,0.100321,0.100321,0.002573,0.001822
config_55_det2_b30_s5_h4_w50,11,50,5,40.524346,34.651617,72.982922,2.5,True,False,1.079913,1.079662,0.888323,1.059783,0.584062,1.0,1.178777,1.178418,1.152053,1.178159,0.717488,1.0,0.101303,0.101303,0.002371,0.001588
config_55_det2_b30_s5_h4_w50,12,50,5,44.208378,34.651617,72.982922,2.5,True,False,1.038291,1.038115,0.927728,1.037837,0.593114,1.0,1.151781,1.151411,1.140091,1.148066,0.706356,1.0,0.102204,0.102204,0.002249,0.00159
config_55_det2_b30_s5_h4_w50,13,50,5,47.892409,34.651617,72.982922,2.5,True,False,1.020359,1.02028,0.923047,1.017388,0.587683,1.0,1.105805,1.105748,1.10367,1.104966,0.672391,1.0,0.102478,0.102478,0.001847,0.001393
config_55_det2_b30_s5_h4_w50,14,50,5,51.576441,34.651617,72.982922,2.5,True,False,0.983319,0.983102,0.927593,0.978453,0.579594,1.0,1.032142,1.032085,1.031996,1.03171,0.63143,1.0,0.097678,0.097678,0.0019,0.001336
config_55_det2_b30_s5_h4_w50,15,50,5,55.260472,34.651617,72.982922,2.5,True,False,0.952541,0.952292,0.908444,0.947996,0.566544,1.0,1.130874,1.130462,1.110848,1.127783,0.639433,1.0,0.101807,0.101807,0.001729,0.001255
config_55_det2_b30_s5_h4_w50,16,50,5,58.944504,34.651617,72.982922,2.5,True,False,0.916668,0.916537,0.895615,0.913723,0.55414,1.0,1.148013,1.147955,1.109592,1.131744,0.637814,1.0,0.101344,0.101344,0.001611,0.001162
config_55_det2_b30_s5_h4_w50,17,50,5,62.628535,34.651617,72.982922,2.5,True,False,0.912215,0.912149,0.857174,0.898807,0.540213,1.0,1.102962,1.10279,1.075288,1.101849,0.622139,1.0,0.099003,0.099003,0.001441,0.001066
config_55_det2_b30_s5_h4_w50,18,50,5,66.312567,34.651617,72.982922,2.5,True,True,0.877599,0.877539,0.820411,0.875339,0.52264,1.0,1.121067,1.120702,1.096178,1.103164,0.616908,1.0,0.10211,0.10211,0.001377,0.001048
config_55_det2_b30_s5_h4_w50,19,50,5,69.996598,34.651617,72.982922,2.5,True,True,0.929897,0.929861,0.809901,0.889179,0.505533,1.0,1.142574,1.142157,1.115152,1.132839,0.624027,1.0,0.102097,0.102097,0.001378,0.000971
config_55_det2_b30_s5_h4_w50,20,50,5,73.68063,34.651617,72.982922,2.5,True,True,0.945994,0.945892,0.790369,0.942219,0.495534,1.0,1.111472,1.111279,1.098984,1.109626,0.631053,1.0,0.09965,0.09965,0.001149,0.000897
config_56_det2_b30_s5_h4_w500,1,500,5,7.937005,80.378411,114.379728,2.5,False,False,0.995466,0.991512,0.981131,0.991712,0.990868,0.978022,1.466481,1.464861,0.50024,1.449289,1.3428,0.978022,0.101351,0.101351,0.021023,0.001564
config_56_det2_b30_s5_h4_w500,2,500,5,15.874011,80.378411,114.379728,2.5,False,False,0.838321,0.835809,0.826894,0.833698,0.807751,0.978022,0.921221,0.921152,0.921221,0.921221,0.88717,0.978022,0.101351,0.101351,0.009461,0.003145
config_56_det2_b30_s5_h4_w500,3,500,5,23.811016,80.378411,114.379728,2.5,False,False,0.914835,0.879031,0.655918,0.819595,0.631203,0.978022,1.212412,1.212195,0.821872,1.202844,0.662527,1.0,0.1032,0.1032,0.006145,0.002187
config_56_det2_b30_s5_h4_w500,4,500,5,31.748021,80.378411,114.379728,2.5,False,False,1.32755,1.326925,1.016459,1.307127,0.643847,1.0,1.272479,1.272393,1.204167,1.24881,0.760223,1.0,0.102573,0.102573,0.004288,0.001949
config_56_det2_b30_s5_h4_w500,5,500,5,39.685026,80.378411,114.379728,2.5,False,False,1.171352,1.171094,1.029959,1.157292,0.673128,1.0,1.204206,1.20408,1.159333,1.201905,0.725402,1.0,0.09837,0.09837,0.003097,0.001632
config_56_det2_b30_s5_h4_w500,6,500,5,47.622032,80.378411,114.379728,2.5,False,False,1.118818,1.118573,1.061298,1.110875,0.654219,1.0,1.070378,1.070241,1.055277,1.069518,0.656262,1.0,0.100766,0.100766,0.002346,0.001377
config_56_det2_b30_s5_h4_w500,7,500,5,55.559037,80.378411,114.379728,2.5,False,False,0.995464,0.995365,0.977984,0.977705,0.61058,1.0,1.111476,1.111185,1.050081,1.091698,0.627092,1.0,0.099845,0.099845,0.001832,0.001204
config_56_det2_b30_s5_h4_w500,8,500,5,63.496042,80.378411,114.379728,2.5,False,False,1.013562,1.013512,0.965829,0.99714,0.563565,1.0,1.125169,1.124875,1.082797,1.121598,0.62236,1.0,0.101738,0.101738,0.001609,0.001066
config_56_det2_b30_s5_h4_w500,9,500,5,71.433047,80.378411,114.379728,2.5,False,False,1.013369,1.010311,0.933988,0.998916,0.547327,1.0,1.107283,1.10688,1.068598,1.098113,0.628538,1.0,0.100796,0.100796,0.001502,0.000969
config_56_det2_b30_s5_h4_w500,10,500,5,79.370053,80.378411,114.379728,2.5,True,False,1.055722,1.05551,0.966997,1.024807,0.537957,1.0,1.108987,1.10886,1.073088,1.108169,0.616017,1.0,0.101853,0.101853,0.001215,0.000819
config_56_det2_b30_s5_h4_w500,11,500,5,87.307058,80.378411,114.379728,2.5,True,False,1.030592,1.030592,0.960367,1.026255,0.548244,1.0,1.117202,1.108304,1.061259,1.115719,0.600376,1.0,0.10102,0.10102,0.001094,0.000782
config_56_det2_b30_s5_h4_w500,12,500,5,95.244063,80.378411,114.379728,2.5,True,False,0.968843,0.968843,0.939542,0.967478,0.538117,1.0,1.141596,1.141283,1.113264,1.135328,0.615745,1.0,0.102648,0.102648,0.00102,0.000785
config_56_det2_b30_s5_h4_w500,13,500,5,103.181068,80.378411,114.379728,2.5,True,True,0.912363,0.912337,0.893094,0.911303,0.509425,1.0,1.144635,1.144547,1.122067,1.134669,0.61846,1.0,0.105172,0.105172,0.001033,0.000326
config_56_det2_b30_s5_h4_w500,14,500,5,111.118074,80.378411,114.379728,2.5,True,True,0.932356,0.93162,0.887691,0.908012,0.494725,1.0,1.134058,1.131416,1.106344,1.128249,0.607987,1.0,0.11204,0.11204,0.00154,0.000737
config_56_det2_b30_s5_h4_w500,15,500,5,119.055079,80.378411,114.379728,2.5,True,True,0.965164,0.964992,0.939416,0.955707,0.503785,1.0,1.125936,1.12586,1.100787,1.12355,0.600819,1.0,0.124739,0.124739,0.00187,0.000987
config_56_det2_b30_s5_h4_w500,16,500,5,126.992084,80.378411,114.379728,2.5,True,True,0.972259,0.971951,0.947798,0.95146,0.506875,1.0,1.153195,1.152736,1.113476,1.147024,0.605389,1.0,0.135963,0.135963,0.001546,0.000944
config_56_det2_b30_s5_h4_w500,17,500,5,134.929089,80.378411,114.379728,2.5,True,True,0.984093,0.983973,0.960619,0.972817,0.513225,1.0,1.154905,1.154531,1.12635,1.140853,0.605356,1.0,0.170075,0.170075,0.001487,0.001007
config_56_det2_b30_s5_h4_w500,18,500,5,142.866095,80.378411,114.379728,2.5,True,True,0.978719,0.978611,0.960112,0.964807,0.51748,1.0,1.145777,1.145555,1.128985,1.140356,0.603148,1.0,0.195556,0.195556,0.001332,0.001028
config_56_det2_b30_s5_h4_w500,19,500,5,150.8031,80.378411,114.379728,2.5,True,True,0.998798,0.992258,0.976192,0.982566,0.516182,1.0,1.167754,1.167623,1.138213,1.161986,0.605152,1.0,0.196092,0.196092,0.001508,0.000975
config_56_det2_b30_s5_h4_w500,20,500,5,158.740105,80.378411,114.379728,2.5,True,True,1.024996,1.024874,0.988128,1.009184,0.527639,1.0,1.180128,1.179938,1.137468,1.165728,0.608726,1.0,0.196092,0.196092,0.00109,0.000889
config_57_det2_b30_s5_h4_w1500,1,1500,5,11.447142,103.569829,153.897273,2.5,False,False,0.941342,0.937975,0.911217,0.934997,0.915416,0.978022,1.20778,1.207771,0.485385,1.205098,1.113079,0.978022,0.101039,0.101039,0.012281,0.001425
config_57_det2_b30_s5_h4_w1500,2,1500,5,22.894285,103.569829,153.897273,2.5,False,False,0.784292,0.784,0.683809,0.752073,0.656561,0.978022,1.341252,1.311171,0.929515,1.308283,0.73168,1.0,0.1,0.1,0.006178,0.002147
config_57_det2_b30_s5_h4_w1500,3,1500,5,34.341427,103.569829,153.897273,2.5,False,False,1.29498,1.294577,0.855639,1.27435,0.66919,1.0,1.285893,1.285217,1.231078,1.275374,0.773814,1.0,0.10274,0.10274,0.004179,0.001584
config_57_det2_b30_s5_h4_w1500,4,1500,5,45.78857,103.569829,153.897273,2.5,False,False,1.165595,1.165356,1.108064,1.160916,0.684918,1.0,1.11242,1.112284,1.078333,1.111624,0.675538,1.0,0.101476,0.101476,0.002632,0.001233
config_57_det2_b30_s5_h4_w1500,5,1500,5,57.235712,103.569829,153.897273,2.5,False,False,1.096771,1.096686,1.020403,1.056116,0.607895,1.0,1.150823,1.13473,1.034125,1.135977,0.622388,1.0,0.100019,0.100019,0.002221,0.001149
config_57_det2_b30_s5_h4_w1500,6,1500,5,68.682855,103.569829,153.897273,2.5,False,False,1.109016,1.108977,1.018509,1.089303,0.590199,1.0,1.09201,1.091633,1.033536,1.091002,0.609446,1.0,0.100359,0.100359,0.001652,0.000959
config_57_det2_b30_s5_h4_w1500,7,1500,5,80.129997,103.569829,153.897273,2.5,False,False,1.113723,1.113679,1.03924,1.109041,0.590702,1.0,1.090455,1.090369,1.058054,1.089778,0.612032,1.0,0.102156,0.102156,0.001393,0.000833
config_57_det2_b30_s5_h4_w1500,8,1500,5,91.577139,103.569829,153.897273,2.5,False,False,1.014985,1.014985,0.989625,1.012708,0.564571,1.0,1.079536,1.079445,1.024481,1.061307,0.582884,1.0,0.09946,0.09946,0.001124,0.000778
config_57_det2_b30_s5_h4_w1500,9,1500,5,103.024282,103.569829,153.897273,2.5,True,False,1.019389,1.019155,0.976431,1.006784,0.528579,1.0,1.133973,1.133897,1.088277,1.126389,0.602191,1.0,0.105982,0.105982,0.001034,0.000282
config_57_det2_b30_s5_h4_w1500,10,1500,5,114.471424,103.569829,153.897273,2.5,True,False,1.016427,1.01633,0.97568,1.005561,0.536493,1.0,1.102463,1.102101,1.064503,1.095262,0.596215,1.0,0.11503,0.11503,0.001238,0.000722
config_57_det2_b30_s5_h4_w1500,11,1500,5,125.918567,103.569829,153.897273,2.5,True,False,1.046687,1.046451,1.018228,1.037326,0.541906,1.0,1.118643,1.118374,1.066951,1.110594,0.591534,1.0,0.131446,0.131446,0.001369,0.000966
config_57_det2_b30_s5_h4_w1500,12,1500,5,137.365709,103.569829,153.897273,2.5,True,True,1.06134,1.049057,1.020159,1.038818,0.545449,1.0,1.153948,1.153603,1.097301,1.147871,0.600804,1.0,0.168005,0.168005,0.001369,0.001014
config_57_det2_b30_s5_h4_w1500,13,1500,5,148.812852,103.569829,153.897273,2.5,True,True,1.108204,1.105333,1.057251,1.087846,0.561981,1.0,1.124615,1.12124,1.081941,1.123878,0.598246,1.0,0.204416,0.204416,0.001297,0.000996
config_57_det2_b30_s5_h4_w1500,14,1500,5,160.259994,103.569829,153.897273,2.5,True,True,1.119287,1.119109,1.073642,1.105221,0.566231,1.0,1.16424,1.158633,1.103408,1.153954,0.602574,1.0,0.203289,0.203289,0.001197,0.000911
config_57_det2_b30_s5_h4_w1500,15,1500,5,171.707136,103.569829,153.897273,2.5,True,True,1.108958,1.108823,1.066914,1.095196,0.557598,1.0,1.165524,1.165524,1.124329,1.158571,0.603601,1.0,0.199264,0.0,0.001172,0.0
config_57_det2_b30_s5_h4_w1500,16,1500,5,183.154279,103.569829,153.897273,2.5,True,True,1.12644,1.126089,1.069922,1.09699,0.560879,1.0,1.154997,1.154997,1.117004,1.146869,0.60012,1.0,0.199768,0.0,0.00105,0.0
config_57_det2_b30_s5_h4_w1500,17,1500,5,194.601421,103.569829,153.897273,2.5,True,True,1.119762,1.119709,1.059179,1.106453,0.556323,1.0,1.180934,1.180934,1.137723,1.17134,0.606165,1.0,0.19673,0.0,0.000916,0.0
config_57_det2_b30_s5_h4_w1500,18,1500,5,206.048564,103.569829,153.897273,2.5,True,True,1.144867,1.144718,1.062231,1.114663,0.559009,1.0,1.17875,1.17875,1.135096,1.17249,0.604783,1.0,0.208119,0.0,0.001091,0.0
config_57_det2_b30_s5_h4_w1500,19,1500,5,217.495706,103.569829,153.897273,2.5,True,True,1.140583,1.140164,1.084633,1.128284,0.571169,1.0,1.163618,1.163618,1.119351,1.161877,0.600981,1.0,0.201082,0.0,0.000988,0.0
config_57_det2_b30_s5_h4_w1500,20,1500,5,228.942849,103.569829,153.897273,2.5,True,True,1.126415,1.124562,1.072132,1.115257,0.567003,1.0,1.185796,1.185536,1.139418,1.175229,0.604826,1.0,0.202973,0.202973,0.000877,0.000635
config_58_det2_b30_s5_h12_w50,1,50,5,3.684031,54.138434,95.126829,2.5,False,False,1.034292,1.02119,1.023407,0.973739,1.076488,0.956044,1.437947,1.431424,1.033357,1.428429,1.319623,0.956044,0.096491,0.083086,0.0,0.0
config_58_det2_b30_s5_h12_w50,2,50,5,7.368063,54.138434,95.126829,2.5,False,False,1.011272,1.004583,0.968206,1.011272,1.000522,0.978022,1.926391,1.924473,1.926391,1.926391,1.858721,0.978022,0.104651,0.096774,0.020069,0.006456
config_58_det2_b30_s5_h12_w50,3,50,5,11.052094,54.138434,95.126829,2.5,False,False,0.918127,0.915153,0.918127,0.915439,0.908988,0.978022,1.334293,1.334253,1.334293,1.334293,1.284316,0.978022,0.101562,0.099804,0.012348,0.00446
config_58_det2_b30_s5_h12_w50,4,50,5,14.736126,54.138434,95.126829,2.5,False,False,0.867887,0.86606,0.867887,0.865323,0.845205,0.978022,1.268787,1.267774,1.076091,1.176902,0.994969,1.0,0.101164,0.101164,0.008113,0.003458
config_58_det2_b30_s5_h12_w50,5,50,5,18.420157,54.138434,95.126829,2.5,False,False,0.825456,0.82504,0.825067,0.821869,0.789959,0.978022,1.411847,1.410136,1.111212,1.408152,0.977288,1.0,0.098131,0.098131,0.006121,0.003198
config_58_det2_b30_s5_h12_w50,6,50,5,22.104189,54.138434,95.126829,2.5,False,False,0.903397,0.902811,0.712271,0.823863,0.686764,1.0,2.260729,2.258253,2.173656,2.257172,1.41491,1.0,0.103348,0.103348,0.00555,0.003103
config_58_det2_b30_s5_h12_w50,7,50,5,25.78822,54.138434,95.126829,2.5,False,False,0.989975,0.938593,0.658155,0.936858,0.671645,1.0,2.08171,2.081635,2.071912,2.080672,1.316862,1.0,0.102202,0.102202,0.004628,0.002788
config_58_det2_b30_s5_h12_w50,8,50,5,29.472252,54.138434,95.126829,2.5,False,False,1.081765,1.080879,0.669417,1.041336,0.677032,1.0,1.891589,1.891377,1.859529,1.862194,1.173694,1.0,0.100328,0.100328,0.003456,0.002185
config_58_det2_b30_s5_h12_w50,9,50,5,33.156283,54.138434,95.126829,2.5,False,False,1.406916,1.406019,0.935116,1.403266,0.749766,1.0,1.748548,1.748278,1.720702,1.746024,1.072911,1.0,0.10042,0.10042,0.003384,0.002028
config_58_det2_b30_s5_h12_w50,10,50,5,36.840315,54.138434,95.126829,2.5,False,False,1.356359,1.355979,1.169874,1.34893,0.815932,1.0,1.625344,1.625222,1.568842,1.624363,1.005457,1.0,0.100321,0.100321,0.002573,0.001822
config_58_det2_b30_s5_h12_w50,11,50,5,40.524346,54.138434,95.126829,2.5,False,False,1.280269,1.280158,1.213789,1.273463,0.813347,1.0,1.747955,1.746837,1.646315,1.747166,1.037581,1.0,0.101303,0.101303,0.002371,0.001588
config_58_det2_b30_s5_h12_w50,12,50,5,44.208378,54.138434,95.126829,2.5,False,False,1.219125,1.218833,1.199532,1.211926,0.77058,1.0,1.721711,1.721506,1.598048,1.720774,1.00241,1.0,0.102204,0.102204,0.002249,0.00159
config_58_det2_b30_s5_h12_w50,13,50,5,47.892409,54.138434,95.126829,2.5,True,False,1.162415,1.162075,1.130591,1.160527,0.724069,1.0,1.754086,1.753915,1.630896,1.750865,0.965453,1.0,0.102478,0.102478,0.001847,0.001393
config_58_det2_b30_s5_h12_w50,14,50,5,51.576441,54.138434,95.126829,2.5,True,False,1.198627,1.198563,1.12548,1.168644,0.689455,1.0,1.760061,1.759937,1.557528,1.718263,0.931842,1.0,0.097678,0.097678,0.0019,0.001336
config_58_det2_b30_s5_h12_w50,15,50,5,55.260472,54.138434,95.126829,2.5,True,True,1.213647,1.213232,1.110239,1.184753,0.665431,1.0,1.722814,1.714511,1.469828,1.672051,0.892444,1.0,0.101807,0.101807,0.001729,0.001255
config_58_det2_b30_s5_h12_w50,16,50,5,58.944504,54.138434,95.126829,2.5,True,True,1.232291,1.230992,1.12861,1.205981,0.651632,1.0,1.638974,1.638944,1.4041,1.630368,0.858853,1.0,0.101344,0.101344,0.001611,0.001162
config_58_det2_b30_s5_h12_w50,17,50,5,62.628535,54.138434,95.126829,2.5,True,True,1.328834,1.328503,1.143263,1.287188,0.64985,1.0,1.648022,1.647987,1.360617,1.604652,0.835293,1.0,0.099003,0.099003,0.001441,0.001066
config_58_det2_b30_s5_h12_w50,18,50,5,66.312567,54.138434,95.126829,2.5,True,True,1.325058,1.324886,1.134184,1.301337,0.656848,1.0,1.572569,1.57253,1.327474,1.561256,0.81175,1.0,0.10211,0.10211,0.001377,0.001048
config_58_det2_b30_s5_h12_w50,19,50,5,69.996598,54.138434,95.126829,2.5,True,True,1.311187,1.311061,1.115157,1.307151,0.658078,1.0,1.694166,1.694051,1.309719,1.59769,0.801771,1.0,0.102097,0.102097,0.001378,0.000971
config_58_det2_b30_s5_h12_w50,20,50,5,73.68063,54.138434,95.126829,2.5,True,True,1.277503,1.277462,1.086154,1.254646,0.655121,1.0,1.715853,1.715662,1.32322,1.625852,0.800446,1.0,0.09965,0.09965,0.001149,0.000897
config_59_det2_b30_s5_h12_w500,1,500,5,7.937005,97.269569,147.334154,2.5,False,False,0.996016,0.991512,0.981689,0.992264,0.991327,0.978022,1.839511,1.839511,0.678212,1.833379,1.704002,0.978022,0.101351,0.101351,0.021023,0.001564
config_59_det2_b30_s5_h12_w500,2,500,5,15.874011,97.269569,147.334154,2.5,False,False,0.86487,0.857795,0.859099,0.856853,0.832974,0.978022,1.292732,1.290728,1.107148,1.254672,1.110285,0.978022,0.101351,0.101351,0.009461,0.003145
config_59_det2_b30_s5_h12_w500,3,500,5,23.811016,97.269569,147.334154,2.5,False,False,0.908672,0.90834,0.692431,0.906249,0.688776,0.978022,1.873851,1.854104,1.690818,1.854268,1.093207,1.0,0.1032,0.1032,0.006145,0.002187
config_59_det2_b30_s5_h12_w500,4,500,5,31.748021,97.269569,147.334154,2.5,False,False,1.474541,1.448969,0.98736,1.443111,0.731879,1.0,1.725033,1.724796,1.697092,1.724601,1.077943,1.0,0.102573,0.102573,0.004288,0.001949
config_59_det2_b30_s5_h12_w500,5,500,5,39.685026,97.269569,147.334154,2.5,False,False,1.450645,1.450395,1.215754,1.419573,0.876124,1.0,1.764088,1.763878,1.633751,1.759759,0.98359,1.0,0.09837,0.09837,0.003097,0.001632
config_59_det2_b30_s5_h12_w500,6,500,5,47.622032,97.269569,147.334154,2.5,False,False,1.288839,1.288753,1.21902,1.282388,0.787905,1.0,1.614218,1.611669,1.509324,1.610962,0.958895,1.0,0.100766,0.100766,0.002346,0.001377
config_59_det2_b30_s5_h12_w500,7,500,5,55.559037,97.269569,147.334154,2.5,False,False,1.304352,1.304112,1.119906,1.267782,0.739336,1.0,1.51883,1.518574,1.440776,1.514849,0.886816,1.0,0.099845,0.099845,0.001832,0.001204
config_59_det2_b30_s5_h12_w500,8,500,5,63.496042,97.269569,147.334154,2.5,False,False,1.372354,1.372241,1.299373,1.36706,0.745371,1.0,1.523336,1.522983,1.470392,1.516287,0.837717,1.0,0.101738,0.101738,0.001609,0.001066
config_59_det2_b30_s5_h12_w500,9,500,5,71.433047,97.269569,147.334154,2.5,False,False,1.238386,1.238385,1.203775,1.235929,0.707696,1.0,1.535163,1.529863,1.39927,1.477661,0.81143,1.0,0.100796,0.100796,0.001502,0.000969
config_59_det2_b30_s5_h12_w500,10,500,5,79.370053,97.269569,147.334154,2.5,False,False,1.182757,1.182672,1.153431,1.179486,0.653726,1.0,1.499559,1.499557,1.445934,1.478582,0.811325,1.0,0.101853,0.101853,0.001215,0.000819
config_59_det2_b30_s5_h12_w500,11,500,5,87.307058,97.269569,147.334154,2.5,False,False,1.083531,1.083531,1.073055,1.083382,0.617201,1.0,1.415212,1.415212,1.375872,1.406315,0.786848,1.0,0.10102,0.10102,0.001094,0.000782
config_59_det2_b30_s5_h12_w500,12,500,5,95.244063,97.269569,147.334154,2.5,False,False,1.013461,1.013461,0.996169,0.996062,0.578099,1.0,1.409863,1.409416,1.345247,1.392673,0.757221,1.0,0.102648,0.102648,0.00102,0.000785
config_59_det2_b30_s5_h12_w500,13,500,5,103.181068,97.269569,147.334154,2.5,True,False,1.011188,1.009404,0.975669,0.981729,0.550278,1.0,1.36026,1.360157,1.326567,1.349005,0.726768,1.0,0.105172,0.105172,0.001033,0.000326
config_59_det2_b30_s5_h12_w500,14,500,5,111.118074,97.269569,147.334154,2.5,True,True,1.050124,1.045088,0.971048,1.030468,0.548827,1.0,1.358487,1.358441,1.315563,1.342078,0.723062,1.0,0.11204,0.11204,0.00154,0.000737
config_59_det2_b30_s5_h12_w500,15,500,5,119.055079,97.269569,147.334154,2.5,True,True,1.085168,1.085049,1.030995,1.077841,0.575341,1.0,1.321571,1.316767,1.288717,1.310716,0.707375,1.0,0.124739,0.124739,0.00187,0.000987
config_59_det2_b30_s5_h12_w500,16,500,5,126.992084,97.269569,147.334154,2.5,True,True,1.107128,1.107012,1.015336,1.091464,0.584162,1.0,1.312977,1.312711,1.265485,1.305801,0.695058,1.0,0.135963,0.135963,0.001546,0.000944
config_59_det2_b30_s5_h12_w500,17,500,5,134.929089,97.269569,147.334154,2.5,True,True,1.167887,1.156844,1.010135,1.121825,0.587048,1.0,1.297832,1.297748,1.257917,1.289605,0.676828,1.0,0.170075,0.170075,0.001487,0.001007
config_59_det2_b30_s5_h12_w500,18,500,5,142.866095,97.269569,147.334154,2.5,True,True,1.202927,1.202776,1.044843,1.190744,0.603705,1.0,1.291001,1.290788,1.25237,1.284445,0.670241,1.0,0.195556,0.195556,0.001332,0.001028
config_59_det2_b30_s5_h12_w500,19,500,5,150.8031,97.269569,147.334154,2.5,True,True,1.197996,1.19797,1.036428,1.192674,0.609935,1.0,1.280941,1.280869,1.253191,1.276684,0.670915,1.0,0.196092,0.196092,0.001508,0.000975
config_59_det2_b30_s5_h12_w500,20,500,5,158.740105,97.269569,147.334154,2.5,True,True,1.194015,1.193895,1.023338,1.185165,0.61339,1.0,1.274274,1.274228,1.239262,1.264818,0.66239,1.0,0.196092,0.196092,0.00109,0.000889
config_60_det2_b30_s5_h12_w1500,1,1500,5,11.447142,115.012021,196.423236,2.5,False,False,0.941342,0.938382,0.911217,0.934997,0.915416,0.978022,1.621277,1.621277,0.538965,1.614785,1.324065,0.978022,0.101039,0.101039,0.012281,0.001425
config_60_det2_b30_s5_h12_w1500,2,1500,5,22.894285,115.012021,196.423236,2.5,False,False,0.898575,0.898528,0.708705,0.886824,0.714446,0.978022,1.832993,1.827786,1.546512,1.815083,1.012945,1.0,0.1,0.1,0.006178,0.002147
config_60_det2_b30_s5_h12_w1500,3,1500,5,34.341427,115.012021,196.423236,2.5,False,False,1.231176,1.230374,1.032515,1.1853,0.71708,1.0,1.626424,1.626304,1.566979,1.602034,1.000115,1.0,0.10274,0.10274,0.004179,0.001584
config_60_det2_b30_s5_h12_w1500,4,1500,5,45.78857,115.012021,196.423236,2.5,False,False,1.357908,1.357853,1.234104,1.337474,0.80658,1.0,1.635969,1.625867,1.472665,1.623785,0.917973,1.0,0.101476,0.101476,0.002632,0.001233
config_60_det2_b30_s5_h12_w1500,5,1500,5,57.235712,115.012021,196.423236,2.5,False,False,1.485464,1.485119,1.277459,1.482643,0.793888,1.0,1.528559,1.528512,1.401207,1.525344,0.872291,1.0,0.100019,0.100019,0.002221,0.001149
config_60_det2_b30_s5_h12_w1500,6,1500,5,68.682855,115.012021,196.423236,2.5,False,False,1.295024,1.295024,1.267713,1.291938,0.744858,1.0,1.590445,1.584568,1.487609,1.571731,0.868399,1.0,0.100359,0.100359,0.001652,0.000959
config_60_det2_b30_s5_h12_w1500,7,1500,5,80.129997,115.012021,196.423236,2.5,False,False,1.196768,1.196768,1.170704,1.172565,0.668403,1.0,1.507167,1.507166,1.408325,1.497003,0.820697,1.0,0.102156,0.102156,0.001393,0.000833
config_60_det2_b30_s5_h12_w1500,8,1500,5,91.577139,115.012021,196.423236,2.5,False,False,1.095344,1.095173,1.073652,1.086203,0.610323,1.0,1.490827,1.490698,1.393547,1.453687,0.777437,1.0,0.09946,0.09946,0.001124,0.000778
config_60_det2_b30_s5_h12_w1500,9,1500,5,103.024282,115.012021,196.423236,2.5,False,False,1.032838,1.032689,1.007312,1.016473,0.570611,1.0,1.448052,1.447865,1.386465,1.446609,0.784147,1.0,0.105982,0.105982,0.001034,0.000282
config_60_det2_b30_s5_h12_w1500,10,1500,5,114.471424,115.012021,196.423236,2.5,True,False,1.071005,1.070866,1.037255,1.058085,0.569658,1.0,1.389806,1.389708,1.329033,1.378848,0.753303,1.0,0.11503,0.11503,0.001238,0.000722
config_60_det2_b30_s5_h12_w1500,11,1500,5,125.918567,115.012021,196.423236,2.5,True,False,1.064661,1.064478,1.01052,1.055407,0.570286,1.0,1.378653,1.378653,1.312529,1.366931,0.728217,1.0,0.131446,0.131446,0.001369,0.000966
config_60_det2_b30_s5_h12_w1500,12,1500,5,137.365709,115.012021,196.423236,2.5,True,False,1.113302,1.113222,0.995148,1.082349,0.56923,1.0,1.357674,1.352386,1.293448,1.351887,0.721795,1.0,0.168005,0.168005,0.001369,0.001014
config_60_det2_b30_s5_h12_w1500,13,1500,5,148.812852,115.012021,196.423236,2.5,True,True,1.139907,1.139907,1.039745,1.122249,0.575249,1.0,1.334521,1.334356,1.268584,1.331796,0.699115,1.0,0.204416,0.204416,0.001297,0.000996
config_60_det2_b30_s5_h12_w1500,14,1500,5,160.259994,115.012021,196.423236,2.5,True,True,1.124669,1.1244,1.023847,1.114708,0.572819,1.0,1.355236,1.355118,1.280254,1.347124,0.692603,1.0,0.203289,0.203289,0.001197,0.000911
config_60_det2_b30_s5_h12_w1500,15,1500,5,171.707136,115.012021,196.423236,2.5,True,True,1.09863,1.098494,1.031403,1.096908,0.572337,1.0,1.343669,1.343669,1.273956,1.338401,0.694241,1.0,0.199264,0.0,0.001172,0.0
config_60_det2_b30_s5_h12_w1500,16,1500,5,183.154279,115.012021,196.423236,2.5,True,True,1.099792,1.099706,1.005038,1.076576,0.558641,1.0,1.319056,1.319056,1.246098,1.317698,0.682719,1.0,0.199768,0.0,0.00105,0.0
config_60_det2_b30_s5_h12_w1500,17,1500,5,194.601421,115.012021,196.423236,2.5,True,True,1.098888,1.098888,1.006859,1.090362,0.553384,1.0,1.315396,1.315396,1.249973,1.307992,0.672655,1.0,0.19673,0.0,0.000916,0.0
config_60_det2_b30_s5_h12_w1500,18,1500,5,206.048564,115.012021,196.423236,2.5,True,True,1.098416,1.098366,0.986698,1.076197,0.554505,1.0,1.297799,1.297799,1.249179,1.293096,0.666885,1.0,0.208119,0.0,0.001091,0.0
config_60_det2_b30_s5_h12_w1500,19,1500,5,217.495706,115.012021,196.423236,2.5,True,True,1.086092,1.083884,0.991966,1.07392,0.556641,1.0,1.296752,1.296752,1.221361,1.285038,0.657867,1.0,0.201082,0.0,0.000988,0.0
config_60_det2_b30_s5_h12_w1500,20,1500,5,228.942849,115.012021,196.423236,2.5,True,True,1.058727,1.058625,0.986769,1.041635,0.548244,1.0,1.300265,1.300224,1.226854,1.289709,0.654073,1.0,0.202973,0.202973,0.000877,0.000635
config_61_det2_b30_s5_h24_w50,1,50,5,3.684031,39.075091,106.398946,2.5,False,False,1.034292,1.02119,1.023407,0.973739,1.076488,0.956044,1.437947,1.431424,1.033357,1.428429,1.319623,0.956044,0.096491,0.083086,0.0,0.0
config_61_det2_b30_s5_h24_w50,2,50,5,7.368063,39.075091,106.398946,2.5,False,False,1.011272,1.004583,0.968206,1.011272,1.000522,0.978022,1.92631,1.92442,1.92631,1.92631,1.858153,0.978022,0.104651,0.096774,0.020069,0.006456
config_61_det2_b30_s5_h24_w50,3,50,5,11.052094,39.075091,106.398946,2.5,False,False,0.918127,0.915153,0.918127,0.915439,0.908988,0.978022,1.334293,1.334253,1.334293,1.334293,1.284316,0.978022,0.101562,0.099804,0.012348,0.00446
config_61_det2_b30_s5_h24_w50,4,50,5,14.736126,39.075091,106.398946,2.5,False,False,0.868317,0.86606,0.868317,0.865323,0.845361,0.978022,1.020546,1.020051,1.020546,1.019085,0.979804,0.978022,0.101164,0.101164,0.008113,0.003458
config_61_det2_b30_s5_h24_w50,5,50,5,18.420157,39.075091,106.398946,2.5,False,False,0.825456,0.824633,0.825067,0.821869,0.789959,0.978022,1.038308,1.036271,0.912663,1.035572,0.898566,0.978022,0.098131,0.098131,0.006121,0.003198
config_61_det2_b30_s5_h24_w50,6,50,5,22.104189,39.075091,106.398946,2.5,False,False,0.787474,0.786802,0.712271,0.78377,0.685183,0.978022,1.635723,1.610565,1.479779,1.580404,1.055504,1.0,0.103348,0.103348,0.00555,0.003103
config_61_det2_b30_s5_h24_w50,7,50,5,25.78822,39.075091,106.398946,2.5,False,False,0.796636,0.796101,0.657731,0.79408,0.647546,0.978022,1.840724,1.840344,1.730742,1.840374,1.101957,1.0,0.102202,0.102202,0.004628,0.002788
config_61_det2_b30_s5_h24_w50,8,50,5,29.472252,39.075091,106.398946,2.5,False,False,0.811154,0.810415,0.641462,0.809529,0.634197,0.978022,2.05679,2.055233,1.854331,2.05282,1.205426,1.0,0.100328,0.100328,0.003456,0.002185
config_61_det2_b30_s5_h24_w50,9,50,5,33.156283,39.075091,106.398946,2.5,False,False,1.030225,1.029158,0.886592,1.005126,0.645089,1.0,2.460685,2.459455,2.092073,2.457898,1.383661,1.0,0.10042,0.10042,0.003384,0.002028
config_61_det2_b30_s5_h24_w50,10,50,5,36.840315,39.075091,106.398946,2.5,True,False,1.088663,1.088165,0.990679,1.087411,0.667998,1.0,2.415871,2.415698,2.119412,2.361956,1.346643,1.0,0.100321,0.100321,0.002573,0.001822
config_61_det2_b30_s5_h24_w50,11,50,5,40.524346,39.075091,106.398946,2.5,True,False,1.108984,1.089839,1.016107,1.087634,0.659094,1.0,2.277795,2.277489,2.071932,2.249949,1.256735,1.0,0.101303,0.101303,0.002371,0.001588
config_61_det2_b30_s5_h24_w50,12,50,5,44.208378,39.075091,106.398946,2.5,True,False,1.065865,1.065614,1.019644,1.056543,0.654861,1.0,2.217207,2.182668,1.936848,2.155836,1.189192,1.0,0.102204,0.102204,0.002249,0.00159
config_61_det2_b30_s5_h24_w50,13,50,5,47.892409,39.075091,106.398946,2.5,True,True,1.081115,1.0805,0.995177,1.073435,0.639956,1.0,2.233519,2.232875,1.858912,2.105126,1.158355,1.0,0.102478,0.102478,0.001847,0.001393
config_61_det2_b30_s5_h24_w50,14,50,5,51.576441,39.075091,106.398946,2.5,True,True,1.103294,1.103021,1.006594,1.100653,0.644562,1.0,2.230058,2.229302,1.871982,2.16664,1.172376,1.0,0.097678,0.097678,0.0019,0.001336
config_61_det2_b30_s5_h24_w50,15,50,5,55.260472,39.075091,106.398946,2.5,True,True,1.225767,1.224961,0.993882,1.156466,0.660322,1.0,2.1528,2.152376,1.909726,2.146198,1.183037,1.0,0.101807,0.101807,0.001729,0.001255
config_61_det2_b30_s5_h24_w50,16,50,5,58.944504,39.075091,106.398946,2.5,True,True,1.307605,1.307395,0.971659,1.255407,0.675545,1.0,2.108429,2.10803,1.993517,2.104998,1.181943,1.0,0.101344,0.101344,0.001611,0.001162
config_61_det2_b30_s5_h24_w50,17,50,5,62.628535,39.075091,106.398946,2.5,True,True,1.304622,1.304395,0.976357,1.300342,0.684258,1.0,2.053297,2.053297,1.901955,2.02299,1.132682,1.0,0.099003,0.099003,0.001441,0.001066
config_61_det2_b30_s5_h24_w50,18,50,5,66.312567,39.075091,106.398946,2.5,True,True,1.311254,1.301363,0.999105,1.300597,0.693772,1.0,1.961881,1.961881,1.82424,1.958506,1.083233,1.0,0.10211,0.10211,0.001377,0.001048
config_61_det2_b30_s5_h24_w50,19,50,5,69.996598,39.075091,106.398946,2.5,True,True,1.288402,1.288303,1.015906,1.282139,0.692402,1.0,1.873528,1.873528,1.74192,1.858352,1.036129,1.0,0.102097,0.102097,0.001378,0.000971
config_61_det2_b30_s5_h24_w50,20,50,5,73.68063,39.075091,106.398946,2.5,True,True,1.249465,1.249322,1.113589,1.246092,0.688046,1.0,1.798582,1.798582,1.702004,1.767782,0.993695,1.0,0.09965,0.09965,0.001149,0.000897
config_62_det2_b30_s5_h24_w500,1,500,5,7.937005,110.64715,174.754904,2.5,False,False,0.996016,0.991512,0.981689,0.992264,0.991327,0.978022,1.839511,1.839511,0.679513,1.836201,1.706669,0.978022,0.101351,0.101351,0.021023,0.001564
config_62_det2_b30_s5_h24_w500,2,500,5,15.874011,110.64715,174.754904,2.5,False,False,0.86487,0.857795,0.859099,0.857305,0.83311,0.978022,1.447624,1.446512,1.257061,1.414626,1.244503,0.978022,0.101351,0.101351,0.009461,0.003145
config_62_det2_b30_s5_h24_w500,3,500,5,23.811016,110.64715,174.754904,2.5,False,False,0.908671,0.908103,0.69243,0.905984,0.688189,0.978022,1.868666,1.850134,1.604806,1.860891,1.075147,1.0,0.1032,0.1032,0.006145,0.002187
config_62_det2_b30_s5_h24_w500,4,500,5,31.748021,110.64715,174.754904,2.5,False,False,1.11243,1.111799,0.971409,1.110786,0.678097,1.0,1.901791,1.901318,1.735219,1.876011,1.098795,1.0,0.102573,0.102573,0.004288,0.001949
config_62_det2_b30_s5_h24_w500,5,500,5,39.685026,110.64715,174.754904,2.5,False,False,1.180901,1.180626,1.045282,1.153855,0.697247,1.0,2.061103,2.059882,1.895084,2.055227,1.202573,1.0,0.09837,0.09837,0.003097,0.001632
config_62_det2_b30_s5_h24_w500,6,500,5,47.622032,110.64715,174.754904,2.5,False,False,1.459686,1.459391,1.050253,1.420877,0.711127,1.0,2.031486,2.031011,1.84869,2.024756,1.134871,1.0,0.100766,0.100766,0.002346,0.001377
config_62_det2_b30_s5_h24_w500,7,500,5,55.559037,110.64715,174.754904,2.5,False,False,1.473254,1.472862,1.09105,1.470959,0.752728,1.0,2.012253,2.010971,1.87903,2.003359,1.117639,1.0,0.099845,0.099845,0.001832,0.001204
config_62_det2_b30_s5_h24_w500,8,500,5,63.496042,110.64715,174.754904,2.5,False,False,1.462892,1.462657,1.16773,1.458384,0.763781,1.0,1.873287,1.86477,1.744904,1.870538,1.048429,1.0,0.101738,0.101738,0.001609,0.001066
config_62_det2_b30_s5_h24_w500,9,500,5,71.433047,110.64715,174.754904,2.5,False,False,1.356329,1.356329,1.229657,1.343221,0.767528,1.0,1.832539,1.832086,1.757978,1.829563,1.021212,1.0,0.100796,0.100796,0.001502,0.000969
config_62_det2_b30_s5_h24_w500,10,500,5,79.370053,110.64715,174.754904,2.5,False,False,1.283115,1.282992,1.214435,1.277483,0.729251,1.0,1.824436,1.823882,1.74307,1.810108,1.00938,1.0,0.101853,0.101853,0.001215,0.000819
config_62_det2_b30_s5_h24_w500,11,500,5,87.307058,110.64715,174.754904,2.5,False,False,1.25136,1.251186,1.16758,1.231491,0.70292,1.0,1.727554,1.727449,1.674478,1.726288,0.965964,1.0,0.10102,0.10102,0.001094,0.000782
config_62_det2_b30_s5_h24_w500,12,500,5,95.244063,110.64715,174.754904,2.5,True,False,1.242392,1.242318,1.173819,1.226827,0.69006,1.0,1.696586,1.696268,1.623455,1.674438,0.915333,1.0,0.102648,0.102648,0.00102,0.000785
config_62_det2_b30_s5_h24_w500,13,500,5,103.181068,110.64715,174.754904,2.5,True,False,1.206331,1.206222,1.137084,1.186834,0.668004,1.0,1.641668,1.641487,1.578782,1.630712,0.889247,1.0,0.105172,0.105172,0.001033,0.000326
config_62_det2_b30_s5_h24_w500,14,500,5,111.118074,110.64715,174.754904,2.5,True,True,1.161429,1.157044,1.099556,1.147359,0.636052,1.0,1.617478,1.610996,1.56429,1.608808,0.867137,1.0,0.11204,0.11204,0.00154,0.000737
config_62_det2_b30_s5_h24_w500,15,500,5,119.055079,110.64715,174.754904,2.5,True,True,1.155207,1.154892,1.076937,1.151104,0.626574,1.0,1.600198,1.60009,1.563171,1.597683,0.857857,1.0,0.124739,0.124739,0.00187,0.000987
config_62_det2_b30_s5_h24_w500,16,500,5,126.992084,110.64715,174.754904,2.5,True,True,1.121045,1.120877,1.047444,1.097714,0.614172,1.0,1.52772,1.527629,1.495656,1.519744,0.822664,1.0,0.135963,0.135963,0.001546,0.000944
config_62_det2_b30_s5_h24_w500,17,500,5,134.929089,110.64715,174.754904,2.5,True,True,1.220833,1.220694,1.070891,1.190462,0.608516,1.0,1.488144,1.488143,1.460825,1.479106,0.794341,1.0,0.170075,0.170075,0.001487,0.001007
config_62_det2_b30_s5_h24_w500,18,500,5,142.866095,110.64715,174.754904,2.5,True,True,1.313462,1.313462,1.060402,1.287285,0.629949,1.0,1.443319,1.443107,1.398705,1.431878,0.769932,1.0,0.195556,0.195556,0.001332,0.001028
config_62_det2_b30_s5_h24_w500,19,500,5,150.8031,110.64715,174.754904,2.5,True,True,1.337298,1.322384,1.053861,1.320794,0.642708,1.0,1.399726,1.399625,1.376008,1.398284,0.747904,1.0,0.196092,0.196092,0.001508,0.000975
config_62_det2_b30_s5_h24_w500,20,500,5,158.740105,110.64715,174.754904,2.5,True,True,1.297612,1.297518,1.032808,1.294454,0.648624,1.0,1.416392,1.416301,1.343772,1.382935,0.728429,1.0,0.196092,0.196092,0.00109,0.000889
config_63_det2_b30_s5_h24_w1500,1,1500,5,11.447142,141.33645,224.677061,2.5,False,False,0.941893,0.938866,0.911217,0.935552,0.915655,0.978022,1.84941,1.847163,0.603979,1.847936,1.55955,0.978022,0.101039,0.101039,0.012281,0.001425
config_63_det2_b30_s5_h24_w1500,2,1500,5,22.894285,141.33645,224.677061,2.5,False,False,0.886824,0.886213,0.708705,0.886519,0.71391,0.978022,1.924139,1.920024,1.625849,1.91451,1.062301,1.0,0.1,0.1,0.006178,0.002147
config_63_det2_b30_s5_h24_w1500,3,1500,5,34.341427,141.33645,224.677061,2.5,False,False,1.141194,1.12376,1.015489,1.095861,0.7034,1.0,1.881566,1.880928,1.645774,1.84853,1.082722,1.0,0.10274,0.10274,0.004179,0.001584
config_63_det2_b30_s5_h24_w1500,4,1500,5,45.78857,141.33645,224.677061,2.5,False,False,1.374039,1.373809,1.038406,1.267004,0.691253,1.0,2.039507,2.039084,1.814588,2.01894,1.153286,1.0,0.101476,0.101476,0.002632,0.001233
config_63_det2_b30_s5_h24_w1500,5,1500,5,57.235712,141.33645,224.677061,2.5,False,False,1.561578,1.561267,1.142449,1.529837,0.765368,1.0,1.914539,1.913633,1.750085,1.910388,1.060671,1.0,0.100019,0.100019,0.002221,0.001149
config_63_det2_b30_s5_h24_w1500,6,1500,5,68.682855,141.33645,224.677061,2.5,False,False,1.440812,1.440812,1.273477,1.429628,0.790632,1.0,1.760203,1.760055,1.661654,1.757868,0.983598,1.0,0.100359,0.100359,0.001652,0.000959
config_63_det2_b30_s5_h24_w1500,7,1500,5,80.129997,141.33645,224.677061,2.5,False,False,1.412748,1.412598,1.257012,1.403545,0.76894,1.0,1.807075,1.806823,1.719454,1.786387,0.985131,1.0,0.102156,0.102156,0.001393,0.000833
config_63_det2_b30_s5_h24_w1500,8,1500,5,91.577139,141.33645,224.677061,2.5,False,False,1.381745,1.381744,1.277126,1.344066,0.754725,1.0,1.705995,1.705995,1.62793,1.698939,0.939539,1.0,0.09946,0.09946,0.001124,0.000778
config_63_det2_b30_s5_h24_w1500,9,1500,5,103.024282,141.33645,224.677061,2.5,False,False,1.296026,1.295417,1.195973,1.293638,0.699056,1.0,1.687889,1.687889,1.586017,1.666036,0.904921,1.0,0.105982,0.105982,0.001034,0.000282
config_63_det2_b30_s5_h24_w1500,10,1500,5,114.471424,141.33645,224.677061,2.5,True,False,1.245517,1.234377,1.16872,1.233515,0.686357,1.0,1.626656,1.626271,1.514143,1.600757,0.860441,1.0,0.11503,0.11503,0.001238,0.000722
config_63_det2_b30_s5_h24_w1500,11,1500,5,125.918567,141.33645,224.677061,2.5,True,False,1.235741,1.235014,1.204449,1.233233,0.671117,1.0,1.606611,1.606459,1.517607,1.594402,0.85432,1.0,0.131446,0.131446,0.001369,0.000966
config_63_det2_b30_s5_h24_w1500,12,1500,5,137.365709,141.33645,224.677061,2.5,True,False,1.208899,1.20874,1.140022,1.183418,0.63868,1.0,1.562953,1.562847,1.473794,1.549704,0.823226,1.0,0.168005,0.168005,0.001369,0.001014
config_63_det2_b30_s5_h24_w1500,13,1500,5,148.812852,141.33645,224.677061,2.5,True,True,1.239396,1.228736,1.108319,1.205259,0.631915,1.0,1.521189,1.520964,1.412184,1.511198,0.806259,1.0,0.204416,0.204416,0.001297,0.000996
config_63_det2_b30_s5_h24_w1500,14,1500,5,160.259994,141.33645,224.677061,2.5,True,True,1.254813,1.254721,1.060898,1.244121,0.633086,1.0,1.457504,1.457285,1.385329,1.452262,0.772753,1.0,0.203289,0.203289,0.001197,0.000911
config_63_det2_b30_s5_h24_w1500,15,1500,5,171.707136,141.33645,224.677061,2.5,True,True,1.237225,1.237182,1.079829,1.225073,0.632866,1.0,1.407189,1.407189,1.339892,1.406129,0.750821,1.0,0.199264,0.0,0.001172,0.0
config_63_det2_b30_s5_h24_w1500,16,1500,5,183.154279,141.33645,224.677061,2.5,True,True,1.262369,1.262293,1.090257,1.231695,0.638135,1.0,1.410261,1.410261,1.336051,1.402698,0.736091,1.0,0.199768,0.0,0.00105,0.0
config_63_det2_b30_s5_h24_w1500,17,1500,5,194.601421,141.33645,224.677061,2.5,True,True,1.271268,1.268864,1.054935,1.252262,0.634264,1.0,1.438241,1.438241,1.32697,1.428614,0.731504,1.0,0.19673,0.0,0.000916,0.0
config_63_det2_b30_s5_h24_w1500,18,1500,5,206.048564,141.33645,224.677061,2.5,True,True,1.262633,1.25688,1.027757,1.235503,0.630599,1.0,1.487678,1.487678,1.344263,1.47882,0.758769,1.0,0.208119,0.0,0.001091,0.0
config_63_det2_b30_s5_h24_w1500,19,1500,5,217.495706,141.33645,224.677061,2.5,True,True,1.266129,1.26585,1.025481,1.245106,0.633065,1.0,1.539971,1.539971,1.376964,1.530976,0.777471,1.0,0.201082,0.0,0.000988,0.0
config_63_det2_b30_s5_h24_w1500,20,1500,5,228.942849,141.33645,224.677061,2.5,True,True,1.245966,1.245966,1.013041,1.221822,0.62539,1.0,1.601266,1.600891,1.433114,1.591021,0.797209,1.0,0.202973,0.202973,0.000877,0.000635
config_64_det2_b30_s20_h4_w50,1,50,20,3.684031,41.924781,73.014905,10.0,False,False,1.130389,1.110529,1.130389,1.130389,1.209455,0.978022,0.567948,0.418507,0.324129,0.385278,0.477458,0.604396,0.096491,0.083086,0.0,0.0
config_64_det2_b30_s20_h4_w50,2,50,20,7.368063,41.924781,73.014905,10.0,False,False,1.139574,1.129882,1.139574,1.139574,1.142827,1.0,0.964995,0.955644,0.964995,0.964995,0.982963,0.978022,0.104651,0.096774,0.020069,0.006456
config_64_det2_b30_s20_h4_w50,3,50,20,11.052094,41.924781,73.014905,10.0,False,False,1.063955,1.059417,0.990861,1.046874,0.996264,1.0,1.266359,1.246798,0.763857,1.248956,1.061901,1.0,0.101562,0.099804,0.012348,0.00446
config_64_det2_b30_s20_h4_w50,4,50,20,14.736126,41.924781,73.014905,10.0,False,False,1.11608,1.113455,1.001297,1.101833,1.045464,1.0,1.237888,1.232882,0.618973,1.226259,1.188438,1.0,0.101164,0.101164,0.008113,0.003458
config_64_det2_b30_s20_h4_w50,5,50,20,18.420157,41.924781,73.014905,10.0,False,False,1.080199,1.077589,1.001887,1.065285,1.038402,1.0,1.173966,1.172118,1.151001,1.165846,1.155364,1.0,0.098131,0.098131,0.006121,0.003198
config_64_det2_b30_s20_h4_w50,6,50,20,22.104189,41.924781,73.014905,10.0,False,False,1.032972,1.031326,0.989061,1.031443,1.006948,1.0,1.110261,1.107978,1.105328,1.103322,1.097338,1.0,0.103348,0.103348,0.00555,0.003103
config_64_det2_b30_s20_h4_w50,7,50,20,25.78822,41.924781,73.014905,10.0,False,False,0.988123,0.987018,0.961864,0.98635,0.968821,1.0,1.088477,1.086477,1.087339,1.084771,1.070992,1.0,0.102202,0.102202,0.004628,0.002788
config_64_det2_b30_s20_h4_w50,8,50,20,29.472252,41.924781,73.014905,10.0,False,False,0.947334,0.946037,0.936953,0.936558,0.92625,1.0,1.024918,1.023508,1.023695,1.022084,1.006848,1.0,0.100328,0.100328,0.003456,0.002185
config_64_det2_b30_s20_h4_w50,9,50,20,33.156283,41.924781,73.014905,10.0,False,False,0.898047,0.897256,0.888808,0.88821,0.879823,1.0,0.953201,0.95235,0.950984,0.950362,0.93421,1.0,0.10042,0.10042,0.003384,0.002028
config_64_det2_b30_s20_h4_w50,10,50,20,36.840315,41.924781,73.014905,10.0,False,False,0.854898,0.854441,0.846521,0.846365,0.836763,1.0,0.88031,0.879906,0.877468,0.87674,0.861276,1.0,0.100321,0.100321,0.002573,0.001822
config_64_det2_b30_s20_h4_w50,11,50,20,40.524346,41.924781,73.014905,10.0,False,False,0.930655,0.930163,0.811969,0.925738,0.801039,1.0,1.227761,1.203317,0.816474,1.189593,0.834174,1.0,0.101303,0.101303,0.002371,0.001588
config_64_det2_b30_s20_h4_w50,12,50,20,44.208378,41.924781,73.014905,10.0,True,False,1.122616,1.109934,0.787955,1.09146,0.785389,1.0,1.223574,1.223358,0.769005,1.200364,0.82374,1.0,0.102204,0.102204,0.002249,0.00159
config_64_det2_b30_s20_h4_w50,13,50,20,47.892409,41.924781,73.014905,10.0,True,False,1.096232,1.095773,0.76395,1.07513,0.768057,1.0,1.175489,1.175292,0.734428,1.155152,0.805241,1.0,0.102478,0.102478,0.001847,0.001393
config_64_det2_b30_s20_h4_w50,14,50,20,51.576441,41.924781,73.014905,10.0,True,False,1.052416,1.052043,0.735346,1.050476,0.745228,1.0,1.133521,1.133164,0.787853,1.114092,0.811966,1.0,0.097678,0.097678,0.0019,0.001336
config_64_det2_b30_s20_h4_w50,15,50,20,55.260472,41.924781,73.014905,10.0,True,False,1.049033,1.048827,0.755098,1.030586,0.741694,1.0,1.074182,1.073982,0.88928,1.072481,0.850084,1.0,0.101807,0.101807,0.001729,0.001255
config_64_det2_b30_s20_h4_w50,16,50,20,58.944504,41.924781,73.014905,10.0,True,False,1.004361,1.004163,0.758903,0.984844,0.748956,1.0,1.043501,1.043178,0.923257,1.041397,0.867424,1.0,0.101344,0.101344,0.001611,0.001162
config_64_det2_b30_s20_h4_w50,17,50,20,62.628535,41.924781,73.014905,10.0,True,False,1.052724,1.05243,0.788385,1.028552,0.762038,1.0,1.016585,1.016403,0.962167,1.009447,0.870947,1.0,0.099003,0.099003,0.001441,0.001066
config_64_det2_b30_s20_h4_w50,18,50,20,66.312567,41.924781,73.014905,10.0,True,False,1.08575,1.085474,0.80392,1.053086,0.779581,1.0,0.998867,0.998625,0.972763,0.993428,0.85794,1.0,0.10211,0.10211,0.001377,0.001048
config_64_det2_b30_s20_h4_w50,19,50,20,69.996598,41.924781,73.014905,10.0,True,True,1.066805,1.066443,0.813571,1.032141,0.777575,1.0,1.175141,1.174715,0.984751,1.174202,0.861439,1.0,0.102097,0.102097,0.001378,0.000971
config_64_det2_b30_s20_h4_w50,20,50,20,73.68063,41.924781,73.014905,10.0,True,True,1.06134,1.061235,0.811651,1.049854,0.763573,1.0,1.225926,1.208426,0.961185,1.208051,0.870416,1.0,0.09965,0.09965,0.001149,0.000897
config_65_det2_b30_s20_h4_w500,1,500,20,7.937005,85.288418,112.183561,10.0,False,False,1.125028,1.115954,1.125028,1.125028,1.128213,1.0,0.984966,0.984966,0.226019,0.971164,0.428097,0.934066,0.101351,0.101351,0.021023,0.001564
config_65_det2_b30_s20_h4_w500,2,500,20,15.874011,85.288418,112.183561,10.0,False,False,1.085455,1.082669,1.018962,1.077387,1.04889,1.0,1.284675,1.282421,1.120347,1.275797,1.258493,1.0,0.101351,0.101351,0.009461,0.003145
config_65_det2_b30_s20_h4_w500,3,500,20,23.811016,85.288418,112.183561,10.0,False,False,1.001451,0.999798,0.98089,0.995102,0.982881,1.0,1.121687,1.120348,1.12152,1.119398,1.106918,1.0,0.1032,0.1032,0.006145,0.002187
config_65_det2_b30_s20_h4_w500,4,500,20,31.748021,85.288418,112.183561,10.0,False,False,0.912356,0.911234,0.906954,0.911666,0.899372,1.0,0.949895,0.949585,0.948924,0.947607,0.934249,1.0,0.102573,0.102573,0.004288,0.001949
config_65_det2_b30_s20_h4_w500,5,500,20,39.685026,85.288418,112.183561,10.0,False,False,0.96636,0.937158,0.838962,0.903515,0.824272,1.0,1.019426,1.019149,0.802736,1.002553,0.802059,1.0,0.09837,0.09837,0.003097,0.001632
config_65_det2_b30_s20_h4_w500,6,500,20,47.622032,85.288418,112.183561,10.0,False,False,1.127938,1.127726,0.747109,1.092527,0.756989,1.0,1.116314,1.116154,0.753341,1.090686,0.834307,1.0,0.100766,0.100766,0.002346,0.001377
config_65_det2_b30_s20_h4_w500,7,500,20,55.559037,85.288418,112.183561,10.0,False,False,1.173566,1.173442,0.726569,1.079987,0.747954,1.0,1.048917,1.048484,0.930915,1.047623,0.886648,1.0,0.099845,0.099845,0.001832,0.001204
config_65_det2_b30_s20_h4_w500,8,500,20,63.496042,85.288418,112.183561,10.0,False,False,1.201783,1.201631,0.78127,1.201144,0.791858,1.0,1.039409,1.039036,1.005199,1.035124,0.873826,1.0,0.101738,0.101738,0.001609,0.001066
config_65_det2_b30_s20_h4_w500,9,500,20,71.433047,85.288418,112.183561,10.0,False,False,1.103163,1.103012,0.81468,1.10245,0.798434,1.0,1.0011,1.000857,0.96851,0.994906,0.853054,1.0,0.100796,0.100796,0.001502,0.000969
config_65_det2_b30_s20_h4_w500,10,500,20,79.370053,85.288418,112.183561,10.0,False,False,1.019597,1.019555,0.875483,1.018512,0.819001,1.0,0.965667,0.964407,0.920677,0.957692,0.83446,1.0,0.101853,0.101853,0.001215,0.000819
config_65_det2_b30_s20_h4_w500,11,500,20,87.307058,85.288418,112.183561,10.0,True,False,1.065008,1.06491,0.872884,1.030392,0.804863,1.0,1.116528,1.116287,0.937617,1.092339,0.857073,1.0,0.10102,0.10102,0.001094,0.000782
config_65_det2_b30_s20_h4_w500,12,500,20,95.244063,85.288418,112.183561,10.0,True,False,1.127053,1.126898,0.880433,1.114323,0.803452,1.0,1.075655,1.075465,0.905582,1.069689,0.829302,1.0,0.102648,0.102648,0.00102,0.000785
config_65_det2_b30_s20_h4_w500,13,500,20,103.181068,85.288418,112.183561,10.0,True,True,1.073822,1.07378,0.884022,1.070258,0.788394,1.0,1.111891,1.111613,0.952866,1.098049,0.841867,1.0,0.105172,0.105172,0.001033,0.000326
config_65_det2_b30_s20_h4_w500,14,500,20,111.118074,85.288418,112.183561,10.0,True,True,1.069758,1.069578,0.867358,1.055993,0.777853,1.0,1.075766,1.075632,0.978233,1.064115,0.861788,1.0,0.11204,0.11204,0.00154,0.000737
config_65_det2_b30_s20_h4_w500,15,500,20,119.055079,85.288418,112.183561,10.0,True,True,1.172367,1.172082,0.886125,1.105928,0.797511,1.0,1.05256,1.052353,0.982658,1.034808,0.859374,1.0,0.124739,0.124739,0.00187,0.000987
config_65_det2_b30_s20_h4_w500,16,500,20,126.992084,85.288418,112.183561,10.0,True,True,1.220516,1.220449,0.931826,1.205427,0.824244,1.0,1.09506,1.094937,0.997673,1.074532,0.862231,1.0,0.135963,0.135963,0.001546,0.000944
config_65_det2_b30_s20_h4_w500,17,500,20,134.929089,85.288418,112.183561,10.0,True,True,1.19482,1.194755,0.923498,1.193976,0.82087,1.0,1.124524,1.124291,0.984305,1.102418,0.860297,1.0,0.170075,0.170075,0.001487,0.001007
config_65_det2_b30_s20_h4_w500,18,500,20,142.866095,85.288418,112.183561,10.0,True,True,1.170386,1.160411,0.915023,1.158133,0.808981,1.0,1.115517,1.115398,0.949048,1.107008,0.848375,1.0,0.195556,0.195556,0.001332,0.001028
config_65_det2_b30_s20_h4_w500,19,500,20,150.8031,85.288418,112.183561,10.0,True,True,1.268066,1.267824,0.901771,1.2013,0.804261,1.0,1.090039,1.089962,0.928901,1.073577,0.835657,1.0,0.196092,0.196092,0.001508,0.000975
config_65_det2_b30_s20_h4_w500,20,500,20,158.740105,85.288418,112.183561,10.0,True,True,1.273039,1.273039,0.890618,1.244778,0.805614,1.0,1.093084,1.092577,0.941986,1.083166,0.833963,1.0,0.196092,0.196092,0.00109,0.000889
config_66_det2_b30_s20_h4_w1500,1,1500,20,11.447142,121.933983,145.025955,10.0,False,False,1.094289,1.090139,1.013709,1.086614,1.027491,1.0,1.322423,1.30179,0.256554,1.267549,0.908223,1.0,0.101039,0.101039,0.012281,0.001425
config_66_det2_b30_s20_h4_w1500,2,1500,20,22.894285,121.933983,145.025955,10.0,False,False,1.007669,1.006087,0.975542,1.007506,0.986429,1.0,1.179464,1.177958,1.179126,1.176355,1.162226,1.0,0.1,0.1,0.006178,0.002147
config_66_det2_b30_s20_h4_w1500,3,1500,20,34.341427,121.933983,145.025955,10.0,False,False,0.89604,0.893091,0.893816,0.893681,0.87925,1.0,0.899619,0.899345,0.899265,0.897936,0.884209,1.0,0.10274,0.10274,0.004179,0.001584
config_66_det2_b30_s20_h4_w1500,4,1500,20,45.78857,121.933983,145.025955,10.0,False,False,1.173162,1.161611,0.760625,1.137789,0.765958,1.0,1.123287,1.122984,0.72413,1.101451,0.818561,1.0,0.101476,0.101476,0.002632,0.001233
config_66_det2_b30_s20_h4_w1500,5,1500,20,57.235712,121.933983,145.025955,10.0,False,False,1.199049,1.198865,0.744732,1.158577,0.78255,1.0,1.055234,1.054937,0.956562,1.040392,0.890654,1.0,0.100019,0.100019,0.002221,0.001149
config_66_det2_b30_s20_h4_w1500,6,1500,20,68.682855,121.933983,145.025955,10.0,False,False,1.131891,1.131751,0.829521,1.131489,0.827232,1.0,1.004085,1.003859,0.98034,1.003425,0.85318,1.0,0.100359,0.100359,0.001652,0.000959
config_66_det2_b30_s20_h4_w1500,7,1500,20,80.129997,121.933983,145.025955,10.0,False,False,1.016211,1.016073,0.917747,1.003624,0.840305,1.0,0.972622,0.971622,0.941592,0.96755,0.848053,1.0,0.102156,0.102156,0.001393,0.000833
config_66_det2_b30_s20_h4_w1500,8,1500,20,91.577139,121.933983,145.025955,10.0,False,False,1.179154,1.178886,0.911746,1.15502,0.84,1.0,1.064015,1.053802,0.896249,1.043047,0.827616,1.0,0.09946,0.09946,0.001124,0.000778
config_66_det2_b30_s20_h4_w1500,9,1500,20,103.024282,121.933983,145.025955,10.0,False,False,1.12362,1.123476,0.881249,1.101471,0.807191,1.0,1.031773,1.031429,0.876262,1.026032,0.806665,1.0,0.105982,0.105982,0.001034,0.000282
config_66_det2_b30_s20_h4_w1500,10,1500,20,114.471424,121.933983,145.025955,10.0,True,False,1.224529,1.224457,0.888998,1.179965,0.816681,1.0,1.074137,1.073996,0.951119,1.071252,0.856008,1.0,0.11503,0.11503,0.001238,0.000722
config_66_det2_b30_s20_h4_w1500,11,1500,20,125.918567,121.933983,145.025955,10.0,True,False,1.233371,1.233304,0.935591,1.223534,0.835195,1.0,1.029592,1.028909,1.008937,1.027473,0.862529,1.0,0.131446,0.131446,0.001369,0.000966
config_66_det2_b30_s20_h4_w1500,12,1500,20,137.365709,121.933983,145.025955,10.0,True,False,1.229379,1.229213,0.931342,1.204718,0.82979,1.0,1.034558,1.026485,0.971178,1.01853,0.838352,1.0,0.168005,0.168005,0.001369,0.001014
config_66_det2_b30_s20_h4_w1500,13,1500,20,148.812852,121.933983,145.025955,10.0,True,True,1.324438,1.324386,0.913164,1.306496,0.826826,1.0,1.075772,1.075649,0.933647,1.058855,0.832009,1.0,0.204416,0.204416,0.001297,0.000996
config_66_det2_b30_s20_h4_w1500,14,1500,20,160.259994,121.933983,145.025955,10.0,True,True,1.301094,1.301094,0.915588,1.278315,0.830157,1.0,1.054527,1.052782,0.919718,1.048522,0.824173,1.0,0.203289,0.203289,0.001197,0.000911
config_66_det2_b30_s20_h4_w1500,15,1500,20,171.707136,121.933983,145.025955,10.0,True,True,1.263022,1.262987,0.917905,1.24355,0.832013,1.0,1.058861,1.058861,1.003597,1.049926,0.850966,1.0,0.199264,0.0,0.001172,0.0
config_66_det2_b30_s20_h4_w1500,16,1500,20,183.154279,121.933983,145.025955,10.0,True,True,1.265756,1.265655,0.924551,1.239142,0.833453,1.0,1.049235,1.049235,0.991447,1.039947,0.846847,1.0,0.199768,0.0,0.00105,0.0
config_66_det2_b30_s20_h4_w1500,17,1500,20,194.601421,121.933983,145.025955,10.0,True,True,1.236756,1.235876,0.947468,1.216798,0.831001,1.0,1.073648,1.073648,0.985613,1.061412,0.840079,1.0,0.19673,0.0,0.000916,0.0
config_66_det2_b30_s20_h4_w1500,18,1500,20,206.048564,121.933983,145.025955,10.0,True,True,1.18102,1.181002,0.939262,1.17433,0.823802,1.0,1.09226,1.09226,0.950056,1.077412,0.833474,1.0,0.208119,0.0,0.001091,0.0
config_66_det2_b30_s20_h4_w1500,19,1500,20,217.495706,121.933983,145.025955,10.0,True,True,1.184477,1.18441,0.9304,1.151756,0.818887,1.0,1.060941,1.060941,0.96519,1.058099,0.833122,1.0,0.201082,0.0,0.000988,0.0
config_66_det2_b30_s20_h4_w1500,20,1500,20,228.942849,121.933983,145.025955,10.0,True,True,1.15325,1.153127,0.946107,1.143714,0.828402,1.0,1.063822,1.063559,1.002853,1.061561,0.846013,1.0,0.202973,0.202973,0.000877,0.000635
config_67_det2_b30_s20_h12_w50,1,50,20,3.684031,43.902059,73.338751,10.0,False,False,1.130389,1.110529,1.130389,1.130389,1.209455,0.978022,0.567948,0.418507,0.324129,0.385278,0.477458,0.604396,0.096491,0.083086,0.0,0.0
config_67_det2_b30_s20_h12_w50,2,50,20,7.368063,43.902059,73.338751,10.0,False,False,1.139574,1.129882,1.139574,1.139574,1.142827,1.0,0.964995,0.955644,0.964995,0.964995,0.982963,0.978022,0.104651,0.096774,0.020069,0.006456
config_67_det2_b30_s20_h12_w50,3,50,20,11.052094,43.902059,73.338751,10.0,False,False,1.063955,1.059417,0.990861,1.046874,0.996264,1.0,1.292625,1.273062,0.763857,1.27384,1.073761,1.0,0.101562,0.099804,0.012348,0.00446
config_67_det2_b30_s20_h12_w50,4,50,20,14.736126,43.902059,73.338751,10.0,False,False,1.11608,1.113455,1.001297,1.101833,1.045464,1.0,1.292865,1.288986,0.618973,1.277625,1.23279,1.0,0.101164,0.101164,0.008113,0.003458
config_67_det2_b30_s20_h12_w50,5,50,20,18.420157,43.902059,73.338751,10.0,False,False,1.080693,1.07841,1.001887,1.065787,1.038971,1.0,1.264571,1.2625,1.212634,1.252268,1.236005,1.0,0.098131,0.098131,0.006121,0.003198
config_67_det2_b30_s20_h12_w50,6,50,20,22.104189,43.902059,73.338751,10.0,False,False,1.037544,1.035894,0.989061,1.037111,1.012175,1.0,1.370608,1.368845,1.366925,1.364097,1.342856,1.0,0.103348,0.103348,0.00555,0.003103
config_67_det2_b30_s20_h12_w50,7,50,20,25.78822,43.902059,73.338751,10.0,False,False,1.011734,1.010907,0.966148,0.997711,0.983034,1.0,1.235312,1.23443,1.232401,1.231425,1.210202,1.0,0.102202,0.102202,0.004628,0.002788
config_67_det2_b30_s20_h12_w50,8,50,20,29.472252,43.902059,73.338751,10.0,False,False,0.967266,0.956901,0.942723,0.955952,0.941402,1.0,1.118902,1.118102,1.114964,1.114471,1.09449,1.0,0.100328,0.100328,0.003456,0.002185
config_67_det2_b30_s20_h12_w50,9,50,20,33.156283,43.902059,73.338751,10.0,False,False,0.920911,0.920376,0.907861,0.907429,0.898695,1.0,1.029738,1.029143,1.024592,1.025054,1.005961,1.0,0.10042,0.10042,0.003384,0.002028
config_67_det2_b30_s20_h12_w50,10,50,20,36.840315,43.902059,73.338751,10.0,False,False,0.908679,0.908278,0.894368,0.894719,0.877855,1.0,0.960319,0.960034,0.954478,0.955611,0.936806,1.0,0.100321,0.100321,0.002573,0.001822
config_67_det2_b30_s20_h12_w50,11,50,20,40.524346,43.902059,73.338751,10.0,False,False,0.930086,0.929563,0.87715,0.912509,0.858476,1.0,1.045741,1.045169,0.898431,1.027905,0.906799,1.0,0.101303,0.101303,0.002371,0.001588
config_67_det2_b30_s20_h12_w50,12,50,20,44.208378,43.902059,73.338751,10.0,False,False,0.927407,0.926744,0.852937,0.912104,0.829052,1.0,1.225326,1.224704,0.895112,1.204825,0.960372,1.0,0.102204,0.102204,0.002249,0.00159
config_67_det2_b30_s20_h12_w50,13,50,20,47.892409,43.902059,73.338751,10.0,False,False,0.913194,0.912878,0.81898,0.891458,0.799529,1.0,1.252286,1.252128,0.890278,1.249641,0.977134,1.0,0.102478,0.102478,0.001847,0.001393
config_67_det2_b30_s20_h12_w50,14,50,20,51.576441,43.902059,73.338751,10.0,True,False,1.08824,1.087809,0.794318,1.04004,0.783186,1.0,1.379251,1.378723,0.88938,1.340071,0.985245,1.0,0.097678,0.097678,0.0019,0.001336
config_67_det2_b30_s20_h12_w50,15,50,20,55.260472,43.902059,73.338751,10.0,True,True,1.19984,1.199003,0.80203,1.144993,0.790986,1.0,1.351545,1.351289,0.890206,1.349941,0.982215,1.0,0.101807,0.101807,0.001729,0.001255
config_67_det2_b30_s20_h12_w50,16,50,20,58.944504,43.902059,73.338751,10.0,True,True,1.182154,1.18167,0.871548,1.156547,0.813207,1.0,1.298658,1.298416,0.853593,1.286632,0.958544,1.0,0.101344,0.101344,0.001611,0.001162
config_67_det2_b30_s20_h12_w50,17,50,20,62.628535,43.902059,73.338751,10.0,True,True,1.154477,1.154208,0.908714,1.134416,0.819172,1.0,1.300803,1.300793,0.827716,1.279374,0.94855,1.0,0.099003,0.099003,0.001441,0.001066
config_67_det2_b30_s20_h12_w50,18,50,20,66.312567,43.902059,73.338751,10.0,True,True,1.130736,1.130538,0.901432,1.128726,0.810309,1.0,1.342732,1.341985,0.822638,1.332239,0.949898,1.0,0.10211,0.10211,0.001377,0.001048
config_67_det2_b30_s20_h12_w50,19,50,20,69.996598,43.902059,73.338751,10.0,True,True,1.097079,1.097023,0.872492,1.081841,0.793478,1.0,1.34172,1.341509,0.820982,1.317121,0.940992,1.0,0.102097,0.102097,0.001378,0.000971
config_67_det2_b30_s20_h12_w50,20,50,20,73.68063,43.902059,73.338751,10.0,True,True,1.053861,1.053861,0.840811,1.039959,0.773,1.0,1.309491,1.309451,0.826472,1.299493,0.93614,1.0,0.09965,0.09965,0.001149,0.000897
config_68_det2_b30_s20_h12_w500,1,500,20,7.937005,83.80951,140.878538,10.0,False,False,1.125028,1.115954,1.125028,1.125028,1.128213,1.0,1.036588,1.03586,0.226019,0.971164,0.432325,0.934066,0.101351,0.101351,0.021023,0.001564
config_68_det2_b30_s20_h12_w500,2,500,20,15.874011,83.80951,140.878538,10.0,False,False,1.085455,1.082669,1.018962,1.077387,1.04889,1.0,1.658961,1.652003,1.195196,1.646037,1.561503,1.0,0.101351,0.101351,0.009461,0.003145
config_68_det2_b30_s20_h12_w500,3,500,20,23.811016,83.80951,140.878538,10.0,False,False,1.010453,1.009024,0.987094,1.002893,0.991072,1.0,1.310306,1.309329,1.308236,1.305882,1.286374,1.0,0.1032,0.1032,0.006145,0.002187
config_68_det2_b30_s20_h12_w500,4,500,20,31.748021,83.80951,140.878538,10.0,False,False,0.975471,0.974441,0.955663,0.972612,0.949069,1.0,1.042993,1.041965,1.040652,1.039765,1.02192,1.0,0.102573,0.102573,0.004288,0.001949
config_68_det2_b30_s20_h12_w500,5,500,20,39.685026,83.80951,140.878538,10.0,False,False,0.889802,0.889145,0.883991,0.884861,0.866804,1.0,1.378384,1.378202,0.885398,1.355554,0.988847,1.0,0.09837,0.09837,0.003097,0.001632
config_68_det2_b30_s20_h12_w500,6,500,20,47.622032,83.80951,140.878538,10.0,False,False,0.943581,0.942814,0.794173,0.842499,0.782507,1.0,1.406215,1.405069,0.851429,1.402311,1.040219,1.0,0.100766,0.100766,0.002346,0.001377
config_68_det2_b30_s20_h12_w500,7,500,20,55.559037,83.80951,140.878538,10.0,False,False,1.077676,1.0773,0.775125,1.050011,0.791815,1.0,1.334878,1.334522,0.916003,1.33344,1.081299,1.0,0.099845,0.099845,0.001832,0.001204
config_68_det2_b30_s20_h12_w500,8,500,20,63.496042,83.80951,140.878538,10.0,False,False,1.104421,1.104228,0.760796,1.099854,0.789328,1.0,1.268529,1.268412,1.155061,1.266865,1.085055,1.0,0.101738,0.101738,0.001609,0.001066
config_68_det2_b30_s20_h12_w500,9,500,20,71.433047,83.80951,140.878538,10.0,False,False,1.110684,1.110576,0.743888,1.10814,0.793323,1.0,1.287327,1.286676,1.066156,1.284849,1.019687,1.0,0.100796,0.100796,0.001502,0.000969
config_68_det2_b30_s20_h12_w500,10,500,20,79.370053,83.80951,140.878538,10.0,True,False,1.057971,1.057927,0.75331,1.045824,0.815319,1.0,1.321003,1.320781,1.048085,1.316823,1.004392,1.0,0.101853,0.101853,0.001215,0.000819
config_68_det2_b30_s20_h12_w500,11,500,20,87.307058,83.80951,140.878538,10.0,True,False,1.037172,1.03703,0.776637,1.020523,0.795329,1.0,1.362215,1.352187,1.025203,1.350023,0.993367,1.0,0.10102,0.10102,0.001094,0.000782
config_68_det2_b30_s20_h12_w500,12,500,20,95.244063,83.80951,140.878538,10.0,True,False,1.026043,1.025992,0.765648,0.992657,0.768933,1.0,1.344058,1.343768,1.011933,1.327839,1.00315,1.0,0.102648,0.102648,0.00102,0.000785
config_68_det2_b30_s20_h12_w500,13,500,20,103.181068,83.80951,140.878538,10.0,True,False,1.03327,1.03315,0.768022,1.002403,0.751544,1.0,1.275897,1.275873,0.993305,1.266615,0.989799,1.0,0.105172,0.105172,0.001033,0.000326
config_68_det2_b30_s20_h12_w500,14,500,20,111.118074,83.80951,140.878538,10.0,True,False,1.056899,1.049497,0.794315,1.044069,0.771088,1.0,1.221981,1.221488,0.979917,1.210793,0.968333,1.0,0.11204,0.11204,0.00154,0.000737
config_68_det2_b30_s20_h12_w500,15,500,20,119.055079,83.80951,140.878538,10.0,True,True,1.069624,1.063654,0.825695,1.054313,0.789109,1.0,1.30439,1.304116,0.956441,1.289195,0.963792,1.0,0.124739,0.124739,0.00187,0.000987
config_68_det2_b30_s20_h12_w500,16,500,20,126.992084,83.80951,140.878538,10.0,True,True,1.049694,1.0493,0.861891,1.038697,0.792409,1.0,1.273607,1.273518,1.010571,1.271266,0.966804,1.0,0.135963,0.135963,0.001546,0.000944
config_68_det2_b30_s20_h12_w500,17,500,20,134.929089,83.80951,140.878538,10.0,True,True,1.103855,1.103612,0.853993,1.067826,0.788327,1.0,1.27535,1.275081,1.045339,1.254588,0.96503,1.0,0.170075,0.170075,0.001487,0.001007
config_68_det2_b30_s20_h12_w500,18,500,20,142.866095,83.80951,140.878538,10.0,True,True,1.087952,1.087952,0.8275,1.073806,0.783009,1.0,1.266614,1.266339,1.057309,1.256789,0.963791,1.0,0.195556,0.195556,0.001332,0.001028
config_68_det2_b30_s20_h12_w500,19,500,20,150.8031,83.80951,140.878538,10.0,True,True,1.065486,1.065431,0.812799,1.036577,0.767792,1.0,1.228697,1.228488,1.040312,1.22579,0.956108,1.0,0.196092,0.196092,0.001508,0.000975
config_68_det2_b30_s20_h12_w500,20,500,20,158.740105,83.80951,140.878538,10.0,True,True,1.039182,1.032324,0.829498,1.019288,0.760535,1.0,1.237355,1.237233,1.037668,1.221161,0.947362,1.0,0.196092,0.196092,0.00109,0.000889
config_69_det2_b30_s20_h12_w1500,1,1500,20,11.447142,115.376294,178.713563,10.0,False,False,1.094289,1.090139,1.013709,1.086614,1.027491,1.0,1.379574,1.37668,0.256554,1.323723,0.960176,1.0,0.101039,0.101039,0.012281,0.001425
config_69_det2_b30_s20_h12_w1500,2,1500,20,22.894285,115.376294,178.713563,10.0,False,False,1.012143,1.010239,0.978713,1.012143,0.990962,1.0,1.372347,1.371546,1.370532,1.368683,1.346212,1.0,0.1,0.1,0.006178,0.002147
config_69_det2_b30_s20_h12_w1500,3,1500,20,34.341427,115.376294,178.713563,10.0,False,False,0.948728,0.947225,0.94366,0.945246,0.929008,1.0,1.138271,1.138219,0.980584,1.135834,0.972894,1.0,0.10274,0.10274,0.004179,0.001584
config_69_det2_b30_s20_h12_w1500,4,1500,20,45.78857,115.376294,178.713563,10.0,False,False,1.05912,1.058733,0.809951,0.993915,0.806216,1.0,1.471682,1.471487,0.907995,1.459674,1.07616,1.0,0.101476,0.101476,0.002632,0.001233
config_69_det2_b30_s20_h12_w1500,5,1500,20,57.235712,115.376294,178.713563,10.0,False,False,1.130837,1.13047,0.77915,1.076047,0.805236,1.0,1.325828,1.325212,0.990295,1.313361,1.092617,1.0,0.100019,0.100019,0.002221,0.001149
config_69_det2_b30_s20_h12_w1500,6,1500,20,68.682855,115.376294,178.713563,10.0,False,False,1.143893,1.143591,0.729166,1.133592,0.839087,1.0,1.254628,1.25447,1.132754,1.251805,1.056152,1.0,0.100359,0.100359,0.001652,0.000959
config_69_det2_b30_s20_h12_w1500,7,1500,20,80.129997,115.376294,178.713563,10.0,False,False,1.05635,1.056326,0.767129,1.048478,0.840983,1.0,1.277143,1.276993,1.059192,1.273932,1.001584,1.0,0.102156,0.102156,0.001393,0.000833
config_69_det2_b30_s20_h12_w1500,8,1500,20,91.577139,115.376294,178.713563,10.0,False,False,1.078177,1.078159,0.798345,1.034405,0.79882,1.0,1.344796,1.344795,0.971318,1.32677,1.006776,1.0,0.09946,0.09946,0.001124,0.000778
config_69_det2_b30_s20_h12_w1500,9,1500,20,103.024282,115.376294,178.713563,10.0,True,False,1.165714,1.165412,0.813592,1.135299,0.791506,1.0,1.283443,1.283418,0.958053,1.280884,1.001009,1.0,0.105982,0.105982,0.001034,0.000282
config_69_det2_b30_s20_h12_w1500,10,1500,20,114.471424,115.376294,178.713563,10.0,True,False,1.149581,1.149196,0.811732,1.128181,0.82944,1.0,1.243845,1.24378,0.958474,1.237426,0.989138,1.0,0.11503,0.11503,0.001238,0.000722
config_69_det2_b30_s20_h12_w1500,11,1500,20,125.918567,115.376294,178.713563,10.0,True,False,1.133625,1.133625,0.878766,1.102236,0.832931,1.0,1.265109,1.26502,0.990122,1.253758,0.95941,1.0,0.131446,0.131446,0.001369,0.000966
config_69_det2_b30_s20_h12_w1500,12,1500,20,137.365709,115.376294,178.713563,10.0,True,False,1.143171,1.143108,0.850704,1.106143,0.826529,1.0,1.245577,1.245502,1.025329,1.238796,0.966272,1.0,0.168005,0.168005,0.001369,0.001014
config_69_det2_b30_s20_h12_w1500,13,1500,20,148.812852,115.376294,178.713563,10.0,True,True,1.132991,1.132914,0.872421,1.101942,0.813139,1.0,1.231938,1.227143,1.063506,1.218635,0.960749,1.0,0.204416,0.204416,0.001297,0.000996
config_69_det2_b30_s20_h12_w1500,14,1500,20,160.259994,115.376294,178.713563,10.0,True,True,1.142613,1.138582,0.860628,1.126155,0.804555,1.0,1.225898,1.224719,1.060509,1.214994,0.965622,1.0,0.203289,0.203289,0.001197,0.000911
config_69_det2_b30_s20_h12_w1500,15,1500,20,171.707136,115.376294,178.713563,10.0,True,True,1.137815,1.131743,0.822804,1.102851,0.796709,1.0,1.243288,1.243288,1.064077,1.23705,0.955051,1.0,0.199264,0.0,0.001172,0.0
config_69_det2_b30_s20_h12_w1500,16,1500,20,183.154279,115.376294,178.713563,10.0,True,True,1.095795,1.095795,0.807406,1.087127,0.78586,1.0,1.235417,1.235417,1.067072,1.219484,0.948463,1.0,0.199768,0.0,0.00105,0.0
config_69_det2_b30_s20_h12_w1500,17,1500,20,194.601421,115.376294,178.713563,10.0,True,True,1.087058,1.086783,0.833183,1.065908,0.779579,1.0,1.226433,1.226433,1.067846,1.206022,0.939021,1.0,0.19673,0.0,0.000916,0.0
config_69_det2_b30_s20_h12_w1500,18,1500,20,206.048564,115.376294,178.713563,10.0,True,True,1.081884,1.081832,0.817996,1.050555,0.763936,1.0,1.230569,1.230569,1.048073,1.21166,0.941451,1.0,0.208119,0.0,0.001091,0.0
config_69_det2_b30_s20_h12_w1500,19,1500,20,217.495706,115.376294,178.713563,10.0,True,True,1.069749,1.069613,0.807994,1.057732,0.754625,1.0,1.232003,1.232003,1.056571,1.208709,0.938728,1.0,0.201082,0.0,0.000988,0.0
config_69_det2_b30_s20_h12_w1500,20,1500,20,228.942849,115.376294,178.713563,10.0,True,True,1.04812,1.048005,0.788687,1.045276,0.754168,1.0,1.220872,1.220649,1.058266,1.205046,0.939393,1.0,0.202973,0.202973,0.000877,0.000635
config_70_det2_b30_s20_h24_w50,1,50,20,3.684031,43.888745,63.464024,10.0,False,False,1.130389,1.110529,1.130389,1.130389,1.209455,0.978022,0.567948,0.418507,0.324129,0.385278,0.477458,0.604396,0.096491,0.083086,0.0,0.0
config_70_det2_b30_s20_h24_w50,2,50,20,7.368063,43.888745,63.464024,10.0,False,False,1.139574,1.129882,1.139574,1.139574,1.142827,1.0,0.964995,0.955644,0.964995,0.964995,0.982963,0.978022,0.104651,0.096774,0.020069,0.006456
config_70_det2_b30_s20_h24_w50,3,50,20,11.052094,43.888745,63.464024,10.0,False,False,1.063955,1.059417,0.990861,1.046874,0.996264,1.0,1.292625,1.273062,0.763857,1.27384,1.073761,1.0,0.101562,0.099804,0.012348,0.00446
config_70_det2_b30_s20_h24_w50,4,50,20,14.736126,43.888745,63.464024,10.0,False,False,1.11608,1.113455,1.001297,1.101833,1.045464,1.0,1.292865,1.288986,0.618973,1.277625,1.23279,1.0,0.101164,0.101164,0.008113,0.003458
config_70_det2_b30_s20_h24_w50,5,50,20,18.420157,43.888745,63.464024,10.0,False,False,1.080693,1.07841,1.001887,1.065787,1.038971,1.0,1.264571,1.2625,1.212634,1.252268,1.236005,1.0,0.098131,0.098131,0.006121,0.003198
config_70_det2_b30_s20_h24_w50,6,50,20,22.104189,43.888745,63.464024,10.0,False,False,1.037544,1.035894,0.989061,1.037111,1.012175,1.0,1.370608,1.368954,1.366925,1.364097,1.342856,1.0,0.103348,0.103348,0.00555,0.003103
config_70_det2_b30_s20_h24_w50,7,50,20,25.78822,43.888745,63.464024,10.0,False,False,1.011734,1.010907,0.966148,0.997711,0.983034,1.0,1.235312,1.23443,1.232401,1.231425,1.210202,1.0,0.102202,0.102202,0.004628,0.002788
config_70_det2_b30_s20_h24_w50,8,50,20,29.472252,43.888745,63.464024,10.0,False,False,0.967266,0.956901,0.942723,0.955952,0.941402,1.0,1.118902,1.118102,1.114964,1.114301,1.09434,1.0,0.100328,0.100328,0.003456,0.002185
config_70_det2_b30_s20_h24_w50,9,50,20,33.156283,43.888745,63.464024,10.0,False,False,0.920911,0.920376,0.907861,0.907429,0.898695,1.0,1.029884,1.029575,1.024742,1.025054,1.006012,1.0,0.10042,0.10042,0.003384,0.002028
config_70_det2_b30_s20_h24_w50,10,50,20,36.840315,43.888745,63.464024,10.0,False,False,0.908679,0.908278,0.894368,0.894719,0.877855,1.0,1.006017,1.005715,0.956324,1.002141,0.93945,1.0,0.100321,0.100321,0.002573,0.001822
config_70_det2_b30_s20_h24_w50,11,50,20,40.524346,43.888745,63.464024,10.0,False,False,0.918415,0.917885,0.87715,0.90061,0.857927,1.0,1.050189,1.048764,0.9027,1.046563,0.939844,1.0,0.101303,0.101303,0.002371,0.001588
config_70_det2_b30_s20_h24_w50,12,50,20,44.208378,43.888745,63.464024,10.0,False,False,0.896816,0.896131,0.841858,0.8813,0.827078,1.0,1.05797,1.057172,0.931331,1.052072,0.948516,1.0,0.102204,0.102204,0.002249,0.00159
config_70_det2_b30_s20_h24_w50,13,50,20,47.892409,43.888745,63.464024,10.0,False,False,0.867017,0.866898,0.809084,0.863946,0.796304,1.0,1.122678,1.121864,0.925836,1.120228,0.963438,1.0,0.102478,0.102478,0.001847,0.001393
config_70_det2_b30_s20_h24_w50,14,50,20,51.576441,43.888745,63.464024,10.0,True,False,0.858206,0.857702,0.783552,0.841868,0.772142,1.0,1.11415,1.106082,0.947373,1.092935,0.965938,1.0,0.097678,0.097678,0.0019,0.001336
config_70_det2_b30_s20_h24_w50,15,50,20,55.260472,43.888745,63.464024,10.0,True,True,0.852812,0.85163,0.776374,0.847889,0.76798,1.0,1.165823,1.155089,0.905747,1.154196,0.941534,1.0,0.101807,0.101807,0.001729,0.001255
config_70_det2_b30_s20_h24_w50,16,50,20,58.944504,43.888745,63.464024,10.0,True,True,0.891948,0.891303,0.79516,0.863605,0.781301,1.0,1.170841,1.170525,0.865552,1.135665,0.925248,1.0,0.101344,0.101344,0.001611,0.001162
config_70_det2_b30_s20_h24_w50,17,50,20,62.628535,43.888745,63.464024,10.0,True,True,0.923789,0.909959,0.794857,0.89777,0.778842,1.0,1.150362,1.150173,0.868729,1.117875,0.913311,1.0,0.099003,0.099003,0.001441,0.001066
config_70_det2_b30_s20_h24_w50,18,50,20,66.312567,43.888745,63.464024,10.0,True,True,0.931168,0.931011,0.776446,0.897582,0.761962,1.0,1.158225,1.158175,0.861796,1.156302,0.909316,1.0,0.10211,0.10211,0.001377,0.001048
config_70_det2_b30_s20_h24_w50,19,50,20,69.996598,43.888745,63.464024,10.0,True,True,0.977384,0.967686,0.774431,0.918592,0.740775,1.0,1.127846,1.127633,0.867402,1.113982,0.898129,1.0,0.102097,0.102097,0.001378,0.000971
config_70_det2_b30_s20_h24_w50,20,50,20,73.68063,43.888745,63.464024,10.0,True,True,0.936116,0.936088,0.761435,0.933963,0.716584,1.0,1.175944,1.175649,0.871388,1.126156,0.88724,1.0,0.09965,0.09965,0.001149,0.000897
config_71_det2_b30_s20_h24_w500,1,500,20,7.937005,72.908711,146.348191,10.0,False,False,1.125028,1.115954,1.125028,1.125028,1.128213,1.0,1.036588,1.03586,0.226019,0.971164,0.432325,0.934066,0.101351,0.101351,0.021023,0.001564
config_71_det2_b30_s20_h24_w500,2,500,20,15.874011,72.908711,146.348191,10.0,False,False,1.085455,1.082669,1.018962,1.077387,1.04889,1.0,1.658961,1.652003,1.195196,1.646037,1.561503,1.0,0.101351,0.101351,0.009461,0.003145
config_71_det2_b30_s20_h24_w500,3,500,20,23.811016,72.908711,146.348191,10.0,False,False,1.010453,1.009024,0.987094,1.002893,0.991072,1.0,1.311304,1.310253,1.309223,1.307387,1.28767,1.0,0.1032,0.1032,0.006145,0.002187
config_71_det2_b30_s20_h24_w500,4,500,20,31.748021,72.908711,146.348191,10.0,False,False,0.975332,0.974441,0.955523,0.972612,0.949009,1.0,1.050295,1.049667,1.046935,1.045724,1.028574,1.0,0.102573,0.102573,0.004288,0.001949
config_71_det2_b30_s20_h24_w500,5,500,20,39.685026,72.908711,146.348191,10.0,False,False,0.889802,0.889145,0.883991,0.884861,0.866804,1.0,1.250423,1.229279,0.950758,1.227182,0.978686,1.0,0.09837,0.09837,0.003097,0.001632
config_71_det2_b30_s20_h24_w500,6,500,20,47.622032,72.908711,146.348191,10.0,False,False,0.858925,0.858308,0.794173,0.842499,0.782556,1.0,1.373971,1.373261,1.034185,1.359786,1.08706,1.0,0.100766,0.100766,0.002346,0.001377
config_71_det2_b30_s20_h24_w500,7,500,20,55.559037,72.908711,146.348191,10.0,False,False,0.886335,0.886121,0.776814,0.873126,0.787861,1.0,1.438278,1.426821,1.098709,1.425011,1.135694,1.0,0.099845,0.099845,0.001832,0.001204
config_71_det2_b30_s20_h24_w500,8,500,20,63.496042,72.908711,146.348191,10.0,False,False,0.861882,0.861761,0.752619,0.848639,0.7609,1.0,1.423466,1.422663,1.086352,1.4152,1.148729,1.0,0.101738,0.101738,0.001609,0.001066
config_71_det2_b30_s20_h24_w500,9,500,20,71.433047,72.908711,146.348191,10.0,False,False,0.872153,0.872031,0.731696,0.86117,0.735495,1.0,1.376244,1.376222,1.154002,1.366176,1.121187,1.0,0.100796,0.100796,0.001502,0.000969
config_71_det2_b30_s20_h24_w500,10,500,20,79.370053,72.908711,146.348191,10.0,False,False,0.855876,0.855815,0.698158,0.836112,0.696274,1.0,1.407193,1.407101,1.135301,1.376217,1.103074,1.0,0.101853,0.101853,0.001215,0.000819
config_71_det2_b30_s20_h24_w500,11,500,20,87.307058,72.908711,146.348191,10.0,True,False,0.858787,0.858737,0.726245,0.836226,0.670836,1.0,1.42907,1.428899,1.086602,1.416431,1.093269,1.0,0.10102,0.10102,0.001094,0.000782
config_71_det2_b30_s20_h24_w500,12,500,20,95.244063,72.908711,146.348191,10.0,True,False,0.854559,0.854499,0.701657,0.833693,0.657302,1.0,1.452602,1.45225,1.060407,1.437426,1.104621,1.0,0.102648,0.102648,0.00102,0.000785
config_71_det2_b30_s20_h24_w500,13,500,20,103.181068,72.908711,146.348191,10.0,True,True,0.880103,0.87962,0.704038,0.877981,0.675084,1.0,1.439117,1.438773,1.055899,1.415191,1.112481,1.0,0.105172,0.105172,0.001033,0.000326
config_71_det2_b30_s20_h24_w500,14,500,20,111.118074,72.908711,146.348191,10.0,True,True,0.954735,0.954472,0.724578,0.941949,0.703523,1.0,1.393103,1.392538,1.076646,1.369936,1.097865,1.0,0.11204,0.11204,0.00154,0.000737
config_71_det2_b30_s20_h24_w500,15,500,20,119.055079,72.908711,146.348191,10.0,True,True,1.031414,1.030684,0.746853,1.002467,0.744067,1.0,1.372357,1.371952,1.077741,1.352968,1.071712,1.0,0.124739,0.124739,0.00187,0.000987
config_71_det2_b30_s20_h24_w500,16,500,20,126.992084,72.908711,146.348191,10.0,True,True,1.003934,1.003769,0.740057,0.98322,0.752179,1.0,1.342976,1.342819,1.072384,1.328308,1.060811,1.0,0.135963,0.135963,0.001546,0.000944
config_71_det2_b30_s20_h24_w500,17,500,20,134.929089,72.908711,146.348191,10.0,True,True,1.005154,1.004918,0.759874,0.999449,0.743048,1.0,1.351898,1.347034,1.100288,1.322381,1.052719,1.0,0.170075,0.170075,0.001487,0.001007
config_71_det2_b30_s20_h24_w500,18,500,20,142.866095,72.908711,146.348191,10.0,True,True,1.082131,1.076121,0.740395,1.03419,0.748364,1.0,1.336822,1.334843,1.092662,1.31752,1.043746,1.0,0.195556,0.195556,0.001332,0.001028
config_71_det2_b30_s20_h24_w500,19,500,20,150.8031,72.908711,146.348191,10.0,True,True,1.078272,1.078272,0.728909,1.041407,0.751834,1.0,1.32621,1.326037,1.108679,1.307794,1.025895,1.0,0.196092,0.196092,0.001508,0.000975
config_71_det2_b30_s20_h24_w500,20,500,20,158.740105,72.908711,146.348191,10.0,True,True,1.081122,1.081068,0.713641,1.047168,0.761109,1.0,1.317061,1.316853,1.11809,1.301579,1.010699,1.0,0.196092,0.196092,0.00109,0.000889
config_72_det2_b30_s20_h24_w1500,1,1500,20,11.447142,107.19115,193.106904,10.0,False,False,1.094289,1.090139,1.013709,1.086614,1.027491,1.0,1.379574,1.37668,0.256554,1.323723,0.960176,1.0,0.101039,0.101039,0.012281,0.001425
config_72_det2_b30_s20_h24_w1500,2,1500,20,22.894285,107.19115,193.106904,10.0,False,False,1.012143,1.010239,0.978713,1.012143,0.990962,1.0,1.375876,1.37467,1.373422,1.372088,1.349901,1.0,0.1,0.1,0.006178,0.002147
config_72_det2_b30_s20_h24_w1500,3,1500,20,34.341427,107.19115,193.106904,10.0,False,False,0.948733,0.947225,0.943665,0.945252,0.929008,1.0,1.279348,1.278715,1.045901,1.230141,1.01836,1.0,0.10274,0.10274,0.004179,0.001584
config_72_det2_b30_s20_h24_w1500,4,1500,20,45.78857,107.19115,193.106904,10.0,False,False,0.904895,0.904441,0.809951,0.889762,0.80406,1.0,1.357848,1.356771,1.086044,1.353156,1.085516,1.0,0.101476,0.101476,0.002632,0.001233
config_72_det2_b30_s20_h24_w1500,5,1500,20,57.235712,107.19115,193.106904,10.0,False,False,0.888413,0.888009,0.782821,0.886008,0.786585,1.0,1.489649,1.488076,1.106294,1.451751,1.171368,1.0,0.100019,0.100019,0.002221,0.001149
config_72_det2_b30_s20_h24_w1500,6,1500,20,68.682855,107.19115,193.106904,10.0,False,False,0.910097,0.909929,0.738856,0.907147,0.764696,1.0,1.432003,1.431911,1.213056,1.41556,1.161989,1.0,0.100359,0.100359,0.001652,0.000959
config_72_det2_b30_s20_h24_w1500,7,1500,20,80.129997,107.19115,193.106904,10.0,False,False,0.939801,0.939717,0.739453,0.929448,0.727405,1.0,1.354746,1.354176,1.143789,1.344332,1.105111,1.0,0.102156,0.102156,0.001393,0.000833
config_72_det2_b30_s20_h24_w1500,8,1500,20,91.577139,107.19115,193.106904,10.0,False,False,0.905972,0.905969,0.730811,0.899541,0.712667,1.0,1.472555,1.472267,1.055415,1.450302,1.13019,1.0,0.09946,0.09946,0.001124,0.000778
config_72_det2_b30_s20_h24_w1500,9,1500,20,103.024282,107.19115,193.106904,10.0,True,False,1.06123,1.060601,0.755975,1.028444,0.759307,1.0,1.460799,1.460715,1.103712,1.427228,1.133603,1.0,0.105982,0.105982,0.001034,0.000282
config_72_det2_b30_s20_h24_w1500,10,1500,20,114.471424,107.19115,193.106904,10.0,True,False,1.107147,1.106689,0.776823,1.063557,0.795475,1.0,1.381944,1.381863,1.1236,1.367267,1.092197,1.0,0.11503,0.11503,0.001238,0.000722
config_72_det2_b30_s20_h24_w1500,11,1500,20,125.918567,107.19115,193.106904,10.0,True,False,1.09878,1.098536,0.765053,1.085234,0.797035,1.0,1.390276,1.389746,1.100939,1.382345,1.084341,1.0,0.131446,0.131446,0.001369,0.000966
config_72_det2_b30_s20_h24_w1500,12,1500,20,137.365709,107.19115,193.106904,10.0,True,True,1.165737,1.165525,0.752829,1.130554,0.825838,1.0,1.40681,1.406465,1.137898,1.393642,1.098759,1.0,0.168005,0.168005,0.001369,0.001014
config_72_det2_b30_s20_h24_w1500,13,1500,20,148.812852,107.19115,193.106904,10.0,True,True,1.146064,1.140017,0.73315,1.101962,0.832437,1.0,1.39103,1.390651,1.156757,1.378842,1.087818,1.0,0.204416,0.204416,0.001297,0.000996
config_72_det2_b30_s20_h24_w1500,14,1500,20,160.259994,107.19115,193.106904,10.0,True,True,1.123022,1.122958,0.718307,1.091322,0.828612,1.0,1.354404,1.354035,1.210637,1.339105,1.062151,1.0,0.203289,0.203289,0.001197,0.000911
config_72_det2_b30_s20_h24_w1500,15,1500,20,171.707136,107.19115,193.106904,10.0,True,True,1.087552,1.087487,0.765956,1.079795,0.817986,1.0,1.354284,1.354284,1.208978,1.338846,1.06585,1.0,0.199264,0.0,0.001172,0.0
config_72_det2_b30_s20_h24_w1500,16,1500,20,183.154279,107.19115,193.106904,10.0,True,True,1.104124,1.104054,0.814111,1.070772,0.8066,1.0,1.339508,1.339508,1.216846,1.336025,1.060895,1.0,0.199768,0.0,0.00105,0.0
config_72_det2_b30_s20_h24_w1500,17,1500,20,194.601421,107.19115,193.106904,10.0,True,True,1.067727,1.067727,0.864912,1.047359,0.7988,1.0,1.369487,1.369487,1.225007,1.352618,1.050648,1.0,0.19673,0.0,0.000916,0.0
config_72_det2_b30_s20_h24_w1500,18,1500,20,206.048564,107.19115,193.106904,10.0,True,True,1.048503,1.04816,0.860931,1.031056,0.790042,1.0,1.422494,1.422494,1.226704,1.407634,1.069884,1.0,0.208119,0.0,0.001091,0.0
config_72_det2_b30_s20_h24_w1500,19,1500,20,217.495706,107.19115,193.106904,10.0,True,True,1.038496,1.037467,0.852936,1.017252,0.78422,1.0,1.492603,1.492603,1.232034,1.439113,1.107308,1.0,0.201082,0.0,0.000988,0.0
config_72_det2_b30_s20_h24_w1500,20,1500,20,228.942849,107.19115,193.106904,10.0,True,True,1.01399,1.013848,0.857193,1.002071,0.772199,1.0,1.550088,1.54974,1.212712,1.525239,1.148628,1.0,0.202973,0.202973,0.000877,0.000635
config_73_det1_b10_s8_h10_w250,1,250,8,6.299605,62.856087,101.528624,6.403124,False,False,0.870809,0.866429,0.176024,0.842492,0.645388,0.967033,1.423636,1.40487,0.281271,1.371861,0.94764,0.989011,0.109244,0.109244,0.024611,0.002918
config_73_det1_b10_s8_h10_w250,2,250,8,12.59921,62.856087,101.528624,6.403124,False,False,0.860421,0.859249,0.296704,0.857829,0.787233,0.989011,1.393497,1.392134,0.233839,1.379146,1.169446,1.0,0.101019,0.101019,0.012628,0.004079
config_73_det1_b10_s8_h10_w250,3,250,8,18.898816,62.856087,101.528624,6.403124,False,False,0.854925,0.844431,0.758978,0.824479,0.76357,1.0,1.172192,1.163648,0.371544,1.151847,0.929652,1.0,0.101878,0.101878,0.007285,0.00284
config_73_det1_b10_s8_h10_w250,4,250,8,25.198421,62.856087,101.528624,6.403124,False,False,0.896253,0.895414,0.723304,0.881983,0.724685,1.0,1.205131,1.204146,0.493926,1.181004,0.939463,1.0,0.102128,0.102128,0.005302,0.002381
config_73_det1_b10_s8_h10_w250,5,250,8,31.498026,62.856087,101.528624,6.403124,False,False,0.940673,0.94039,0.705507,0.895542,0.726188,1.0,1.319315,1.315261,0.548936,1.305833,1.032439,1.0,0.098248,0.098248,0.003401,0.001998
config_73_det1_b10_s8_h10_w250,6,250,8,37.797631,62.856087,101.528624,6.403124,False,False,1.026935,1.021088,0.72911,0.948244,0.732734,1.0,1.313903,1.308911,0.543794,1.28544,1.021214,1.0,0.101868,0.101868,0.003108,0.001871
config_73_det1_b10_s8_h10_w250,7,250,8,44.097237,62.856087,101.528624,6.403124,False,False,1.067869,1.067511,0.7543,1.042591,0.759627,1.0,1.34897,1.346894,0.559992,1.329816,1.059862,1.0,0.102278,0.102278,0.002416,0.001401
config_73_det1_b10_s8_h10_w250,8,250,8,50.396842,62.856087,101.528624,6.403124,False,False,1.120483,1.1203,0.7469,1.069156,0.765815,1.0,1.314274,1.310458,0.592531,1.304272,1.038488,1.0,0.101828,0.101828,0.002221,0.001414
config_73_det1_b10_s8_h10_w250,9,250,8,56.696447,62.856087,101.528624,6.403124,True,False,1.134543,1.134438,0.765308,1.090154,0.795339,1.0,1.373988,1.37256,0.633051,1.358784,1.075506,1.0,0.102095,0.102095,0.001749,0.001146
config_73_det1_b10_s8_h10_w250,10,250,8,62.996052,62.856087,101.528624,6.403124,True,False,1.14636,1.143444,0.821445,1.106178,0.812174,1.0,1.35888,1.355461,0.736573,1.33612,1.078529,1.0,0.099299,0.099299,0.001658,0.00108
config_73_det1_b10_s8_h10_w250,11,250,8,69.295658,62.856087,101.528624,6.403124,True,False,1.139637,1.139477,0.831187,1.104255,0.825139,1.0,1.356423,1.356125,0.782379,1.338837,1.080276,1.0,0.100822,0.100822,0.001437,0.000954
config_73_det1_b10_s8_h10_w250,12,250,8,75.595263,62.856087,101.528624,6.403124,True,True,1.119467,1.119295,0.833787,1.092178,0.823701,1.0,1.34529,1.344974,0.80001,1.326866,1.07688,1.0,0.098918,0.098918,0.001262,0.000896
config_73_det1_b10_s8_h10_w250,13,250,8,81.894868,62.856087,101.528624,6.403124,True,True,1.096907,1.09603,0.860339,1.080745,0.820878,1.0,1.341982,1.341713,0.793099,1.320376,1.069173,1.0,0.101035,0.101035,0.001134,0.000807
config_73_det1_b10_s8_h10_w250,14,250,8,88.194473,62.856087,101.528624,6.403124,True,True,1.080525,1.080436,0.856519,1.067887,0.819134,1.0,1.316954,1.316684,0.837807,1.300384,1.063762,1.0,0.101713,0.101713,0.001171,0.000819
config_73_det1_b10_s8_h10_w250,15,250,8,94.494079,62.856087,101.528624,6.403124,True,True,1.046196,1.045319,0.864092,1.022348,0.806394,1.0,1.310615,1.310359,0.851565,1.301091,1.055986,1.0,0.100989,0.100989,0.000996,0.000717
config_73_det1_b10_s8_h10_w250,16,250,8,100.793684,62.856087,101.528624,6.403124,True,True,1.043636,1.040302,0.871002,1.006711,0.800325,1.0,1.332026,1.332015,0.893505,1.312048,1.062338,1.0,0.101453,0.101453,0.000938,0.000464
config_73_det1_b10_s8_h10_w250,17,250,8,107.093289,62.856087,101.528624,6.403124,True,True,1.043546,1.043381,0.891132,1.023537,0.805327,1.0,1.339239,1.334609,0.931854,1.308463,1.058683,1.0,0.110806,0.110806,0.000912,0.000347
config_73_det1_b10_s8_h10_w250,18,250,8,113.392894,62.856087,101.528624,6.403124,True,True,1.034329,1.033022,0.887402,1.006559,0.801656,1.0,1.341652,1.341228,1.023902,1.317465,1.059862,1.0,0.117293,0.117293,0.001745,0.000483
config_73_det1_b10_s8_h10_w250,19,250,8,119.6925,62.856087,101.528624,6.403124,True,True,1.036249,1.034932,0.884205,1.013584,0.798245,1.0,1.328404,1.327432,1.108994,1.304664,1.057307,1.0,0.124833,0.124833,0.001638,0.00089
config_73_det1_b10_s8_h10_w250,20,250,8,125.992105,62.856087,101.528624,6.403124,True,True,1.043578,1.041733,0.886134,1.013404,0.799773,1.0,1.322162,1.318646,1.126293,1.304077,1.054892,1.0,0.135519,0.135519,0.00199,0.001164
config_74_det1_b10_s8_h10_w1000,1,1000,8,10.0,99.134051,159.215761,6.403124,False,False,0.90507,0.901621,0.165529,0.86704,0.722075,0.978022,1.426031,1.423165,0.278393,1.410169,1.123106,1.0,0.095032,0.095032,0.015634,0.001564
config_74_det1_b10_s8_h10_w1000,2,1000,8,20.0,99.134051,159.215761,6.403124,False,False,0.890022,0.889407,0.768849,0.877379,0.753383,1.0,1.379964,1.375166,0.378232,1.361345,1.045529,1.0,0.102933,0.102933,0.008319,0.002508
config_74_det1_b10_s8_h10_w1000,3,1000,8,30.0,99.134051,159.215761,6.403124,False,False,1.040464,1.031831,0.726906,0.942922,0.749056,1.0,1.378269,1.377203,0.474823,1.351454,1.055834,1.0,0.101961,0.101961,0.004456,0.001661
config_74_det1_b10_s8_h10_w1000,4,1000,8,40.0,99.134051,159.215761,6.403124,False,False,1.216486,1.216214,0.780632,1.161866,0.830373,1.0,1.378856,1.378241,0.613793,1.358355,1.039957,1.0,0.102123,0.102123,0.003391,0.001495
config_74_det1_b10_s8_h10_w1000,5,1000,8,50.0,99.134051,159.215761,6.403124,False,False,1.309819,1.309561,0.834775,1.24518,0.889403,1.0,1.347328,1.345023,0.709318,1.324305,1.048333,1.0,0.099764,0.099764,0.002384,0.001306
config_74_det1_b10_s8_h10_w1000,6,1000,8,60.0,99.134051,159.215761,6.403124,False,False,1.326878,1.323489,0.877669,1.275641,0.921444,1.0,1.360646,1.360047,0.800702,1.346239,1.082142,1.0,0.101019,0.101019,0.001895,0.001054
config_74_det1_b10_s8_h10_w1000,7,1000,8,70.0,99.134051,159.215761,6.403124,False,False,1.272288,1.272081,0.936274,1.246992,0.934339,1.0,1.374177,1.373832,0.892318,1.359277,1.093948,1.0,0.102003,0.102003,0.001514,0.000952
config_74_det1_b10_s8_h10_w1000,8,1000,8,80.0,99.134051,159.215761,6.403124,False,False,1.217024,1.21694,0.970841,1.19761,0.922741,1.0,1.363711,1.36172,0.98868,1.344755,1.084823,1.0,0.098721,0.098721,0.001315,0.000862
config_74_det1_b10_s8_h10_w1000,9,1000,8,90.0,99.134051,159.215761,6.403124,True,False,1.162533,1.162474,0.965342,1.13704,0.894493,1.0,1.353396,1.353217,1.038213,1.333421,1.082379,1.0,0.100274,0.100274,0.001125,0.000768
config_74_det1_b10_s8_h10_w1000,10,1000,8,100.0,99.134051,159.215761,6.403124,True,False,1.108647,1.104739,0.948179,1.088169,0.864135,1.0,1.366181,1.36576,1.066384,1.341371,1.091006,1.0,0.101725,0.101725,0.000985,0.000232
config_74_det1_b10_s8_h10_w1000,11,1000,8,110.0,99.134051,159.215761,6.403124,True,False,1.119161,1.117902,0.962846,1.095201,0.861582,1.0,1.369138,1.36664,1.098715,1.346507,1.095638,1.0,0.112665,0.112665,0.001247,0.000396
config_74_det1_b10_s8_h10_w1000,12,1000,8,120.0,99.134051,159.215761,6.403124,True,True,1.10843,1.106444,0.953974,1.080048,0.855307,1.0,1.37515,1.3717,1.139583,1.354087,1.099166,1.0,0.127204,0.127204,0.001715,0.00092
config_74_det1_b10_s8_h10_w1000,13,1000,8,130.0,99.134051,159.215761,6.403124,True,True,1.105633,1.105562,0.948627,1.079571,0.849277,1.0,1.377861,1.373873,1.161984,1.353341,1.095413,1.0,0.147929,0.147929,0.001585,0.00109
config_74_det1_b10_s8_h10_w1000,14,1000,8,140.0,99.134051,159.215761,6.403124,True,True,1.097338,1.096752,0.945679,1.060191,0.838519,1.0,1.371518,1.369561,1.183448,1.352779,1.098978,1.0,0.185539,0.185539,0.001473,0.00114
config_74_det1_b10_s8_h10_w1000,15,1000,8,150.0,99.134051,159.215761,6.403124,True,True,1.088548,1.088208,0.934944,1.047465,0.831754,1.0,1.377882,1.376939,1.198183,1.356025,1.103684,1.0,0.202279,0.202279,0.00133,0.000992
config_74_det1_b10_s8_h10_w1000,16,1000,8,160.0,99.134051,159.215761,6.403124,True,True,1.083044,1.082891,0.94722,1.049303,0.825058,1.0,1.388164,1.384491,1.208205,1.365767,1.105529,1.0,0.2045,0.2045,0.001209,0.001047
config_74_det1_b10_s8_h10_w1000,17,1000,8,170.0,99.134051,159.215761,6.403124,True,True,1.07074,1.067098,0.94059,1.036339,0.819885,1.0,1.383141,1.378002,1.211743,1.363174,1.103233,1.0,0.201875,0.201875,0.001125,0.000836
config_74_det1_b10_s8_h10_w1000,18,1000,8,180.0,99.134051,159.215761,6.403124,True,True,1.075024,1.074879,0.930457,1.035723,0.813999,1.0,1.373584,1.373584,1.219003,1.355889,1.104262,1.0,0.206265,0.0,0.001201,0.0
config_74_det1_b10_s8_h10_w1000,19,1000,8,190.0,99.134051,159.215761,6.403124,True,True,1.078791,1.078705,0.923307,1.036752,0.810618,1.0,1.376564,1.376564,1.232709,1.358691,1.103888,1.0,0.204457,0.0,0.001104,0.0
config_74_det1_b10_s8_h10_w1000,20,1000,8,200.0,99.134051,159.215761,6.403124,True,True,1.084755,1.083727,0.922331,1.038014,0.80857,1.0,1.358291,1.358291,1.21818,1.34162,1.09799,1.0,0.201694,0.0,0.001052,0.0
config_75_det1_b10_s8_h15_w250,1,250,8,6.299605,51.483448,103.049921,6.403124,False,False,0.870809,0.866429,0.176024,0.842492,0.645388,0.967033,1.423636,1.40487,0.283324,1.371861,0.943823,0.989011,0.109244,0.109244,0.024611,0.002918
config_75_det1_b10_s8_h15_w250,2,250,8,12.59921,51.483448,103.049921,6.403124,False,False,0.860421,0.859249,0.296704,0.857829,0.787462,0.989011,1.356372,1.355179,0.233839,1.34108,1.140935,1.0,0.101019,0.101019,0.012628,0.004079
config_75_det1_b10_s8_h15_w250,3,250,8,18.898816,51.483448,103.049921,6.403124,False,False,0.855336,0.844578,0.759441,0.824634,0.76378,1.0,1.08738,1.08708,0.371202,1.08214,0.898992,1.0,0.101878,0.101878,0.007285,0.00284
config_75_det1_b10_s8_h15_w250,4,250,8,25.198421,51.483448,103.049921,6.403124,False,False,0.899477,0.895441,0.723304,0.882125,0.72509,1.0,1.109058,1.108645,0.496877,1.098619,0.894971,1.0,0.102128,0.102128,0.005302,0.002381
config_75_det1_b10_s8_h15_w250,5,250,8,31.498026,51.483448,103.049921,6.403124,False,False,0.885864,0.8856,0.688814,0.861504,0.719457,1.0,1.165076,1.162845,0.5144,1.127338,0.888721,1.0,0.098248,0.098248,0.003401,0.001998
config_75_det1_b10_s8_h15_w250,6,250,8,37.797631,51.483448,103.049921,6.403124,False,False,0.880959,0.87418,0.685168,0.861683,0.702457,1.0,1.200713,1.197218,0.510868,1.17398,0.949141,1.0,0.101868,0.101868,0.003108,0.001871
config_75_det1_b10_s8_h15_w250,7,250,8,44.097237,51.483448,103.049921,6.403124,False,False,0.84692,0.846583,0.728025,0.840042,0.691974,1.0,1.356728,1.35631,0.528678,1.328102,1.041104,1.0,0.102278,0.102278,0.002416,0.001401
config_75_det1_b10_s8_h15_w250,8,250,8,50.396842,51.483448,103.049921,6.403124,False,False,0.864301,0.85958,0.717852,0.842357,0.670335,1.0,1.321357,1.320926,0.551912,1.293978,1.034489,1.0,0.101828,0.101828,0.002221,0.001414
config_75_det1_b10_s8_h15_w250,9,250,8,56.696447,51.483448,103.049921,6.403124,False,False,0.877792,0.877682,0.713858,0.840477,0.662041,1.0,1.40897,1.405876,0.723039,1.381553,1.073274,1.0,0.102095,0.102095,0.001749,0.001146
config_75_det1_b10_s8_h15_w250,10,250,8,62.996052,51.483448,103.049921,6.403124,True,False,0.949486,0.9449,0.704056,0.901212,0.662765,1.0,1.398458,1.398159,0.837131,1.376008,1.089454,1.0,0.099299,0.099299,0.001658,0.00108
config_75_det1_b10_s8_h15_w250,11,250,8,69.295658,51.483448,103.049921,6.403124,True,False,1.063452,1.061679,0.719321,1.020531,0.69398,1.0,1.39565,1.395297,0.895914,1.381882,1.09966,1.0,0.100822,0.100822,0.001437,0.000954
config_75_det1_b10_s8_h15_w250,12,250,8,75.595263,51.483448,103.049921,6.403124,True,True,1.07571,1.074668,0.732546,1.040123,0.719614,1.0,1.372174,1.366493,1.010574,1.353821,1.10151,1.0,0.098918,0.098918,0.001262,0.000896
config_75_det1_b10_s8_h15_w250,13,250,8,81.894868,51.483448,103.049921,6.403124,True,True,1.084815,1.084675,0.752549,1.052406,0.749835,1.0,1.358611,1.358165,1.14645,1.345858,1.092216,1.0,0.101035,0.101035,0.001134,0.000807
config_75_det1_b10_s8_h15_w250,14,250,8,88.194473,51.483448,103.049921,6.403124,True,True,1.065287,1.063886,0.775506,1.043057,0.766419,1.0,1.350968,1.350761,1.179705,1.332732,1.090037,1.0,0.101713,0.101713,0.001171,0.000819
config_75_det1_b10_s8_h15_w250,15,250,8,94.494079,51.483448,103.049921,6.403124,True,True,1.040702,1.040469,0.783869,1.021918,0.775525,1.0,1.395043,1.394794,1.172058,1.362856,1.09067,1.0,0.100989,0.100989,0.000996,0.000717
config_75_det1_b10_s8_h15_w250,16,250,8,100.793684,51.483448,103.049921,6.403124,True,True,1.02969,1.029625,0.809654,1.008654,0.781003,1.0,1.397417,1.392702,1.18547,1.362323,1.098001,1.0,0.101453,0.101453,0.000938,0.000464
config_75_det1_b10_s8_h15_w250,17,250,8,107.093289,51.483448,103.049921,6.403124,True,True,1.037253,1.037008,0.848823,1.015921,0.797337,1.0,1.387774,1.387736,1.190818,1.363154,1.096298,1.0,0.110806,0.110806,0.000912,0.000347
config_75_det1_b10_s8_h15_w250,18,250,8,113.392894,51.483448,103.049921,6.403124,True,True,1.017397,1.014827,0.862124,1.001054,0.804675,1.0,1.36923,1.369081,1.203345,1.345064,1.092722,1.0,0.117293,0.117293,0.001745,0.000483
config_75_det1_b10_s8_h15_w250,19,250,8,119.6925,51.483448,103.049921,6.403124,True,True,1.005379,1.005221,0.871769,0.983233,0.796332,1.0,1.347434,1.347092,1.194709,1.324103,1.081427,1.0,0.124833,0.124833,0.001638,0.00089
config_75_det1_b10_s8_h15_w250,20,250,8,125.992105,51.483448,103.049921,6.403124,True,True,1.016712,1.016079,0.872635,0.983172,0.789961,1.0,1.345916,1.343517,1.186266,1.322023,1.072563,1.0,0.135519,0.135519,0.00199,0.001164
config_76_det1_b10_s8_h15_w1000,1,1000,8,10.0,99.01132,161.747674,6.403124,False,False,0.90507,0.901829,0.165529,0.86704,0.722273,0.978022,1.38861,1.385667,0.278393,1.361486,1.102641,1.0,0.095032,0.095032,0.015634,0.001564
config_76_det1_b10_s8_h15_w1000,2,1000,8,20.0,99.01132,161.747674,6.403124,False,False,0.890161,0.889493,0.768957,0.877386,0.753431,1.0,1.281921,1.281308,0.371646,1.26283,0.998436,1.0,0.102933,0.102933,0.008319,0.002508
config_76_det1_b10_s8_h15_w1000,3,1000,8,30.0,99.01132,161.747674,6.403124,False,False,0.935236,0.92866,0.717391,0.914618,0.741689,1.0,1.243445,1.242895,0.490876,1.217379,0.958475,1.0,0.101961,0.101961,0.004456,0.001661
config_76_det1_b10_s8_h15_w1000,4,1000,8,40.0,99.01132,161.747674,6.403124,False,False,0.934366,0.929528,0.746298,0.915742,0.739519,1.0,1.371156,1.369672,0.590108,1.345165,1.011522,1.0,0.102123,0.102123,0.003391,0.001495
config_76_det1_b10_s8_h15_w1000,5,1000,8,50.0,99.01132,161.747674,6.403124,False,False,1.050848,1.050669,0.765668,1.010026,0.737719,1.0,1.3843,1.380809,0.678795,1.359505,1.070341,1.0,0.099764,0.099764,0.002384,0.001306
config_76_det1_b10_s8_h15_w1000,6,1000,8,60.0,99.01132,161.747674,6.403124,False,False,1.20151,1.198404,0.779062,1.147464,0.79231,1.0,1.413034,1.401948,0.839764,1.386825,1.10112,1.0,0.101019,0.101019,0.001895,0.001054
config_76_det1_b10_s8_h15_w1000,7,1000,8,70.0,99.01132,161.747674,6.403124,False,False,1.279469,1.27636,0.833318,1.222451,0.872306,1.0,1.403954,1.402278,1.014757,1.391759,1.120539,1.0,0.102003,0.102003,0.001514,0.000952
config_76_det1_b10_s8_h15_w1000,8,1000,8,80.0,99.01132,161.747674,6.403124,True,False,1.247735,1.247598,0.876677,1.218853,0.904092,1.0,1.396272,1.392507,1.081157,1.371179,1.111663,1.0,0.098721,0.098721,0.001315,0.000862
config_76_det1_b10_s8_h15_w1000,9,1000,8,90.0,99.01132,161.747674,6.403124,True,False,1.165325,1.165237,0.902268,1.152952,0.894633,1.0,1.392792,1.392359,1.121282,1.368968,1.113093,1.0,0.100274,0.100274,0.001125,0.000768
config_76_det1_b10_s8_h15_w1000,10,1000,8,100.0,99.01132,161.747674,6.403124,True,False,1.098411,1.098411,0.922499,1.0786,0.870161,1.0,1.394264,1.392955,1.128951,1.379536,1.126796,1.0,0.101725,0.101725,0.000985,0.000232
config_76_det1_b10_s8_h15_w1000,11,1000,8,110.0,99.01132,161.747674,6.403124,True,False,1.10244,1.098881,0.941712,1.073772,0.860961,1.0,1.409878,1.408724,1.148207,1.380141,1.129387,1.0,0.112665,0.112665,0.001247,0.000396
config_76_det1_b10_s8_h15_w1000,12,1000,8,120.0,99.01132,161.747674,6.403124,True,True,1.080506,1.079124,0.953751,1.054737,0.850412,1.0,1.406687,1.403533,1.164337,1.387653,1.124154,1.0,0.127204,0.127204,0.001715,0.00092
config_76_det1_b10_s8_h15_w1000,13,1000,8,130.0,99.01132,161.747674,6.403124,True,True,1.080252,1.078289,0.947156,1.052336,0.839098,1.0,1.396276,1.395455,1.185023,1.37455,1.121425,1.0,0.147929,0.147929,0.001585,0.00109
config_76_det1_b10_s8_h15_w1000,14,1000,8,140.0,99.01132,161.747674,6.403124,True,True,1.069049,1.068566,0.93365,1.036066,0.830355,1.0,1.392466,1.392195,1.206474,1.375449,1.127244,1.0,0.185539,0.185539,0.001473,0.00114
config_76_det1_b10_s8_h15_w1000,15,1000,8,150.0,99.01132,161.747674,6.403124,True,True,1.056741,1.056672,0.94273,1.028313,0.823434,1.0,1.396617,1.395278,1.21132,1.3781,1.121599,1.0,0.202279,0.202279,0.00133,0.000992
config_76_det1_b10_s8_h15_w1000,16,1000,8,160.0,99.01132,161.747674,6.403124,True,True,1.056373,1.056242,0.935043,1.017152,0.813637,1.0,1.386605,1.386339,1.21794,1.366597,1.118443,1.0,0.2045,0.2045,0.001209,0.001047
config_76_det1_b10_s8_h15_w1000,17,1000,8,170.0,99.01132,161.747674,6.403124,True,True,1.03554,1.035389,0.922991,1.00116,0.805786,1.0,1.384506,1.384367,1.216572,1.369459,1.11774,1.0,0.201875,0.201875,0.001125,0.000836
config_76_det1_b10_s8_h15_w1000,18,1000,8,180.0,99.01132,161.747674,6.403124,True,True,1.028529,1.027754,0.911815,1.004417,0.796665,1.0,1.371971,1.371971,1.23418,1.358778,1.111871,1.0,0.206265,0.0,0.001201,0.0
config_76_det1_b10_s8_h15_w1000,19,1000,8,190.0,99.01132,161.747674,6.403124,True,True,1.021217,1.021006,0.902144,0.987432,0.787825,1.0,1.362649,1.362649,1.256431,1.346467,1.10754,1.0,0.204457,0.0,0.001104,0.0
config_76_det1_b10_s8_h15_w1000,20,1000,8,200.0,99.01132,161.747674,6.403124,True,True,1.021467,1.020497,0.89826,0.98679,0.780297,1.0,1.359898,1.359898,1.235123,1.346112,1.102416,1.0,0.201694,0.0,0.001052,0.0
config_77_det1_b10_s12_h10_w250,1,250,12,6.299605,59.687535,90.258958,7.81025,False,False,1.020646,1.014126,1.007739,1.017091,1.036765,0.978022,1.422694,1.421342,0.346771,1.309998,0.949542,0.989011,0.109244,0.109244,0.024611,0.002918
config_77_det1_b10_s12_h10_w250,2,250,12,12.59921,59.687535,90.258958,7.81025,False,False,0.933758,0.931382,0.836007,0.924533,0.845377,0.989011,1.415098,1.413004,1.170273,1.412284,1.276294,1.0,0.101019,0.101019,0.012628,0.004079
config_77_det1_b10_s12_h10_w250,3,250,12,18.898816,59.687535,90.258958,7.81025,False,False,0.873158,0.871484,0.836427,0.867869,0.832422,0.989011,1.141528,1.140831,0.960014,1.134649,1.031957,1.0,0.101878,0.101878,0.007285,0.00284
config_77_det1_b10_s12_h10_w250,4,250,12,25.198421,59.687535,90.258958,7.81025,False,False,0.871302,0.869857,0.810051,0.831206,0.78275,1.0,1.183929,1.181858,0.903,1.173081,0.947473,1.0,0.102128,0.102128,0.005302,0.002381
config_77_det1_b10_s12_h10_w250,5,250,12,31.498026,59.687535,90.258958,7.81025,False,False,0.905204,0.904485,0.739798,0.877194,0.73392,1.0,1.170119,1.168349,0.841176,1.148655,0.937053,1.0,0.098248,0.098248,0.003401,0.001998
config_77_det1_b10_s12_h10_w250,6,250,12,37.797631,59.687535,90.258958,7.81025,False,False,0.918645,0.913085,0.69678,0.897748,0.755293,1.0,1.175858,1.174974,0.97323,1.144562,0.976363,1.0,0.101868,0.101868,0.003108,0.001871
config_77_det1_b10_s12_h10_w250,7,250,12,44.097237,59.687535,90.258958,7.81025,False,False,0.951358,0.950856,0.730022,0.927513,0.746915,1.0,1.158346,1.157891,0.965898,1.148438,0.974179,1.0,0.102278,0.102278,0.002416,0.001401
config_77_det1_b10_s12_h10_w250,8,250,12,50.396842,59.687535,90.258958,7.81025,False,False,0.986205,0.977119,0.711497,0.961049,0.735216,1.0,1.17165,1.171226,0.967469,1.155013,0.97831,1.0,0.101828,0.101828,0.002221,0.001414
config_77_det1_b10_s12_h10_w250,9,250,12,56.696447,59.687535,90.258958,7.81025,False,False,1.021396,1.021275,0.690651,0.987102,0.742114,1.0,1.178635,1.178179,0.971317,1.166492,0.975354,1.0,0.102095,0.102095,0.001749,0.001146
config_77_det1_b10_s12_h10_w250,10,250,12,62.996052,59.687535,90.258958,7.81025,True,False,1.05836,1.051019,0.712237,1.021064,0.762744,1.0,1.206774,1.206513,0.968467,1.194926,0.990072,1.0,0.099299,0.099299,0.001658,0.00108
config_77_det1_b10_s12_h10_w250,11,250,12,69.295658,59.687535,90.258958,7.81025,True,False,1.028006,1.027859,0.733282,0.999926,0.757031,1.0,1.211473,1.21097,0.991115,1.189859,0.994057,1.0,0.100822,0.100822,0.001437,0.000954
config_77_det1_b10_s12_h10_w250,12,250,12,75.595263,59.687535,90.258958,7.81025,True,True,1.039585,1.039472,0.72523,0.997645,0.756526,1.0,1.205591,1.202956,0.990771,1.189567,1.000132,1.0,0.098918,0.098918,0.001262,0.000896
config_77_det1_b10_s12_h10_w250,13,250,12,81.894868,59.687535,90.258958,7.81025,True,True,1.012814,1.012754,0.730816,0.983104,0.759775,1.0,1.224031,1.220985,1.003822,1.203671,1.01069,1.0,0.101035,0.101035,0.001134,0.000807
config_77_det1_b10_s12_h10_w250,14,250,12,88.194473,59.687535,90.258958,7.81025,True,True,1.019018,1.018915,0.712965,0.972376,0.750749,1.0,1.22745,1.225903,1.004651,1.206078,1.011626,1.0,0.101713,0.101713,0.001171,0.000819
config_77_det1_b10_s12_h10_w250,15,250,12,94.494079,59.687535,90.258958,7.81025,True,True,1.009116,1.009028,0.710136,0.967601,0.746407,1.0,1.206189,1.206131,1.007689,1.190356,1.011861,1.0,0.100989,0.100989,0.000996,0.000717
config_77_det1_b10_s12_h10_w250,16,250,12,100.793684,59.687535,90.258958,7.81025,True,True,1.006983,1.006852,0.709289,0.979018,0.746893,1.0,1.217577,1.215678,1.022359,1.193017,1.012409,1.0,0.101453,0.101453,0.000938,0.000464
config_77_det1_b10_s12_h10_w250,17,250,12,107.093289,59.687535,90.258958,7.81025,True,True,1.010416,1.007368,0.74788,0.985925,0.769882,1.0,1.220164,1.219936,1.015591,1.198162,1.016448,1.0,0.110806,0.110806,0.000912,0.000347
config_77_det1_b10_s12_h10_w250,18,250,12,113.392894,59.687535,90.258958,7.81025,True,True,1.036264,1.036145,0.781653,1.003085,0.788443,1.0,1.216201,1.21614,1.02202,1.197763,1.013301,1.0,0.117293,0.117293,0.001745,0.000483
config_77_det1_b10_s12_h10_w250,19,250,12,119.6925,59.687535,90.258958,7.81025,True,True,1.025211,1.025136,0.790906,1.003836,0.798954,1.0,1.215102,1.211278,1.017961,1.195483,1.016088,1.0,0.124833,0.124833,0.001638,0.00089
config_77_det1_b10_s12_h10_w250,20,250,12,125.992105,59.687535,90.258958,7.81025,True,True,1.027863,1.027589,0.806093,1.011078,0.809748,1.0,1.213165,1.211578,1.034597,1.191911,1.01362,1.0,0.135519,0.135519,0.00199,0.001164
config_78_det1_b10_s12_h10_w1000,1,1000,12,10.0,96.321477,145.798541,7.81025,False,False,0.958487,0.956024,0.871999,0.901073,0.879973,0.989011,1.516105,1.515376,0.289905,1.496626,1.051711,1.0,0.095032,0.095032,0.015634,0.001564
config_78_det1_b10_s12_h10_w1000,2,1000,12,20.0,96.321477,145.798541,7.81025,False,False,0.892402,0.888107,0.83795,0.876922,0.830222,1.0,1.266215,1.265571,1.051136,1.23703,1.083608,1.0,0.102933,0.102933,0.008319,0.002508
config_78_det1_b10_s12_h10_w1000,3,1000,12,30.0,96.321477,145.798541,7.81025,False,False,0.917169,0.916498,0.772286,0.903099,0.770857,1.0,1.227597,1.209251,0.856283,1.1988,0.981917,1.0,0.101961,0.101961,0.004456,0.001661
config_78_det1_b10_s12_h10_w1000,4,1000,12,40.0,96.321477,145.798541,7.81025,False,False,1.032372,1.031744,0.74176,1.000751,0.78859,1.0,1.20483,1.196546,0.909923,1.183133,0.999709,1.0,0.102123,0.102123,0.003391,0.001495
config_78_det1_b10_s12_h10_w1000,5,1000,12,50.0,96.321477,145.798541,7.81025,False,False,1.104009,1.103588,0.708931,1.065752,0.799968,1.0,1.235752,1.232951,0.880351,1.219131,1.017683,1.0,0.099764,0.099764,0.002384,0.001306
config_78_det1_b10_s12_h10_w1000,6,1000,12,60.0,96.321477,145.798541,7.81025,False,False,1.13607,1.135923,0.762124,1.090355,0.81716,1.0,1.223908,1.223499,0.910582,1.206589,1.021584,1.0,0.101019,0.101019,0.001895,0.001054
config_78_det1_b10_s12_h10_w1000,7,1000,12,70.0,96.321477,145.798541,7.81025,False,False,1.191065,1.189263,0.769983,1.148429,0.823732,1.0,1.237404,1.235467,0.966807,1.2239,1.033785,1.0,0.102003,0.102003,0.001514,0.000952
config_78_det1_b10_s12_h10_w1000,8,1000,12,80.0,96.321477,145.798541,7.81025,False,False,1.136642,1.136598,0.776328,1.117571,0.846165,1.0,1.227199,1.227014,0.984099,1.214204,1.047906,1.0,0.098721,0.098721,0.001315,0.000862
config_78_det1_b10_s12_h10_w1000,9,1000,12,90.0,96.321477,145.798541,7.81025,True,False,1.138668,1.138575,0.770815,1.103235,0.843071,1.0,1.250111,1.249919,0.993738,1.23418,1.05704,1.0,0.100274,0.100274,0.001125,0.000768
config_78_det1_b10_s12_h10_w1000,10,1000,12,100.0,96.321477,145.798541,7.81025,True,False,1.086351,1.086294,0.808755,1.063167,0.845667,1.0,1.256178,1.254432,1.007358,1.23272,1.053159,1.0,0.101725,0.101725,0.000985,0.000232
config_78_det1_b10_s12_h10_w1000,11,1000,12,110.0,96.321477,145.798541,7.81025,True,False,1.105444,1.104067,0.848412,1.083211,0.863909,1.0,1.254985,1.253214,1.020282,1.232438,1.062636,1.0,0.112665,0.112665,0.001247,0.000396
config_78_det1_b10_s12_h10_w1000,12,1000,12,120.0,96.321477,145.798541,7.81025,True,True,1.104988,1.10188,0.85919,1.067877,0.867074,1.0,1.266892,1.265455,1.04396,1.239437,1.065696,1.0,0.127204,0.127204,0.001715,0.00092
config_78_det1_b10_s12_h10_w1000,13,1000,12,130.0,96.321477,145.798541,7.81025,True,True,1.144144,1.138847,0.869359,1.100561,0.869783,1.0,1.25924,1.258986,1.064316,1.243785,1.071966,1.0,0.147929,0.147929,0.001585,0.00109
config_78_det1_b10_s12_h10_w1000,14,1000,12,140.0,96.321477,145.798541,7.81025,True,True,1.154999,1.153364,0.860221,1.101279,0.871503,1.0,1.276366,1.276131,1.097155,1.264792,1.082206,1.0,0.185539,0.185539,0.001473,0.00114
config_78_det1_b10_s12_h10_w1000,15,1000,12,150.0,96.321477,145.798541,7.81025,True,True,1.150307,1.14939,0.853786,1.113919,0.8771,1.0,1.288853,1.288622,1.102632,1.27645,1.086724,1.0,0.202279,0.202279,0.00133,0.000992
config_78_det1_b10_s12_h10_w1000,16,1000,12,160.0,96.321477,145.798541,7.81025,True,True,1.151951,1.151803,0.854533,1.117248,0.875689,1.0,1.297985,1.295242,1.106875,1.268864,1.088003,1.0,0.2045,0.2045,0.001209,0.001047
config_78_det1_b10_s12_h10_w1000,17,1000,12,170.0,96.321477,145.798541,7.81025,True,True,1.16089,1.158351,0.837739,1.123953,0.877757,1.0,1.300251,1.297734,1.113061,1.279676,1.096156,1.0,0.201875,0.201875,0.001125,0.000836
config_78_det1_b10_s12_h10_w1000,18,1000,12,180.0,96.321477,145.798541,7.81025,True,True,1.162669,1.161679,0.845793,1.123636,0.880224,1.0,1.297535,1.297535,1.127659,1.27002,1.093532,1.0,0.206265,0.0,0.001201,0.0
config_78_det1_b10_s12_h10_w1000,19,1000,12,190.0,96.321477,145.798541,7.81025,True,True,1.157961,1.157869,0.835298,1.123248,0.877938,1.0,1.301325,1.301325,1.140807,1.275899,1.099777,1.0,0.204457,0.0,0.001104,0.0
config_78_det1_b10_s12_h10_w1000,20,1000,12,200.0,96.321477,145.798541,7.81025,True,True,1.165434,1.164734,0.845911,1.122554,0.878976,1.0,1.302835,1.302835,1.141229,1.273783,1.098698,1.0,0.201694,0.0,0.001052,0.0
config_79_det1_b10_s12_h15_w250,1,250,12,6.299605,49.327984,90.871046,7.81025,False,False,1.020646,1.014126,1.007739,1.017091,1.036765,0.978022,1.422694,1.421342,0.346771,1.309998,0.949542,0.989011,0.109244,0.109244,0.024611,0.002918
config_79_det1_b10_s12_h15_w250,2,250,12,12.59921,49.327984,90.871046,7.81025,False,False,0.933758,0.931382,0.836007,0.924533,0.845377,0.989011,1.358051,1.355679,1.170273,1.335667,1.263432,1.0,0.101019,0.101019,0.012628,0.004079
config_79_det1_b10_s12_h15_w250,3,250,12,18.898816,49.327984,90.871046,7.81025,False,False,0.873158,0.871605,0.836427,0.867869,0.83247,0.989011,1.110322,1.109402,0.934886,1.098089,1.007176,1.0,0.101878,0.101878,0.007285,0.00284
config_79_det1_b10_s12_h15_w250,4,250,12,25.198421,49.327984,90.871046,7.81025,False,False,0.839968,0.838585,0.810051,0.806792,0.78226,1.0,1.020889,1.019903,0.865387,1.013537,0.891157,1.0,0.102128,0.102128,0.005302,0.002381
config_79_det1_b10_s12_h15_w250,5,250,12,31.498026,49.327984,90.871046,7.81025,False,False,0.870888,0.870278,0.740178,0.827937,0.727896,1.0,1.079224,1.077418,0.837681,1.06934,0.895325,1.0,0.098248,0.098248,0.003401,0.001998
config_79_det1_b10_s12_h15_w250,6,250,12,37.797631,49.327984,90.871046,7.81025,False,False,0.86554,0.865264,0.697117,0.857349,0.73873,1.0,1.085356,1.081954,0.871684,1.076264,0.926584,1.0,0.101868,0.101868,0.003108,0.001871
config_79_det1_b10_s12_h15_w250,7,250,12,44.097237,49.327984,90.871046,7.81025,False,False,0.832422,0.832177,0.689515,0.82942,0.717468,1.0,1.075666,1.075257,0.921037,1.069234,0.924751,1.0,0.102278,0.102278,0.002416,0.001401
config_79_det1_b10_s12_h15_w250,8,250,12,50.396842,49.327984,90.871046,7.81025,False,False,0.837597,0.837228,0.684783,0.820216,0.68753,1.0,1.097073,1.093986,0.950957,1.079015,0.937203,1.0,0.101828,0.101828,0.002221,0.001414
config_79_det1_b10_s12_h15_w250,9,250,12,56.696447,49.327984,90.871046,7.81025,False,False,0.836917,0.834803,0.683607,0.820532,0.670926,1.0,1.129627,1.129237,0.93685,1.120757,0.942268,1.0,0.102095,0.102095,0.001749,0.001146
config_79_det1_b10_s12_h15_w250,10,250,12,62.996052,49.327984,90.871046,7.81025,True,False,0.84292,0.842755,0.683946,0.822672,0.668535,1.0,1.156753,1.156123,0.976726,1.141305,0.969799,1.0,0.099299,0.099299,0.001658,0.00108
config_79_det1_b10_s12_h15_w250,11,250,12,69.295658,49.327984,90.871046,7.81025,True,False,0.840336,0.840145,0.671132,0.82279,0.661949,1.0,1.201604,1.201259,0.961831,1.182028,0.979982,1.0,0.100822,0.100822,0.001437,0.000954
config_79_det1_b10_s12_h15_w250,12,250,12,75.595263,49.327984,90.871046,7.81025,True,True,0.843968,0.843861,0.658289,0.828689,0.661764,1.0,1.226671,1.226408,0.992163,1.213326,1.004965,1.0,0.098918,0.098918,0.001262,0.000896
config_79_det1_b10_s12_h15_w250,13,250,12,81.894868,49.327984,90.871046,7.81025,True,True,0.863365,0.863236,0.660031,0.828537,0.664883,1.0,1.249706,1.244833,1.007916,1.23071,1.018598,1.0,0.101035,0.101035,0.001134,0.000807
config_79_det1_b10_s12_h15_w250,14,250,12,88.194473,49.327984,90.871046,7.81025,True,True,0.870923,0.870242,0.647673,0.835068,0.661241,1.0,1.243859,1.243614,1.024745,1.230536,1.028477,1.0,0.101713,0.101713,0.001171,0.000819
config_79_det1_b10_s12_h15_w250,15,250,12,94.494079,49.327984,90.871046,7.81025,True,True,0.889114,0.889058,0.659389,0.858522,0.662481,1.0,1.236796,1.233436,1.025355,1.214855,1.02841,1.0,0.100989,0.100989,0.000996,0.000717
config_79_det1_b10_s12_h15_w250,16,250,12,100.793684,49.327984,90.871046,7.81025,True,True,0.868812,0.868701,0.646265,0.847973,0.662525,1.0,1.228835,1.228471,1.032772,1.207248,1.027109,1.0,0.101453,0.101453,0.000938,0.000464
config_79_det1_b10_s12_h15_w250,17,250,12,107.093289,49.327984,90.871046,7.81025,True,True,0.919065,0.914304,0.671415,0.876539,0.678447,1.0,1.228998,1.228875,1.035178,1.20097,1.025968,1.0,0.110806,0.110806,0.000912,0.000347
config_79_det1_b10_s12_h15_w250,18,250,12,113.392894,49.327984,90.871046,7.81025,True,True,0.95647,0.954035,0.687482,0.918391,0.711061,1.0,1.231759,1.230035,1.046108,1.212411,1.029009,1.0,0.117293,0.117293,0.001745,0.000483
config_79_det1_b10_s12_h15_w250,19,250,12,119.6925,49.327984,90.871046,7.81025,True,True,0.972697,0.972021,0.700696,0.93131,0.733538,1.0,1.21491,1.213373,1.043459,1.199521,1.022889,1.0,0.124833,0.124833,0.001638,0.00089
config_79_det1_b10_s12_h15_w250,20,250,12,125.992105,49.327984,90.871046,7.81025,True,True,0.980905,0.980822,0.718851,0.955874,0.752551,1.0,1.216298,1.212286,1.058077,1.197532,1.021459,1.0,0.135519,0.135519,0.00199,0.001164
config_80_det1_b10_s12_h15_w1000,1,1000,12,10.0,90.646043,149.816601,7.81025,False,False,0.939227,0.906812,0.867045,0.880001,0.873602,0.989011,1.409361,1.408383,0.467076,1.371922,1.080066,1.0,0.095032,0.095032,0.015634,0.001564
config_80_det1_b10_s12_h15_w1000,2,1000,12,20.0,90.646043,149.816601,7.81025,False,False,0.864925,0.863187,0.833012,0.864022,0.824899,0.989011,1.197073,1.196214,0.981753,1.185445,1.053446,1.0,0.102933,0.102933,0.008319,0.002508
config_80_det1_b10_s12_h15_w1000,3,1000,12,30.0,90.646043,149.816601,7.81025,False,False,0.914245,0.913431,0.769093,0.89973,0.75927,1.0,1.18306,1.173478,0.855516,1.157588,0.957096,1.0,0.101961,0.101961,0.004456,0.001661
config_80_det1_b10_s12_h15_w1000,4,1000,12,40.0,90.646043,149.816601,7.81025,False,False,0.917776,0.91708,0.721412,0.900099,0.765045,1.0,1.1517,1.151043,0.847585,1.129824,0.946213,1.0,0.102123,0.102123,0.003391,0.001495
config_80_det1_b10_s12_h15_w1000,5,1000,12,50.0,90.646043,149.816601,7.81025,False,False,0.89293,0.892665,0.685869,0.870993,0.735432,1.0,1.168582,1.168335,0.864065,1.148642,0.99218,1.0,0.099764,0.099764,0.002384,0.001306
config_80_det1_b10_s12_h15_w1000,6,1000,12,60.0,90.646043,149.816601,7.81025,False,False,0.952378,0.950105,0.731701,0.913917,0.727143,1.0,1.230506,1.230123,0.937827,1.222427,1.027069,1.0,0.101019,0.101019,0.001895,0.001054
config_80_det1_b10_s12_h15_w1000,7,1000,12,70.0,90.646043,149.816601,7.81025,False,False,0.977902,0.977722,0.699794,0.940566,0.735377,1.0,1.282464,1.282126,0.939274,1.258506,1.048905,1.0,0.102003,0.102003,0.001514,0.000952
config_80_det1_b10_s12_h15_w1000,8,1000,12,80.0,90.646043,149.816601,7.81025,False,False,1.025395,1.022137,0.711829,0.973271,0.735537,1.0,1.276166,1.274221,1.009031,1.254372,1.074184,1.0,0.098721,0.098721,0.001315,0.000862
config_80_det1_b10_s12_h15_w1000,9,1000,12,90.0,90.646043,149.816601,7.81025,True,False,1.015305,1.015142,0.694014,0.991572,0.744415,1.0,1.277237,1.277096,1.003411,1.261426,1.083824,1.0,0.100274,0.100274,0.001125,0.000768
config_80_det1_b10_s12_h15_w1000,10,1000,12,100.0,90.646043,149.816601,7.81025,True,False,1.024653,1.021064,0.718373,0.979242,0.759542,1.0,1.299701,1.299421,1.033625,1.275894,1.091573,1.0,0.101725,0.101725,0.000985,0.000232
config_80_det1_b10_s12_h15_w1000,11,1000,12,110.0,90.646043,149.816601,7.81025,True,False,1.040241,1.039855,0.76068,1.023517,0.79966,1.0,1.284879,1.284663,1.087546,1.257374,1.093181,1.0,0.112665,0.112665,0.001247,0.000396
config_80_det1_b10_s12_h15_w1000,12,1000,12,120.0,90.646043,149.816601,7.81025,True,True,1.052741,1.051396,0.803068,1.021643,0.829032,1.0,1.288706,1.288411,1.099936,1.272122,1.098738,1.0,0.127204,0.127204,0.001715,0.00092
config_80_det1_b10_s12_h15_w1000,13,1000,12,130.0,90.646043,149.816601,7.81025,True,True,1.066753,1.065621,0.821063,1.037106,0.840007,1.0,1.303043,1.302487,1.118559,1.288177,1.106847,1.0,0.147929,0.147929,0.001585,0.00109
config_80_det1_b10_s12_h15_w1000,14,1000,12,140.0,90.646043,149.816601,7.81025,True,True,1.069608,1.069414,0.841597,1.036018,0.84145,1.0,1.314259,1.313614,1.124772,1.292363,1.1118,1.0,0.185539,0.185539,0.001473,0.00114
config_80_det1_b10_s12_h15_w1000,15,1000,12,150.0,90.646043,149.816601,7.81025,True,True,1.086056,1.085876,0.832669,1.045218,0.842899,1.0,1.312746,1.309148,1.129287,1.295543,1.112124,1.0,0.202279,0.202279,0.00133,0.000992
config_80_det1_b10_s12_h15_w1000,16,1000,12,160.0,90.646043,149.816601,7.81025,True,True,1.082428,1.079868,0.840376,1.031099,0.839413,1.0,1.31398,1.313205,1.149427,1.290083,1.111392,1.0,0.2045,0.2045,0.001209,0.001047
config_80_det1_b10_s12_h15_w1000,17,1000,12,170.0,90.646043,149.816601,7.81025,True,True,1.092004,1.091837,0.834848,1.056838,0.839772,1.0,1.326343,1.326061,1.157585,1.305118,1.121283,1.0,0.201875,0.201875,0.001125,0.000836
config_80_det1_b10_s12_h15_w1000,18,1000,12,180.0,90.646043,149.816601,7.81025,True,True,1.092622,1.092515,0.826394,1.061421,0.842021,1.0,1.31204,1.31204,1.187642,1.295148,1.119659,1.0,0.206265,0.0,0.001201,0.0
config_80_det1_b10_s12_h15_w1000,19,1000,12,190.0,90.646043,149.816601,7.81025,True,True,1.097703,1.097693,0.827566,1.052026,0.839061,1.0,1.316427,1.316427,1.176919,1.290275,1.119164,1.0,0.204457,0.0,0.001104,0.0
config_80_det1_b10_s12_h15_w1000,20,1000,12,200.0,90.646043,149.816601,7.81025,True,True,1.088979,1.087381,0.828827,1.046278,0.839994,1.0,1.307829,1.307829,1.18284,1.288538,1.114498,1.0,0.201694,0.0,0.001052,0.0
config_81_det2_b10_s8_h10_w250,1,250,8,6.299605,70.604014,97.636923,4.0,False,False,1.07088,1.063998,1.011912,1.061271,1.05813,0.978022,1.684167,1.676346,0.663974,1.681449,1.554393,1.0,0.109244,0.109244,0.024611,0.002918
config_81_det2_b10_s8_h10_w250,2,250,8,12.59921,70.604014,97.636923,4.0,False,False,0.966691,0.963702,0.966691,0.9603,0.955132,1.0,1.320491,1.311654,1.05468,1.289157,1.096903,1.0,0.101019,0.101019,0.012628,0.004079
config_81_det2_b10_s8_h10_w250,3,250,8,18.898816,70.604014,97.636923,4.0,False,False,0.945967,0.944634,0.80986,0.939185,0.836171,1.0,1.320641,1.319976,1.113328,1.300539,1.087881,1.0,0.101878,0.101878,0.007285,0.00284
config_81_det2_b10_s8_h10_w250,4,250,8,25.198421,70.604014,97.636923,4.0,False,False,0.967634,0.9672,0.79157,0.963525,0.814084,1.0,1.395165,1.38478,1.059533,1.357767,1.115077,1.0,0.102128,0.102128,0.005302,0.002381
config_81_det2_b10_s8_h10_w250,5,250,8,31.498026,70.604014,97.636923,4.0,False,False,1.0139,1.013452,0.759959,0.964166,0.774018,1.0,1.389044,1.388057,1.030856,1.354756,1.100822,1.0,0.098248,0.098248,0.003401,0.001998
config_81_det2_b10_s8_h10_w250,6,250,8,37.797631,70.604014,97.636923,4.0,False,False,1.132253,1.131743,0.81642,1.09803,0.813046,1.0,1.435671,1.434195,1.108776,1.423925,1.165806,1.0,0.101868,0.101868,0.003108,0.001871
config_81_det2_b10_s8_h10_w250,7,250,8,44.097237,70.604014,97.636923,4.0,False,False,1.282007,1.281681,0.823057,1.217879,0.831053,1.0,1.362985,1.362418,1.124441,1.356075,1.10546,1.0,0.102278,0.102278,0.002416,0.001401
config_81_det2_b10_s8_h10_w250,8,250,8,50.396842,70.604014,97.636923,4.0,False,False,1.263437,1.263314,0.80788,1.218243,0.86723,1.0,1.424722,1.424263,1.180989,1.40197,1.147092,1.0,0.101828,0.101828,0.002221,0.001414
config_81_det2_b10_s8_h10_w250,9,250,8,56.696447,70.604014,97.636923,4.0,True,False,1.27131,1.271241,0.838475,1.223812,0.889254,1.0,1.37837,1.377697,1.15588,1.360188,1.116461,1.0,0.102095,0.102095,0.001749,0.001146
config_81_det2_b10_s8_h10_w250,10,250,8,62.996052,70.604014,97.636923,4.0,True,False,1.243146,1.243047,0.845176,1.204011,0.90222,1.0,1.39332,1.392817,1.218139,1.381113,1.131207,1.0,0.099299,0.099299,0.001658,0.00108
config_81_det2_b10_s8_h10_w250,11,250,8,69.295658,70.604014,97.636923,4.0,True,False,1.197476,1.19738,0.863123,1.164249,0.90228,1.0,1.358057,1.357598,1.237713,1.349421,1.110098,1.0,0.100822,0.100822,0.001437,0.000954
config_81_det2_b10_s8_h10_w250,12,250,8,75.595263,70.604014,97.636923,4.0,True,True,1.195956,1.195875,0.853642,1.154158,0.885726,1.0,1.335183,1.334183,1.215234,1.31624,1.08978,1.0,0.098918,0.098918,0.001262,0.000896
config_81_det2_b10_s8_h10_w250,13,250,8,81.894868,70.604014,97.636923,4.0,True,True,1.157128,1.155949,0.887732,1.13346,0.876793,1.0,1.340472,1.340362,1.189328,1.31718,1.077976,1.0,0.101035,0.101035,0.001134,0.000807
config_81_det2_b10_s8_h10_w250,14,250,8,88.194473,70.604014,97.636923,4.0,True,True,1.126149,1.126094,0.916949,1.089889,0.861802,1.0,1.339146,1.339115,1.205076,1.321207,1.080239,1.0,0.101713,0.101713,0.001171,0.000819
config_81_det2_b10_s8_h10_w250,15,250,8,94.494079,70.604014,97.636923,4.0,True,True,1.089259,1.089189,0.889137,1.071064,0.84617,1.0,1.310412,1.30862,1.199153,1.291608,1.0759,1.0,0.100989,0.100989,0.000996,0.000717
config_81_det2_b10_s8_h10_w250,16,250,8,100.793684,70.604014,97.636923,4.0,True,True,1.055265,1.05509,0.900995,1.042113,0.828058,1.0,1.328439,1.328354,1.237494,1.309593,1.083765,1.0,0.101453,0.101453,0.000938,0.000464
config_81_det2_b10_s8_h10_w250,17,250,8,107.093289,70.604014,97.636923,4.0,True,True,1.019422,1.019238,0.914907,1.00794,0.814034,1.0,1.299245,1.299109,1.245446,1.289057,1.071914,1.0,0.110806,0.110806,0.000912,0.000347
config_81_det2_b10_s8_h10_w250,18,250,8,113.392894,70.604014,97.636923,4.0,True,True,0.994598,0.99438,0.905879,0.980787,0.802056,1.0,1.299931,1.29938,1.239904,1.273517,1.056456,1.0,0.117293,0.117293,0.001745,0.000483
config_81_det2_b10_s8_h10_w250,19,250,8,119.6925,70.604014,97.636923,4.0,True,True,0.978125,0.977735,0.896521,0.966784,0.790113,1.0,1.308578,1.303277,1.230845,1.279592,1.053942,1.0,0.124833,0.124833,0.001638,0.00089
config_81_det2_b10_s8_h10_w250,20,250,8,125.992105,70.604014,97.636923,4.0,True,True,0.986225,0.983748,0.895301,0.959473,0.784219,1.0,1.293666,1.287537,1.20731,1.27681,1.047781,1.0,0.135519,0.135519,0.00199,0.001164
config_82_det2_b10_s8_h10_w1000,1,1000,8,10.0,99.203884,157.958295,4.0,False,False,1.065042,1.044363,0.968754,1.038313,0.998042,1.0,1.450232,1.449877,0.423044,1.400037,1.110537,1.0,0.095032,0.095032,0.015634,0.001564
config_82_det2_b10_s8_h10_w1000,2,1000,8,20.0,99.203884,157.958295,4.0,False,False,0.993898,0.986248,0.834924,0.945754,0.854077,1.0,1.516224,1.514035,1.098136,1.48841,1.164372,1.0,0.102933,0.102933,0.008319,0.002508
config_82_det2_b10_s8_h10_w1000,3,1000,8,30.0,99.203884,157.958295,4.0,False,False,1.259394,1.258433,0.784029,1.171879,0.848632,1.0,1.451688,1.441605,1.017084,1.393187,1.103175,1.0,0.101961,0.101961,0.004456,0.001661
config_82_det2_b10_s8_h10_w1000,4,1000,8,40.0,99.203884,157.958295,4.0,False,False,1.387021,1.386526,0.90019,1.340706,0.939738,1.0,1.460043,1.459645,1.054336,1.435385,1.148743,1.0,0.102123,0.102123,0.003391,0.001495
config_82_det2_b10_s8_h10_w1000,5,1000,8,50.0,99.203884,157.958295,4.0,False,False,1.398161,1.397882,0.900752,1.350233,0.982361,1.0,1.406849,1.406384,1.00789,1.388692,1.123973,1.0,0.099764,0.099764,0.002384,0.001306
config_82_det2_b10_s8_h10_w1000,6,1000,8,60.0,99.203884,157.958295,4.0,False,False,1.382574,1.382431,0.938068,1.333752,0.990217,1.0,1.378273,1.377867,1.006288,1.374873,1.115859,1.0,0.101019,0.101019,0.001895,0.001054
config_82_det2_b10_s8_h10_w1000,7,1000,8,70.0,99.203884,157.958295,4.0,False,False,1.319364,1.314183,0.983201,1.287379,0.988825,1.0,1.388265,1.387868,1.071137,1.37714,1.112183,1.0,0.102003,0.102003,0.001514,0.000952
config_82_det2_b10_s8_h10_w1000,8,1000,8,80.0,99.203884,157.958295,4.0,False,False,1.232546,1.232485,0.998168,1.207435,0.9518,1.0,1.346893,1.34665,1.076403,1.330613,1.089117,1.0,0.098721,0.098721,0.001315,0.000862
config_82_det2_b10_s8_h10_w1000,9,1000,8,90.0,99.203884,157.958295,4.0,True,False,1.175005,1.174802,0.988677,1.161709,0.922691,1.0,1.346605,1.346398,1.08249,1.335263,1.103129,1.0,0.100274,0.100274,0.001125,0.000768
config_82_det2_b10_s8_h10_w1000,10,1000,8,100.0,99.203884,157.958295,4.0,True,False,1.106002,1.106002,0.997888,1.090431,0.882431,1.0,1.353366,1.353222,1.148271,1.331742,1.103071,1.0,0.101725,0.101725,0.000985,0.000232
config_82_det2_b10_s8_h10_w1000,11,1000,8,110.0,99.203884,157.958295,4.0,True,False,1.069446,1.069182,0.984795,1.05064,0.858576,1.0,1.354311,1.351242,1.160237,1.32264,1.088324,1.0,0.112665,0.112665,0.001247,0.000396
config_82_det2_b10_s8_h10_w1000,12,1000,8,120.0,99.203884,157.958295,4.0,True,True,1.066179,1.065957,0.965695,1.040116,0.847157,1.0,1.349792,1.34977,1.208219,1.33936,1.093852,1.0,0.127204,0.127204,0.001715,0.00092
config_82_det2_b10_s8_h10_w1000,13,1000,8,130.0,99.203884,157.958295,4.0,True,True,1.058863,1.058785,0.938413,1.035544,0.840392,1.0,1.357458,1.357269,1.22372,1.347009,1.101323,1.0,0.147929,0.147929,0.001585,0.00109
config_82_det2_b10_s8_h10_w1000,14,1000,8,140.0,99.203884,157.958295,4.0,True,True,1.059373,1.059137,0.941735,1.031426,0.833825,1.0,1.364368,1.358186,1.256918,1.329594,1.091445,1.0,0.185539,0.185539,0.001473,0.00114
config_82_det2_b10_s8_h10_w1000,15,1000,8,150.0,99.203884,157.958295,4.0,True,True,1.070449,1.070067,0.933264,1.0354,0.827318,1.0,1.346285,1.345881,1.269042,1.339632,1.09256,1.0,0.202279,0.202279,0.00133,0.000992
config_82_det2_b10_s8_h10_w1000,16,1000,8,160.0,99.203884,157.958295,4.0,True,True,1.070207,1.068144,0.928518,1.020827,0.822282,1.0,1.356522,1.353141,1.25465,1.336694,1.087834,1.0,0.2045,0.2045,0.001209,0.001047
config_82_det2_b10_s8_h10_w1000,17,1000,8,170.0,99.203884,157.958295,4.0,True,True,1.076986,1.076852,0.90928,1.0347,0.818807,1.0,1.361716,1.359516,1.264951,1.340554,1.092297,1.0,0.201875,0.201875,0.001125,0.000836
config_82_det2_b10_s8_h10_w1000,18,1000,8,180.0,99.203884,157.958295,4.0,True,True,1.112121,1.110041,0.91178,1.051207,0.818537,1.0,1.355897,1.355897,1.269012,1.338282,1.094437,1.0,0.206265,0.0,0.001201,0.0
config_82_det2_b10_s8_h10_w1000,19,1000,8,190.0,99.203884,157.958295,4.0,True,True,1.097538,1.097485,0.901029,1.062835,0.821789,1.0,1.360231,1.360231,1.26454,1.341657,1.092863,1.0,0.204457,0.0,0.001104,0.0
config_82_det2_b10_s8_h10_w1000,20,1000,8,200.0,99.203884,157.958295,4.0,True,True,1.101206,1.099315,0.891136,1.064837,0.824948,1.0,1.327751,1.327751,1.255234,1.317548,1.081828,1.0,0.201694,0.0,0.001052,0.0
config_83_det2_b10_s8_h15_w250,1,250,8,6.299605,52.455602,102.046733,4.0,False,False,1.07088,1.063998,1.011912,1.061271,1.05813,0.978022,1.684167,1.676346,0.663974,1.681449,1.554393,1.0,0.109244,0.109244,0.024611,0.002918
config_83_det2_b10_s8_h15_w250,2,250,8,12.59921,52.455602,102.046733,4.0,False,False,0.966691,0.963702,0.966691,0.9603,0.955132,1.0,1.286482,1.286004,1.039937,1.25504,1.092452,1.0,0.101019,0.101019,0.012628,0.004079
config_83_det2_b10_s8_h15_w250,3,250,8,18.898816,52.455602,102.046733,4.0,False,False,0.945967,0.944634,0.80986,0.939185,0.836171,1.0,1.305292,1.304439,1.096098,1.290101,1.07803,1.0,0.101878,0.101878,0.007285,0.00284
config_83_det2_b10_s8_h15_w250,4,250,8,25.198421,52.455602,102.046733,4.0,False,False,0.967505,0.9672,0.79157,0.963525,0.814028,1.0,1.212862,1.201767,0.986315,1.190506,0.987279,1.0,0.102128,0.102128,0.005302,0.002381
config_83_det2_b10_s8_h15_w250,5,250,8,31.498026,52.455602,102.046733,4.0,False,False,0.983012,0.982834,0.733953,0.947832,0.770803,1.0,1.335341,1.316938,1.006377,1.29999,1.013456,1.0,0.098248,0.098248,0.003401,0.001998
config_83_det2_b10_s8_h15_w250,6,250,8,37.797631,52.455602,102.046733,4.0,False,False,0.970058,0.969642,0.782099,0.951651,0.765577,1.0,1.436203,1.434974,1.110977,1.419883,1.160012,1.0,0.101868,0.101868,0.003108,0.001871
config_83_det2_b10_s8_h15_w250,7,250,8,44.097237,52.455602,102.046733,4.0,False,False,0.938406,0.938095,0.775631,0.925311,0.751095,1.0,1.458567,1.45747,1.190757,1.432437,1.172557,1.0,0.102278,0.102278,0.002416,0.001401
config_83_det2_b10_s8_h15_w250,8,250,8,50.396842,52.455602,102.046733,4.0,False,False,0.940592,0.940192,0.731875,0.924066,0.719209,1.0,1.457251,1.456532,1.1981,1.435269,1.158365,1.0,0.101828,0.101828,0.002221,0.001414
config_83_det2_b10_s8_h15_w250,9,250,8,56.696447,52.455602,102.046733,4.0,True,False,0.929989,0.929932,0.742053,0.896737,0.706531,1.0,1.480003,1.479681,1.211082,1.464913,1.182634,1.0,0.102095,0.102095,0.001749,0.001146
config_83_det2_b10_s8_h15_w250,10,250,8,62.996052,52.455602,102.046733,4.0,True,False,1.024989,1.024739,0.752819,1.001534,0.707161,1.0,1.467556,1.466978,1.235403,1.457096,1.178204,1.0,0.099299,0.099299,0.001658,0.00108
config_83_det2_b10_s8_h15_w250,11,250,8,69.295658,52.455602,102.046733,4.0,True,False,1.072953,1.068787,0.770377,0.997585,0.73057,1.0,1.424887,1.424712,1.247437,1.409811,1.161624,1.0,0.100822,0.100822,0.001437,0.000954
config_83_det2_b10_s8_h15_w250,12,250,8,75.595263,52.455602,102.046733,4.0,True,True,1.113044,1.108744,0.801828,1.072743,0.778192,1.0,1.391511,1.390963,1.238969,1.383096,1.133685,1.0,0.098918,0.098918,0.001262,0.000896
config_83_det2_b10_s8_h15_w250,13,250,8,81.894868,52.455602,102.046733,4.0,True,True,1.127437,1.127373,0.803299,1.088283,0.801039,1.0,1.404505,1.404265,1.237894,1.380072,1.132066,1.0,0.101035,0.101035,0.001134,0.000807
config_83_det2_b10_s8_h15_w250,14,250,8,88.194473,52.455602,102.046733,4.0,True,True,1.116251,1.116239,0.803,1.098454,0.815365,1.0,1.37728,1.377126,1.245528,1.363915,1.127881,1.0,0.101713,0.101713,0.001171,0.000819
config_83_det2_b10_s8_h15_w250,15,250,8,94.494079,52.455602,102.046733,4.0,True,True,1.086058,1.085971,0.830189,1.059235,0.814875,1.0,1.372148,1.37177,1.255068,1.3441,1.115449,1.0,0.100989,0.100989,0.000996,0.000717
config_83_det2_b10_s8_h15_w250,16,250,8,100.793684,52.455602,102.046733,4.0,True,True,1.055343,1.05508,0.822727,1.036443,0.809278,1.0,1.375496,1.375495,1.280555,1.341279,1.114009,1.0,0.101453,0.101453,0.000938,0.000464
config_83_det2_b10_s8_h15_w250,17,250,8,107.093289,52.455602,102.046733,4.0,True,True,1.014162,1.013787,0.841391,1.00843,0.811582,1.0,1.340665,1.34057,1.267093,1.316497,1.093289,1.0,0.110806,0.110806,0.000912,0.000347
config_83_det2_b10_s8_h15_w250,18,250,8,113.392894,52.455602,102.046733,4.0,True,True,1.022998,1.017939,0.880509,0.999168,0.812984,1.0,1.362898,1.36283,1.263365,1.337383,1.088579,1.0,0.117293,0.117293,0.001745,0.000483
config_83_det2_b10_s8_h15_w250,19,250,8,119.6925,52.455602,102.046733,4.0,True,True,1.006852,1.006747,0.911066,0.991613,0.808294,1.0,1.350962,1.347454,1.25213,1.324156,1.082833,1.0,0.124833,0.124833,0.001638,0.00089
config_83_det2_b10_s8_h15_w250,20,250,8,125.992105,52.455602,102.046733,4.0,True,True,1.016854,1.014156,0.901197,0.987757,0.807503,1.0,1.340307,1.337768,1.22467,1.322539,1.075282,1.0,0.135519,0.135519,0.00199,0.001164
config_84_det2_b10_s8_h15_w1000,1,1000,8,10.0,99.507659,163.740203,4.0,False,False,1.065042,1.044363,0.968754,1.038313,0.998042,1.0,1.450232,1.449877,0.446499,1.400037,1.113885,1.0,0.095032,0.095032,0.015634,0.001564
config_84_det2_b10_s8_h15_w1000,2,1000,8,20.0,99.507659,163.740203,4.0,False,False,0.993708,0.958837,0.834924,0.945754,0.853993,1.0,1.320258,1.308144,1.089126,1.295657,1.073714,1.0,0.102933,0.102933,0.008319,0.002508
config_84_det2_b10_s8_h15_w1000,3,1000,8,30.0,99.507659,163.740203,4.0,False,False,1.052695,1.052377,0.784029,1.030598,0.835439,1.0,1.391234,1.379791,0.963599,1.341598,1.006363,1.0,0.101961,0.101961,0.004456,0.001661
config_84_det2_b10_s8_h15_w1000,4,1000,8,40.0,99.507659,163.740203,4.0,False,False,1.071942,1.06795,0.847837,1.051418,0.832558,1.0,1.45029,1.449576,1.034857,1.437062,1.141182,1.0,0.102123,0.102123,0.003391,0.001495
config_84_det2_b10_s8_h15_w1000,5,1000,8,50.0,99.507659,163.740203,4.0,False,False,1.219574,1.219086,0.811742,1.146456,0.814933,1.0,1.458012,1.45714,0.989924,1.443467,1.143029,1.0,0.099764,0.099764,0.002384,0.001306
config_84_det2_b10_s8_h15_w1000,6,1000,8,60.0,99.507659,163.740203,4.0,False,False,1.297313,1.296119,0.839659,1.203668,0.874826,1.0,1.4701,1.469489,1.043159,1.455679,1.162124,1.0,0.101019,0.101019,0.001895,0.001054
config_84_det2_b10_s8_h15_w1000,7,1000,8,70.0,99.507659,163.740203,4.0,False,False,1.321602,1.321541,0.898428,1.285871,0.932469,1.0,1.423749,1.423367,1.04904,1.407193,1.13908,1.0,0.102003,0.102003,0.001514,0.000952
config_84_det2_b10_s8_h15_w1000,8,1000,8,80.0,99.507659,163.740203,4.0,True,False,1.270189,1.270154,0.900723,1.250861,0.947066,1.0,1.417893,1.416035,1.086087,1.396763,1.132186,1.0,0.098721,0.098721,0.001315,0.000862
config_84_det2_b10_s8_h15_w1000,9,1000,8,90.0,99.507659,163.740203,4.0,True,False,1.192101,1.1921,0.913393,1.18588,0.920621,1.0,1.400155,1.399824,1.141521,1.383431,1.137385,1.0,0.100274,0.100274,0.001125,0.000768
config_84_det2_b10_s8_h15_w1000,10,1000,8,100.0,99.507659,163.740203,4.0,True,False,1.127664,1.127578,0.903347,1.112403,0.88471,1.0,1.413965,1.413781,1.199289,1.392017,1.145165,1.0,0.101725,0.101725,0.000985,0.000232
config_84_det2_b10_s8_h15_w1000,11,1000,8,110.0,99.507659,163.740203,4.0,True,False,1.097035,1.095803,0.978097,1.07826,0.880362,1.0,1.425242,1.424965,1.203556,1.398075,1.137797,1.0,0.112665,0.112665,0.001247,0.000396
config_84_det2_b10_s8_h15_w1000,12,1000,8,120.0,99.507659,163.740203,4.0,True,True,1.083219,1.082982,0.966877,1.063134,0.862896,1.0,1.414853,1.414533,1.236531,1.3911,1.13526,1.0,0.127204,0.127204,0.001715,0.00092
config_84_det2_b10_s8_h15_w1000,13,1000,8,130.0,99.507659,163.740203,4.0,True,True,1.070845,1.070423,0.95825,1.044936,0.854784,1.0,1.398632,1.398498,1.26825,1.38716,1.141329,1.0,0.147929,0.147929,0.001585,0.00109
config_84_det2_b10_s8_h15_w1000,14,1000,8,140.0,99.507659,163.740203,4.0,True,True,1.053139,1.053014,0.945632,1.036957,0.841361,1.0,1.407892,1.405286,1.284065,1.385933,1.13519,1.0,0.185539,0.185539,0.001473,0.00114
config_84_det2_b10_s8_h15_w1000,15,1000,8,150.0,99.507659,163.740203,4.0,True,True,1.092036,1.091806,0.929419,1.051449,0.835662,1.0,1.387645,1.386126,1.294026,1.362388,1.117357,1.0,0.202279,0.202279,0.00133,0.000992
config_84_det2_b10_s8_h15_w1000,16,1000,8,160.0,99.507659,163.740203,4.0,True,True,1.065908,1.065776,0.928451,1.033565,0.825194,1.0,1.382343,1.379886,1.295242,1.36351,1.121464,1.0,0.2045,0.2045,0.001209,0.001047
config_84_det2_b10_s8_h15_w1000,17,1000,8,170.0,99.507659,163.740203,4.0,True,True,1.082529,1.082465,0.910895,1.031346,0.811809,1.0,1.38547,1.38521,1.298104,1.375645,1.120325,1.0,0.201875,0.201875,0.001125,0.000836
config_84_det2_b10_s8_h15_w1000,18,1000,8,180.0,99.507659,163.740203,4.0,True,True,1.087158,1.08697,0.897259,1.057953,0.813662,1.0,1.363769,1.363769,1.297242,1.349842,1.113357,1.0,0.206265,0.0,0.001201,0.0
config_84_det2_b10_s8_h15_w1000,19,1000,8,190.0,99.507659,163.740203,4.0,True,True,1.088348,1.086604,0.891632,1.052263,0.809078,1.0,1.35986,1.35986,1.293365,1.344135,1.10487,1.0,0.204457,0.0,0.001104,0.0
config_84_det2_b10_s8_h15_w1000,20,1000,8,200.0,99.507659,163.740203,4.0,True,True,1.078633,1.078494,0.884932,1.054896,0.807742,1.0,1.333195,1.333195,1.277897,1.318712,1.088932,1.0,0.201694,0.0,0.001052,0.0
config_85_det2_b10_s12_h10_w250,1,250,12,6.299605,62.772859,91.346338,6.0,False,False,1.096998,1.087655,1.002455,1.002455,1.033627,0.978022,1.409755,1.408575,0.303485,1.40802,1.010317,1.0,0.109244,0.109244,0.024611,0.002918
config_85_det2_b10_s12_h10_w250,2,250,12,12.59921,62.772859,91.346338,6.0,False,False,1.0351,1.031571,0.990436,1.027762,1.011745,1.0,1.262509,1.260664,1.262509,1.259956,1.248271,1.0,0.101019,0.101019,0.012628,0.004079
config_85_det2_b10_s12_h10_w250,3,250,12,18.898816,62.772859,91.346338,6.0,False,False,0.92463,0.923838,0.91443,0.91931,0.910693,1.0,1.157724,1.15049,0.954115,1.131995,0.994877,1.0,0.101878,0.101878,0.007285,0.00284
config_85_det2_b10_s12_h10_w250,4,250,12,25.198421,62.772859,91.346338,6.0,False,False,0.937758,0.936387,0.82875,0.933967,0.834851,1.0,1.292172,1.291291,1.016992,1.280933,1.087754,1.0,0.102128,0.102128,0.005302,0.002381
config_85_det2_b10_s12_h10_w250,5,250,12,31.498026,62.772859,91.346338,6.0,False,False,0.966619,0.966079,0.825779,0.94466,0.833649,1.0,1.143743,1.143372,0.952132,1.139709,1.025606,1.0,0.098248,0.098248,0.003401,0.001998
config_85_det2_b10_s12_h10_w250,6,250,12,37.797631,62.772859,91.346338,6.0,False,False,0.994962,0.992066,0.795908,0.971437,0.799428,1.0,1.264502,1.264001,0.868475,1.259269,1.041127,1.0,0.101868,0.101868,0.003108,0.001871
config_85_det2_b10_s12_h10_w250,7,250,12,44.097237,62.772859,91.346338,6.0,False,False,1.055297,1.042497,0.78291,0.99815,0.786816,1.0,1.296227,1.295994,0.884213,1.287584,1.080688,1.0,0.102278,0.102278,0.002416,0.001401
config_85_det2_b10_s12_h10_w250,8,250,12,50.396842,62.772859,91.346338,6.0,False,False,1.098832,1.098436,0.791697,1.069556,0.815779,1.0,1.246003,1.245388,0.939497,1.231459,1.060552,1.0,0.101828,0.101828,0.002221,0.001414
config_85_det2_b10_s12_h10_w250,9,250,12,56.696447,62.772859,91.346338,6.0,False,False,1.093953,1.093635,0.748605,1.06512,0.807637,1.0,1.26586,1.265412,0.985934,1.237236,1.066799,1.0,0.102095,0.102095,0.001749,0.001146
config_85_det2_b10_s12_h10_w250,10,250,12,62.996052,62.772859,91.346338,6.0,True,False,1.197392,1.197294,0.71466,1.147329,0.806031,1.0,1.276997,1.276801,1.023039,1.274284,1.077923,1.0,0.099299,0.099299,0.001658,0.00108
config_85_det2_b10_s12_h10_w250,11,250,12,69.295658,62.772859,91.346338,6.0,True,False,1.212533,1.210744,0.706248,1.144326,0.808231,1.0,1.265805,1.265391,1.046733,1.249467,1.064709,1.0,0.100822,0.100822,0.001437,0.000954
config_85_det2_b10_s12_h10_w250,12,250,12,75.595263,62.772859,91.346338,6.0,True,True,1.191647,1.191495,0.717507,1.177412,0.824908,1.0,1.257282,1.256893,1.04142,1.239264,1.052993,1.0,0.098918,0.098918,0.001262,0.000896
config_85_det2_b10_s12_h10_w250,13,250,12,81.894868,62.772859,91.346338,6.0,True,True,1.191726,1.191643,0.749105,1.162338,0.839144,1.0,1.260967,1.260738,1.064857,1.247603,1.05601,1.0,0.101035,0.101035,0.001134,0.000807
config_85_det2_b10_s12_h10_w250,14,250,12,88.194473,62.772859,91.346338,6.0,True,True,1.132144,1.132078,0.765333,1.112917,0.844886,1.0,1.224591,1.224444,1.042273,1.21027,1.038547,1.0,0.101713,0.101713,0.001171,0.000819
config_85_det2_b10_s12_h10_w250,15,250,12,94.494079,62.772859,91.346338,6.0,True,True,1.105217,1.105158,0.769251,1.084503,0.843137,1.0,1.218951,1.218789,1.048095,1.197793,1.03269,1.0,0.100989,0.100989,0.000996,0.000717
config_85_det2_b10_s12_h10_w250,16,250,12,100.793684,62.772859,91.346338,6.0,True,True,1.074948,1.074793,0.76524,1.068983,0.844871,1.0,1.221544,1.221346,1.079485,1.210312,1.033152,1.0,0.101453,0.101453,0.000938,0.000464
config_85_det2_b10_s12_h10_w250,17,250,12,107.093289,62.772859,91.346338,6.0,True,True,1.048177,1.048138,0.803911,1.030687,0.843216,1.0,1.212704,1.209915,1.057567,1.189218,1.024973,1.0,0.110806,0.110806,0.000912,0.000347
config_85_det2_b10_s12_h10_w250,18,250,12,113.392894,62.772859,91.346338,6.0,True,True,1.047942,1.047873,0.835404,1.030956,0.843056,1.0,1.202689,1.202571,1.041595,1.175936,1.016688,1.0,0.117293,0.117293,0.001745,0.000483
config_85_det2_b10_s12_h10_w250,19,250,12,119.6925,62.772859,91.346338,6.0,True,True,1.046026,1.039122,0.828153,1.025122,0.834729,1.0,1.203335,1.203274,1.048122,1.180002,1.011853,1.0,0.124833,0.124833,0.001638,0.00089
config_85_det2_b10_s12_h10_w250,20,250,12,125.992105,62.772859,91.346338,6.0,True,True,1.042331,1.032983,0.813365,1.010329,0.829515,1.0,1.198424,1.198262,1.046371,1.175542,1.005946,1.0,0.135519,0.135519,0.00199,0.001164
config_86_det2_b10_s12_h10_w1000,1,1000,12,10.0,104.374424,135.340238,6.0,False,False,1.087103,1.072806,1.014211,1.076529,1.04282,1.0,1.458099,1.456209,0.37616,1.456888,1.282449,1.0,0.095032,0.095032,0.015634,0.001564
config_86_det2_b10_s12_h10_w1000,2,1000,12,20.0,104.374424,135.340238,6.0,False,False,0.986983,0.983353,0.904195,0.961744,0.897381,1.0,1.432798,1.431267,1.095894,1.39447,1.205829,1.0,0.102933,0.102933,0.008319,0.002508
config_86_det2_b10_s12_h10_w1000,3,1000,12,30.0,104.374424,135.340238,6.0,False,False,1.009604,1.009579,0.831574,0.984215,0.86297,1.0,1.312179,1.303422,1.012971,1.27416,1.083494,1.0,0.101961,0.101961,0.004456,0.001661
config_86_det2_b10_s12_h10_w1000,4,1000,12,40.0,104.374424,135.340238,6.0,False,False,1.205023,1.204503,0.831817,1.155837,0.852062,1.0,1.358716,1.357913,0.93011,1.348879,1.085778,1.0,0.102123,0.102123,0.003391,0.001495
config_86_det2_b10_s12_h10_w1000,5,1000,12,50.0,104.374424,135.340238,6.0,False,False,1.394993,1.394981,0.8097,1.321682,0.904554,1.0,1.296284,1.295813,0.903504,1.291225,1.093813,1.0,0.099764,0.099764,0.002384,0.001306
config_86_det2_b10_s12_h10_w1000,6,1000,12,60.0,104.374424,135.340238,6.0,False,False,1.349959,1.349816,0.763314,1.313842,0.929707,1.0,1.265991,1.264289,0.953099,1.25081,1.06426,1.0,0.101019,0.101019,0.001895,0.001054
config_86_det2_b10_s12_h10_w1000,7,1000,12,70.0,104.374424,135.340238,6.0,False,False,1.35394,1.353342,0.797216,1.333477,0.950146,1.0,1.28049,1.279943,0.925228,1.260308,1.077114,1.0,0.102003,0.102003,0.001514,0.000952
config_86_det2_b10_s12_h10_w1000,8,1000,12,80.0,104.374424,135.340238,6.0,False,False,1.275295,1.275139,0.833279,1.237316,0.963533,1.0,1.237904,1.237643,0.942177,1.226149,1.056509,1.0,0.098721,0.098721,0.001315,0.000862
config_86_det2_b10_s12_h10_w1000,9,1000,12,90.0,104.374424,135.340238,6.0,True,False,1.196616,1.196555,0.854687,1.184038,0.952674,1.0,1.228244,1.22808,0.952659,1.209894,1.051861,1.0,0.100274,0.100274,0.001125,0.000768
config_86_det2_b10_s12_h10_w1000,10,1000,12,100.0,104.374424,135.340238,6.0,True,False,1.121062,1.118145,0.879969,1.105303,0.930406,1.0,1.231077,1.231027,0.936718,1.204075,1.036585,1.0,0.101725,0.101725,0.000985,0.000232
config_86_det2_b10_s12_h10_w1000,11,1000,12,110.0,104.374424,135.340238,6.0,True,False,1.139959,1.137419,0.895864,1.094668,0.911672,1.0,1.225428,1.225344,0.982532,1.200199,1.043569,1.0,0.112665,0.112665,0.001247,0.000396
config_86_det2_b10_s12_h10_w1000,12,1000,12,120.0,104.374424,135.340238,6.0,True,True,1.160781,1.158384,0.883371,1.105266,0.900068,1.0,1.228706,1.228506,1.004372,1.216442,1.046546,1.0,0.127204,0.127204,0.001715,0.00092
config_86_det2_b10_s12_h10_w1000,13,1000,12,130.0,104.374424,135.340238,6.0,True,True,1.142009,1.141912,0.897891,1.114453,0.904956,1.0,1.223731,1.223461,1.06015,1.203688,1.04953,1.0,0.147929,0.147929,0.001585,0.00109
config_86_det2_b10_s12_h10_w1000,14,1000,12,140.0,104.374424,135.340238,6.0,True,True,1.155125,1.15507,0.881912,1.117789,0.90463,1.0,1.23397,1.233891,1.068286,1.198862,1.044232,1.0,0.185539,0.185539,0.001473,0.00114
config_86_det2_b10_s12_h10_w1000,15,1000,12,150.0,104.374424,135.340238,6.0,True,True,1.12973,1.129506,0.865519,1.113794,0.896954,1.0,1.217584,1.217313,1.092575,1.19865,1.044913,1.0,0.202279,0.202279,0.00133,0.000992
config_86_det2_b10_s12_h10_w1000,16,1000,12,160.0,104.374424,135.340238,6.0,True,True,1.128414,1.128414,0.858468,1.101897,0.887313,1.0,1.250115,1.24705,1.075594,1.216329,1.04299,1.0,0.2045,0.2045,0.001209,0.001047
config_86_det2_b10_s12_h10_w1000,17,1000,12,170.0,104.374424,135.340238,6.0,True,True,1.128862,1.128811,0.847636,1.102803,0.881665,1.0,1.233765,1.233601,1.106658,1.21343,1.052204,1.0,0.201875,0.201875,0.001125,0.000836
config_86_det2_b10_s12_h10_w1000,18,1000,12,180.0,104.374424,135.340238,6.0,True,True,1.106935,1.106935,0.861005,1.087527,0.881519,1.0,1.251143,1.251143,1.107215,1.217814,1.049734,1.0,0.206265,0.0,0.001201,0.0
config_86_det2_b10_s12_h10_w1000,19,1000,12,190.0,104.374424,135.340238,6.0,True,True,1.105038,1.101327,0.845223,1.071031,0.873209,1.0,1.231449,1.231449,1.126944,1.211342,1.050223,1.0,0.204457,0.0,0.001104,0.0
config_86_det2_b10_s12_h10_w1000,20,1000,12,200.0,104.374424,135.340238,6.0,True,True,1.132414,1.130866,0.844825,1.083637,0.866695,1.0,1.253061,1.253061,1.11542,1.230798,1.052852,1.0,0.201694,0.0,0.001052,0.0
config_87_det2_b10_s12_h15_w250,1,250,12,6.299605,50.427865,91.693802,6.0,False,False,1.096998,1.087655,1.002455,1.002455,1.033627,0.978022,1.409755,1.408575,0.303485,1.40802,1.010317,1.0,0.109244,0.109244,0.024611,0.002918
config_87_det2_b10_s12_h15_w250,2,250,12,12.59921,50.427865,91.693802,6.0,False,False,1.0351,1.031571,0.990436,1.027762,1.011745,1.0,1.262509,1.260664,1.262509,1.259956,1.248271,1.0,0.101019,0.101019,0.012628,0.004079
config_87_det2_b10_s12_h15_w250,3,250,12,18.898816,50.427865,91.693802,6.0,False,False,0.92463,0.923838,0.91443,0.91931,0.910693,1.0,1.157724,1.15049,0.953875,1.132036,0.995038,1.0,0.101878,0.101878,0.007285,0.00284
config_87_det2_b10_s12_h15_w250,4,250,12,25.198421,50.427865,91.693802,6.0,False,False,0.93758,0.93621,0.828549,0.933789,0.834797,1.0,1.211921,1.210455,0.994556,1.196811,1.028047,1.0,0.102128,0.102128,0.005302,0.002381
config_87_det2_b10_s12_h15_w250,5,250,12,31.498026,50.427865,91.693802,6.0,False,False,0.966584,0.966044,0.825779,0.94466,0.833597,1.0,1.109268,1.108719,0.921518,1.100359,0.987129,1.0,0.098248,0.098248,0.003401,0.001998
config_87_det2_b10_s12_h15_w250,6,250,12,37.797631,50.427865,91.693802,6.0,False,False,0.989138,0.986263,0.795939,0.954446,0.795455,1.0,1.086583,1.078918,0.866273,1.065906,0.953651,1.0,0.101868,0.101868,0.003108,0.001871
config_87_det2_b10_s12_h15_w250,7,250,12,44.097237,50.427865,91.693802,6.0,False,False,0.944293,0.943968,0.78583,0.93578,0.776488,1.0,1.224811,1.223974,0.882149,1.206783,1.016285,1.0,0.102278,0.102278,0.002416,0.001401
config_87_det2_b10_s12_h15_w250,8,250,12,50.396842,50.427865,91.693802,6.0,False,False,0.911207,0.910865,0.80021,0.901901,0.770345,1.0,1.187501,1.187085,0.94358,1.179181,1.039785,1.0,0.101828,0.101828,0.002221,0.001414
config_87_det2_b10_s12_h15_w250,9,250,12,56.696447,50.427865,91.693802,6.0,True,False,0.890326,0.888153,0.747071,0.863708,0.738321,1.0,1.22054,1.219816,0.964324,1.202755,1.046106,1.0,0.102095,0.102095,0.001749,0.001146
config_87_det2_b10_s12_h15_w250,10,250,12,62.996052,50.427865,91.693802,6.0,True,False,0.910559,0.91032,0.719342,0.87706,0.719567,1.0,1.22979,1.229306,1.031151,1.206724,1.054778,1.0,0.099299,0.099299,0.001658,0.00108
config_87_det2_b10_s12_h15_w250,11,250,12,69.295658,50.427865,91.693802,6.0,True,False,0.868634,0.868581,0.693032,0.858908,0.707369,1.0,1.267332,1.266941,1.084711,1.253316,1.068384,1.0,0.100822,0.100822,0.001437,0.000954
config_87_det2_b10_s12_h15_w250,12,250,12,75.595263,50.427865,91.693802,6.0,True,True,0.933261,0.933098,0.70565,0.893423,0.70895,1.0,1.24314,1.242937,1.057871,1.227248,1.063868,1.0,0.098918,0.098918,0.001262,0.000896
config_87_det2_b10_s12_h15_w250,13,250,12,81.894868,50.427865,91.693802,6.0,True,True,0.925649,0.925518,0.700348,0.896157,0.700896,1.0,1.247661,1.247422,1.069431,1.232941,1.055902,1.0,0.101035,0.101035,0.001134,0.000807
config_87_det2_b10_s12_h15_w250,14,250,12,88.194473,50.427865,91.693802,6.0,True,True,0.959201,0.951301,0.692243,0.911043,0.698174,1.0,1.230905,1.230343,1.055604,1.216557,1.050025,1.0,0.101713,0.101713,0.001171,0.000819
config_87_det2_b10_s12_h15_w250,15,250,12,94.494079,50.427865,91.693802,6.0,True,True,1.011564,1.011564,0.678658,0.971795,0.703078,1.0,1.210388,1.210124,1.080164,1.197766,1.03971,1.0,0.100989,0.100989,0.000996,0.000717
config_87_det2_b10_s12_h15_w250,16,250,12,100.793684,50.427865,91.693802,6.0,True,True,1.006197,1.005638,0.673315,0.972477,0.712115,1.0,1.227541,1.224185,1.082981,1.194436,1.033434,1.0,0.101453,0.101453,0.000938,0.000464
config_87_det2_b10_s12_h15_w250,17,250,12,107.093289,50.427865,91.693802,6.0,True,True,0.9797,0.97784,0.722932,0.971831,0.749765,1.0,1.212366,1.212193,1.074401,1.195253,1.036186,1.0,0.110806,0.110806,0.000912,0.000347
config_87_det2_b10_s12_h15_w250,18,250,12,113.392894,50.427865,91.693802,6.0,True,True,0.980681,0.979914,0.741795,0.966615,0.764018,1.0,1.196512,1.196285,1.080833,1.183635,1.026081,1.0,0.117293,0.117293,0.001745,0.000483
config_87_det2_b10_s12_h15_w250,19,250,12,119.6925,50.427865,91.693802,6.0,True,True,0.98711,0.984623,0.75083,0.96254,0.771485,1.0,1.185501,1.185357,1.066612,1.15352,1.015383,1.0,0.124833,0.124833,0.001638,0.00089
config_87_det2_b10_s12_h15_w250,20,250,12,125.992105,50.427865,91.693802,6.0,True,True,0.984264,0.984263,0.74641,0.972447,0.783804,1.0,1.204688,1.204123,1.084744,1.181077,1.015256,1.0,0.135519,0.135519,0.00199,0.001164
config_88_det2_b10_s12_h15_w1000,1,1000,12,10.0,98.912404,142.884711,6.0,False,False,1.087103,1.072806,1.014211,1.076529,1.04282,1.0,1.458099,1.456209,0.37616,1.456888,1.285015,1.0,0.095032,0.095032,0.015634,0.001564
config_88_det2_b10_s12_h15_w1000,2,1000,12,20.0,98.912404,142.884711,6.0,False,False,0.986983,0.983353,0.904195,0.961744,0.897381,1.0,1.354441,1.353294,1.041748,1.320757,1.163018,1.0,0.102933,0.102933,0.008319,0.002508
config_88_det2_b10_s12_h15_w1000,3,1000,12,30.0,98.912404,142.884711,6.0,False,False,1.009604,1.009429,0.831574,0.978664,0.862158,1.0,1.212778,1.211147,0.981279,1.19801,1.034484,1.0,0.101961,0.101961,0.004456,0.001661
config_88_det2_b10_s12_h15_w1000,4,1000,12,40.0,98.912404,142.884711,6.0,False,False,1.004272,1.003912,0.831817,1.001882,0.832247,1.0,1.249838,1.249385,0.922036,1.220476,1.022692,1.0,0.102123,0.102123,0.003391,0.001495
config_88_det2_b10_s12_h15_w1000,5,1000,12,50.0,98.912404,142.884711,6.0,False,False,1.027865,1.027758,0.815781,0.981396,0.808857,1.0,1.296748,1.296358,0.960616,1.285108,1.103695,1.0,0.099764,0.099764,0.002384,0.001306
config_88_det2_b10_s12_h15_w1000,6,1000,12,60.0,98.912404,142.884711,6.0,False,False,1.088207,1.07343,0.759106,1.036067,0.806648,1.0,1.277332,1.266851,0.956285,1.233393,1.071318,1.0,0.101019,0.101019,0.001895,0.001054
config_88_det2_b10_s12_h15_w1000,7,1000,12,70.0,98.912404,142.884711,6.0,False,False,1.171949,1.171634,0.772068,1.129626,0.807981,1.0,1.286622,1.286272,0.967673,1.275738,1.107202,1.0,0.102003,0.102003,0.001514,0.000952
config_88_det2_b10_s12_h15_w1000,8,1000,12,80.0,98.912404,142.884711,6.0,False,False,1.211451,1.211362,0.776049,1.197278,0.830454,1.0,1.259153,1.258723,0.946812,1.245357,1.071855,1.0,0.098721,0.098721,0.001315,0.000862
config_88_det2_b10_s12_h15_w1000,9,1000,12,90.0,98.912404,142.884711,6.0,True,False,1.140523,1.140487,0.750957,1.129006,0.853788,1.0,1.243225,1.243042,0.972061,1.223251,1.075679,1.0,0.100274,0.100274,0.001125,0.000768
config_88_det2_b10_s12_h15_w1000,10,1000,12,100.0,98.912404,142.884711,6.0,True,False,1.097489,1.09728,0.768718,1.07742,0.868015,1.0,1.278907,1.278896,0.982741,1.248495,1.073408,1.0,0.101725,0.101725,0.000985,0.000232
config_88_det2_b10_s12_h15_w1000,11,1000,12,110.0,98.912404,142.884711,6.0,True,False,1.099577,1.097042,0.818963,1.059749,0.875494,1.0,1.274767,1.274518,1.038322,1.252192,1.086178,1.0,0.112665,0.112665,0.001247,0.000396
config_88_det2_b10_s12_h15_w1000,12,1000,12,120.0,98.912404,142.884711,6.0,True,True,1.084221,1.083939,0.850819,1.075992,0.876387,1.0,1.26591,1.265319,1.091532,1.250198,1.084603,1.0,0.127204,0.127204,0.001715,0.00092
config_88_det2_b10_s12_h15_w1000,13,1000,12,130.0,98.912404,142.884711,6.0,True,True,1.100176,1.100044,0.867367,1.0591,0.881302,1.0,1.259586,1.259183,1.105998,1.248278,1.083994,1.0,0.147929,0.147929,0.001585,0.00109
config_88_det2_b10_s12_h15_w1000,14,1000,12,140.0,98.912404,142.884711,6.0,True,True,1.110559,1.1104,0.889374,1.068904,0.881684,1.0,1.253946,1.248636,1.139802,1.233453,1.076177,1.0,0.185539,0.185539,0.001473,0.00114
config_88_det2_b10_s12_h15_w1000,15,1000,12,150.0,98.912404,142.884711,6.0,True,True,1.080506,1.079912,0.871455,1.05314,0.872068,1.0,1.26315,1.26219,1.120238,1.239405,1.072361,1.0,0.202279,0.202279,0.00133,0.000992
config_88_det2_b10_s12_h15_w1000,16,1000,12,160.0,98.912404,142.884711,6.0,True,True,1.074588,1.074556,0.860923,1.032897,0.863875,1.0,1.271183,1.270825,1.127619,1.255134,1.078575,1.0,0.2045,0.2045,0.001209,0.001047
config_88_det2_b10_s12_h15_w1000,17,1000,12,170.0,98.912404,142.884711,6.0,True,True,1.063593,1.063402,0.85622,1.042678,0.858979,1.0,1.275743,1.275505,1.140724,1.261541,1.086874,1.0,0.201875,0.201875,0.001125,0.000836
config_88_det2_b10_s12_h15_w1000,18,1000,12,180.0,98.912404,142.884711,6.0,True,True,1.065629,1.065471,0.857557,1.028224,0.854944,1.0,1.25616,1.25616,1.140682,1.23727,1.080838,1.0,0.206265,0.0,0.001201,0.0
config_88_det2_b10_s12_h15_w1000,19,1000,12,190.0,98.912404,142.884711,6.0,True,True,1.051994,1.051993,0.855931,1.023328,0.844368,1.0,1.270818,1.270818,1.157449,1.248232,1.077975,1.0,0.204457,0.0,0.001104,0.0
config_88_det2_b10_s12_h15_w1000,20,1000,12,200.0,98.912404,142.884711,6.0,True,True,1.049709,1.049704,0.851882,1.01287,0.837535,1.0,1.254432,1.254432,1.152756,1.238341,1.079811,1.0,0.201694,0.0,0.001052,0.0
config_89_det1_b10_s5_h15_w250,1,250,5,6.299605,67.980464,112.318477,5.59017,False,False,0.8615,0.853793,0.342043,0.76162,0.667924,0.879121,1.40296,1.40069,0.352643,1.38209,1.195544,0.472527,0.109244,0.109244,0.024611,0.002918
config_89_det1_b10_s5_h15_w250,2,250,5,12.59921,67.980464,112.318477,5.59017,False,False,0.813829,0.812458,0.500541,0.804696,0.731872,0.956044,1.329123,1.327501,0.803781,1.327105,1.047932,0.989011,0.101019,0.101019,0.012628,0.004079
config_89_det1_b10_s5_h15_w250,3,250,5,18.898816,67.980464,112.318477,5.59017,False,False,0.976166,0.974888,0.741409,0.955111,0.724547,1.0,1.247871,1.244014,0.642857,1.234252,0.90464,1.0,0.101878,0.101878,0.007285,0.00284
config_89_det1_b10_s5_h15_w250,4,250,5,25.198421,67.980464,112.318477,5.59017,False,False,0.976965,0.976687,0.761439,0.961444,0.710634,1.0,1.194829,1.193543,0.780247,1.179881,0.897186,1.0,0.102128,0.102128,0.005302,0.002381
config_89_det1_b10_s5_h15_w250,5,250,5,31.498026,67.980464,112.318477,5.59017,False,False,0.974375,0.974135,0.804829,0.948339,0.706783,1.0,1.516081,1.50465,0.868399,1.47271,1.024846,1.0,0.098248,0.098248,0.003401,0.001998
config_89_det1_b10_s5_h15_w250,6,250,5,37.797631,67.980464,112.318477,5.59017,False,False,1.003638,1.003095,0.823603,0.958269,0.705988,1.0,1.562583,1.561673,1.008929,1.541187,1.114314,1.0,0.101868,0.101868,0.003108,0.001871
config_89_det1_b10_s5_h15_w250,7,250,5,44.097237,67.980464,112.318477,5.59017,False,False,1.155443,1.155249,0.83927,1.097323,0.720613,1.0,1.580852,1.579894,1.023545,1.559736,1.114049,1.0,0.102278,0.102278,0.002416,0.001401
config_89_det1_b10_s5_h15_w250,8,250,5,50.396842,67.980464,112.318477,5.59017,False,False,1.260622,1.256185,0.856869,1.216762,0.795726,1.0,1.606195,1.605592,1.13215,1.588269,1.15742,1.0,0.101828,0.101828,0.002221,0.001414
config_89_det1_b10_s5_h15_w250,9,250,5,56.696447,67.980464,112.318477,5.59017,True,False,1.247325,1.244201,0.89668,1.217946,0.82043,1.0,1.586144,1.585777,1.165835,1.570417,1.155703,1.0,0.102095,0.102095,0.001749,0.001146
config_89_det1_b10_s5_h15_w250,10,250,5,62.996052,67.980464,112.318477,5.59017,True,False,1.253622,1.253482,0.904126,1.213484,0.850787,1.0,1.560008,1.559651,1.208224,1.53807,1.134403,1.0,0.099299,0.099299,0.001658,0.00108
config_89_det1_b10_s5_h15_w250,11,250,5,69.295658,67.980464,112.318477,5.59017,True,False,1.195013,1.194872,0.931951,1.181962,0.842196,1.0,1.531508,1.531205,1.176106,1.51542,1.116409,1.0,0.100822,0.100822,0.001437,0.000954
config_89_det1_b10_s5_h15_w250,12,250,5,75.595263,67.980464,112.318477,5.59017,True,True,1.216904,1.216498,0.980429,1.188498,0.833078,1.0,1.505151,1.50498,1.161539,1.494366,1.111623,1.0,0.098918,0.098918,0.001262,0.000896
config_89_det1_b10_s5_h15_w250,13,250,5,81.894868,67.980464,112.318477,5.59017,True,True,1.188881,1.188355,0.981937,1.168824,0.834586,1.0,1.494058,1.493774,1.156494,1.4743,1.09783,1.0,0.101035,0.101035,0.001134,0.000807
config_89_det1_b10_s5_h15_w250,14,250,5,88.194473,67.980464,112.318477,5.59017,True,True,1.148297,1.148238,0.976698,1.135296,0.819627,1.0,1.488038,1.487843,1.169359,1.471956,1.086893,1.0,0.101713,0.101713,0.001171,0.000819
config_89_det1_b10_s5_h15_w250,15,250,5,94.494079,67.980464,112.318477,5.59017,True,True,1.094848,1.094769,0.966314,1.085531,0.796445,1.0,1.475595,1.472506,1.202201,1.450724,1.069546,1.0,0.100989,0.100989,0.000996,0.000717
config_89_det1_b10_s5_h15_w250,16,250,5,100.793684,67.980464,112.318477,5.59017,True,True,1.061856,1.061768,0.970291,1.050387,0.782595,1.0,1.472011,1.471414,1.222613,1.450817,1.070366,1.0,0.101453,0.101453,0.000938,0.000464
config_89_det1_b10_s5_h15_w250,17,250,5,107.093289,67.980464,112.318477,5.59017,True,True,1.056286,1.055317,0.955136,1.032156,0.771913,1.0,1.442602,1.442477,1.213125,1.41947,1.05443,1.0,0.110806,0.110806,0.000912,0.000347
config_89_det1_b10_s5_h15_w250,18,250,5,113.392894,67.980464,112.318477,5.59017,True,True,1.061487,1.061397,0.94594,1.035053,0.764297,1.0,1.439037,1.438728,1.208585,1.419967,1.039749,1.0,0.117293,0.117293,0.001745,0.000483
config_89_det1_b10_s5_h15_w250,19,250,5,119.6925,67.980464,112.318477,5.59017,True,True,1.066008,1.060893,0.935167,1.044825,0.763054,1.0,1.411893,1.411816,1.22462,1.403084,1.028788,1.0,0.124833,0.124833,0.001638,0.00089
config_89_det1_b10_s5_h15_w250,20,250,5,125.992105,67.980464,112.318477,5.59017,True,True,1.072499,1.072347,0.927221,1.038224,0.762356,1.0,1.396683,1.394046,1.227239,1.374786,1.014414,1.0,0.135519,0.135519,0.00199,0.001164
config_90_det1_b10_s5_h15_w1000,1,1000,5,10.0,97.452458,170.054227,5.59017,False,False,0.82843,0.823354,0.253932,0.80854,0.714697,0.934066,1.293626,1.293233,0.395902,1.245824,0.992284,0.945055,0.095032,0.095032,0.015634,0.001564
config_90_det1_b10_s5_h15_w1000,2,1000,5,20.0,97.452458,170.054227,5.59017,False,False,0.937572,0.928994,0.722759,0.906185,0.701855,1.0,1.44219,1.441699,0.652106,1.419258,0.950178,1.0,0.102933,0.102933,0.008319,0.002508
config_90_det1_b10_s5_h15_w1000,3,1000,5,30.0,97.452458,170.054227,5.59017,False,False,0.929364,0.923179,0.732895,0.904589,0.674578,1.0,1.495849,1.495115,0.873738,1.482152,1.008622,1.0,0.101961,0.101961,0.004456,0.001661
config_90_det1_b10_s5_h15_w1000,4,1000,5,40.0,97.452458,170.054227,5.59017,False,False,1.178104,1.177765,0.799488,1.056465,0.686639,1.0,1.497184,1.496991,1.027857,1.4788,1.056289,1.0,0.102123,0.102123,0.003391,0.001495
config_90_det1_b10_s5_h15_w1000,5,1000,5,50.0,97.452458,170.054227,5.59017,False,False,1.348231,1.347875,0.845518,1.297859,0.8176,1.0,1.518367,1.51569,1.130723,1.500011,1.074774,1.0,0.099764,0.099764,0.002384,0.001306
config_90_det1_b10_s5_h15_w1000,6,1000,5,60.0,97.452458,170.054227,5.59017,False,False,1.324642,1.320011,0.945815,1.281036,0.903972,1.0,1.512662,1.512156,1.174253,1.502508,1.091882,1.0,0.101019,0.101019,0.001895,0.001054
config_90_det1_b10_s5_h15_w1000,7,1000,5,70.0,97.452458,170.054227,5.59017,False,False,1.272313,1.270244,1.013452,1.24102,0.883626,1.0,1.481996,1.481701,1.176043,1.462608,1.081447,1.0,0.102003,0.102003,0.001514,0.000952
config_90_det1_b10_s5_h15_w1000,8,1000,5,80.0,97.452458,170.054227,5.59017,False,False,1.213696,1.213547,1.008822,1.193313,0.861617,1.0,1.488613,1.486734,1.217832,1.466455,1.090722,1.0,0.098721,0.098721,0.001315,0.000862
config_90_det1_b10_s5_h15_w1000,9,1000,5,90.0,97.452458,170.054227,5.59017,True,False,1.15199,1.149955,1.012792,1.135413,0.828151,1.0,1.477869,1.476664,1.212965,1.459123,1.084983,1.0,0.100274,0.100274,0.001125,0.000768
config_90_det1_b10_s5_h15_w1000,10,1000,5,100.0,97.452458,170.054227,5.59017,True,False,1.086205,1.086132,0.989919,1.072267,0.791685,1.0,1.473042,1.472955,1.244983,1.452297,1.0777,1.0,0.101725,0.101725,0.000985,0.000232
config_90_det1_b10_s5_h15_w1000,11,1000,5,110.0,97.452458,170.054227,5.59017,True,False,1.070519,1.066945,0.978755,1.051944,0.775773,1.0,1.466031,1.465602,1.277891,1.445928,1.071965,1.0,0.112665,0.112665,0.001247,0.000396
config_90_det1_b10_s5_h15_w1000,12,1000,5,120.0,97.452458,170.054227,5.59017,True,True,1.045267,1.043791,0.953288,1.028711,0.758536,1.0,1.440462,1.439278,1.280245,1.428461,1.062441,1.0,0.127204,0.127204,0.001715,0.00092
config_90_det1_b10_s5_h15_w1000,13,1000,5,130.0,97.452458,170.054227,5.59017,True,True,1.040025,1.039868,0.938602,1.020218,0.748715,1.0,1.435972,1.435335,1.296712,1.420943,1.054412,1.0,0.147929,0.147929,0.001585,0.00109
config_90_det1_b10_s5_h15_w1000,14,1000,5,140.0,97.452458,170.054227,5.59017,True,True,1.012829,1.011606,0.930316,0.990862,0.732229,1.0,1.421087,1.420686,1.311944,1.412564,1.049925,1.0,0.185539,0.185539,0.001473,0.00114
config_90_det1_b10_s5_h15_w1000,15,1000,5,150.0,97.452458,170.054227,5.59017,True,True,1.000475,1.000407,0.918867,0.984481,0.719735,1.0,1.412386,1.412023,1.305355,1.400658,1.038231,1.0,0.202279,0.202279,0.00133,0.000992
config_90_det1_b10_s5_h15_w1000,16,1000,5,160.0,97.452458,170.054227,5.59017,True,True,0.98503,0.984969,0.90273,0.973582,0.709593,1.0,1.403945,1.402773,1.300556,1.393934,1.031321,1.0,0.2045,0.2045,0.001209,0.001047
config_90_det1_b10_s5_h15_w1000,17,1000,5,170.0,97.452458,170.054227,5.59017,True,True,0.967609,0.9676,0.889157,0.949633,0.696526,1.0,1.39614,1.395611,1.318313,1.383495,1.026458,1.0,0.201875,0.201875,0.001125,0.000836
config_90_det1_b10_s5_h15_w1000,18,1000,5,180.0,97.452458,170.054227,5.59017,True,True,0.958625,0.957815,0.873921,0.935371,0.68548,1.0,1.376264,1.376264,1.315162,1.364778,1.01631,1.0,0.206265,0.0,0.001201,0.0
config_90_det1_b10_s5_h15_w1000,19,1000,5,190.0,97.452458,170.054227,5.59017,True,True,0.958526,0.958511,0.867573,0.934664,0.677929,1.0,1.362736,1.362736,1.301362,1.356827,1.009188,1.0,0.204457,0.0,0.001104,0.0
config_90_det1_b10_s5_h15_w1000,20,1000,5,200.0,97.452458,170.054227,5.59017,True,True,0.959771,0.955256,0.860047,0.932882,0.668469,1.0,1.354348,1.354348,1.303904,1.347807,1.000911,1.0,0.201694,0.0,0.001052,0.0
config_91_det1_b10_s5_h24_w250,1,250,5,6.299605,52.849264,114.406628,5.59017,False,False,0.8615,0.853793,0.342043,0.76162,0.667924,0.879121,1.40296,1.40069,0.352643,1.38209,1.195544,0.472527,0.109244,0.109244,0.024611,0.002918
config_91_det1_b10_s5_h24_w250,2,250,5,12.59921,52.849264,114.406628,5.59017,False,False,0.813829,0.812504,0.500541,0.804696,0.731872,0.956044,1.328369,1.327308,0.803781,1.326812,1.04776,0.989011,0.101019,0.101019,0.012628,0.004079
config_91_det1_b10_s5_h24_w250,3,250,5,18.898816,52.849264,114.406628,5.59017,False,False,0.976367,0.975121,0.741604,0.955402,0.7251,1.0,1.259121,1.257786,0.667466,1.250856,0.929652,1.0,0.101878,0.101878,0.007285,0.00284
config_91_det1_b10_s5_h24_w250,4,250,5,25.198421,52.849264,114.406628,5.59017,False,False,0.977001,0.976661,0.761496,0.961481,0.711015,1.0,1.163305,1.161947,0.761538,1.145006,0.875759,1.0,0.102128,0.102128,0.005302,0.002381
config_91_det1_b10_s5_h24_w250,5,250,5,31.498026,52.849264,114.406628,5.59017,False,False,0.974375,0.974122,0.806631,0.948257,0.707069,1.0,1.180955,1.180368,0.821774,1.171262,0.896968,1.0,0.098248,0.098248,0.003401,0.001998
config_91_det1_b10_s5_h24_w250,6,250,5,37.797631,52.849264,114.406628,5.59017,False,False,0.965857,0.965206,0.821139,0.950978,0.705846,1.0,1.173543,1.1672,0.824843,1.157549,0.89123,1.0,0.101868,0.101868,0.003108,0.001871
config_91_det1_b10_s5_h24_w250,7,250,5,44.097237,52.849264,114.406628,5.59017,False,False,0.942753,0.942467,0.820089,0.92374,0.686889,1.0,1.207027,1.203977,0.857834,1.192501,0.902776,1.0,0.102278,0.102278,0.002416,0.001401
config_91_det1_b10_s5_h24_w250,8,250,5,50.396842,52.849264,114.406628,5.59017,False,False,0.903369,0.90037,0.813789,0.889267,0.677074,1.0,1.461351,1.455024,1.009766,1.443918,1.022325,1.0,0.101828,0.101828,0.002221,0.001414
config_91_det1_b10_s5_h24_w250,9,250,5,56.696447,52.849264,114.406628,5.59017,False,False,0.90804,0.905238,0.800498,0.887727,0.650477,1.0,1.532303,1.531844,1.235761,1.508577,1.087934,1.0,0.102095,0.102095,0.001749,0.001146
config_91_det1_b10_s5_h24_w250,10,250,5,62.996052,52.849264,114.406628,5.59017,True,False,0.906968,0.906848,0.777375,0.890119,0.643669,1.0,1.526227,1.523226,1.300399,1.509804,1.110449,1.0,0.099299,0.099299,0.001658,0.00108
config_91_det1_b10_s5_h24_w250,11,250,5,69.295658,52.849264,114.406628,5.59017,True,False,0.950608,0.950548,0.747049,0.909473,0.633115,1.0,1.569934,1.566439,1.325814,1.554418,1.133898,1.0,0.100822,0.100822,0.001437,0.000954
config_91_det1_b10_s5_h24_w250,12,250,5,75.595263,52.849264,114.406628,5.59017,True,True,1.084154,1.083938,0.744756,1.023469,0.649831,1.0,1.563099,1.562862,1.314834,1.538508,1.125586,1.0,0.098918,0.098918,0.001262,0.000896
config_91_det1_b10_s5_h24_w250,13,250,5,81.894868,52.849264,114.406628,5.59017,True,True,1.138975,1.138024,0.748326,1.096158,0.678391,1.0,1.574635,1.574062,1.339022,1.546219,1.137452,1.0,0.101035,0.101035,0.001134,0.000807
config_91_det1_b10_s5_h24_w250,14,250,5,88.194473,52.849264,114.406628,5.59017,True,True,1.133734,1.130591,0.755461,1.110369,0.712121,1.0,1.574308,1.570976,1.354571,1.540241,1.13425,1.0,0.101713,0.101713,0.001171,0.000819
config_91_det1_b10_s5_h24_w250,15,250,5,94.494079,52.849264,114.406628,5.59017,True,True,1.121141,1.120949,0.765744,1.104196,0.745772,1.0,1.554661,1.554499,1.366644,1.52436,1.12609,1.0,0.100989,0.100989,0.000996,0.000717
config_91_det1_b10_s5_h24_w250,16,250,5,100.793684,52.849264,114.406628,5.59017,True,True,1.082444,1.082332,0.804889,1.066066,0.759286,1.0,1.558435,1.558372,1.377238,1.536152,1.120184,1.0,0.101453,0.101453,0.000938,0.000464
config_91_det1_b10_s5_h24_w250,17,250,5,107.093289,52.849264,114.406628,5.59017,True,True,1.06556,1.065425,0.856799,1.052102,0.766431,1.0,1.537134,1.532871,1.361392,1.518144,1.11336,1.0,0.110806,0.110806,0.000912,0.000347
config_91_det1_b10_s5_h24_w250,18,250,5,113.392894,52.849264,114.406628,5.59017,True,True,1.059607,1.058033,0.885758,1.042848,0.766505,1.0,1.501081,1.501059,1.345047,1.48924,1.100088,1.0,0.117293,0.117293,0.001745,0.000483
config_91_det1_b10_s5_h24_w250,19,250,5,119.6925,52.849264,114.406628,5.59017,True,True,1.072958,1.070588,0.929066,1.04979,0.769625,1.0,1.469232,1.467632,1.338711,1.455141,1.079103,1.0,0.124833,0.124833,0.001638,0.00089
config_91_det1_b10_s5_h24_w250,20,250,5,125.992105,52.849264,114.406628,5.59017,True,True,1.078279,1.075303,0.935659,1.054793,0.766889,1.0,1.433995,1.432757,1.324743,1.420976,1.062099,1.0,0.135519,0.135519,0.00199,0.001164
config_92_det1_b10_s5_h24_w1000,1,1000,5,10.0,103.776446,172.887564,5.59017,False,False,0.829106,0.823694,0.253932,0.80854,0.715498,0.934066,1.293626,1.293233,0.395902,1.245824,0.992284,0.945055,0.095032,0.095032,0.015634,0.001564
config_92_det1_b10_s5_h24_w1000,2,1000,5,20.0,103.776446,172.887564,5.59017,False,False,0.937572,0.928994,0.722759,0.906088,0.701804,1.0,1.357029,1.356469,0.679361,1.329869,0.954315,1.0,0.102933,0.102933,0.008319,0.002508
config_92_det1_b10_s5_h24_w1000,3,1000,5,30.0,103.776446,172.887564,5.59017,False,False,0.929455,0.928179,0.731607,0.904589,0.675215,1.0,1.293432,1.291509,0.88796,1.279267,0.946292,1.0,0.101961,0.101961,0.004456,0.001661
config_92_det1_b10_s5_h24_w1000,4,1000,5,40.0,103.776446,172.887564,5.59017,False,False,0.953149,0.949277,0.788416,0.937755,0.676114,1.0,1.353288,1.346372,0.972779,1.319244,0.95748,1.0,0.102123,0.102123,0.003391,0.001495
config_92_det1_b10_s5_h24_w1000,5,1000,5,50.0,103.776446,172.887564,5.59017,False,False,0.959441,0.959276,0.81711,0.942825,0.683815,1.0,1.476725,1.476315,1.099297,1.452261,1.05398,1.0,0.099764,0.099764,0.002384,0.001306
config_92_det1_b10_s5_h24_w1000,6,1000,5,60.0,103.776446,172.887564,5.59017,False,False,1.055755,1.05549,0.811249,0.969588,0.659951,1.0,1.568168,1.565602,1.227766,1.542462,1.116322,1.0,0.101019,0.101019,0.001895,0.001054
config_92_det1_b10_s5_h24_w1000,7,1000,5,70.0,103.776446,172.887564,5.59017,False,False,1.145461,1.145262,0.808877,1.089434,0.682266,1.0,1.528528,1.528396,1.270417,1.519372,1.122024,1.0,0.102003,0.102003,0.001514,0.000952
config_92_det1_b10_s5_h24_w1000,8,1000,5,80.0,103.776446,172.887564,5.59017,False,False,1.197658,1.197556,0.801672,1.166919,0.755207,1.0,1.529789,1.529301,1.284023,1.515945,1.12221,1.0,0.098721,0.098721,0.001315,0.000862
config_92_det1_b10_s5_h24_w1000,9,1000,5,90.0,103.776446,172.887564,5.59017,True,False,1.167528,1.167412,0.833206,1.140276,0.79116,1.0,1.520266,1.520059,1.271198,1.504304,1.115823,1.0,0.100274,0.100274,0.001125,0.000768
config_92_det1_b10_s5_h24_w1000,10,1000,5,100.0,103.776446,172.887564,5.59017,True,False,1.117598,1.116428,0.869823,1.097322,0.792028,1.0,1.517574,1.515957,1.284389,1.498311,1.111019,1.0,0.101725,0.101725,0.000985,0.000232
config_92_det1_b10_s5_h24_w1000,11,1000,5,110.0,103.776446,172.887564,5.59017,True,False,1.116568,1.116427,0.93928,1.098099,0.797573,1.0,1.499431,1.49812,1.30628,1.481963,1.096951,1.0,0.112665,0.112665,0.001247,0.000396
config_92_det1_b10_s5_h24_w1000,12,1000,5,120.0,103.776446,172.887564,5.59017,True,True,1.107289,1.106603,0.951398,1.086667,0.792234,1.0,1.475389,1.475086,1.315781,1.463412,1.084641,1.0,0.127204,0.127204,0.001715,0.00092
config_92_det1_b10_s5_h24_w1000,13,1000,5,130.0,103.776446,172.887564,5.59017,True,True,1.10413,1.102894,0.976027,1.079392,0.785787,1.0,1.466088,1.46487,1.353016,1.452457,1.076551,1.0,0.147929,0.147929,0.001585,0.00109
config_92_det1_b10_s5_h24_w1000,14,1000,5,140.0,103.776446,172.887564,5.59017,True,True,1.086739,1.085332,0.969898,1.07026,0.779162,1.0,1.45573,1.455551,1.353766,1.443539,1.07234,1.0,0.185539,0.185539,0.001473,0.00114
config_92_det1_b10_s5_h24_w1000,15,1000,5,150.0,103.776446,172.887564,5.59017,True,True,1.065022,1.06493,0.957658,1.047569,0.768044,1.0,1.449868,1.448792,1.358244,1.437562,1.069043,1.0,0.202279,0.202279,0.00133,0.000992
config_92_det1_b10_s5_h24_w1000,16,1000,5,160.0,103.776446,172.887564,5.59017,True,True,1.035869,1.035588,0.949407,1.022558,0.75173,1.0,1.436424,1.434801,1.358167,1.424075,1.058176,1.0,0.2045,0.2045,0.001209,0.001047
config_92_det1_b10_s5_h24_w1000,17,1000,5,170.0,103.776446,172.887564,5.59017,True,True,1.017143,1.016531,0.930405,0.997879,0.734302,1.0,1.419854,1.419503,1.348163,1.41406,1.049274,1.0,0.201875,0.201875,0.001125,0.000836
config_92_det1_b10_s5_h24_w1000,18,1000,5,180.0,103.776446,172.887564,5.59017,True,True,0.993871,0.993675,0.918836,0.977926,0.719537,1.0,1.403554,1.403554,1.346794,1.391849,1.034544,1.0,0.206265,0.0,0.001201,0.0
config_92_det1_b10_s5_h24_w1000,19,1000,5,190.0,103.776446,172.887564,5.59017,True,True,0.973672,0.972532,0.895798,0.954119,0.703742,1.0,1.405575,1.405575,1.355562,1.393942,1.03062,1.0,0.204457,0.0,0.001104,0.0
config_92_det1_b10_s5_h24_w1000,20,1000,5,200.0,103.776446,172.887564,5.59017,True,True,0.963202,0.963155,0.873539,0.939682,0.689601,1.0,1.417568,1.417568,1.358223,1.404808,1.037038,1.0,0.201694,0.0,0.001052,0.0
config_93_det2_b10_s5_h15_w250,1,250,5,6.299605,76.07623,115.594798,2.5,False,False,1.044482,1.028118,0.99951,1.035262,1.022038,0.978022,1.496079,1.464838,0.461552,1.419048,1.277566,0.978022,0.109244,0.109244,0.024611,0.002918
config_93_det2_b10_s5_h15_w250,2,250,5,12.59921,76.07623,115.594798,2.5,False,False,1.020559,1.01341,0.810846,0.987419,0.829103,0.978022,1.338816,1.337451,1.163951,1.321497,1.101992,1.0,0.101019,0.101019,0.012628,0.004079
config_93_det2_b10_s5_h15_w250,3,250,5,18.898816,76.07623,115.594798,2.5,False,False,0.978605,0.97729,0.748117,0.97017,0.793701,1.0,1.202252,1.182036,1.044447,1.181724,0.945818,1.0,0.101878,0.101878,0.007285,0.00284
config_93_det2_b10_s5_h15_w250,4,250,5,25.198421,76.07623,115.594798,2.5,False,False,1.056976,1.056504,0.857702,1.041251,0.777458,1.0,1.317803,1.316621,1.074953,1.25805,0.937684,1.0,0.102128,0.102128,0.005302,0.002381
config_93_det2_b10_s5_h15_w250,5,250,5,31.498026,76.07623,115.594798,2.5,False,False,1.083274,1.082892,0.911541,1.06534,0.774801,1.0,1.611441,1.61087,1.20948,1.595413,1.162369,1.0,0.098248,0.098248,0.003401,0.001998
config_93_det2_b10_s5_h15_w250,6,250,5,37.797631,76.07623,115.594798,2.5,False,False,1.13849,1.138201,0.870724,1.07911,0.761967,1.0,1.660316,1.652017,1.232927,1.610405,1.179596,1.0,0.101868,0.101868,0.003108,0.001871
config_93_det2_b10_s5_h15_w250,7,250,5,44.097237,76.07623,115.594798,2.5,False,False,1.386275,1.385568,0.910232,1.283788,0.810683,1.0,1.679839,1.67906,1.349415,1.668758,1.226132,1.0,0.102278,0.102278,0.002416,0.001401
config_93_det2_b10_s5_h15_w250,8,250,5,50.396842,76.07623,115.594798,2.5,False,False,1.400844,1.400355,0.965569,1.353699,0.913847,1.0,1.643851,1.640642,1.362822,1.632257,1.20763,1.0,0.101828,0.101828,0.002221,0.001414
config_93_det2_b10_s5_h15_w250,9,250,5,56.696447,76.07623,115.594798,2.5,True,False,1.361736,1.361354,0.981227,1.334738,0.91359,1.0,1.679492,1.676911,1.330354,1.650545,1.197302,1.0,0.102095,0.102095,0.001749,0.001146
config_93_det2_b10_s5_h15_w250,10,250,5,62.996052,76.07623,115.594798,2.5,True,False,1.314916,1.314679,0.980803,1.286953,0.91314,1.0,1.618209,1.617734,1.403303,1.613105,1.199899,1.0,0.099299,0.099299,0.001658,0.00108
config_93_det2_b10_s5_h15_w250,11,250,5,69.295658,76.07623,115.594798,2.5,True,False,1.279727,1.279419,0.983893,1.258876,0.90789,1.0,1.568937,1.568486,1.433305,1.54518,1.168183,1.0,0.100822,0.100822,0.001437,0.000954
config_93_det2_b10_s5_h15_w250,12,250,5,75.595263,76.07623,115.594798,2.5,True,True,1.250153,1.247461,0.991057,1.234544,0.888083,1.0,1.546881,1.546844,1.411373,1.528356,1.143343,1.0,0.098918,0.098918,0.001262,0.000896
config_93_det2_b10_s5_h15_w250,13,250,5,81.894868,76.07623,115.594798,2.5,True,True,1.20973,1.20962,1.004324,1.199051,0.869177,1.0,1.549648,1.541158,1.413713,1.519269,1.132528,1.0,0.101035,0.101035,0.001134,0.000807
config_93_det2_b10_s5_h15_w250,14,250,5,88.194473,76.07623,115.594798,2.5,True,True,1.173902,1.173804,0.997008,1.157142,0.843286,1.0,1.53518,1.53518,1.417493,1.50666,1.123981,1.0,0.101713,0.101713,0.001171,0.000819
config_93_det2_b10_s5_h15_w250,15,250,5,94.494079,76.07623,115.594798,2.5,True,True,1.112855,1.112812,0.978103,1.108829,0.81853,1.0,1.522428,1.520056,1.41676,1.500135,1.123688,1.0,0.100989,0.100989,0.000996,0.000717
config_93_det2_b10_s5_h15_w250,16,250,5,100.793684,76.07623,115.594798,2.5,True,True,1.061805,1.061731,0.975478,1.057087,0.793308,1.0,1.487794,1.487524,1.435128,1.478135,1.107895,1.0,0.101453,0.101453,0.000938,0.000464
config_93_det2_b10_s5_h15_w250,17,250,5,107.093289,76.07623,115.594798,2.5,True,True,1.054132,1.051949,0.967023,1.040503,0.778663,1.0,1.455959,1.455822,1.410183,1.436655,1.080887,1.0,0.110806,0.110806,0.000912,0.000347
config_93_det2_b10_s5_h15_w250,18,250,5,113.392894,76.07623,115.594798,2.5,True,True,1.036548,1.036347,0.971513,1.014523,0.768518,1.0,1.450027,1.450002,1.4048,1.434463,1.066628,1.0,0.117293,0.117293,0.001745,0.000483
config_93_det2_b10_s5_h15_w250,19,250,5,119.6925,76.07623,115.594798,2.5,True,True,1.030637,1.030366,0.96542,1.009192,0.759522,1.0,1.426511,1.426502,1.388513,1.415347,1.057289,1.0,0.124833,0.124833,0.001638,0.00089
config_93_det2_b10_s5_h15_w250,20,250,5,125.992105,76.07623,115.594798,2.5,True,True,1.073907,1.073753,0.952628,1.007045,0.747998,1.0,1.415326,1.414601,1.373114,1.403344,1.043258,1.0,0.135519,0.135519,0.00199,0.001164
config_94_det2_b10_s5_h15_w1000,1,1000,5,10.0,107.866223,176.070373,2.5,False,False,1.085666,1.083841,0.914774,0.98991,0.917897,0.978022,1.559283,1.557637,0.61493,1.512486,1.25923,1.0,0.095032,0.095032,0.015634,0.001564
config_94_det2_b10_s5_h15_w1000,2,1000,5,20.0,107.866223,176.070373,2.5,False,False,1.123648,1.122814,0.801278,1.085931,0.809297,1.0,1.458632,1.458563,1.196555,1.420914,1.097367,1.0,0.102933,0.102933,0.008319,0.002508
config_94_det2_b10_s5_h15_w1000,3,1000,5,30.0,107.866223,176.070373,2.5,False,False,1.175382,1.161861,0.919651,1.103165,0.813744,1.0,1.572662,1.571987,1.117988,1.557683,1.098823,1.0,0.101961,0.101961,0.004456,0.001661
config_94_det2_b10_s5_h15_w1000,4,1000,5,40.0,107.866223,176.070373,2.5,False,False,1.523224,1.495971,0.9332,1.378028,0.848176,1.0,1.57843,1.578063,1.049602,1.552557,1.113813,1.0,0.102123,0.102123,0.003391,0.001495
config_94_det2_b10_s5_h15_w1000,5,1000,5,50.0,107.866223,176.070373,2.5,False,False,1.580178,1.58006,1.051604,1.536759,1.035592,1.0,1.575621,1.568101,1.083899,1.550844,1.122988,1.0,0.099764,0.099764,0.002384,0.001306
config_94_det2_b10_s5_h15_w1000,6,1000,5,60.0,107.866223,176.070373,2.5,False,False,1.502297,1.50204,1.097538,1.472592,1.043846,1.0,1.613456,1.607996,1.110792,1.593503,1.135021,1.0,0.101019,0.101019,0.001895,0.001054
config_94_det2_b10_s5_h15_w1000,7,1000,5,70.0,107.866223,176.070373,2.5,False,False,1.443906,1.440359,1.142386,1.419194,1.010853,1.0,1.559784,1.559575,1.126225,1.528867,1.136404,1.0,0.102003,0.102003,0.001514,0.000952
config_94_det2_b10_s5_h15_w1000,8,1000,5,80.0,107.866223,176.070373,2.5,False,False,1.319196,1.319196,1.10621,1.312389,0.954591,1.0,1.571544,1.571159,1.183461,1.53742,1.136209,1.0,0.098721,0.098721,0.001315,0.000862
config_94_det2_b10_s5_h15_w1000,9,1000,5,90.0,107.866223,176.070373,2.5,True,False,1.231593,1.231511,1.061564,1.214661,0.899995,1.0,1.545901,1.544757,1.263849,1.524779,1.133362,1.0,0.100274,0.100274,0.001125,0.000768
config_94_det2_b10_s5_h15_w1000,10,1000,5,100.0,107.866223,176.070373,2.5,True,False,1.155978,1.155908,1.071187,1.144269,0.851741,1.0,1.537691,1.534313,1.348518,1.509046,1.126959,1.0,0.101725,0.101725,0.000985,0.000232
config_94_det2_b10_s5_h15_w1000,11,1000,5,110.0,107.866223,176.070373,2.5,True,False,1.140247,1.139697,1.039499,1.115044,0.834018,1.0,1.511089,1.510611,1.3803,1.496943,1.113679,1.0,0.112665,0.112665,0.001247,0.000396
config_94_det2_b10_s5_h15_w1000,12,1000,5,120.0,107.866223,176.070373,2.5,True,True,1.110738,1.110208,1.033118,1.095631,0.811035,1.0,1.50337,1.503324,1.363445,1.491628,1.102907,1.0,0.127204,0.127204,0.001715,0.00092
config_94_det2_b10_s5_h15_w1000,13,1000,5,130.0,107.866223,176.070373,2.5,True,True,1.102142,1.099054,1.003361,1.07113,0.794456,1.0,1.481787,1.479059,1.407746,1.4675,1.090778,1.0,0.147929,0.147929,0.001585,0.00109
config_94_det2_b10_s5_h15_w1000,14,1000,5,140.0,107.866223,176.070373,2.5,True,True,1.071037,1.070709,0.990058,1.054812,0.778621,1.0,1.461604,1.461457,1.380817,1.448631,1.079337,1.0,0.185539,0.185539,0.001473,0.00114
config_94_det2_b10_s5_h15_w1000,15,1000,5,150.0,107.866223,176.070373,2.5,True,True,1.072545,1.072416,0.979865,1.036642,0.762541,1.0,1.441693,1.441329,1.371433,1.433043,1.063583,1.0,0.202279,0.202279,0.00133,0.000992
config_94_det2_b10_s5_h15_w1000,16,1000,5,160.0,107.866223,176.070373,2.5,True,True,1.047378,1.047299,0.948466,1.031127,0.752901,1.0,1.434139,1.432464,1.354503,1.41856,1.047427,1.0,0.2045,0.2045,0.001209,0.001047
config_94_det2_b10_s5_h15_w1000,17,1000,5,170.0,107.866223,176.070373,2.5,True,True,1.062182,1.062093,0.944789,1.015873,0.739344,1.0,1.421525,1.419803,1.336263,1.411318,1.043422,1.0,0.201875,0.201875,0.001125,0.000836
config_94_det2_b10_s5_h15_w1000,18,1000,5,180.0,107.866223,176.070373,2.5,True,True,1.059998,1.059196,0.934229,1.021182,0.739201,1.0,1.408487,1.408487,1.341305,1.400128,1.034477,1.0,0.206265,0.0,0.001201,0.0
config_94_det2_b10_s5_h15_w1000,19,1000,5,190.0,107.866223,176.070373,2.5,True,True,1.052158,1.049016,0.928276,1.027343,0.733143,1.0,1.391388,1.391388,1.334509,1.377528,1.022091,1.0,0.204457,0.0,0.001104,0.0
config_94_det2_b10_s5_h15_w1000,20,1000,5,200.0,107.866223,176.070373,2.5,True,True,1.042527,1.04239,0.91336,1.017042,0.726856,1.0,1.365282,1.365282,1.31589,1.354219,1.009905,1.0,0.201694,0.0,0.001052,0.0
config_95_det2_b10_s5_h24_w250,1,250,5,6.299605,67.565632,119.965601,2.5,False,False,1.044482,1.028118,0.99951,1.035262,1.022038,0.978022,1.496079,1.464838,0.461552,1.419048,1.277566,0.978022,0.109244,0.109244,0.024611,0.002918
config_95_det2_b10_s5_h24_w250,2,250,5,12.59921,67.565632,119.965601,2.5,False,False,1.020559,1.01341,0.810846,0.987419,0.829103,0.978022,1.338816,1.337451,1.163951,1.321497,1.101992,1.0,0.101019,0.101019,0.012628,0.004079
config_95_det2_b10_s5_h24_w250,3,250,5,18.898816,67.565632,119.965601,2.5,False,False,0.978605,0.97729,0.748117,0.97017,0.793701,1.0,1.202252,1.182036,1.044447,1.181311,0.945818,1.0,0.101878,0.101878,0.007285,0.00284
config_95_det2_b10_s5_h24_w250,4,250,5,25.198421,67.565632,119.965601,2.5,False,False,1.056976,1.056504,0.857702,1.041251,0.777458,1.0,1.264646,1.263214,1.059099,1.230399,0.932522,1.0,0.102128,0.102128,0.005302,0.002381
config_95_det2_b10_s5_h24_w250,5,250,5,31.498026,67.565632,119.965601,2.5,False,False,1.083407,1.082905,0.913423,1.065559,0.775136,1.0,1.249697,1.24813,1.073818,1.247676,0.973966,1.0,0.098248,0.098248,0.003401,0.001998
config_95_det2_b10_s5_h24_w250,6,250,5,37.797631,67.565632,119.965601,2.5,False,False,1.03145,1.022243,0.870711,1.006804,0.75524,1.0,1.190274,1.189735,1.011849,1.188554,0.913979,1.0,0.101868,0.101868,0.003108,0.001871
config_95_det2_b10_s5_h24_w250,7,250,5,44.097237,67.565632,119.965601,2.5,False,False,1.018243,1.017961,0.892723,0.989313,0.74293,1.0,1.441695,1.424318,1.010998,1.393487,0.948626,1.0,0.102278,0.102278,0.002416,0.001401
config_95_det2_b10_s5_h24_w250,8,250,5,50.396842,67.565632,119.965601,2.5,False,False,0.987665,0.987137,0.891309,0.976182,0.727737,1.0,1.561456,1.559554,1.25327,1.551423,1.142442,1.0,0.101828,0.101828,0.002221,0.001414
config_95_det2_b10_s5_h24_w250,9,250,5,56.696447,67.565632,119.965601,2.5,False,False,0.949705,0.949305,0.842129,0.932261,0.697645,1.0,1.580505,1.580319,1.269813,1.562855,1.147587,1.0,0.102095,0.102095,0.001749,0.001146
config_95_det2_b10_s5_h24_w250,10,250,5,62.996052,67.565632,119.965601,2.5,False,False,1.021107,1.021062,0.810611,0.967526,0.692534,1.0,1.539595,1.539401,1.360519,1.522009,1.133875,1.0,0.099299,0.099299,0.001658,0.00108
config_95_det2_b10_s5_h24_w250,11,250,5,69.295658,67.565632,119.965601,2.5,True,False,1.077954,1.077827,0.811007,1.037272,0.685025,1.0,1.625355,1.624826,1.366575,1.585958,1.140839,1.0,0.100822,0.100822,0.001437,0.000954
config_95_det2_b10_s5_h24_w250,12,250,5,75.595263,67.565632,119.965601,2.5,True,True,1.156489,1.156326,0.800522,1.107253,0.710342,1.0,1.646992,1.646825,1.396396,1.636838,1.18448,1.0,0.098918,0.098918,0.001262,0.000896
config_95_det2_b10_s5_h24_w250,13,250,5,81.894868,67.565632,119.965601,2.5,True,True,1.140956,1.140863,0.788532,1.112866,0.752199,1.0,1.652284,1.651484,1.451175,1.61718,1.193207,1.0,0.101035,0.101035,0.001134,0.000807
config_95_det2_b10_s5_h24_w250,14,250,5,88.194473,67.565632,119.965601,2.5,True,True,1.117833,1.117205,0.782651,1.094609,0.765437,1.0,1.636534,1.636066,1.459855,1.615535,1.189873,1.0,0.101713,0.101713,0.001171,0.000819
config_95_det2_b10_s5_h24_w250,15,250,5,94.494079,67.565632,119.965601,2.5,True,True,1.115525,1.115478,0.816034,1.094948,0.768149,1.0,1.593266,1.59319,1.481033,1.578473,1.170671,1.0,0.100989,0.100989,0.000996,0.000717
config_95_det2_b10_s5_h24_w250,16,250,5,100.793684,67.565632,119.965601,2.5,True,True,1.124735,1.124441,0.80064,1.101475,0.78791,1.0,1.586538,1.586538,1.494186,1.570197,1.166379,1.0,0.101453,0.101453,0.000938,0.000464
config_95_det2_b10_s5_h24_w250,17,250,5,107.093289,67.565632,119.965601,2.5,True,True,1.161839,1.161476,0.905244,1.143667,0.818971,1.0,1.55774,1.552863,1.482151,1.538069,1.147761,1.0,0.110806,0.110806,0.000912,0.000347
config_95_det2_b10_s5_h24_w250,18,250,5,113.392894,67.565632,119.965601,2.5,True,True,1.175778,1.173981,0.920407,1.147247,0.834092,1.0,1.525349,1.525165,1.474922,1.513408,1.129934,1.0,0.117293,0.117293,0.001745,0.000483
config_95_det2_b10_s5_h24_w250,19,250,5,119.6925,67.565632,119.965601,2.5,True,True,1.18331,1.1826,0.954195,1.15971,0.843852,1.0,1.51459,1.514255,1.46512,1.498723,1.115963,1.0,0.124833,0.124833,0.001638,0.00089
config_95_det2_b10_s5_h24_w250,20,250,5,125.992105,67.565632,119.965601,2.5,True,True,1.172352,1.17229,0.967366,1.151209,0.842103,1.0,1.486209,1.486087,1.446821,1.472439,1.102546,1.0,0.135519,0.135519,0.00199,0.001164
config_96_det2_b10_s5_h24_w1000,1,1000,5,10.0,112.207408,178.613483,2.5,False,False,1.085666,1.083841,0.914774,0.98991,0.917897,0.978022,1.559508,1.557862,0.617785,1.534645,1.26173,1.0,0.095032,0.095032,0.015634,0.001564
config_96_det2_b10_s5_h24_w1000,2,1000,5,20.0,112.207408,178.613483,2.5,False,False,1.123648,1.122814,0.801278,1.085931,0.809297,1.0,1.450096,1.450026,1.196555,1.420914,1.097726,1.0,0.102933,0.102933,0.008319,0.002508
config_96_det2_b10_s5_h24_w1000,3,1000,5,30.0,112.207408,178.613483,2.5,False,False,1.149953,1.135933,0.92651,1.103166,0.814096,1.0,1.287052,1.2812,1.032484,1.269393,0.92927,1.0,0.101961,0.101961,0.004456,0.001661
config_96_det2_b10_s5_h24_w1000,4,1000,5,40.0,112.207408,178.613483,2.5,False,False,1.129159,1.128733,0.929679,1.105374,0.810491,1.0,1.29803,1.297674,0.920834,1.281626,0.899792,1.0,0.102123,0.102123,0.003391,0.001495
config_96_det2_b10_s5_h24_w1000,5,1000,5,50.0,112.207408,178.613483,2.5,False,False,1.172836,1.132735,0.946765,1.091147,0.798699,1.0,1.446769,1.440599,0.985726,1.432691,1.043243,1.0,0.099764,0.099764,0.002384,0.001306
config_96_det2_b10_s5_h24_w1000,6,1000,5,60.0,112.207408,178.613483,2.5,False,False,1.322184,1.32203,0.925565,1.20477,0.792611,1.0,1.507031,1.506648,1.04161,1.496503,1.083244,1.0,0.101019,0.101019,0.001895,0.001054
config_96_det2_b10_s5_h24_w1000,7,1000,5,70.0,112.207408,178.613483,2.5,False,False,1.332577,1.332474,0.903364,1.317861,0.842946,1.0,1.539146,1.538678,1.103877,1.525957,1.101898,1.0,0.102003,0.102003,0.001514,0.000952
config_96_det2_b10_s5_h24_w1000,8,1000,5,80.0,112.207408,178.613483,2.5,False,False,1.30629,1.30615,0.926076,1.28276,0.887666,1.0,1.571988,1.571782,1.128511,1.551341,1.138253,1.0,0.098721,0.098721,0.001315,0.000862
config_96_det2_b10_s5_h24_w1000,9,1000,5,90.0,112.207408,178.613483,2.5,True,False,1.285674,1.285637,0.941228,1.239227,0.888504,1.0,1.594577,1.585495,1.254693,1.555882,1.142551,1.0,0.100274,0.100274,0.001125,0.000768
config_96_det2_b10_s5_h24_w1000,10,1000,5,100.0,112.207408,178.613483,2.5,True,False,1.23538,1.235349,0.953785,1.214407,0.870803,1.0,1.573144,1.568804,1.37659,1.553565,1.147183,1.0,0.101725,0.101725,0.000985,0.000232
config_96_det2_b10_s5_h24_w1000,11,1000,5,110.0,112.207408,178.613483,2.5,True,False,1.267212,1.266335,0.980335,1.238668,0.900867,1.0,1.554647,1.554582,1.403459,1.536561,1.144427,1.0,0.112665,0.112665,0.001247,0.000396
config_96_det2_b10_s5_h24_w1000,12,1000,5,120.0,112.207408,178.613483,2.5,True,True,1.242171,1.241765,1.040045,1.213783,0.898211,1.0,1.527406,1.527307,1.383549,1.511454,1.126686,1.0,0.127204,0.127204,0.001715,0.00092
config_96_det2_b10_s5_h24_w1000,13,1000,5,130.0,112.207408,178.613483,2.5,True,True,1.222514,1.221389,1.028597,1.201486,0.882294,1.0,1.537878,1.532327,1.443236,1.522872,1.127809,1.0,0.147929,0.147929,0.001585,0.00109
config_96_det2_b10_s5_h24_w1000,14,1000,5,140.0,112.207408,178.613483,2.5,True,True,1.187055,1.183333,1.035018,1.160052,0.854286,1.0,1.543122,1.540923,1.449348,1.527313,1.129695,1.0,0.185539,0.185539,0.001473,0.00114
config_96_det2_b10_s5_h24_w1000,15,1000,5,150.0,112.207408,178.613483,2.5,True,True,1.142282,1.141893,1.009008,1.129896,0.830468,1.0,1.534179,1.532093,1.439384,1.518933,1.128353,1.0,0.202279,0.202279,0.00133,0.000992
config_96_det2_b10_s5_h24_w1000,16,1000,5,160.0,112.207408,178.613483,2.5,True,True,1.120333,1.117969,0.986101,1.099804,0.810958,1.0,1.515201,1.513875,1.439708,1.504015,1.115944,1.0,0.2045,0.2045,0.001209,0.001047
config_96_det2_b10_s5_h24_w1000,17,1000,5,170.0,112.207408,178.613483,2.5,True,True,1.08288,1.082835,0.992272,1.066769,0.787243,1.0,1.493079,1.492299,1.422683,1.480333,1.098465,1.0,0.201875,0.201875,0.001125,0.000836
config_96_det2_b10_s5_h24_w1000,18,1000,5,180.0,112.207408,178.613483,2.5,True,True,1.053018,1.052984,0.976492,1.032992,0.763849,1.0,1.478373,1.478373,1.415767,1.470089,1.085874,1.0,0.206265,0.0,0.001201,0.0
config_96_det2_b10_s5_h24_w1000,19,1000,5,190.0,112.207408,178.613483,2.5,True,True,1.024539,1.024513,0.957537,1.006105,0.745387,1.0,1.452343,1.452343,1.406357,1.447526,1.075116,1.0,0.204457,0.0,0.001104,0.0
config_96_det2_b10_s5_h24_w1000,20,1000,5,200.0,112.207408,178.613483,2.5,True,True,1.006293,1.006026,0.93222,0.985769,0.725025,1.0,1.425597,1.425597,1.381572,1.416702,1.05642,1.0,0.201694,0.0,0.001052,0.0
